// bg_amber: generated by tools/gen_chrome.py (theme amber) - do not edit.
#pragma once
#include <stdint.h>

static const uint16_t bg_amber[320 * 240] = {
  0x0041,0x0041,0x0041,0x0041,0x0041,0x0041,0x0041,0x0041,0x0041,0x0041,0x0041,0x0041,0x0041,0x0041,0x0041,0x0041,
  0x0041,0x0041,0x0041,0x0041,0x0041,0x0041,0x0041,0x0041,0x0041,0x0041,0x0041,0x0041,0x0041,0x0041,0x0041,0x0041,
  0x0041,0x0041,0x0041,0x0041,0x0041,0x0041,0x0041,0x0041,0x0041,0x0041,0x0041,0x0041,0x0041,0x0041,0x0041,0x0041,
  0x0041,0x0041,0x0041,0x0041,0x0041,0x0041,0x0041,0x0041,0x0041,0x0041,0x0041,0x0041,0x0041,0x0041,0x0041,0x0041,
  0x0041,0x0041,0x0041,0x0041,0x0041,0x0041,0x0041,0x0041,0x0041,0x0041,0x0041,0x0041,0x0041,0x0041,0x0041,0x0041,
  0x0041,0x0041,0x0041,0x0041,0x0041,0x0041,0x0041,0x0041,0x0041,0x0041,0x0041,0x0041,0x0041,0x0041,0x0041,0x0041,
  0x0041,0x0041,0x0041,0x0041,0x0041,0x0041,0x0041,0x0041,0x0041,0x0041,0x0041,0x0041,0x0041,0x0041,0x0041,0x0041,
  0x0041,0x0041,0x0041,0x0041,0x0041,0x0041,0x0041,0x0041,0x0041,0x0041,0x0041,0x0041,0x0041,0x0041,0x0041,0x0041,
  0x0041,0x0041,0x0041,0x0041,0x0041,0x0041,0x0041,0x0041,0x0041,0x0041,0x0041,0x0041,0x0041,0x0041,0x0041,0x0041,
  0x0041,0x0041,0x0041,0x0041,0x0041,0x0041,0x0041,0x0041,0x0041,0x0041,0x0041,0x0041,0x0041,0x0041,0x0041,0x0041,
  0x0041,0x0041,0x0041,0x0041,0x0041,0x0041,0x0041,0x0041,0x0041,0x0041,0x0041,0x0041,0x0041,0x0041,0x0041,0x0041,
  0x0041,0x0041,0x0041,0x0041,0x0041,0x0041,0x0041,0x0041,0x0041,0x0041,0x0041,0x0041,0x0041,0x0041,0x0041,0x0041,
  0x0041,0x0041,0x0041,0x0041,0x0041,0x0041,0x0041,0x0041,0x0041,0x0041,0x0041,0x0041,0x0041,0x0041,0x0041,0x0041,
  0x0041,0x0041,0x0041,0x0041,0x0041,0x0041,0x0041,0x0041,0x0041,0x0041,0x0041,0x0041,0x0041,0x0041,0x0041,0x0041,
  0x0041,0x0041,0x0041,0x0041,0x0041,0x0041,0x0041,0x0041,0x0041,0x0041,0x0041,0x0041,0x0041,0x0041,0x0041,0x0041,
  0x0041,0x0041,0x0041,0x0041,0x0041,0x0041,0x0041,0x0041,0x0041,0x0041,0x0041,0x0041,0x0041,0x0041,0x0041,0x0041,
  0x0041,0x0041,0x0041,0x0041,0x0041,0x0041,0x0041,0x0041,0x0041,0x0041,0x0041,0x0041,0x0041,0x0041,0x0041,0x0041,
  0x0041,0x0041,0x0041,0x0041,0x0041,0x0041,0x0041,0x0041,0x0041,0x0041,0x0041,0x0041,0x0041,0x0041,0x0041,0x0041,
  0x0041,0x0041,0x0041,0x0041,0x0041,0x0041,0x0041,0x0041,0x0041,0x0041,0x0041,0x0041,0x0041,0x0041,0x0041,0x0041,
  0x0041,0x0041,0x0041,0x0041,0x0041,0x0041,0x0041,0x0041,0x0041,0x0041,0x0041,0x0041,0x0041,0x0041,0x0041,0x0041,
  0x0041,0x0041,0x0041,0x0041,0x0041,0x0041,0x0041,0x0041,0x0041,0x0041,0x0041,0x0041,0x0041,0x0041,0x0041,0x0041,
  0x0041,0x0041,0x0041,0x0041,0x0041,0x0041,0x0041,0x0041,0x0041,0x0041,0x0041,0x0041,0x0041,0x0041,0x0041,0x0041,
  0x0041,0x0041,0x0041,0x0041,0x0041,0x0041,0x0041,0x0041,0x0041,0x0041,0x0041,0x0041,0x0041,0x0041,0x0041,0x0041,
  0x0041,0x0041,0x0041,0x0041,0x0041,0x0041,0x0041,0x0041,0x0041,0x0041,0x0041,0x0041,0x0041,0x0041,0x0041,0x0041,
  0x0041,0x0041,0x0041,0x0041,0x0041,0x0041,0x0041,0x0041,0x0041,0x0041,0x0041,0x0041,0x0041,0x0041,0x0041,0x0041,
  0x0041,0x0041,0x0041,0x0041,0x0041,0x0041,0x0041,0x0041,0x0041,0x0041,0x0041,0x0041,0x0041,0x0041,0x0041,0x0041,
  0x0041,0x0041,0x0041,0x0041,0x0041,0x0041,0x0041,0x0041,0x0041,0x0041,0x0041,0x0041,0x0041,0x0041,0x0041,0x0041,
  0x0041,0x0041,0x0041,0x0041,0x0041,0x0041,0x0041,0x0041,0x0041,0x0041,0x0041,0x0041,0x0041,0x0041,0x0041,0x0041,
  0x0041,0x0041,0x0041,0x0041,0x0041,0x0041,0x0041,0x0041,0x0041,0x0041,0x0041,0x0041,0x0041,0x0041,0x0041,0x0041,
  0x0041,0x0041,0x0041,0x0041,0x0041,0x0041,0x0041,0x0041,0x0041,0x0041,0x0041,0x0041,0x0041,0x0041,0x0041,0x0041,
  0x0041,0x0041,0x0041,0x0041,0x0041,0x0041,0x0041,0x0041,0x0041,0x0041,0x0041,0x0041,0x0041,0x0041,0x0041,0x0041,
  0x0041,0x0041,0x0041,0x0041,0x0041,0x0041,0x0041,0x0041,0x0041,0x0041,0x0041,0x0041,0x0041,0x0041,0x0041,0x0041,
  0x0041,0x0041,0x0041,0x0041,0x0041,0x0041,0x0041,0x0041,0x0041,0x0041,0x0041,0x0041,0x0041,0x0041,0x0041,0x0041,
  0x0041,0x0041,0x0041,0x0041,0x0041,0x0041,0x0041,0x0041,0x0041,0x0041,0x0041,0x0041,0x0041,0x0041,0x0041,0x0041,
  0x0041,0x0041,0x0041,0x0041,0x0041,0x0041,0x0041,0x0041,0x0041,0x0041,0x0041,0x0041,0x0041,0x0041,0x0041,0x0041,
  0x0041,0x0041,0x0041,0x0041,0x0041,0x0041,0x0041,0x0041,0x0041,0x0041,0x0041,0x0041,0x0041,0x0041,0x0041,0x0041,
  0x0041,0x0041,0x0041,0x0041,0x0041,0x0041,0x0041,0x0041,0x0041,0x0041,0x0041,0x0041,0x0041,0x0041,0x0041,0x0041,
  0x0041,0x0041,0x0041,0x0041,0x0041,0x0041,0x0041,0x0041,0x0041,0x0041,0x0041,0x0041,0x0041,0x0041,0x0041,0x0041,
  0x0041,0x0041,0x0041,0x0041,0x0041,0x0041,0x0041,0x0041,0x0041,0x0041,0x0041,0x0041,0x0041,0x0041,0x0041,0x0041,
  0x0041,0x0041,0x0041,0x0041,0x0041,0x0041,0x0041,0x0041,0x0041,0x0041,0x0041,0x0041,0x0041,0x0041,0x0041,0x0041,
  0x0041,0x0041,0x0041,0x0041,0x0041,0x0041,0x0041,0x0041,0x0041,0x0041,0x0041,0x0041,0x0041,0x0041,0x0041,0x0041,
  0x0041,0x0041,0x0041,0x0041,0x0041,0x0041,0x0041,0x0041,0x0041,0x0041,0x0041,0x0041,0x0041,0x0041,0x0041,0x0041,
  0x0041,0x0041,0x0041,0x0041,0x0041,0x0041,0x0041,0x0041,0x0041,0x0041,0x0041,0x0041,0x0041,0x0041,0x0041,0x0041,
  0x0041,0x0041,0x0041,0x0041,0x0041,0x0041,0x0041,0x0041,0x0041,0x0041,0x0041,0x0041,0x0041,0x0041,0x0041,0x0041,
  0x0041,0x0041,0x0041,0x0041,0x0041,0x0041,0x0041,0x0041,0x0041,0x0041,0x0041,0x0041,0x0041,0x0041,0x0041,0x0041,
  0x0041,0x0041,0x0041,0x0041,0x0041,0x0041,0x0041,0x0041,0x0041,0x0041,0x0041,0x0041,0x0041,0x0041,0x0041,0x0041,
  0x0041,0x0041,0x0041,0x0041,0x0041,0x0041,0x0041,0x0041,0x0041,0x0041,0x0041,0x0041,0x0041,0x0041,0x0041,0x0041,
  0x0041,0x0041,0x0041,0x0041,0x0041,0x0041,0x0041,0x0041,0x0041,0x0041,0x0041,0x0041,0x0041,0x0041,0x0041,0x0041,
  0x0041,0x0041,0x0041,0x0041,0x0041,0x0041,0x0041,0x0041,0x0041,0x0041,0x0041,0x0041,0x0041,0x0041,0x0041,0x0041,
  0x0041,0x0041,0x0041,0x0041,0x0041,0x0041,0x0041,0x0041,0x0041,0x0041,0x0041,0x0041,0x0041,0x0041,0x0041,0x0041,
  0x0041,0x0041,0x0041,0x0041,0x0041,0x0041,0x0041,0x0041,0x0041,0x0041,0x0041,0x0041,0x0041,0x0041,0x0041,0x0041,
  0x0041,0x0041,0x0041,0x0041,0x0041,0x0041,0x0041,0x0041,0x0041,0x0041,0x0041,0x0041,0x0041,0x0041,0x0041,0x0041,
  0x0041,0x0041,0x0041,0x0041,0x0041,0x0041,0x0041,0x0041,0x0041,0x0041,0x0041,0x0041,0x0041,0x0041,0x0041,0x0041,
  0x0041,0x0041,0x0041,0x0041,0x0041,0x0041,0x0041,0x0041,0x0041,0x0041,0x0041,0x0041,0x0041,0x0041,0x0041,0x0041,
  0x0041,0x0041,0x0041,0x0041,0x0041,0x0041,0x0041,0x0041,0x0041,0x0041,0x0041,0x0041,0x0041,0x0041,0x0041,0x0041,
  0x0041,0x0041,0x0041,0x0041,0x0041,0x0041,0x0041,0x0041,0x0041,0x0041,0x0041,0x0041,0x0041,0x0041,0x0041,0x0041,
  0x0041,0x0041,0x0041,0x0041,0x0041,0x0041,0x0041,0x0041,0x0041,0x0041,0x0041,0x0041,0x0041,0x0041,0x0041,0x0041,
  0x0041,0x0041,0x0041,0x0041,0x0041,0x0041,0x0041,0x0041,0x0041,0x0041,0x0041,0x0041,0x0041,0x0041,0x0041,0x0041,
  0x0041,0x0041,0x0041,0x0041,0x0041,0x0041,0x0041,0x0041,0x0041,0x0041,0x0041,0x0041,0x0041,0x0041,0x0041,0x0041,
  0x0041,0x0041,0x0041,0x0041,0x0041,0x0041,0x0041,0x0041,0x0041,0x0041,0x0041,0x0041,0x0041,0x0041,0x0041,0x0041,
  0x0041,0x0041,0x0041,0x0041,0x0041,0x0041,0x0041,0x0041,0x0041,0x0041,0x0041,0x0041,0x0041,0x0041,0x0041,0x0041,
  0x0041,0x0041,0x0041,0x0041,0x0041,0x0041,0x0041,0x0041,0x0041,0x0041,0x0041,0x0041,0x0041,0x0041,0x0041,0x0041,
  0x0041,0x0041,0x0041,0x0041,0x0041,0x0041,0x0041,0x0041,0x0041,0x0041,0x0041,0x0041,0x0041,0x0041,0x0041,0x0041,
  0x0041,0x0041,0x0041,0x0041,0x0041,0x0041,0x0041,0x0041,0x0041,0x0041,0x0041,0x0041,0x0041,0x0041,0x0041,0x0041,
  0x0041,0x0041,0x0041,0x0041,0x0041,0x0041,0x0041,0x0041,0x0041,0x0041,0x0041,0x0041,0x0041,0x0041,0x0041,0x0041,
  0x0041,0x0041,0x0041,0x0041,0x0041,0x0041,0x0041,0x0041,0x0041,0x0041,0x0041,0x0041,0x0041,0x0041,0x0041,0x0041,
  0x0041,0x0041,0x0041,0x0041,0x0041,0x0041,0x0041,0x0041,0x0041,0x0041,0x0041,0x0041,0x0041,0x0041,0x0041,0x0041,
  0x0041,0x0041,0x0041,0x0041,0x0041,0x0041,0x0041,0x0041,0x0041,0x0041,0x0041,0x0041,0x0041,0x0041,0x0041,0x0041,
  0x0041,0x0041,0x0041,0x0041,0x0041,0x0041,0x0041,0x0041,0x0041,0x0041,0x0041,0x0041,0x0041,0x0041,0x0041,0x0041,
  0x0041,0x0041,0x0041,0x0041,0x0041,0x0041,0x0041,0x0041,0x0041,0x0041,0x0041,0x0041,0x0041,0x0041,0x0041,0x0041,
  0x0041,0x0041,0x0041,0x0041,0x0041,0x0041,0x0041,0x0041,0x0041,0x0041,0x0041,0x0041,0x0041,0x0041,0x0041,0x0041,
  0x0041,0x0041,0x0041,0x0041,0x0041,0x0041,0x0041,0x0041,0x0041,0x0041,0x0041,0x0041,0x0041,0x0041,0x0041,0x0041,
  0x0041,0x0041,0x0041,0x0041,0x0041,0x0041,0x0041,0x0041,0x0041,0x0041,0x0041,0x0041,0x0041,0x0041,0x0041,0x0041,
  0x0041,0x0041,0x0041,0x0041,0x0041,0x0041,0x0041,0x0041,0x0041,0x0041,0x0041,0x0041,0x0041,0x0041,0x0041,0x0041,
  0x0041,0x0041,0x0041,0x0041,0x0041,0x0041,0x0041,0x0041,0x0041,0x0041,0x0041,0x0041,0x0041,0x0041,0x0041,0x0041,
  0x0041,0x0041,0x0041,0x0041,0x0041,0x0041,0x0041,0x0041,0x0041,0x0041,0x0041,0x0041,0x0041,0x0041,0x0041,0x0041,
  0x0041,0x0041,0x0041,0x0041,0x0041,0x0041,0x0041,0x0041,0x0041,0x0041,0x0041,0x0041,0x0041,0x0041,0x0041,0x0041,
  0x0041,0x0041,0x0041,0x0041,0x0041,0x0041,0x0041,0x0041,0x0041,0x0041,0x0041,0x0041,0x0041,0x0041,0x0041,0x0041,
  0x0041,0x0041,0x0041,0x0041,0x0041,0x0041,0x0041,0x0041,0x0041,0x0041,0x0041,0x0041,0x0041,0x0041,0x0041,0x0041,
  0x0041,0x0041,0x0041,0x0041,0x0041,0x0041,0x0041,0x0041,0x0041,0x0041,0x0041,0x0041,0x0041,0x0041,0x0041,0x0041,
  0x0041,0x0041,0x0041,0x0041,0x0041,0x0041,0x0041,0x0041,0x0041,0x0041,0x0041,0x0041,0x0041,0x0041,0x0041,0x0041,
  0x0041,0x0041,0x0041,0x0041,0x0041,0x0041,0x0041,0x0041,0x0041,0x0041,0x0041,0x0041,0x0041,0x0041,0x0041,0x0041,
  0x0041,0x0041,0x0041,0x0041,0x0041,0x0041,0x0041,0x0041,0x0041,0x0041,0x0041,0x0041,0x0041,0x0041,0x0041,0x0041,
  0x0041,0x0041,0x0041,0x0041,0x0041,0x0041,0x0041,0x0041,0x0041,0x0041,0x0041,0x0041,0x0041,0x0041,0x0041,0x0041,
  0x0041,0x0041,0x0041,0x0041,0x0041,0x0041,0x0041,0x0041,0x0041,0x0041,0x0041,0x0041,0x0041,0x0041,0x0041,0x0041,
  0x0041,0x0041,0x0041,0x0041,0x0041,0x0041,0x0041,0x0041,0x0041,0x0041,0x0041,0x0041,0x0041,0x0041,0x0041,0x0041,
  0x0041,0x0041,0x0041,0x0041,0x0041,0x0041,0x0041,0x0041,0x0041,0x0041,0x0041,0x0041,0x0041,0x0041,0x0041,0x0041,
  0x0041,0x0041,0x0041,0x0041,0x0041,0x0041,0x0041,0x0041,0x0041,0x0041,0x0041,0x0041,0x0041,0x0041,0x0041,0x0041,
  0x0041,0x0041,0x0041,0x0041,0x0041,0x0041,0x0041,0x0041,0x0041,0x0041,0x0041,0x0041,0x0041,0x0041,0x0041,0x0041,
  0x0041,0x0041,0x0041,0x0041,0x0041,0x0041,0x0041,0x0041,0x0041,0x0041,0x0041,0x0041,0x0041,0x0041,0x0041,0x0041,
  0x0041,0x0041,0x0041,0x0041,0x0041,0x0041,0x0041,0x0041,0x0041,0x0041,0x0041,0x0041,0x0041,0x0041,0x0041,0x0041,
  0x0041,0x0041,0x0041,0x0041,0x0041,0x0041,0x0041,0x0041,0x0041,0x0041,0x0041,0x0041,0x0041,0x0041,0x0041,0x0041,
  0x0041,0x0041,0x0041,0x0041,0x0041,0x0041,0x0041,0x0041,0x0041,0x0041,0x0041,0x0041,0x0041,0x0041,0x0041,0x0041,
  0x0041,0x0041,0x0041,0x0041,0x0041,0x0041,0x0041,0x0041,0x0041,0x0041,0x0041,0x0041,0x0041,0x0041,0x0041,0x0041,
  0x0041,0x0041,0x0041,0x0041,0x0041,0x0041,0x0041,0x0041,0x0041,0x0041,0x0041,0x0041,0x0041,0x0041,0x0041,0x0041,
  0x0041,0x0041,0x0041,0x0041,0x0041,0x0041,0x0041,0x0041,0x0041,0x0041,0x0041,0x0041,0x0041,0x0041,0x0041,0x0041,
  0x0041,0x0041,0x0041,0x0041,0x0041,0x0041,0x0041,0x0041,0x0041,0x0041,0x0041,0x0041,0x0041,0x0041,0x0041,0x0041,
  0x0041,0x0041,0x0041,0x0041,0x0041,0x0041,0x0041,0x0041,0x0041,0x0041,0x0041,0x0041,0x0041,0x0041,0x0041,0x0041,
  0x0041,0x0041,0x0041,0x0041,0x0041,0x0041,0x0041,0x0041,0x0041,0x0041,0x0041,0x0041,0x0041,0x0041,0x0041,0x0041,
  0x0041,0x0041,0x0041,0x0041,0x0041,0x0041,0x0041,0x0041,0x0041,0x0041,0x0041,0x0041,0x0041,0x0041,0x0041,0x0041,
  0x0041,0x0041,0x0041,0x0041,0x0041,0x0041,0x0041,0x0041,0x0041,0x0041,0x0041,0x0041,0x0041,0x0041,0x0041,0x0041,
  0x0041,0x0041,0x0041,0x0041,0x0041,0x0041,0x0041,0x0041,0x0041,0x0041,0x0041,0x0041,0x0041,0x0041,0x0041,0x0041,
  0x0041,0x0041,0x0041,0x0041,0x0041,0x0041,0x0041,0x0041,0x0041,0x0041,0x0041,0x0041,0x0041,0x0041,0x0041,0x0041,
  0x0041,0x0041,0x0041,0x0041,0x0041,0x0041,0x0041,0x0041,0x0041,0x0041,0x0041,0x0041,0x0041,0x0041,0x0041,0x0041,
  0x0041,0x0041,0x0041,0x0041,0x0041,0x0041,0x0041,0x0041,0x0041,0x0041,0x0041,0x0041,0x0041,0x0041,0x0041,0x0041,
  0x0041,0x0041,0x0041,0x0041,0x0041,0x0041,0x0041,0x0041,0x0041,0x0041,0x0041,0x0041,0x0041,0x0041,0x0041,0x0041,
  0x0041,0x0041,0x0041,0x0041,0x0041,0x0041,0x0041,0x0041,0x0041,0x0041,0x0041,0x0041,0x0041,0x0041,0x0041,0x0041,
  0x0041,0x0041,0x0041,0x0041,0x0041,0x0041,0x0041,0x0041,0x0041,0x0041,0x0041,0x0041,0x0041,0x0041,0x0041,0x0041,
  0x0041,0x0041,0x0041,0x0041,0x0041,0x0041,0x0041,0x0041,0x0041,0x0041,0x0041,0x0041,0x0041,0x0041,0x0041,0x0041,
  0x0041,0x0041,0x0041,0x0041,0x0041,0x0041,0x0041,0x0041,0x0041,0x0041,0x0041,0x0041,0x0041,0x0041,0x0041,0x0041,
  0x0041,0x0041,0x0041,0x0041,0x0041,0x0041,0x0041,0x0041,0x0041,0x0041,0x0041,0x0041,0x0041,0x0041,0x0041,0x0041,
  0x0041,0x0041,0x0041,0x0041,0x0041,0x0041,0x0041,0x0041,0x0041,0x0041,0x0041,0x0041,0x0041,0x0041,0x0041,0x0041,
  0x0041,0x0041,0x0041,0x0041,0x0041,0x0041,0x0041,0x0041,0x0041,0x0041,0x0041,0x0041,0x0041,0x0041,0x0041,0x0041,
  0x0041,0x0041,0x0041,0x0041,0x0041,0x0041,0x0041,0x0041,0x0041,0x0041,0x0041,0x0041,0x0041,0x0041,0x0041,0x0041,
  0x0041,0x0041,0x0041,0x0041,0x0041,0x0041,0x0041,0x0041,0x0041,0x0041,0x0041,0x0041,0x0041,0x0041,0x0041,0x0041,
  0x0041,0x0041,0x0041,0x0041,0x0041,0x0041,0x0041,0x0041,0x0041,0x0041,0x0041,0x0041,0x0041,0x0041,0x0041,0x0041,
  0x0041,0x0041,0x0041,0x0041,0x0041,0x0041,0x0041,0x0041,0x0041,0x0041,0x0041,0x0041,0x0041,0x0041,0x0041,0x0041,
  0x0041,0x0041,0x0041,0x0041,0x0041,0x0041,0x0041,0x0041,0x0041,0x0041,0x0041,0x0041,0x0041,0x0041,0x0041,0x0041,
  0x0041,0x0041,0x0041,0x0041,0x0041,0x0041,0x0041,0x0041,0x0041,0x0041,0x0041,0x0041,0x0041,0x0041,0x0041,0x0041,
  0x0041,0x0041,0x0041,0x0041,0x0041,0x0041,0x0041,0x0041,0x0041,0x0041,0x0041,0x0041,0x0041,0x0041,0x0041,0x0041,
  0x0041,0x0041,0x0041,0x0041,0x0041,0x0041,0x0041,0x0041,0x0041,0x0041,0x0041,0x0041,0x0041,0x0041,0x0041,0x0041,
  0x0041,0x0041,0x0041,0x0041,0x0041,0x0041,0x0041,0x0041,0x0041,0x0041,0x0041,0x0041,0x0041,0x0041,0x0041,0x0041,
  0x0041,0x0041,0x0041,0x0041,0x0041,0x0041,0x0041,0x0041,0x0041,0x0041,0x0041,0x0041,0x0041,0x0041,0x0041,0x0041,
  0x0041,0x0041,0x0041,0x0041,0x0041,0x0041,0x0041,0x0041,0x0041,0x0041,0x0041,0x0041,0x0041,0x0041,0x0041,0x0041,
  0x0041,0x0041,0x0041,0x0041,0x0041,0x0041,0x0041,0x0041,0x0041,0x0041,0x0041,0x0041,0x0041,0x0041,0x0041,0x0041,
  0x0041,0x0041,0x0041,0x0041,0x0041,0x0041,0x0041,0x0041,0x0041,0x0041,0x0041,0x0041,0x0041,0x0041,0x0041,0x0041,
  0x0041,0x0041,0x0041,0x0041,0x0041,0x0041,0x0041,0x0041,0x0041,0x0041,0x0041,0x0041,0x0041,0x0041,0x0041,0x0041,
  0x0041,0x0041,0x0041,0x0041,0x0041,0x0041,0x0041,0x0041,0x0041,0x0041,0x0041,0x0041,0x0041,0x0041,0x0041,0x0041,
  0x0041,0x0041,0x0041,0x0041,0x0041,0x0041,0x0041,0x0041,0x0041,0x0041,0x0041,0x0041,0x0041,0x0041,0x0041,0x0041,
  0x0041,0x0041,0x0041,0x0041,0x0041,0x0041,0x0041,0x0041,0x0041,0x0041,0x0041,0x0041,0x0041,0x0041,0x0041,0x0041,
  0x0041,0x0041,0x0041,0x0041,0x0041,0x0041,0x0041,0x0041,0x0041,0x0041,0x0041,0x0041,0x0041,0x0041,0x0041,0x0041,
  0x0041,0x0041,0x0041,0x0041,0x0041,0x0041,0x0041,0x0041,0x0041,0x0041,0x0041,0x0041,0x0041,0x0041,0x0041,0x0041,
  0x0041,0x0041,0x0041,0x0041,0x0041,0x0041,0x0041,0x0041,0x0041,0x0041,0x0041,0x0041,0x0041,0x0041,0x0041,0x0041,
  0x0041,0x0041,0x0041,0x0041,0x0041,0x0041,0x0041,0x0041,0x0041,0x0041,0x0041,0x0041,0x0041,0x0041,0x0041,0x0041,
  0x0041,0x0041,0x0041,0x0041,0x0041,0x0041,0x0041,0x0041,0x0041,0x0041,0x0041,0x0041,0x0041,0x0041,0x0041,0x0041,
  0x0041,0x0041,0x0041,0x0041,0x0041,0x0041,0x0041,0x0041,0x0041,0x0041,0x0041,0x0041,0x0041,0x0041,0x0041,0x0041,
  0x0041,0x0041,0x0041,0x0041,0x0041,0x0041,0x0041,0x0041,0x0041,0x0041,0x0041,0x0041,0x0041,0x0041,0x0041,0x0041,
  0x0041,0x0041,0x0041,0x0041,0x0041,0x0041,0x0041,0x0041,0x0041,0x0041,0x0041,0x0041,0x0041,0x0041,0x0041,0x0041,
  0x0041,0x0041,0x0041,0x0041,0x0041,0x0041,0x0041,0x0041,0x0041,0x0041,0x0041,0x0041,0x0041,0x0041,0x0041,0x0041,
  0x0041,0x0041,0x0041,0x0041,0x0041,0x0041,0x0041,0x0041,0x0041,0x0041,0x0041,0x0041,0x0041,0x0041,0x0041,0x0041,
  0x0041,0x0041,0x0041,0x0041,0x0041,0x0041,0x0041,0x0041,0x0041,0x0041,0x0041,0x0041,0x0041,0x0041,0x0041,0x0041,
  0x0041,0x0041,0x0041,0x0041,0x0041,0x0041,0x0041,0x0041,0x0041,0x0041,0x0041,0x0041,0x0041,0x0041,0x0041,0x0041,
  0x0041,0x0041,0x0041,0x0041,0x0041,0x0041,0x0041,0x0041,0x0041,0x0041,0x0041,0x0041,0x0041,0x0041,0x0041,0x0041,
  0x0041,0x0041,0x0041,0x0041,0x0041,0x0041,0x0041,0x0041,0x0041,0x0041,0x0041,0x0041,0x0041,0x0041,0x0041,0x0041,
  0x0041,0x0041,0x0041,0x0041,0x0041,0x0041,0x0041,0x0041,0x0041,0x0041,0x0041,0x0041,0x0041,0x0041,0x0041,0x0041,
  0x0041,0x0041,0x0041,0x0041,0x0041,0x0041,0x0041,0x0041,0x0041,0x0041,0x0041,0x0041,0x0041,0x0041,0x0041,0x0041,
  0x0041,0x0041,0x0041,0x0041,0x0041,0x0041,0x0041,0x0041,0x0041,0x0041,0x0041,0x0041,0x0041,0x0041,0x0041,0x0041,
  0x0041,0x0041,0x0041,0x0041,0x0041,0x0041,0x0041,0x0041,0x0041,0x0041,0x0041,0x0041,0x0041,0x0041,0x0041,0x0041,
  0x0041,0x0041,0x0041,0x0041,0x0041,0x0041,0x0041,0x0041,0x0041,0x0041,0x0041,0x0041,0x0041,0x0041,0x0041,0x0041,
  0x0041,0x0041,0x0041,0x0041,0x0041,0x0041,0x0041,0x0041,0x0041,0x0041,0x0041,0x0041,0x0041,0x0041,0x0041,0x0041,
  0x0041,0x0041,0x0041,0x0041,0x0041,0x0041,0x0041,0x0041,0x0041,0x0041,0x0041,0x0041,0x0041,0x0041,0x0041,0x0041,
  0x0041,0x0041,0x0041,0x0041,0x0041,0x0041,0x0041,0x0041,0x0041,0x0041,0x0041,0x0041,0x0041,0x0041,0x0041,0x0041,
  0x0041,0x0041,0x0041,0x0041,0x0041,0x0041,0x0041,0x0041,0x0041,0x0041,0x0041,0x0041,0x0041,0x0041,0x0041,0x0041,
  0x0041,0x0041,0x0041,0x0041,0x0041,0x0041,0x0041,0x0041,0x0041,0x0041,0x0041,0x0041,0x0041,0x0041,0x0041,0x0041,
  0x0041,0x0041,0x0041,0x0041,0x0041,0x0041,0x0041,0x0041,0x0041,0x0041,0x0041,0x0041,0x0041,0x0041,0x0041,0x0041,
  0x0041,0x0041,0x0041,0x0041,0x0041,0x0041,0x0041,0x0041,0x0041,0x0041,0x0041,0x0041,0x0041,0x0041,0x0041,0x0041,
  0x0041,0x0041,0x0041,0x0041,0x0041,0x0041,0x0041,0x0041,0x0041,0x0041,0x0041,0x0041,0x0041,0x0041,0x0041,0x0041,
  0x0041,0x0041,0x0041,0x0041,0x0041,0x0041,0x0041,0x0041,0x0041,0x0041,0x0041,0x0041,0x0041,0x0041,0x0041,0x0041,
  0x0041,0x0041,0x0041,0x0041,0x0041,0x0041,0x0041,0x0041,0x0041,0x0041,0x0041,0x0041,0x0041,0x0041,0x0041,0x0041,
  0x0041,0x0041,0x0041,0x0041,0x0041,0x0041,0x0041,0x0041,0x0041,0x0041,0x0041,0x0041,0x0041,0x0041,0x0041,0x0041,
  0x0041,0x0041,0x0041,0x0041,0x0041,0x0041,0x0041,0x0041,0x0041,0x1967,0x19A7,0x19A7,0x19A7,0x19A7,0x19A7,0x19A7,
  0x19A7,0x19A7,0x19A7,0x19A7,0x19A7,0x19A7,0x19A7,0x19A7,0x19A7,0x19A7,0x19A7,0x19A7,0x19A7,0x19A7,0x19A7,0x19A7,
  0x19A7,0x19A7,0x19A7,0x19A7,0x19A7,0x19A7,0x19A7,0x19A7,0x19A7,0x19A7,0x19A7,0x19A7,0x19A7,0x19A7,0x19A7,0x19A7,
  0x19A7,0x19A7,0x19A7,0x19A7,0x19A7,0x19A7,0x19A7,0x19A7,0x19A7,0x19A7,0x19A7,0x19A7,0x19A7,0x19A7,0x19A7,0x19A7,
  0x19A7,0x19A7,0x19A7,0x19A7,0x19A7,0x19A7,0x19A7,0x19A7,0x19A7,0x19A7,0x19A7,0x19A7,0x19A7,0x19A7,0x19A7,0x19A7,
  0x19A7,0x19A7,0x19A7,0x19A7,0x19A7,0x19A7,0x19A7,0x19A7,0x19A7,0x19A7,0x19A7,0x19A7,0x19A7,0x19A7,0x19A7,0x19A7,
  0x19A7,0x19A7,0x19A7,0x19A7,0x19A7,0x19A7,0x19A7,0x19A7,0x19A7,0x19A7,0x19A7,0x19A7,0x19A7,0x19A7,0x19A7,0x19A7,
  0x19A7,0x19A7,0x19A7,0x19A7,0x19A7,0x19A7,0x19A7,0x19A7,0x19A7,0x19A7,0x19A7,0x19A7,0x19A7,0x19A7,0x19A7,0x19A7,
  0x19A7,0x19A7,0x19A7,0x19A7,0x19A7,0x19A7,0x19A7,0x19A7,0x19A7,0x19A7,0x19A7,0x19A7,0x19A7,0x19A7,0x19A7,0x19A7,
  0x19A7,0x19A7,0x19A7,0x19A7,0x19A7,0x19A7,0x19A7,0x19A7,0x19A7,0x19A7,0x19A7,0x19A7,0x19A7,0x19A7,0x19A7,0x19A7,
  0x19A7,0x19A7,0x19A7,0x19A7,0x19A7,0x19A7,0x19A7,0x19A7,0x19A7,0x19A7,0x19A7,0x19A7,0x19A7,0x19A7,0x19A7,0x19A7,
  0x19A7,0x19A7,0x19A7,0x19A7,0x19A7,0x19A7,0x19A7,0x19A7,0x19A7,0x19A7,0x19A7,0x19A7,0x19A7,0x19A7,0x19A7,0x19A7,
  0x19A7,0x19A7,0x19A7,0x19A7,0x19A7,0x19A7,0x19A7,0x19A7,0x19A7,0x19A7,0x19A7,0x19A7,0x19A7,0x19A7,0x19A7,0x19A7,
  0x19A7,0x19A7,0x19A7,0x19A7,0x19A7,0x19A7,0x19A7,0x19A7,0x19A7,0x19A7,0x19A7,0x19A7,0x19A7,0x19A7,0x19A7,0x19A7,
  0x19A7,0x19A7,0x19A7,0x19A7,0x19A7,0x19A7,0x19A7,0x19A7,0x19A7,0x19A7,0x19A7,0x19A7,0x19A7,0x19A7,0x19A7,0x19A7,
  0x19A7,0x19A7,0x19A7,0x19A7,0x19A7,0x19A7,0x19A7,0x19A7,0x19A7,0x19A7,0x19A7,0x19A7,0x19A7,0x19A7,0x19A7,0x19A7,
  0x19A7,0x19A7,0x19A7,0x19A7,0x19A7,0x19A7,0x19A7,0x19A7,0x19A7,0x19A7,0x19A7,0x19A7,0x19A7,0x19A7,0x19A7,0x19A7,
  0x19A7,0x19A7,0x19A7,0x19A7,0x19A7,0x19A7,0x19A7,0x19A7,0x19A7,0x19A7,0x19A7,0x19A7,0x19A7,0x19A7,0x19A7,0x19A7,
  0x19A7,0x19A7,0x19A7,0x19A7,0x19A7,0x19A7,0x19A7,0x19A7,0x19A7,0x19A7,0x19A7,0x19A7,0x19A7,0x19A7,0x19A7,0x19A7,
  0x1987,0x0882,0x0041,0x0041,0x0041,0x0041,0x0041,0x0041,0x0041,0x0041,0x0041,0x0041,0x0041,0x0041,0x0041,0x0041,
  0x0041,0x0041,0x0041,0x0041,0x0041,0x0041,0x0041,0x0041,0x0041,0x2209,0x10E4,0x10E4,0x10E4,0x10E4,0x10E4,0x10E4,
  0x10E4,0x10E4,0x10E4,0x10E4,0x10E4,0x10E4,0x10E4,0x10E4,0x10E4,0x10E4,0x10E4,0x10E4,0x10E4,0x10E4,0x10E4,0x10E4,
  0x10E4,0x10E4,0x10E4,0x10E4,0x10E4,0x10E4,0x10E4,0x10E4,0x10E4,0x10E4,0x10E4,0x10E4,0x10E4,0x10E4,0x10E4,0x10E4,
  0x10E4,0x10E4,0x10E4,0x10E4,0x10E4,0x10E4,0x10E4,0x10E4,0x10E4,0x10E4,0x10E4,0x10E4,0x10E4,0x10E4,0x10E4,0x10E4,
  0x10E4,0x10E4,0x10E4,0x10E4,0x10E4,0x10E4,0x10E4,0x10E4,0x10E4,0x10E4,0x10E4,0x10E4,0x10E4,0x10E4,0x10E4,0x10E4,
  0x10E4,0x10E4,0x10E4,0x10E4,0x10E4,0x10E4,0x10E4,0x10E4,0x10E4,0x10E4,0x10E4,0x10E4,0x10E4,0x10E4,0x10E4,0x10E4,
  0x10E4,0x10E4,0x10E4,0x10E4,0x10E4,0x10E4,0x10E4,0x10E4,0x10E4,0x10E4,0x10E4,0x10E4,0x10E4,0x10E4,0x10E4,0x10E4,
  0x10E4,0x10E4,0x10E4,0x10E4,0x10E4,0x10E4,0x10E4,0x10E4,0x10E4,0x10E4,0x10E4,0x10E4,0x10E4,0x10E4,0x10E4,0x10E4,
  0x10E4,0x10E4,0x10E4,0x10E4,0x10E4,0x10E4,0x10E4,0x10E4,0x10E4,0x10E4,0x10E4,0x10E4,0x10E4,0x10E4,0x10E4,0x10E4,
  0x10E4,0x10E4,0x10E4,0x10E4,0x10E4,0x10E4,0x10E4,0x10E4,0x10E4,0x10E4,0x10E4,0x10E4,0x10E4,0x10E4,0x10E4,0x10E4,
  0x10E4,0x10E4,0x10E4,0x10E4,0x10E4,0x10E4,0x10E4,0x10E4,0x10E4,0x10E4,0x10E4,0x10E4,0x10E4,0x10E4,0x10E4,0x10E4,
  0x10E4,0x10E4,0x10E4,0x10E4,0x10E4,0x10E4,0x10E4,0x10E4,0x10E4,0x10E4,0x10E4,0x10E4,0x10E4,0x10E4,0x10E4,0x10E4,
  0x10E4,0x10E4,0x10E4,0x10E4,0x10E4,0x10E4,0x10E4,0x10E4,0x10E4,0x10E4,0x10E4,0x10E4,0x10E4,0x10E4,0x10E4,0x10E4,
  0x10E4,0x10E4,0x10E4,0x10E4,0x10E4,0x10E4,0x10E4,0x10E4,0x10E4,0x10E4,0x10E4,0x10E4,0x10E4,0x10E4,0x10E4,0x10E4,
  0x10E4,0x10E4,0x10E4,0x10E4,0x10E4,0x10E4,0x10E4,0x10E4,0x10E4,0x10E4,0x10E4,0x10E4,0x10E4,0x10E4,0x10E4,0x10E4,
  0x10E4,0x10E4,0x10E4,0x10E4,0x10E4,0x10E4,0x10E4,0x10E4,0x10E4,0x10E4,0x10E4,0x10E4,0x10E4,0x10E4,0x10E4,0x10E4,
  0x10E4,0x10E4,0x10E4,0x10E4,0x10E4,0x10E4,0x10E4,0x10E4,0x10E4,0x10E4,0x10E4,0x10E4,0x10E4,0x10E4,0x10E4,0x10E4,
  0x10E4,0x10E4,0x10E4,0x10E4,0x10E4,0x10E4,0x10E4,0x10E4,0x10E4,0x10E4,0x10E4,0x10E4,0x10E4,0x10E4,0x10E4,0x10E4,
  0x10E4,0x10E4,0x10E4,0x10E4,0x10E4,0x10E4,0x10E4,0x10E4,0x10E4,0x10E4,0x10E4,0x10E4,0x10E4,0x10E4,0x10E4,0x10E4,
  0x1125,0x19A7,0x0061,0x0041,0x0041,0x0041,0x0041,0x0041,0x0041,0x0041,0x0041,0x0041,0x0041,0x0041,0x0041,0x0041,
  0x0041,0x0041,0x0041,0x0041,0x0041,0x0041,0x0041,0x0041,0x0041,0x2209,0x0882,0x0882,0x0882,0x0882,0x0882,0x0882,
  0x0882,0x08A2,0x08A3,0x08A3,0x08A3,0x08A2,0x0882,0x0882,0x0882,0x0882,0x0882,0x0882,0x0882,0x0882,0x0882,0x0882,
  0x0882,0x0882,0x0882,0x0882,0x0882,0x0882,0x0882,0x0882,0x0882,0x0882,0x0882,0x0882,0x0882,0x0882,0x0882,0x0882,
  0x0882,0x0882,0x0882,0x0882,0x0882,0x0882,0x0882,0x0882,0x0882,0x0882,0x0882,0x0882,0x0882,0x0882,0x0882,0x0882,
  0x0882,0x0882,0x0882,0x0882,0x0882,0x0882,0x0882,0x0882,0x0882,0x0882,0x0882,0x0882,0x0882,0x0882,0x0882,0x0882,
  0x0882,0x0882,0x0882,0x0882,0x0882,0x0882,0x0882,0x0882,0x0882,0x0882,0x0882,0x0882,0x0882,0x0882,0x0882,0x0882,
  0x0882,0x0882,0x0882,0x0882,0x0882,0x0882,0x0882,0x0882,0x0882,0x0882,0x0882,0x0882,0x0882,0x0882,0x0882,0x0882,
  0x0882,0x0882,0x0882,0x0882,0x0882,0x0882,0x0882,0x0882,0x0882,0x0882,0x0882,0x0882,0x0882,0x0882,0x0882,0x0882,
  0x0882,0x0882,0x0882,0x0882,0x0882,0x0882,0x0882,0x0882,0x0882,0x0882,0x0882,0x0882,0x0882,0x0882,0x0882,0x0882,
  0x0882,0x0882,0x0882,0x0882,0x0882,0x0882,0x0882,0x0882,0x0882,0x0882,0x0882,0x0882,0x0882,0x0882,0x0882,0x0882,
  0x0882,0x0882,0x0882,0x0882,0x0882,0x0882,0x0882,0x0882,0x0882,0x0882,0x0882,0x0882,0x0882,0x0882,0x0882,0x0882,
  0x0882,0x0882,0x0882,0x0882,0x0882,0x0882,0x0882,0x0882,0x0882,0x0882,0x0882,0x0882,0x0882,0x0882,0x0882,0x0882,
  0x0882,0x0882,0x0882,0x0882,0x0882,0x0882,0x0882,0x0882,0x0882,0x0882,0x0882,0x0882,0x0882,0x0882,0x0882,0x0882,
  0x0882,0x0882,0x0882,0x0882,0x0882,0x0882,0x0882,0x0882,0x0882,0x0882,0x0882,0x0882,0x0882,0x0882,0x0882,0x0882,
  0x0882,0x0882,0x0882,0x0882,0x0882,0x0882,0x0882,0x0882,0x0882,0x0882,0x0882,0x0882,0x0882,0x0882,0x0882,0x0882,
  0x0882,0x0882,0x0882,0x0882,0x0882,0x0882,0x0882,0x0882,0x0882,0x0882,0x0882,0x0882,0x0882,0x0882,0x0882,0x0882,
  0x0882,0x0882,0x0882,0x0882,0x0882,0x0882,0x0882,0x0882,0x0882,0x0882,0x0882,0x0882,0x0882,0x0882,0x0882,0x0882,
  0x0882,0x0882,0x0882,0x0882,0x0882,0x0882,0x0882,0x0882,0x0882,0x0882,0x0882,0x0882,0x0882,0x0882,0x0882,0x0882,
  0x0882,0x0882,0x0882,0x0882,0x0882,0x0882,0x0882,0x0882,0x0882,0x0882,0x0882,0x0882,0x0882,0x0882,0x0882,0x0882,
  0x0882,0x1967,0x1966,0x0041,0x0041,0x0041,0x0041,0x0041,0x0041,0x0041,0x0041,0x0041,0x0041,0x0041,0x0041,0x0041,
  0x0041,0x0041,0x0041,0x0041,0x0041,0x0041,0x0041,0x0041,0x0041,0x2209,0x0882,0x0882,0x0882,0x0882,0x0882,0x08A2,
  0x08A3,0x10A3,0x10C3,0x10C3,0x10C3,0x10A3,0x08A3,0x08A2,0x0882,0x0882,0x0882,0x0882,0x0882,0x0882,0x0882,0x0882,
  0x0882,0x0882,0x0882,0x0882,0x0882,0x0882,0x0882,0x0882,0x0882,0x0882,0x0882,0x0882,0x0882,0x0882,0x0882,0x0882,
  0x0882,0x0882,0x0882,0x0882,0x0882,0x0882,0x0882,0x0882,0x0882,0x0882,0x0882,0x0882,0x0882,0x0882,0x0882,0x0882,
  0x0882,0x0882,0x0882,0x0882,0x0882,0x0882,0x0882,0x0882,0x0882,0x0882,0x0882,0x0882,0x0882,0x0882,0x0882,0x0882,
  0x0882,0x0882,0x0882,0x0882,0x0882,0x0882,0x0882,0x0882,0x0882,0x0882,0x0882,0x0882,0x0882,0x0882,0x0882,0x0882,
  0x0882,0x0882,0x0882,0x0882,0x0882,0x0882,0x0882,0x0882,0x0882,0x0882,0x0882,0x0882,0x0882,0x0882,0x0882,0x0882,
  0x0882,0x0882,0x0882,0x0882,0x0882,0x0882,0x0882,0x0882,0x0882,0x0882,0x0882,0x0882,0x0882,0x0882,0x0882,0x0882,
  0x0882,0x0882,0x0882,0x0882,0x0882,0x0882,0x0882,0x0882,0x0882,0x0882,0x0882,0x0882,0x0882,0x0882,0x0882,0x0882,
  0x0882,0x0882,0x0882,0x0882,0x0882,0x0882,0x0882,0x0882,0x0882,0x0882,0x0882,0x0882,0x0882,0x0882,0x0882,0x0882,
  0x0882,0x0882,0x0882,0x0882,0x0882,0x0882,0x0882,0x0882,0x0882,0x0882,0x0882,0x0882,0x0882,0x0882,0x0882,0x0882,
  0x0882,0x0882,0x0882,0x0882,0x0882,0x0882,0x0882,0x0882,0x0882,0x0882,0x0882,0x0882,0x0882,0x0882,0x0882,0x0882,
  0x0882,0x0882,0x0882,0x0882,0x0882,0x0882,0x0882,0x0882,0x0882,0x0882,0x0882,0x0882,0x0882,0x0882,0x0882,0x0882,
  0x0882,0x0882,0x0882,0x0882,0x0882,0x0882,0x0882,0x0882,0x0882,0x0882,0x0882,0x0882,0x0882,0x0882,0x0882,0x0882,
  0x0882,0x0882,0x0882,0x0882,0x0882,0x0882,0x0882,0x0882,0x0882,0x0882,0x0882,0x0882,0x0882,0x0882,0x0882,0x0882,
  0x0882,0x0882,0x0882,0x0882,0x0882,0x0882,0x0882,0x0882,0x0882,0x0882,0x0882,0x0882,0x0882,0x0882,0x0882,0x0882,
  0x0882,0x0882,0x0882,0x0882,0x0882,0x0882,0x0882,0x0882,0x0882,0x0882,0x0882,0x0882,0x0882,0x0882,0x0882,0x0882,
  0x0882,0x0882,0x0882,0x0882,0x0882,0x0882,0x0882,0x0882,0x0882,0x0882,0x0882,0x0882,0x0882,0x0882,0x0882,0x0882,
  0x0882,0x0882,0x0882,0x0882,0x0882,0x0882,0x0882,0x0882,0x0882,0x0882,0x0882,0x0882,0x0882,0x0882,0x0882,0x0882,
  0x0882,0x0882,0x1967,0x1966,0x0041,0x0041,0x0041,0x0041,0x0041,0x0041,0x0041,0x0041,0x0041,0x0041,0x0041,0x0041,
  0x0041,0x0041,0x0041,0x0041,0x0041,0x0041,0x0041,0x0041,0x0041,0x2209,0x0882,0x0882,0x0882,0x0882,0x08A2,0x08A3,
  0x10C3,0x18E3,0x18E3,0x20E3,0x18E3,0x18E3,0x10C3,0x08A3,0x08A2,0x0882,0x0882,0x0882,0x0882,0x0882,0x0882,0x0882,
  0x0882,0x0882,0x0882,0x0882,0x0882,0x0882,0x0882,0x0882,0x0882,0x0882,0x0882,0x0882,0x0882,0x0882,0x0882,0x0882,
  0x0882,0x0882,0x0882,0x0882,0x0882,0x0882,0x0882,0x0882,0x0882,0x0882,0x0882,0x0882,0x0882,0x0882,0x0882,0x0882,
  0x0882,0x0882,0x0882,0x0882,0x0882,0x0882,0x0882,0x0882,0x0882,0x0882,0x0882,0x0882,0x0882,0x0882,0x0882,0x0882,
  0x0882,0x0882,0x0882,0x0882,0x0882,0x0882,0x0882,0x0882,0x0882,0x0882,0x0882,0x0882,0x0882,0x0882,0x0882,0x0882,
  0x0882,0x0882,0x0882,0x0882,0x0882,0x0882,0x0882,0x0882,0x0882,0x0882,0x0882,0x0882,0x0882,0x0882,0x0882,0x0882,
  0x0882,0x0882,0x0882,0x0882,0x0882,0x0882,0x0882,0x0882,0x0882,0x0882,0x0882,0x0882,0x0882,0x0882,0x0882,0x0882,
  0x0882,0x0882,0x0882,0x0882,0x0882,0x0882,0x0882,0x0882,0x0882,0x0882,0x0882,0x0882,0x0882,0x0882,0x0882,0x0882,
  0x0882,0x0882,0x0882,0x0882,0x0882,0x0882,0x0882,0x0882,0x0882,0x0882,0x0882,0x0882,0x0882,0x0882,0x0882,0x0882,
  0x0882,0x0882,0x0882,0x0882,0x0882,0x0882,0x0882,0x0882,0x0882,0x0882,0x0882,0x0882,0x0882,0x0882,0x0882,0x0882,
  0x0882,0x0882,0x0882,0x0882,0x0882,0x0882,0x0882,0x0882,0x0882,0x0882,0x0882,0x0882,0x0882,0x0882,0x0882,0x0882,
  0x0882,0x0882,0x0882,0x0882,0x0882,0x0882,0x0882,0x0882,0x0882,0x0882,0x0882,0x0882,0x0882,0x0882,0x0882,0x0882,
  0x0882,0x0882,0x0882,0x0882,0x0882,0x0882,0x0882,0x0882,0x0882,0x0882,0x0882,0x0882,0x0882,0x0882,0x0882,0x0882,
  0x0882,0x0882,0x0882,0x0882,0x0882,0x0882,0x0882,0x0882,0x0882,0x0882,0x0882,0x0882,0x0882,0x0882,0x0882,0x0882,
  0x0882,0x0882,0x0882,0x0882,0x0882,0x0882,0x0882,0x0882,0x0882,0x0882,0x0882,0x0882,0x0882,0x0882,0x0882,0x0882,
  0x0882,0x0882,0x0882,0x0882,0x0882,0x0882,0x0882,0x0882,0x0882,0x0882,0x0882,0x0882,0x0882,0x0882,0x0882,0x0882,
  0x0882,0x0882,0x0882,0x0882,0x0882,0x0882,0x0882,0x0882,0x0882,0x0882,0x0882,0x0882,0x0882,0x0882,0x0882,0x0882,
  0x0882,0x0882,0x0882,0x0882,0x0882,0x0882,0x0882,0x0882,0x0882,0x0882,0x0882,0x0882,0x0882,0x0882,0x0882,0x0882,
  0x0882,0x0882,0x0882,0x19A7,0x1105,0x0041,0x0041,0x0041,0x0041,0x0041,0x0041,0x0041,0x0041,0x0041,0x0041,0x0041,
  0x0041,0x0041,0x0041,0x0041,0x0041,0x0041,0x0041,0x0041,0x0041,0x2209,0x0882,0x0882,0x0882,0x0882,0x08A3,0x10C3,
  0x18E3,0x2103,0x2923,0x2943,0x2923,0x2103,0x18E3,0x10C3,0x08A3,0x0882,0x0882,0x0882,0x0882,0x0882,0x0882,0x0882,
  0x0882,0x0882,0x0882,0x0882,0x0882,0x0882,0x0882,0x0882,0x0882,0x0882,0x0882,0x0882,0x0882,0x0882,0x0882,0x0882,
  0x0882,0x0882,0x0882,0x0882,0x0882,0x0882,0x0882,0x0882,0x0882,0x0882,0x0882,0x0882,0x0882,0x0882,0x0882,0x0882,
  0x0882,0x0882,0x0882,0x0882,0x0882,0x0882,0x0882,0x0882,0x0882,0x0882,0x0882,0x0882,0x0882,0x0882,0x0882,0x0882,
  0x0882,0x0882,0x0882,0x0882,0x0882,0x0882,0x0882,0x0882,0x0882,0x0882,0x0882,0x0882,0x0882,0x0882,0x0882,0x0882,
  0x0882,0x0882,0x0882,0x0882,0x0882,0x0882,0x0882,0x0882,0x0882,0x0882,0x0882,0x0882,0x0882,0x0882,0x0882,0x0882,
  0x0882,0x0882,0x0882,0x0882,0x0882,0x0882,0x0882,0x0882,0x0882,0x0882,0x0882,0x0882,0x0882,0x0882,0x0882,0x0882,
  0x0882,0x0882,0x0882,0x0882,0x0882,0x0882,0x0882,0x0882,0x0882,0x0882,0x0882,0x0882,0x0882,0x0882,0x0882,0x0882,
  0x0882,0x0882,0x0882,0x0882,0x0882,0x0882,0x0882,0x0882,0x0882,0x0882,0x0882,0x0882,0x0882,0x0882,0x0882,0x0882,
  0x0882,0x0882,0x0882,0x0882,0x0882,0x0882,0x0882,0x0882,0x0882,0x0882,0x0882,0x0882,0x0882,0x0882,0x0882,0x0882,
  0x0882,0x0882,0x0882,0x0882,0x0882,0x0882,0x0882,0x0882,0x0882,0x0882,0x0882,0x0882,0x0882,0x0882,0x0882,0x0882,
  0x0882,0x0882,0x0882,0x0882,0x0882,0x0882,0x0882,0x0882,0x0882,0x0882,0x0882,0x0882,0x0882,0x0882,0x0882,0x0882,
  0x0882,0x0882,0x0882,0x0882,0x0882,0x0882,0x0882,0x0882,0x0882,0x0882,0x0882,0x0882,0x0882,0x0882,0x0882,0x0882,
  0x0882,0x0882,0x0882,0x0882,0x0882,0x0882,0x0882,0x0882,0x0882,0x0882,0x0882,0x0882,0x0882,0x0882,0x0882,0x0882,
  0x0882,0x0882,0x0882,0x0882,0x0882,0x0882,0x0882,0x0882,0x0882,0x0882,0x0882,0x0882,0x0882,0x0882,0x0882,0x0882,
  0x0882,0x0882,0x0882,0x0882,0x0882,0x0882,0x0882,0x0882,0x0882,0x0882,0x0882,0x0882,0x0882,0x0882,0x0882,0x0882,
  0x0882,0x0882,0x0882,0x0882,0x0882,0x0882,0x0882,0x0882,0x0882,0x0882,0x0882,0x0882,0x0882,0x0882,0x0882,0x0882,
  0x0882,0x0882,0x0882,0x0882,0x0882,0x0882,0x0882,0x0882,0x0882,0x0882,0x0882,0x0882,0x0882,0x0882,0x0882,0x0882,
  0x0882,0x0882,0x0882,0x08A3,0x21C8,0x1104,0x0041,0x0041,0x0041,0x0041,0x0041,0x0041,0x0041,0x0041,0x0041,0x0041,
  0x0041,0x0041,0x0041,0x0041,0x0041,0x0041,0x0041,0x0041,0x0041,0x2209,0x0882,0x0882,0x0882,0x0882,0x08A3,0x10C3,
  0x2103,0x2943,0xFD46,0xFD46,0xFD46,0x2943,0x2103,0x10C3,0x08A3,0x0882,0x0882,0x0882,0x0882,0x0882,0x0882,0x0882,
  0x0882,0x0882,0x0882,0x0882,0x0882,0x0882,0x0882,0x0882,0x0882,0x0882,0x0882,0x0882,0x0882,0x0882,0x0882,0x0882,
  0x0882,0x0882,0x0882,0x0882,0x0882,0x0882,0x0882,0x0882,0x0882,0x0882,0x0882,0x0882,0x0882,0x0882,0x0882,0x0882,
  0x0882,0x0882,0x0882,0x0882,0x0882,0x0882,0x0882,0x0882,0x0882,0x0882,0x0882,0x0882,0x0882,0x0882,0x0882,0x0882,
  0x0882,0x0882,0x0882,0x0882,0x0882,0x0882,0x0882,0x0882,0x0882,0x0882,0x0882,0x0882,0x0882,0x0882,0x0882,0x0882,
  0x0882,0x0882,0x0882,0x0882,0x0882,0x0882,0x0882,0x0882,0x0882,0x0882,0x0882,0x0882,0x0882,0x0882,0x0882,0x0882,
  0x0882,0x0882,0x0882,0x0882,0x0882,0x0882,0x0882,0x0882,0x0882,0x0882,0x0882,0x0882,0x0882,0x0882,0x0882,0x0882,
  0x0882,0x0882,0x0882,0x0882,0x0882,0x0882,0x0882,0x0882,0x0882,0x0882,0x0882,0x0882,0x0882,0x0882,0x0882,0x0882,
  0x0882,0x0882,0x0882,0x0882,0x0882,0x0882,0x0882,0x0882,0x0882,0x0882,0x0882,0x0882,0x0882,0x0882,0x0882,0x0882,
  0x0882,0x0882,0x0882,0x0882,0x0882,0x0882,0x0882,0x0882,0x0882,0x0882,0x0882,0x0882,0x0882,0x0882,0x0882,0x0882,
  0x0882,0x0882,0x0882,0x0882,0x0882,0x0882,0x0882,0x0882,0x0882,0x0882,0x0882,0x0882,0x0882,0x0882,0x0882,0x0882,
  0x0882,0x0882,0x0882,0x0882,0x0882,0x0882,0x0882,0x0882,0x0882,0x0882,0x0882,0x0882,0x0882,0x0882,0x0882,0x0882,
  0x0882,0x0882,0x0882,0x0882,0x0882,0x0882,0x0882,0x0882,0x0882,0x0882,0x0882,0x0882,0x0882,0x0882,0x0882,0x0882,
  0x0882,0x0882,0x0882,0x0882,0x0882,0x0882,0x0882,0x0882,0x0882,0x0882,0x0882,0x0882,0x0882,0x0882,0x0882,0x0882,
  0x0882,0x0882,0x0882,0x0882,0x0882,0x0882,0x0882,0x0882,0x0882,0x0882,0x0882,0x0882,0x0882,0x2209,0x0882,0x0882,
  0x0882,0x0882,0x0882,0x0882,0x0882,0x0882,0x0882,0x0882,0x0882,0x0882,0x0882,0x0882,0x0882,0x0882,0x0882,0x0882,
  0x0882,0x0882,0x0882,0x0882,0x0882,0x0882,0x0882,0x0882,0x0882,0x0882,0x0882,0x0882,0x0882,0x0882,0x0882,0x0882,
  0x0882,0x0882,0x0882,0x0882,0x0882,0x0882,0x0882,0x0882,0x0882,0x0882,0x0882,0x0882,0x0882,0x0882,0x0882,0x0882,
  0x0882,0x0882,0x0882,0x0882,0x08A3,0x21C8,0x08A3,0x0041,0x0041,0x0041,0x0041,0x0041,0x0041,0x0041,0x0041,0x0041,
  0x0041,0x0041,0x0041,0x0041,0x0041,0x0041,0x0041,0x0041,0x0041,0x2209,0x0882,0x0882,0x0882,0x0882,0x10A3,0x18E3,
  0x2923,0x3963,0xFD46,0xFD46,0xFD46,0x3963,0x2923,0x18E3,0x10A3,0x0882,0x0882,0x0882,0x0882,0x0882,0x0882,0x0882,
  0x0882,0x0882,0x0882,0x0882,0x0882,0x0882,0x0882,0x0882,0x0882,0x0882,0x0882,0x0882,0x0882,0x0882,0x0882,0x0882,
  0x0882,0x0882,0x0882,0x0882,0x0882,0x0882,0x0882,0x0882,0x0882,0x0882,0x0882,0x0882,0x0882,0x0882,0x0882,0x0882,
  0x0882,0x0882,0x0882,0x0882,0x0882,0x0882,0x0882,0x0882,0x0882,0x0882,0x0882,0x0882,0x0882,0x0882,0x0882,0x0882,
  0x0882,0x0882,0x0882,0x0882,0x0882,0x0882,0x0882,0x0882,0x0882,0x0882,0x0882,0x0882,0x0882,0x0882,0x0882,0x0882,
  0x0882,0x0882,0x0882,0x0882,0x0882,0x0882,0x0882,0x0882,0x0882,0x0882,0x0882,0x0882,0x0882,0x0882,0x0882,0x0882,
  0x0882,0x0882,0x0882,0x0882,0x0882,0x0882,0x0882,0x0882,0x0882,0x0882,0x0882,0x0882,0x0882,0x0882,0x0882,0x0882,
  0x0882,0x0882,0x0882,0x0882,0x0882,0x0882,0x0882,0x0882,0x0882,0x0882,0x0882,0x0882,0x0882,0x0882,0x0882,0x0882,
  0x0882,0x0882,0x0882,0x0882,0x0882,0x0882,0x0882,0x0882,0x0882,0x0882,0x0882,0x0882,0x0882,0x0882,0x0882,0x0882,
  0x0882,0x0882,0x0882,0x0882,0x0882,0x0882,0x0882,0x0882,0x0882,0x0882,0x0882,0x0882,0x0882,0x0882,0x0882,0x0882,
  0x0882,0x0882,0x0882,0x0882,0x0882,0x0882,0x0882,0x0882,0x0882,0x0882,0x0882,0x0882,0x0882,0x0882,0x0882,0x0882,
  0x0882,0x0882,0x0882,0x0882,0x0882,0x0882,0x0882,0x0882,0x0882,0x0882,0x0882,0x0882,0x0882,0x0882,0x0882,0x0882,
  0x0882,0x0882,0x0882,0x0882,0x0882,0x0882,0x0882,0x0882,0x0882,0x0882,0x0882,0x0882,0x0882,0x0882,0x0882,0x0882,
  0x0882,0x0882,0x0882,0x0882,0x0882,0x0882,0x0882,0x0882,0x0882,0x0882,0x0882,0x0882,0x0882,0x0882,0x0882,0x0882,
  0x0882,0x0882,0x0882,0x0882,0x0882,0x0882,0x0882,0x0882,0x0882,0x0882,0x0882,0x0882,0x0882,0x2209,0x0882,0x0882,
  0x0882,0x0882,0x0882,0x0882,0x0882,0x0882,0x0882,0x0882,0x0882,0x0882,0x0882,0x0882,0x0882,0x0882,0x0882,0x0882,
  0x0882,0x0882,0x0882,0x0882,0x0882,0x0882,0x0882,0x0882,0x0882,0x0882,0x0882,0x0882,0x0882,0x0882,0x0882,0x0882,
  0x0882,0x0882,0x0882,0x0882,0x0882,0x0882,0x0882,0x0882,0x0882,0x0882,0x0882,0x0882,0x0882,0x0882,0x0882,0x0882,
  0x0882,0x0882,0x0882,0x0882,0x0882,0x08C4,0x21C8,0x0882,0x0041,0x0041,0x0041,0x0041,0x0041,0x0041,0x0041,0x0041,
  0x0041,0x0041,0x0041,0x0041,0x0041,0x0041,0x0041,0x0041,0x0041,0x2209,0x0882,0x0882,0x0882,0x0882,0x10A3,0x18E3,
  0x2943,0x3983,0xFD46,0xFD46,0xFD46,0x3983,0x2943,0x18E3,0x10A3,0x0882,0x0882,0x1104,0xA5B6,0xDFBE,0xBE9A,0x31E8,
  0x0882,0x8CF4,0xEFFF,0x29A7,0x73F0,0xEFFF,0x4AAB,0x0882,0x1104,0xA5B6,0xDFBE,0xBE9A,0x31E8,0x0882,0x0882,0xADD7,
  0xEFFF,0xEFFF,0xEFFF,0xEFFF,0x52EC,0x0882,0x7410,0xEFFF,0xEFFF,0xEFFF,0xDF7E,0x0882,0x7C51,0xEFFF,0x636E,0x0883,
  0xBE9A,0xEFFF,0x1904,0x0882,0x0882,0x0882,0x0882,0x7410,0xEFFF,0xEFFF,0xDF7E,0x6BCF,0x0882,0x0882,0x0882,0x7410,
  0xEFFF,0xEFFF,0xEFFF,0xDF7E,0x0882,0x1104,0xA5B6,0xDFBE,0xBE9A,0x31E8,0x0882,0x7410,0xEFFF,0xEFFF,0xEFFF,0xDF7E,
  0x0882,0x0882,0x2186,0xEFFF,0xDF7D,0x0882,0x0882,0x0882,0x7410,0xEFFF,0xEFFF,0xDF7E,0x6BCF,0x0882,0x0882,0x0882,
  0x08A3,0x9514,0xDF9E,0xCF1C,0x4ACB,0x0882,0x0882,0x7410,0xEFFF,0x3A29,0x6BEF,0xEFFF,0x3A49,0x0882,0x0882,0x0882,
  0x0882,0x0882,0x0882,0x0882,0x0882,0x0882,0x0882,0x0882,0x0882,0x0882,0x0882,0x0882,0x0882,0x0882,0x0882,0x0882,
  0x0882,0x0882,0x0882,0x0882,0x0882,0x0882,0x0882,0x0882,0x0882,0x0882,0x0882,0x0882,0x0882,0x0882,0x0882,0x0882,
  0x0882,0x0882,0x0882,0x0882,0x0882,0x0882,0x0882,0x0882,0x0882,0x0882,0x0882,0x0882,0x0882,0x0882,0x0882,0x0882,
  0x0882,0x0882,0x0882,0x0882,0x0882,0x0882,0x0882,0x0882,0x0882,0x0882,0x0882,0x0882,0x0882,0x0882,0x0882,0x0882,
  0x0882,0x0882,0x0882,0x0882,0x0882,0x0882,0x0882,0x0882,0x0882,0x0882,0x0882,0x0882,0x0882,0x0882,0x0882,0x0882,
  0x0882,0x0882,0x0882,0x0882,0x0882,0x0882,0x0882,0x0882,0x0882,0x0882,0x0882,0x0882,0x0882,0x0882,0x0882,0x0882,
  0x0882,0x0882,0x0882,0x0882,0x0882,0x0882,0x0882,0x0882,0x0882,0x0882,0x0882,0x0882,0x0882,0x0882,0x0882,0x0882,
  0x0882,0x0882,0x0882,0x0882,0x0882,0x0882,0x0882,0x0882,0x0882,0x0882,0x0882,0x0882,0x0882,0x2209,0x0882,0x0882,
  0x0882,0x0882,0x0882,0x0882,0x0882,0x0882,0x0882,0x0882,0x0882,0x0882,0x0882,0x0882,0x0882,0x0882,0x0882,0x0882,
  0x0882,0x0882,0x0882,0x0882,0x0882,0x0882,0x0882,0x0882,0x0882,0x0882,0x0882,0x0882,0x0882,0x0882,0x0882,0x0882,
  0x0882,0x0882,0x0882,0x0882,0x0882,0x0882,0x0882,0x0882,0x0882,0x0882,0x0882,0x0882,0x0882,0x0882,0x0882,0x0882,
  0x0882,0x0882,0x0882,0x0882,0x0882,0x0882,0x19A7,0x08C3,0x0041,0x0041,0x0041,0x0041,0x0041,0x0041,0x0041,0x0041,
  0x0041,0x0041,0x0041,0x0041,0x0041,0x0041,0x0041,0x0041,0x0041,0x2209,0x0882,0x0882,0x0882,0x08A2,0x10A3,0x18E3,
  0x3143,0x41A3,0xFD46,0xFD46,0xFD46,0x41A3,0x3143,0x18E3,0x10A3,0x08A2,0x0882,0x7C51,0xEFFF,0xB638,0xE7DF,0xBE79,
  0x0882,0x4AAB,0xEFFF,0x636E,0xADD7,0xDF9E,0x08C3,0x0882,0x7C51,0xEFFF,0xB638,0xE7DF,0xBE79,0x0882,0x0882,0x6BCF,
  0x9D55,0xEFFF,0xCEFB,0x9514,0x3208,0x0882,0x7410,0xEFFF,0xA5B7,0x9514,0x8CD3,0x0882,0x7C71,0xEFFF,0xD71C,0x530C,
  0xEFFF,0xEFFF,0x1925,0x0882,0x0882,0x0882,0x0882,0x7410,0xEFFF,0xADD7,0xD75D,0xEFFF,0x29A7,0x0882,0x0882,0x7410,
  0xEFFF,0xA5B7,0x9514,0x8CD3,0x0882,0x7C51,0xEFFF,0xB638,0xE7DF,0xBE79,0x0882,0x7410,0xEFFF,0xA5B7,0x9514,0x8CD3,
  0x0882,0x0882,0x530C,0xEFFF,0xEFFF,0x2186,0x0882,0x0882,0x7410,0xEFFF,0xADD7,0xD75D,0xEFFF,0x29A7,0x0882,0x0882,
  0x636E,0xEFFF,0xB659,0xDF5D,0xDFBE,0x10E4,0x0882,0x7410,0xEFFF,0x3A29,0x73F0,0xEFFF,0x3A49,0x0882,0x0882,0x0882,
  0x0882,0x0882,0x0882,0x0882,0x0882,0x0882,0x0882,0x0882,0x0882,0x0882,0x0882,0x0882,0x0882,0x0882,0x0882,0x0882,
  0x0882,0x0882,0x0882,0x0882,0x0882,0x0882,0x0882,0x0882,0x0882,0x0882,0x0882,0x0882,0x0882,0x0882,0x0882,0x0882,
  0x0882,0x0882,0x0882,0x0882,0x0882,0x0882,0x0882,0x0882,0x0882,0x0882,0x0882,0x0882,0x0882,0x0882,0x0882,0x0882,
  0x0882,0x0882,0x0882,0x0882,0x0882,0x0882,0x0882,0x0882,0x0882,0x0882,0x0882,0x0882,0x0882,0x0882,0x0882,0x0882,
  0x0882,0x0882,0x0882,0x0882,0x0882,0x0882,0x0882,0x0882,0x0882,0x0882,0x0882,0x0882,0x0882,0x0882,0x0882,0x0882,
  0x0882,0x0882,0x0882,0x0882,0x0882,0x0882,0x0882,0x0882,0x0882,0x0882,0x0882,0x0882,0x0882,0x0882,0x0882,0x0882,
  0x0882,0x0882,0x0882,0x0882,0x0882,0x0882,0x0882,0x0882,0x0882,0x0882,0x0882,0x0882,0x0882,0x0882,0x0882,0x0882,
  0x0882,0x0882,0x0882,0x0882,0x0882,0x0882,0x0882,0x0882,0x0882,0x0882,0x0882,0x0882,0x0882,0x2209,0x0882,0x0882,
  0x0882,0x0882,0x0882,0x0882,0x0882,0x0882,0x0882,0x0882,0x0882,0x0882,0x0882,0x0882,0x0882,0x0882,0x0882,0x0882,
  0x0882,0x0882,0x0882,0x0882,0x0882,0x0882,0x0882,0x0882,0x0882,0x0882,0x0882,0x0882,0x0882,0x0882,0x0882,0x0882,
  0x0882,0x0882,0x0882,0x0882,0x0882,0x0882,0x0882,0x0882,0x0882,0x0882,0x0882,0x0882,0x0882,0x0882,0x0882,0x0882,
  0x0882,0x0882,0x0882,0x0882,0x0882,0x0882,0x19A7,0x08C3,0x0041,0x0041,0x0041,0x0041,0x0041,0x0041,0x0041,0x0041,
  0x0041,0x0041,0x0041,0x0041,0x0041,0x0041,0x0041,0x0041,0x0041,0x2209,0x0882,0x0882,0x0882,0x08A2,0x10C3,0x20E3,
  0x3143,0x41A3,0xFD46,0xFD46,0xFD46,0x41A3,0x3143,0x20E3,0x10C3,0x08A2,0x0882,0x9D55,0xEFFF,0x1904,0x9D55,0xCEFB,
  0x0882,0x08C3,0xDF9E,0x9D55,0xDF9E,0x9D75,0x0882,0x0882,0x9D55,0xEFFF,0x1904,0x9D55,0xCEFB,0x0882,0x0882,0x0882,
  0x1904,0xEFFF,0x9535,0x0882,0x0882,0x0882,0x7410,0xEFFF,0x3A29,0x0882,0x0882,0x0882,0x7C71,0xEFFF,0xEFFF,0xE7BE,
  0xEFFF,0xEFFF,0x1925,0x0882,0x0882,0x0882,0x0882,0x7410,0xEFFF,0x3A29,0x6BCF,0xEFFF,0x530C,0x0882,0x0882,0x7410,
  0xEFFF,0x3A29,0x0882,0x0882,0x0882,0x9D55,0xEFFF,0x1904,0x9D55,0xCEFB,0x0882,0x7410,0xEFFF,0x3A29,0x0882,0x0882,
  0x0882,0x0882,0x8492,0xD75D,0xEFFF,0x530C,0x0882,0x0882,0x7410,0xEFFF,0x3A29,0x6BCF,0xEFFF,0x530C,0x0882,0x0882,
  0x8CD3,0xEFFF,0x2166,0x6BAF,0xC69A,0x2986,0x0882,0x7410,0xEFFF,0x3A29,0x73F0,0xEFFF,0x3A49,0x0882,0x0882,0x0882,
  0x0882,0x0882,0x0882,0x0882,0x0882,0x0882,0x0882,0x0882,0x0882,0x0882,0x0882,0x0882,0x0882,0x0882,0x0882,0x0882,
  0x0882,0x0882,0x0882,0x0882,0x0882,0x0882,0x0882,0x0882,0x0882,0x0882,0x0882,0x0882,0x0882,0x0882,0x0882,0x0882,
  0x0882,0x0882,0x0882,0x0882,0x0882,0x0882,0x0882,0x0882,0x0882,0x0882,0x0882,0x0882,0x0882,0x0882,0x0882,0x0882,
  0x0882,0x0882,0x0882,0x0882,0x0882,0x0882,0x0882,0x0882,0x0882,0x0882,0x0882,0x0882,0x0882,0x0882,0x0882,0x0882,
  0x0882,0x0882,0x0882,0x0882,0x0882,0x0882,0x0882,0x0882,0x0882,0x0882,0x0882,0x0882,0x0882,0x0882,0x0882,0x0882,
  0x0882,0x0882,0x0882,0x0882,0x0882,0x0882,0x0882,0x0882,0x0882,0x0882,0x0882,0x0882,0x0882,0x0882,0x0882,0x0882,
  0x0882,0x0882,0x0882,0x0882,0x0882,0x0882,0x0882,0x0882,0x0882,0x0882,0x0882,0x0882,0x0882,0x0882,0x0882,0x0882,
  0x0882,0x0882,0x0882,0x0882,0x0882,0x0882,0x0882,0x0882,0x0882,0x0882,0x0882,0x0882,0x0882,0x2209,0x0882,0x0882,
  0x0882,0x0882,0x0882,0x0882,0x0882,0x0882,0x0882,0x0882,0x0882,0x0882,0x0882,0x0882,0x0882,0x0882,0x0882,0x0882,
  0x0882,0x0882,0x0882,0x0882,0x0882,0x0882,0x0882,0x0882,0x0882,0x0882,0x0882,0x0882,0x0882,0x0882,0x0882,0x0882,
  0x0882,0x0882,0x0882,0x0882,0x0882,0x0882,0x0882,0x0882,0x0882,0x0882,0x0882,0x0882,0x0882,0x0882,0x0882,0x0882,
  0x0882,0x0882,0x0882,0x0882,0x0882,0x0882,0x19A7,0x08C3,0x0041,0x0041,0x0041,0x0041,0x0041,0x0041,0x0041,0x0041,
  0x0041,0x0041,0x0041,0x0041,0x0041,0x0041,0x0041,0x0041,0x0041,0x2209,0x0882,0x0882,0x0882,0x08A2,0x10C3,0x2103,
  0x3143,0x41C3,0xFD46,0xFD46,0xFD46,0x41C3,0x3143,0x2103,0x10C3,0x08A2,0x0882,0x5B4D,0xEFFF,0x9D55,0x10C3,0x0882,
  0x0882,0x0882,0x9D55,0xE7DF,0xEFFF,0x530C,0x0882,0x0882,0x5B4D,0xEFFF,0x9D55,0x10C3,0x0882,0x0882,0x0882,0x0882,
  0x1904,0xEFFF,0x9535,0x0882,0x0882,0x0882,0x7410,0xEFFF,0xA5B7,0x7C71,0x0882,0x0882,0x7C71,0xEFFF,0xAE18,0xE7DF,
  0xB618,0xEFFF,0x1925,0x0882,0x0882,0x0882,0x0882,0x7410,0xEFFF,0xADD7,0xD73C,0xEFFF,0x31E8,0x0882,0x0882,0x7410,
  0xEFFF,0xA5B7,0x7C71,0x0882,0x0882,0x5B4D,0xEFFF,0x9D55,0x10C3,0x0882,0x0882,0x7410,0xEFFF,0xA5B7,0x7C71,0x0882,
  0x0882,0x0882,0xB638,0x9D55,0xDF9E,0x8492,0x0882,0x0882,0x7410,0xEFFF,0xADD7,0xD73C,0xEFFF,0x31E8,0x0882,0x0882,
  0x94F4,0xEFFF,0x1945,0x0882,0x0882,0x0882,0x0882,0x7410,0xEFFF,0xA5B7,0xBE79,0xEFFF,0x3A49,0x0882,0x0882,0x0882,
  0x0882,0x0882,0x0882,0x0882,0x0882,0x0882,0x0882,0x0882,0x0882,0x0882,0x0882,0x0882,0x0882,0x0882,0x0882,0x0882,
  0x0882,0x0882,0x0882,0x0882,0x0882,0x0882,0x0882,0x0882,0x0882,0x0882,0x0882,0x0882,0x0882,0x0882,0x0882,0x0882,
  0x0882,0x0882,0x0882,0x0882,0x0882,0x0882,0x0882,0x0882,0x0882,0x0882,0x0882,0x0882,0x0882,0x0882,0x0882,0x0882,
  0x0882,0x0882,0x0882,0x0882,0x0882,0x0882,0x0882,0x0882,0x0882,0x0882,0x0882,0x0882,0x0882,0x0882,0x0882,0x0882,
  0x0882,0x0882,0x0882,0x0882,0x0882,0x0882,0x0882,0x0882,0x0882,0x0882,0x0882,0x0882,0x0882,0x0882,0x0882,0x0882,
  0x0882,0x0882,0x0882,0x0882,0x0882,0x0882,0x0882,0x0882,0x0882,0x0882,0x0882,0x0882,0x0882,0x0882,0x0882,0x0882,
  0x0882,0x0882,0x0882,0x0882,0x0882,0x0882,0x0882,0x0882,0x0882,0x0882,0x0882,0x0882,0x0882,0x0882,0x0882,0x0882,
  0x0882,0x0882,0x0882,0x0882,0x0882,0x0882,0x0882,0x0882,0x0882,0x0882,0x0882,0x0882,0x0882,0x2209,0x0882,0x0882,
  0x0882,0x0882,0x0882,0x0882,0x0882,0x0882,0x0882,0x0882,0x0882,0x0882,0x0882,0x0882,0x0882,0x0882,0x0882,0x0882,
  0x0882,0x0882,0x0882,0x0882,0x0882,0x0882,0x0882,0x0882,0x0882,0x0882,0x0882,0x0882,0x0882,0x0882,0x0882,0x0882,
  0x0882,0x0882,0x0882,0x0882,0x0882,0x0882,0x0882,0x0882,0x0882,0x0882,0x0882,0x0882,0x0882,0x0882,0x0882,0x0882,
  0x0882,0x0882,0x0882,0x0882,0x0882,0x0882,0x19A7,0x08C3,0x0041,0x0041,0x0041,0x0041,0x0041,0x0041,0x0041,0x0041,
  0x0041,0x0041,0x0041,0x0041,0x0041,0x0041,0x0041,0x0041,0x0041,0x2209,0x0882,0x0882,0x0882,0x08A2,0x10C3,0x2103,
  0x3143,0x41C3,0xFD46,0xFD46,0xFD46,0x41C3,0x3143,0x2103,0x10C3,0x08A2,0x0882,0x0882,0x8CD3,0xEFFF,0xBE79,0x1925,
  0x0882,0x0882,0x52EC,0xEFFF,0xE7BE,0x10E4,0x0882,0x0882,0x0882,0x8CD3,0xEFFF,0xBE79,0x1925,0x0882,0x0882,0x0882,
  0x1904,0xEFFF,0x9535,0x0882,0x0882,0x0882,0x7410,0xEFFF,0xEFFF,0xCEFB,0x0882,0x0882,0x7C71,0xEFFF,0x426A,0x7C71,
  0x9514,0xEFFF,0x1925,0x0882,0x0882,0x0882,0x0882,0x7410,0xEFFF,0xEFFF,0xEFFF,0x7C71,0x0882,0x0882,0x0882,0x7410,
  0xEFFF,0xEFFF,0xCEFB,0x0882,0x0882,0x0882,0x8CD3,0xEFFF,0xBE79,0x1925,0x0882,0x7410,0xEFFF,0xEFFF,0xCEFB,0x0882,
  0x0882,0x0883,0xDF9E,0x7431,0xB659,0xAE18,0x0882,0x0882,0x7410,0xEFFF,0xEFFF,0xEFFF,0x7C71,0x0882,0x0882,0x0882,
  0x94F4,0xEFFF,0x1945,0x0882,0x0882,0x0882,0x0882,0x7410,0xEFFF,0xEFFF,0xEFFF,0xEFFF,0x3A49,0x0882,0x0882,0x0882,
  0x0882,0x0882,0x0882,0x0882,0x0882,0x0882,0x0882,0x0882,0x0882,0x0882,0x0882,0x0882,0x0882,0x0882,0x0882,0x0882,
  0x0882,0x0882,0x0882,0x0882,0x0882,0x0882,0x0882,0x0882,0x0882,0x0882,0x0882,0x0882,0x0882,0x0882,0x0882,0x0882,
  0x0882,0x0882,0x0882,0x0882,0x0882,0x0882,0x0882,0x0882,0x0882,0x0882,0x0882,0x0882,0x0882,0x0882,0x0882,0x0882,
  0x0882,0x0882,0x0882,0x0882,0x0882,0x0882,0x0882,0x0882,0x0882,0x0882,0x0882,0x0882,0x0882,0x0882,0x0882,0x0882,
  0x0882,0x0882,0x0882,0x0882,0x0882,0x0882,0x0882,0x0882,0x0882,0x0882,0x0882,0x0882,0x0882,0x0882,0x0882,0x0882,
  0x0882,0x0882,0x0882,0x0882,0x0882,0x0882,0x0882,0x0882,0x0882,0x0882,0x0882,0x0882,0x0882,0x0882,0x0882,0x0882,
  0x0882,0x0882,0x0882,0x0882,0x0882,0x0882,0x0882,0x0882,0x0882,0x0882,0x0882,0x0882,0x0882,0x0882,0x0882,0x0882,
  0x0882,0x0882,0x0882,0x0882,0x0882,0x0882,0x0882,0x0882,0x0882,0x0882,0x0882,0x0882,0x0882,0x2209,0x0882,0x0882,
  0x0882,0x0882,0x0882,0x0882,0x0882,0x0882,0x0882,0x0882,0x0882,0x0882,0x0882,0x0882,0x0882,0x0882,0x0882,0x0882,
  0x0882,0x0882,0x0882,0x0882,0x0882,0x0882,0x0882,0x0882,0x0882,0x0882,0x0882,0x0882,0x0882,0x0882,0x0882,0x0882,
  0x0882,0x0882,0x0882,0x0882,0x0882,0x0882,0x0882,0x0882,0x0882,0x0882,0x0882,0x0882,0x0882,0x0882,0x0882,0x0882,
  0x0882,0x0882,0x0882,0x0882,0x0882,0x0882,0x19A7,0x08C3,0x0041,0x0041,0x0041,0x0041,0x0041,0x0041,0x0041,0x0041,
  0x0041,0x0041,0x0041,0x0041,0x0041,0x0041,0x0041,0x0041,0x0041,0x2209,0x0882,0x0882,0x0882,0x08A2,0x10C3,0x2103,
  0x3143,0x41C3,0xFD46,0xFD46,0xFD46,0x41C3,0x3143,0x2103,0x10C3,0x08A2,0x0882,0x0882,0x0882,0x636E,0xE7DF,0xADD7,
  0x0882,0x0882,0x10E4,0xEFFF,0xADF8,0x0882,0x0882,0x0882,0x0882,0x0882,0x636E,0xE7DF,0xADD7,0x0882,0x0882,0x0882,
  0x1904,0xEFFF,0x9535,0x0882,0x0882,0x0882,0x7410,0xEFFF,0x3A29,0x0882,0x0882,0x0882,0x7C71,0xEFFF,0x31E8,0x0882,
  0x9514,0xEFFF,0x1925,0x0882,0x0882,0x0882,0x0882,0x7410,0xEFFF,0x5B4D,0xEFFF,0x7C51,0x0882,0x0882,0x0882,0x7410,
  0xEFFF,0x3A29,0x0882,0x0882,0x0882,0x0882,0x0882,0x636E,0xE7DF,0xADD7,0x0882,0x7410,0xEFFF,0x3A29,0x0882,0x0882,
  0x0882,0x29A7,0xEFFF,0x6BCF,0x9D96,0xDF9E,0x0882,0x0882,0x7410,0xEFFF,0x5B4D,0xEFFF,0x7C51,0x0882,0x0882,0x0882,
  0x94F4,0xEFFF,0x1945,0x0882,0x0882,0x0882,0x0882,0x7410,0xEFFF,0x3A29,0x73F0,0xEFFF,0x3A49,0x0882,0x0882,0x0882,
  0x0882,0x0882,0x0882,0x0882,0x0882,0x0882,0x0882,0x0882,0x0882,0x0882,0x0882,0x0882,0x0882,0x0882,0x0882,0x0882,
  0x0882,0x0882,0x0882,0x0882,0x0882,0x0882,0x0882,0x0882,0x0882,0x0882,0x0882,0x0882,0x0882,0x0882,0x0882,0x0882,
  0x0882,0x0882,0x0882,0x0882,0x0882,0x0882,0x0882,0x0882,0x0882,0x0882,0x0882,0x0882,0x0882,0x0882,0x0882,0x0882,
  0x0882,0x0882,0x0882,0x0882,0x0882,0x0882,0x0882,0x0882,0x0882,0x0882,0x0882,0x0882,0x0882,0x0882,0x0882,0x0882,
  0x0882,0x0882,0x0882,0x0882,0x0882,0x0882,0x0882,0x0882,0x0882,0x0882,0x0882,0x0882,0x0882,0x0882,0x0882,0x0882,
  0x0882,0x0882,0x0882,0x0882,0x0882,0x0882,0x0882,0x0882,0x0882,0x0882,0x0882,0x0882,0x0882,0x0882,0x0882,0x0882,
  0x0882,0x0882,0x0882,0x0882,0x0882,0x0882,0x0882,0x0882,0x0882,0x0882,0x0882,0x0882,0x0882,0x0882,0x0882,0x0882,
  0x0882,0x0882,0x0882,0x0882,0x0882,0x0882,0x0882,0x0882,0x0882,0x0882,0x0882,0x0882,0x0882,0x2209,0x0882,0x0882,
  0x0882,0x0882,0x0882,0x0882,0x0882,0x0882,0x0882,0x0882,0x0882,0x0882,0x0882,0x0882,0x0882,0x0882,0x0882,0x0882,
  0x0882,0x0882,0x0882,0x0882,0x0882,0x0882,0x0882,0x0882,0x0882,0x0882,0x0882,0x0882,0x0882,0x0882,0x0882,0x0882,
  0x0882,0x0882,0x0882,0x0882,0x0882,0x0882,0x0882,0x0882,0x0882,0x0882,0x0882,0x0882,0x0882,0x0882,0x0882,0x0882,
  0x0882,0x0882,0x0882,0x0882,0x0882,0x0882,0x19A7,0x08C3,0x0041,0x0041,0x0041,0x0041,0x0041,0x0041,0x0041,0x0041,
  0x0041,0x0041,0x0041,0x0041,0x0041,0x0041,0x0041,0x0041,0x0041,0x2209,0x0882,0x0882,0x0882,0x08A2,0x10C3,0x20E3,
  0x3143,0x41A3,0xFD46,0xFD46,0xFD46,0x41A3,0x3143,0x20E3,0x10C3,0x08A2,0x0882,0x84B2,0xCF1C,0x10E4,0xADF7,0xE7DF,
  0x08A3,0x0882,0x08A3,0xEFFF,0xA5B6,0x0882,0x0882,0x0882,0x84B2,0xCF1C,0x10E4,0xADF7,0xE7DF,0x08A3,0x0882,0x0882,
  0x1904,0xEFFF,0x9535,0x0882,0x0882,0x0882,0x7410,0xEFFF,0x3A29,0x0882,0x0882,0x0882,0x7C71,0xEFFF,0x31E8,0x0882,
  0x9514,0xEFFF,0x1925,0x0882,0x0882,0x0882,0x0882,0x7410,0xEFFF,0x3A29,0xD75D,0xBE59,0x0882,0x0882,0x0882,0x7410,
  0xEFFF,0x3A29,0x0882,0x0882,0x0882,0x84B2,0xCF1C,0x10E4,0xADF7,0xE7DF,0x08A3,0x7410,0xEFFF,0x3A29,0x0882,0x0882,
  0x0882,0x5B2D,0xEFFF,0xEFFF,0xEFFF,0xEFFF,0x2986,0x0882,0x7410,0xEFFF,0x3A29,0xD75D,0xBE59,0x0882,0x0882,0x0882,
  0x8CD3,0xEFFF,0x2166,0x6BCF,0xC6BB,0x2986,0x0882,0x7410,0xEFFF,0x3A29,0x73F0,0xEFFF,0x3A49,0x0882,0x0882,0x0882,
  0x0882,0x0882,0x0882,0x0882,0x0882,0x0882,0x0882,0x0882,0x0882,0x0882,0x0882,0x0882,0x0882,0x0882,0x0882,0x0882,
  0x0882,0x0882,0x0882,0x0882,0x0882,0x0882,0x0882,0x0882,0x0882,0x0882,0x0882,0x0882,0x0882,0x0882,0x0882,0x0882,
  0x0882,0x0882,0x0882,0x0882,0x0882,0x0882,0x0882,0x0882,0x0882,0x0882,0x0882,0x0882,0x0882,0x0882,0x0882,0x0882,
  0x0882,0x0882,0x0882,0x0882,0x0882,0x0882,0x0882,0x0882,0x0882,0x0882,0x0882,0x0882,0x0882,0x0882,0x0882,0x0882,
  0x0882,0x0882,0x0882,0x0882,0x0882,0x0882,0x0882,0x0882,0x0882,0x0882,0x0882,0x0882,0x0882,0x0882,0x0882,0x0882,
  0x0882,0x0882,0x0882,0x0882,0x0882,0x0882,0x0882,0x0882,0x0882,0x0882,0x0882,0x0882,0x0882,0x0882,0x0882,0x0882,
  0x0882,0x0882,0x0882,0x0882,0x0882,0x0882,0x0882,0x0882,0x0882,0x0882,0x0882,0x0882,0x0882,0x0882,0x0882,0x0882,
  0x0882,0x0882,0x0882,0x0882,0x0882,0x0882,0x0882,0x0882,0x0882,0x0882,0x0882,0x0882,0x0882,0x2209,0x0882,0x0882,
  0x0882,0x0882,0x0882,0x0882,0x0882,0x0882,0x0882,0x0882,0x0882,0x0882,0x0882,0x0882,0x0882,0x0882,0x0882,0x0882,
  0x0882,0x0882,0x0882,0x0882,0x0882,0x0882,0x0882,0x0882,0x0882,0x0882,0x0882,0x0882,0x0882,0x0882,0x0882,0x0882,
  0x0882,0x0882,0x0882,0x0882,0x0882,0x0882,0x0882,0x0882,0x0882,0x0882,0x0882,0x0882,0x0882,0x0882,0x0882,0x0882,
  0x0882,0x0882,0x0882,0x0882,0x0882,0x0882,0x19A7,0x08C3,0x0041,0x0041,0x0041,0x0041,0x0041,0x0041,0x0041,0x0041,
  0x0041,0x0041,0x0041,0x0041,0x0041,0x0041,0x0041,0x0041,0x0041,0x2209,0x0882,0x0882,0x0882,0x08A2,0x10A3,0x18E3,
  0x3143,0x41A3,0xFD46,0xFD46,0xFD46,0x41A3,0x3143,0x18E3,0x10A3,0x08A2,0x0882,0x7430,0xEFFF,0xB659,0xE7BE,0xCEFB,
  0x0882,0x0882,0x08A3,0xEFFF,0xA5B6,0x0882,0x0882,0x0882,0x7430,0xEFFF,0xB659,0xE7BE,0xCEFB,0x0882,0x0882,0x0882,
  0x1904,0xEFFF,0x9535,0x0882,0x0882,0x0882,0x7410,0xEFFF,0xA5B7,0x9514,0x8CD3,0x0882,0x7C71,0xEFFF,0x31E8,0x0882,
  0x9514,0xEFFF,0x1925,0x0882,0x0882,0x0882,0x0882,0x7410,0xEFFF,0x3A29,0x9D76,0xE7FF,0x1104,0x0882,0x0882,0x7410,
  0xEFFF,0xA5B7,0x9514,0x8CD3,0x0882,0x7430,0xEFFF,0xB659,0xE7BE,0xCEFB,0x0882,0x7410,0xEFFF,0xA5B7,0x9514,0x8CD3,
  0x0882,0x8CB3,0xEFFF,0x52EC,0x7C31,0xEFFF,0x530C,0x0882,0x7410,0xEFFF,0x3A29,0x9D76,0xE7FF,0x1104,0x0882,0x0882,
  0x636E,0xEFFF,0xB639,0xD75D,0xDF9E,0x10C3,0x0882,0x7410,0xEFFF,0x3A29,0x73F0,0xEFFF,0x3A49,0x0882,0x0882,0x0882,
  0x0882,0x0882,0x0882,0x0882,0x0882,0x0882,0x0882,0x0882,0x0882,0x0882,0x0882,0x0882,0x0882,0x0882,0x0882,0x0882,
  0x0882,0x0882,0x0882,0x0882,0x0882,0x0882,0x0882,0x0882,0x0882,0x0882,0x0882,0x0882,0x0882,0x0882,0x0882,0x0882,
  0x0882,0x0882,0x0882,0x0882,0x0882,0x0882,0x0882,0x0882,0x0882,0x0882,0x0882,0x0882,0x0882,0x0882,0x0882,0x0882,
  0x0882,0x0882,0x0882,0x0882,0x0882,0x0882,0x0882,0x0882,0x0882,0x0882,0x0882,0x0882,0x0882,0x0882,0x0882,0x0882,
  0x0882,0x0882,0x0882,0x0882,0x0882,0x0882,0x0882,0x0882,0x0882,0x0882,0x0882,0x0882,0x0882,0x0882,0x0882,0x0882,
  0x0882,0x0882,0x0882,0x0882,0x0882,0x0882,0x0882,0x0882,0x0882,0x0882,0x0882,0x0882,0x0882,0x0882,0x0882,0x0882,
  0x0882,0x0882,0x0882,0x0882,0x0882,0x0882,0x0882,0x0882,0x0882,0x0882,0x0882,0x0882,0x0882,0x0882,0x0882,0x0882,
  0x0882,0x0882,0x0882,0x0882,0x0882,0x0882,0x0882,0x0882,0x0882,0x0882,0x0882,0x0882,0x0882,0x2209,0x0882,0x0882,
  0x0882,0x0882,0x0882,0x0882,0x0882,0x0882,0x0882,0x0882,0x0882,0x0882,0x0882,0x0882,0x0882,0x0882,0x0882,0x0882,
  0x0882,0x0882,0x0882,0x0882,0x0882,0x0882,0x0882,0x0882,0x0882,0x0882,0x0882,0x0882,0x0882,0x0882,0x0882,0x0882,
  0x0882,0x0882,0x0882,0x0882,0x0882,0x0882,0x0882,0x0882,0x0882,0x0882,0x0882,0x0882,0x0882,0x0882,0x0882,0x0882,
  0x0882,0x0882,0x0882,0x0882,0x0882,0x0882,0x19A7,0x08C3,0x0041,0x0041,0x0041,0x0041,0x0041,0x0041,0x0041,0x0041,
  0x0041,0x0041,0x0041,0x0041,0x0041,0x0041,0x0041,0x0041,0x0041,0x2209,0x0882,0x0882,0x0882,0x0882,0x10A3,0x18E3,
  0x2943,0x3983,0xFD46,0xFD46,0xFD46,0x3983,0x2943,0x18E3,0x10A3,0x0882,0x0882,0x10C3,0x9D76,0xE7DF,0xC6DB,0x3A49,
  0x0882,0x0882,0x08A3,0xEFFF,0xA5B6,0x0882,0x0882,0x0882,0x10C3,0x9D76,0xE7DF,0xC6DB,0x3A49,0x0882,0x0882,0x0882,
  0x10E4,0xEFFF,0x9534,0x0882,0x0882,0x0882,0x7410,0xEFFF,0xEFFF,0xEFFF,0xDF7E,0x0882,0x7C51,0xEFFF,0x31E8,0x0882,
  0x9514,0xEFFF,0x1904,0x0882,0x0882,0x0882,0x0882,0x7410,0xEFFF,0x3A29,0x638E,0xEFFF,0x4ACB,0x0882,0x0882,0x7410,
  0xEFFF,0xEFFF,0xEFFF,0xDF7E,0x0882,0x10C3,0x9D76,0xE7DF,0xC6DB,0x3A49,0x0882,0x7410,0xEFFF,0xEFFF,0xEFFF,0xDF7E,
  0x0882,0xB638,0xCF1C,0x0882,0x2186,0xEFFF,0x8492,0x0882,0x7410,0xEFFF,0x3A29,0x638E,0xEFFF,0x4ACB,0x0882,0x0882,
  0x08A3,0x9514,0xDF9E,0xCEFB,0x4AAB,0x0882,0x0882,0x7410,0xEFFF,0x3A29,0x6BEF,0xEFFF,0x3A49,0x0882,0x0882,0x0882,
  0x0882,0x0882,0x0882,0x0882,0x0882,0x0882,0x0882,0x0882,0x0882,0x0882,0x0882,0x0882,0x0882,0x0882,0x0882,0x0882,
  0x0882,0x0882,0x0882,0x0882,0x0882,0x0882,0x0882,0x0882,0x0882,0x0882,0x0882,0x0882,0x0882,0x0882,0x0882,0x0882,
  0x0882,0x0882,0x0882,0x0882,0x0882,0x0882,0x0882,0x0882,0x0882,0x0882,0x0882,0x0882,0x0882,0x0882,0x0882,0x0882,
  0x0882,0x0882,0x0882,0x0882,0x0882,0x0882,0x0882,0x0882,0x0882,0x0882,0x0882,0x0882,0x0882,0x0882,0x0882,0x0882,
  0x0882,0x0882,0x0882,0x0882,0x0882,0x0882,0x0882,0x0882,0x0882,0x0882,0x0882,0x0882,0x0882,0x0882,0x0882,0x0882,
  0x0882,0x0882,0x0882,0x0882,0x0882,0x0882,0x0882,0x0882,0x0882,0x0882,0x0882,0x0882,0x0882,0x0882,0x0882,0x0882,
  0x0882,0x0882,0x0882,0x0882,0x0882,0x0882,0x0882,0x0882,0x0882,0x0882,0x0882,0x0882,0x0882,0x0882,0x0882,0x0882,
  0x0882,0x0882,0x0882,0x0882,0x0882,0x0882,0x0882,0x0882,0x0882,0x0882,0x0882,0x0882,0x0882,0x2209,0x0882,0x0882,
  0x0882,0x0882,0x0882,0x0882,0x0882,0x0882,0x0882,0x0882,0x0882,0x0882,0x0882,0x0882,0x0882,0x0882,0x0882,0x0882,
  0x0882,0x0882,0x0882,0x0882,0x0882,0x0882,0x0882,0x0882,0x0882,0x0882,0x0882,0x0882,0x0882,0x0882,0x0882,0x0882,
  0x0882,0x0882,0x0882,0x0882,0x0882,0x0882,0x0882,0x0882,0x0882,0x0882,0x0882,0x0882,0x0882,0x0882,0x0882,0x0882,
  0x0882,0x0882,0x0882,0x0882,0x0882,0x0882,0x19A7,0x08C3,0x0041,0x0041,0x0041,0x0041,0x0041,0x0041,0x0041,0x0041,
  0x0041,0x0041,0x0041,0x0041,0x0041,0x0041,0x0041,0x0041,0x0041,0x2209,0x0882,0x0882,0x0882,0x0882,0x10A3,0x18E3,
  0x2923,0x3963,0xFD46,0xFD46,0xFD46,0x3963,0x2923,0x18E3,0x10A3,0x0882,0x0882,0x0882,0x0882,0x0882,0x0882,0x0882,
  0x0882,0x0882,0x0882,0x0882,0x0882,0x0882,0x0882,0x0882,0x0882,0x0882,0x0882,0x0882,0x0882,0x0882,0x0882,0x0882,
  0x0882,0x0882,0x0882,0x0882,0x0882,0x0882,0x0882,0x0882,0x0882,0x0882,0x0882,0x0882,0x0882,0x0882,0x0882,0x0882,
  0x0882,0x0882,0x0882,0x0882,0x0882,0x0882,0x0882,0x0882,0x0882,0x0882,0x0882,0x0882,0x0882,0x0882,0x0882,0x0882,
  0x0882,0x0882,0x0882,0x0882,0x0882,0x0882,0x0882,0x0882,0x0882,0x0882,0x0882,0x0882,0x0882,0x0882,0x0882,0x0882,
  0x0882,0x0882,0x0882,0x0882,0x0882,0x0882,0x0882,0x0882,0x0882,0x0882,0x0882,0x0882,0x0882,0x0882,0x0882,0x0882,
  0x0882,0x0882,0x0882,0x0882,0x0882,0x0882,0x0882,0x0882,0x0882,0x0882,0x0882,0x0882,0x0882,0x0882,0x0882,0x0882,
  0x0882,0x0882,0x0882,0x0882,0x0882,0x0882,0x0882,0x0882,0x0882,0x0882,0x0882,0x0882,0x0882,0x0882,0x0882,0x0882,
  0x0882,0x0882,0x0882,0x0882,0x0882,0x0882,0x0882,0x0882,0x0882,0x0882,0x0882,0x0882,0x0882,0x0882,0x0882,0x0882,
  0x0882,0x0882,0x0882,0x0882,0x0882,0x0882,0x0882,0x0882,0x0882,0x0882,0x0882,0x0882,0x0882,0x0882,0x0882,0x0882,
  0x0882,0x0882,0x0882,0x0882,0x0882,0x0882,0x0882,0x0882,0x0882,0x0882,0x0882,0x0882,0x0882,0x0882,0x0882,0x0882,
  0x0882,0x0882,0x0882,0x0882,0x0882,0x0882,0x0882,0x0882,0x0882,0x0882,0x0882,0x0882,0x0882,0x0882,0x0882,0x0882,
  0x0882,0x0882,0x0882,0x0882,0x0882,0x0882,0x0882,0x0882,0x0882,0x0882,0x0882,0x0882,0x0882,0x0882,0x0882,0x0882,
  0x0882,0x0882,0x0882,0x0882,0x0882,0x0882,0x0882,0x0882,0x0882,0x0882,0x0882,0x0882,0x0882,0x0882,0x0882,0x0882,
  0x0882,0x0882,0x0882,0x0882,0x0882,0x0882,0x0882,0x0882,0x0882,0x0882,0x0882,0x0882,0x0882,0x2209,0x0882,0x0882,
  0x0882,0x0882,0x0882,0x0882,0x0882,0x0882,0x0882,0x0882,0x0882,0x0882,0x0882,0x0882,0x0882,0x0882,0x0882,0x0882,
  0x0882,0x0882,0x0882,0x0882,0x0882,0x0882,0x0882,0x0882,0x0882,0x0882,0x0882,0x0882,0x0882,0x0882,0x0882,0x0882,
  0x0882,0x0882,0x0882,0x0882,0x0882,0x0882,0x0882,0x0882,0x0882,0x0882,0x0882,0x0882,0x0882,0x0882,0x0882,0x0882,
  0x0882,0x0882,0x0882,0x0882,0x0882,0x0882,0x19A7,0x08C3,0x0041,0x0041,0x0041,0x0041,0x0041,0x0041,0x0041,0x0041,
  0x0041,0x0041,0x0041,0x0041,0x0041,0x0041,0x0041,0x0041,0x0041,0x21E9,0x08C4,0x0882,0x0882,0x0882,0x08A3,0x10C3,
  0x2103,0x2943,0xFD46,0xFD46,0xFD46,0x2943,0x2103,0x10C3,0x08A3,0x0882,0x0882,0x0882,0x0882,0x0882,0x0882,0x0882,
  0x0882,0x0882,0x0882,0x0882,0x0882,0x0882,0x0882,0x0882,0x0882,0x0882,0x0882,0x0882,0x0882,0x0882,0x0882,0x0882,
  0x0882,0x0882,0x0882,0x0882,0x0882,0x0882,0x0882,0x0882,0x0882,0x0882,0x0882,0x0882,0x0882,0x0882,0x0882,0x0882,
  0x0882,0x0882,0x0882,0x0882,0x0882,0x0882,0x0882,0x0882,0x0882,0x0882,0x0882,0x0882,0x0882,0x0882,0x0882,0x0882,
  0x0882,0x0882,0x0882,0x0882,0x0882,0x0882,0x0882,0x0882,0x0882,0x0882,0x0882,0x0882,0x0882,0x0882,0x0882,0x0882,
  0x0882,0x0882,0x0882,0x0882,0x0882,0x0882,0x0882,0x0882,0x0882,0x0882,0x0882,0x0882,0x0882,0x0882,0x0882,0x0882,
  0x0882,0x0882,0x0882,0x0882,0x0882,0x0882,0x0882,0x0882,0x0882,0x0882,0x0882,0x0882,0x0882,0x0882,0x0882,0x0882,
  0x0882,0x0882,0x0882,0x0882,0x0882,0x0882,0x0882,0x0882,0x0882,0x0882,0x0882,0x0882,0x0882,0x0882,0x0882,0x0882,
  0x0882,0x0882,0x0882,0x0882,0x0882,0x0882,0x0882,0x0882,0x0882,0x0882,0x0882,0x0882,0x0882,0x0882,0x0882,0x0882,
  0x0882,0x0882,0x0882,0x0882,0x0882,0x0882,0x0882,0x0882,0x0882,0x0882,0x0882,0x0882,0x0882,0x0882,0x0882,0x0882,
  0x0882,0x0882,0x0882,0x0882,0x0882,0x0882,0x0882,0x0882,0x0882,0x0882,0x0882,0x0882,0x0882,0x0882,0x0882,0x0882,
  0x0882,0x0882,0x0882,0x0882,0x0882,0x0882,0x0882,0x0882,0x0882,0x0882,0x0882,0x0882,0x0882,0x0882,0x0882,0x0882,
  0x0882,0x0882,0x0882,0x0882,0x0882,0x0882,0x0882,0x0882,0x0882,0x0882,0x0882,0x0882,0x0882,0x0882,0x0882,0x0882,
  0x0882,0x0882,0x0882,0x0882,0x0882,0x0882,0x0882,0x0882,0x0882,0x0882,0x0882,0x0882,0x0882,0x0882,0x0882,0x0882,
  0x0882,0x0882,0x0882,0x0882,0x0882,0x0882,0x0882,0x0882,0x0882,0x0882,0x0882,0x0882,0x0882,0x2209,0x0882,0x0882,
  0x0882,0x0882,0x0882,0x0882,0x0882,0x0882,0x0882,0x0882,0x0882,0x0882,0x0882,0x0882,0x0882,0x0882,0x0882,0x0882,
  0x0882,0x0882,0x0882,0x0882,0x0882,0x0882,0x0882,0x0882,0x0882,0x0882,0x0882,0x0882,0x0882,0x0882,0x0882,0x0882,
  0x0882,0x0882,0x0882,0x0882,0x0882,0x0882,0x0882,0x0882,0x0882,0x0882,0x0882,0x0882,0x0882,0x0882,0x0882,0x0882,
  0x0882,0x0882,0x0882,0x0882,0x0882,0x0882,0x19A7,0x08C3,0x0041,0x0041,0x0041,0x0041,0x0041,0x0041,0x0041,0x0041,
  0x0041,0x0041,0x0041,0x0041,0x0041,0x0041,0x0041,0x0041,0x0041,0x08A3,0x21C8,0x08C4,0x0882,0x0882,0x08A3,0x10C3,
  0x18E3,0x2103,0x2923,0x2943,0x2923,0x2103,0x18E3,0x10C3,0x08A3,0x0882,0x0882,0x0882,0x0882,0x0882,0x0882,0x0882,
  0x0882,0x0882,0x0882,0x0882,0x0882,0x0882,0x0882,0x0882,0x0882,0x0882,0x0882,0x0882,0x0882,0x0882,0x0882,0x0882,
  0x0882,0x0882,0x0882,0x0882,0x0882,0x0882,0x0882,0x0882,0x0882,0x0882,0x0882,0x0882,0x0882,0x0882,0x0882,0x0882,
  0x0882,0x0882,0x0882,0x0882,0x0882,0x0882,0x0882,0x0882,0x0882,0x0882,0x0882,0x0882,0x0882,0x0882,0x0882,0x0882,
  0x0882,0x0882,0x0882,0x0882,0x0882,0x0882,0x0882,0x0882,0x0882,0x0882,0x0882,0x0882,0x0882,0x0882,0x0882,0x0882,
  0x0882,0x0882,0x0882,0x0882,0x0882,0x0882,0x0882,0x0882,0x0882,0x0882,0x0882,0x0882,0x0882,0x0882,0x0882,0x0882,
  0x0882,0x0882,0x0882,0x0882,0x0882,0x0882,0x0882,0x0882,0x0882,0x0882,0x0882,0x0882,0x0882,0x0882,0x0882,0x0882,
  0x0882,0x0882,0x0882,0x0882,0x0882,0x0882,0x0882,0x0882,0x0882,0x0882,0x0882,0x0882,0x0882,0x0882,0x0882,0x0882,
  0x0882,0x0882,0x0882,0x0882,0x0882,0x0882,0x0882,0x0882,0x0882,0x0882,0x0882,0x0882,0x0882,0x0882,0x0882,0x0882,
  0x0882,0x0882,0x0882,0x0882,0x0882,0x0882,0x0882,0x0882,0x0882,0x0882,0x0882,0x0882,0x0882,0x0882,0x0882,0x0882,
  0x0882,0x0882,0x0882,0x0882,0x0882,0x0882,0x0882,0x0882,0x0882,0x0882,0x0882,0x0882,0x0882,0x0882,0x0882,0x0882,
  0x0882,0x0882,0x0882,0x0882,0x0882,0x0882,0x0882,0x0882,0x0882,0x0882,0x0882,0x0882,0x0882,0x0882,0x0882,0x0882,
  0x0882,0x0882,0x0882,0x0882,0x0882,0x0882,0x0882,0x0882,0x0882,0x0882,0x0882,0x0882,0x0882,0x0882,0x0882,0x0882,
  0x0882,0x0882,0x0882,0x0882,0x0882,0x0882,0x0882,0x0882,0x0882,0x0882,0x0882,0x0882,0x0882,0x0882,0x0882,0x0882,
  0x0882,0x0882,0x0882,0x0882,0x0882,0x0882,0x0882,0x0882,0x0882,0x0882,0x0882,0x0882,0x0882,0x0882,0x0882,0x0882,
  0x0882,0x0882,0x0882,0x0882,0x0882,0x0882,0x0882,0x0882,0x0882,0x0882,0x0882,0x0882,0x0882,0x0882,0x0882,0x0882,
  0x0882,0x0882,0x0882,0x0882,0x0882,0x0882,0x0882,0x0882,0x0882,0x0882,0x0882,0x0882,0x0882,0x0882,0x0882,0x0882,
  0x0882,0x0882,0x0882,0x0882,0x0882,0x0882,0x0882,0x0882,0x0882,0x0882,0x0882,0x0882,0x0882,0x0882,0x0882,0x0882,
  0x0882,0x0882,0x0882,0x0882,0x0882,0x0882,0x19A7,0x08C3,0x0041,0x0041,0x0041,0x0041,0x0041,0x0041,0x0041,0x0041,
  0x0041,0x0041,0x0041,0x0041,0x0041,0x0041,0x0041,0x0041,0x0041,0x0041,0x08A3,0x21C8,0x08C4,0x0882,0x08A2,0x08A3,
  0x10C3,0x18E3,0x18E3,0x20E3,0x18E3,0x18E3,0x10C3,0x08A3,0x08A2,0x0882,0x0882,0x0882,0x0882,0x0882,0x0882,0x0882,
  0x0882,0x0882,0x0882,0x0882,0x0882,0x0882,0x0882,0x0882,0x0882,0x0882,0x0882,0x0882,0x0882,0x0882,0x0882,0x0882,
  0x0882,0x0882,0x0882,0x0882,0x0882,0x0882,0x0882,0x0882,0x0882,0x0882,0x0882,0x0882,0x0882,0x0882,0x0882,0x0882,
  0x0882,0x0882,0x0882,0x0882,0x0882,0x0882,0x0882,0x0882,0x0882,0x0882,0x0882,0x0882,0x0882,0x0882,0x0882,0x0882,
  0x0882,0x0882,0x0882,0x0882,0x0882,0x0882,0x0882,0x0882,0x0882,0x0882,0x0882,0x0882,0x0882,0x0882,0x0882,0x0882,
  0x0882,0x0882,0x0882,0x0882,0x0882,0x0882,0x0882,0x0882,0x0882,0x0882,0x0882,0x0882,0x0882,0x0882,0x0882,0x0882,
  0x0882,0x0882,0x0882,0x0882,0x0882,0x0882,0x0882,0x0882,0x0882,0x0882,0x0882,0x0882,0x0882,0x0882,0x0882,0x0882,
  0x0882,0x0882,0x0882,0x0882,0x0882,0x0882,0x0882,0x0882,0x0882,0x0882,0x0882,0x0882,0x0882,0x0882,0x0882,0x0882,
  0x0882,0x0882,0x0882,0x0882,0x0882,0x0882,0x0882,0x0882,0x0882,0x0882,0x0882,0x0882,0x0882,0x0882,0x0882,0x0882,
  0x0882,0x0882,0x0882,0x0882,0x0882,0x0882,0x0882,0x0882,0x0882,0x0882,0x0882,0x0882,0x0882,0x0882,0x0882,0x0882,
  0x0882,0x0882,0x0882,0x0882,0x0882,0x0882,0x0882,0x0882,0x0882,0x0882,0x0882,0x0882,0x0882,0x0882,0x0882,0x0882,
  0x0882,0x0882,0x0882,0x0882,0x0882,0x0882,0x0882,0x0882,0x0882,0x0882,0x0882,0x0882,0x0882,0x0882,0x0882,0x0882,
  0x0882,0x0882,0x0882,0x0882,0x0882,0x0882,0x0882,0x0882,0x0882,0x0882,0x0882,0x0882,0x0882,0x0882,0x0882,0x0882,
  0x0882,0x0882,0x0882,0x0882,0x0882,0x0882,0x0882,0x0882,0x0882,0x0882,0x0882,0x0882,0x0882,0x0882,0x0882,0x0882,
  0x0882,0x0882,0x0882,0x0882,0x0882,0x0882,0x0882,0x0882,0x0882,0x0882,0x0882,0x0882,0x0882,0x0882,0x0882,0x0882,
  0x0882,0x0882,0x0882,0x0882,0x0882,0x0882,0x0882,0x0882,0x0882,0x0882,0x0882,0x0882,0x0882,0x0882,0x0882,0x0882,
  0x0882,0x0882,0x0882,0x0882,0x0882,0x0882,0x0882,0x0882,0x0882,0x0882,0x0882,0x0882,0x0882,0x0882,0x0882,0x0882,
  0x0882,0x0882,0x0882,0x0882,0x0882,0x0882,0x0882,0x0882,0x0882,0x0882,0x0882,0x0882,0x0882,0x0882,0x0882,0x0882,
  0x0882,0x0882,0x0882,0x0882,0x0882,0x0882,0x19A7,0x08C3,0x0041,0x0041,0x0041,0x0041,0x0041,0x0041,0x0041,0x0041,
  0x0041,0x0041,0x0041,0x0041,0x0041,0x0041,0x0041,0x0041,0x0041,0x0041,0x0041,0x08A3,0x21C8,0x10C4,0x0882,0x08A2,
  0x08A3,0x10A3,0x10C3,0x10C3,0x10C3,0x10A3,0x08A3,0x08A2,0x0882,0x0882,0x0882,0x0882,0x0882,0x0882,0x0882,0x0882,
  0x0882,0x0882,0x0882,0x0882,0x0882,0x0882,0x0882,0x0882,0x0882,0x0882,0x0882,0x0882,0x0882,0x0882,0x0882,0x0882,
  0x0882,0x0882,0x0882,0x0882,0x0882,0x0882,0x0882,0x0882,0x0882,0x0882,0x0882,0x0882,0x0882,0x0882,0x0882,0x0882,
  0x0882,0x0882,0x0882,0x0882,0x0882,0x0882,0x0882,0x0882,0x0882,0x0882,0x0882,0x0882,0x0882,0x0882,0x0882,0x0882,
  0x0882,0x0882,0x0882,0x0882,0x0882,0x0882,0x0882,0x0882,0x0882,0x0882,0x0882,0x0882,0x0882,0x0882,0x0882,0x0882,
  0x0882,0x0882,0x0882,0x0882,0x0882,0x0882,0x0882,0x0882,0x0882,0x0882,0x0882,0x0882,0x0882,0x0882,0x0882,0x0882,
  0x0882,0x0882,0x0882,0x0882,0x0882,0x0882,0x0882,0x0882,0x0882,0x0882,0x0882,0x0882,0x0882,0x0882,0x0882,0x0882,
  0x0882,0x0882,0x0882,0x0882,0x0882,0x0882,0x0882,0x0882,0x0882,0x0882,0x0882,0x0882,0x0882,0x0882,0x0882,0x0882,
  0x0882,0x0882,0x0882,0x0882,0x0882,0x0882,0x0882,0x0882,0x0882,0x0882,0x0882,0x0882,0x0882,0x0882,0x0882,0x0882,
  0x0882,0x0882,0x0882,0x0882,0x0882,0x0882,0x0882,0x0882,0x0882,0x0882,0x0882,0x0882,0x0882,0x0882,0x0882,0x0882,
  0x0882,0x0882,0x0882,0x0882,0x0882,0x0882,0x0882,0x0882,0x0882,0x0882,0x0882,0x0882,0x0882,0x0882,0x0882,0x0882,
  0x0882,0x0882,0x0882,0x0882,0x0882,0x0882,0x0882,0x0882,0x0882,0x0882,0x0882,0x0882,0x0882,0x0882,0x0882,0x0882,
  0x0882,0x0882,0x0882,0x0882,0x0882,0x0882,0x0882,0x0882,0x0882,0x0882,0x0882,0x0882,0x0882,0x0882,0x0882,0x0882,
  0x0882,0x0882,0x0882,0x0882,0x0882,0x0882,0x0882,0x0882,0x0882,0x0882,0x0882,0x0882,0x0882,0x0882,0x0882,0x0882,
  0x0882,0x0882,0x0882,0x0882,0x0882,0x0882,0x0882,0x0882,0x0882,0x0882,0x0882,0x0882,0x0882,0x0882,0x0882,0x0882,
  0x0882,0x0882,0x0882,0x0882,0x0882,0x0882,0x0882,0x0882,0x0882,0x0882,0x0882,0x0882,0x0882,0x0882,0x0882,0x0882,
  0x0882,0x0882,0x0882,0x0882,0x0882,0x0882,0x0882,0x0882,0x0882,0x0882,0x0882,0x0882,0x0882,0x0882,0x0882,0x0882,
  0x0882,0x0882,0x0882,0x0882,0x0882,0x0882,0x0882,0x0882,0x0882,0x0882,0x0882,0x0882,0x0882,0x0882,0x0882,0x0882,
  0x0882,0x0882,0x0882,0x0882,0x0882,0x0882,0x19A7,0x08C3,0x0041,0x0041,0x0041,0x0041,0x0041,0x0041,0x0041,0x0041,
  0x0041,0x0041,0x0041,0x0041,0x0041,0x0041,0x0041,0x0041,0x0041,0x0041,0x0041,0x0041,0x08C3,0x21C8,0x10C4,0x0882,
  0x0882,0x08A2,0x08A3,0x08A3,0x08A3,0x08A2,0x0882,0x0882,0x0882,0x0882,0x0882,0x0882,0x0882,0x0882,0x0882,0x0882,
  0x0882,0x0882,0x0882,0x0882,0x0882,0x0882,0x0882,0x0882,0x0882,0x0882,0x0882,0x0882,0x0882,0x0882,0x0882,0x0882,
  0x0882,0x0882,0x0882,0x0882,0x0882,0x0882,0x0882,0x0882,0x0882,0x0882,0x0882,0x0882,0x0882,0x0882,0x0882,0x0882,
  0x0882,0x0882,0x0882,0x0882,0x0882,0x0882,0x0882,0x0882,0x0882,0x0882,0x0882,0x0882,0x0882,0x0882,0x0882,0x0882,
  0x0882,0x0882,0x0882,0x0882,0x0882,0x0882,0x0882,0x0882,0x0882,0x0882,0x0882,0x0882,0x0882,0x0882,0x0882,0x0882,
  0x0882,0x0882,0x0882,0x0882,0x0882,0x0882,0x0882,0x0882,0x0882,0x0882,0x0882,0x0882,0x0882,0x0882,0x0882,0x0882,
  0x0882,0x0882,0x0882,0x0882,0x0882,0x0882,0x0882,0x0882,0x0882,0x0882,0x0882,0x0882,0x0882,0x0882,0x0882,0x0882,
  0x0882,0x0882,0x0882,0x0882,0x0882,0x0882,0x0882,0x0882,0x0882,0x0882,0x0882,0x0882,0x0882,0x0882,0x0882,0x0882,
  0x0882,0x0882,0x0882,0x0882,0x0882,0x0882,0x0882,0x0882,0x0882,0x0882,0x0882,0x0882,0x0882,0x0882,0x0882,0x0882,
  0x0882,0x0882,0x0882,0x0882,0x0882,0x0882,0x0882,0x0882,0x0882,0x0882,0x0882,0x0882,0x0882,0x0882,0x0882,0x0882,
  0x0882,0x0882,0x0882,0x0882,0x0882,0x0882,0x0882,0x0882,0x0882,0x0882,0x0882,0x0882,0x0882,0x0882,0x0882,0x0882,
  0x0882,0x0882,0x0882,0x0882,0x0882,0x0882,0x0882,0x0882,0x0882,0x0882,0x0882,0x0882,0x0882,0x0882,0x0882,0x0882,
  0x0882,0x0882,0x0882,0x0882,0x0882,0x0882,0x0882,0x0882,0x0882,0x0882,0x0882,0x0882,0x0882,0x0882,0x0882,0x0882,
  0x0882,0x0882,0x0882,0x0882,0x0882,0x0882,0x0882,0x0882,0x0882,0x0882,0x0882,0x0882,0x0882,0x0882,0x0882,0x0882,
  0x0882,0x0882,0x0882,0x0882,0x0882,0x0882,0x0882,0x0882,0x0882,0x0882,0x0882,0x0882,0x0882,0x0882,0x0882,0x0882,
  0x0882,0x0882,0x0882,0x0882,0x0882,0x0882,0x0882,0x0882,0x0882,0x0882,0x0882,0x0882,0x0882,0x0882,0x0882,0x0882,
  0x0882,0x0882,0x0882,0x0882,0x0882,0x0882,0x0882,0x0882,0x0882,0x0882,0x0882,0x0882,0x0882,0x0882,0x0882,0x0882,
  0x0882,0x0882,0x0882,0x0882,0x0882,0x0882,0x0882,0x0882,0x0882,0x0882,0x0882,0x0882,0x0882,0x0882,0x0882,0x0882,
  0x0882,0x0882,0x0882,0x0882,0x0882,0x0882,0x19A7,0x08C3,0x0041,0x0041,0x0041,0x0041,0x0041,0x0041,0x0041,0x0041,
  0x0041,0x0041,0x0041,0x0041,0x0041,0x0041,0x0041,0x0041,0x0041,0x0041,0x0041,0x0041,0x0041,0x08C3,0x21C8,0x10C4,
  0x0882,0x0882,0x0882,0x0882,0x0882,0x0882,0x0882,0x0882,0x0882,0x0882,0x0882,0x0882,0x0882,0x0882,0x0882,0x0882,
  0x0882,0x0882,0x0882,0x0882,0x0882,0x0882,0x0882,0x0882,0x0882,0x0882,0x0882,0x0882,0x0882,0x0882,0x0882,0x0882,
  0x0882,0x0882,0x0882,0x0882,0x0882,0x0882,0x0882,0x0882,0x0882,0x0882,0x0882,0x0882,0x0882,0x0882,0x0882,0x0882,
  0x0882,0x0882,0x0882,0x0882,0x0882,0x0882,0x0882,0x0882,0x0882,0x0882,0x0882,0x0882,0x0882,0x0882,0x0882,0x0882,
  0x0882,0x0882,0x0882,0x0882,0x0882,0x0882,0x0882,0x0882,0x0882,0x0882,0x0882,0x0882,0x0882,0x0882,0x0882,0x0882,
  0x0882,0x0882,0x0882,0x0882,0x0882,0x0882,0x0882,0x0882,0x0882,0x0882,0x0882,0x0882,0x0882,0x0882,0x0882,0x0882,
  0x0882,0x0882,0x0882,0x0882,0x0882,0x0882,0x0882,0x0882,0x0882,0x0882,0x0882,0x0882,0x0882,0x0882,0x0882,0x0882,
  0x0882,0x0882,0x0882,0x0882,0x0882,0x0882,0x0882,0x0882,0x0882,0x0882,0x0882,0x0882,0x0882,0x0882,0x0882,0x0882,
  0x0882,0x0882,0x0882,0x0882,0x0882,0x0882,0x0882,0x0882,0x0882,0x0882,0x0882,0x0882,0x0882,0x0882,0x0882,0x0882,
  0x0882,0x0882,0x0882,0x0882,0x0882,0x0882,0x0882,0x0882,0x0882,0x0882,0x0882,0x0882,0x0882,0x0882,0x0882,0x0882,
  0x0882,0x0882,0x0882,0x0882,0x0882,0x0882,0x0882,0x0882,0x0882,0x0882,0x0882,0x0882,0x0882,0x0882,0x0882,0x0882,
  0x0882,0x0882,0x0882,0x0882,0x0882,0x0882,0x0882,0x0882,0x0882,0x0882,0x0882,0x0882,0x0882,0x0882,0x0882,0x0882,
  0x0882,0x0882,0x0882,0x0882,0x0882,0x0882,0x0882,0x0882,0x0882,0x0882,0x0882,0x0882,0x0882,0x0882,0x0882,0x0882,
  0x0882,0x0882,0x0882,0x0882,0x0882,0x0882,0x0882,0x0882,0x0882,0x0882,0x0882,0x0882,0x0882,0x0882,0x0882,0x0882,
  0x0882,0x0882,0x0882,0x0882,0x0882,0x0882,0x0882,0x0882,0x0882,0x0882,0x0882,0x0882,0x0882,0x0882,0x0882,0x0882,
  0x0882,0x0882,0x0882,0x0882,0x0882,0x0882,0x0882,0x0882,0x0882,0x0882,0x0882,0x0882,0x0882,0x0882,0x0882,0x0882,
  0x0882,0x0882,0x0882,0x0882,0x0882,0x0882,0x0882,0x0882,0x0882,0x0882,0x0882,0x0882,0x0882,0x0882,0x0882,0x0882,
  0x0882,0x0882,0x0882,0x0882,0x0882,0x0882,0x0882,0x0882,0x0882,0x0882,0x0882,0x0882,0x0882,0x0882,0x0882,0x0882,
  0x0882,0x0882,0x0882,0x0882,0x0882,0x0882,0x19A7,0x08C3,0x0041,0x0041,0x0041,0x0041,0x0041,0x0041,0x0041,0x0041,
  0x0041,0x0041,0x0041,0x0041,0x0041,0x0041,0x0041,0x0041,0x0041,0x0041,0x0041,0x0041,0x0041,0x0041,0x08C3,0x21E9,
  0x2209,0x2209,0x2209,0x2209,0x2209,0x2209,0x2209,0x2209,0x2209,0x2209,0x2209,0x2209,0x2209,0x2209,0x2209,0x2209,
  0x2209,0x2209,0x2209,0x2209,0x2209,0x2209,0x2209,0x2209,0x2209,0x2209,0x2209,0x2209,0x2209,0x2209,0x2209,0x2209,
  0x2209,0x2209,0x2209,0x2209,0x2209,0x2209,0x2209,0x2209,0x2209,0x2209,0x2209,0x2209,0x2209,0x2209,0x2209,0x2209,
  0x2209,0x2209,0x2209,0x2209,0x2209,0x2209,0x2209,0x2209,0x2209,0x2209,0x2209,0x2209,0x2209,0x2209,0x2209,0x2209,
  0x2209,0x2209,0x2209,0x2209,0x2209,0x2209,0x2209,0x2209,0x2209,0x2209,0x2209,0x2209,0x2209,0x2209,0x2209,0x2209,
  0x2209,0x2209,0x2209,0x2209,0x2209,0x2209,0x2209,0x2209,0x2209,0x2209,0x2209,0x2209,0x2209,0x2209,0x2209,0x2209,
  0x2209,0x2209,0x2209,0x2209,0x2209,0x2209,0x2209,0x2209,0x2209,0x2209,0x2209,0x2209,0x2209,0x2209,0x2209,0x2209,
  0x2209,0x2209,0x2209,0x2209,0x2209,0x2209,0x2209,0x2209,0x2209,0x2209,0x2209,0x2209,0x2209,0x2209,0x2209,0x2209,
  0x2209,0x2209,0x2209,0x2209,0x2209,0x2209,0x2209,0x2209,0x2209,0x2209,0x2209,0x2209,0x2209,0x2209,0x2209,0x2209,
  0x2209,0x2209,0x2209,0x2209,0x2209,0x2209,0x2209,0x2209,0x2209,0x2209,0x2209,0x2209,0x2209,0x2209,0x2209,0x2209,
  0x2209,0x2209,0x2209,0x2209,0x2209,0x2209,0x2209,0x2209,0x2209,0x2209,0x2209,0x2209,0x2209,0x2209,0x2209,0x2209,
  0x2209,0x2209,0x2209,0x2209,0x2209,0x2209,0x2209,0x2209,0x2209,0x2209,0x2209,0x2209,0x2209,0x2209,0x2209,0x2209,
  0x2209,0x2209,0x2209,0x2209,0x2209,0x2209,0x2209,0x2209,0x2209,0x2209,0x2209,0x2209,0x2209,0x2209,0x2209,0x2209,
  0x2209,0x2209,0x2209,0x2209,0x2209,0x2209,0x2209,0x2209,0x2209,0x2209,0x2209,0x2209,0x2209,0x2209,0x2209,0x2209,
  0x2209,0x2209,0x2209,0x2209,0x2209,0x2209,0x2209,0x2209,0x2209,0x2209,0x2209,0x2209,0x2209,0x2209,0x2209,0x2209,
  0x2209,0x2209,0x2209,0x2209,0x2209,0x2209,0x2209,0x2209,0x2209,0x2209,0x2209,0x2209,0x2209,0x2209,0x2209,0x2209,
  0x2209,0x2209,0x2209,0x2209,0x2209,0x2209,0x2209,0x2209,0x2209,0x2209,0x2209,0x2209,0x2209,0x2209,0x2209,0x2209,
  0x2209,0x2209,0x2209,0x2209,0x2209,0x2209,0x2209,0x2209,0x2209,0x2209,0x2209,0x2209,0x2209,0x2209,0x2209,0x2209,
  0x2209,0x2209,0x2209,0x2209,0x2209,0x2209,0x21E9,0x08A3,0x0041,0x0041,0x0041,0x0041,0x0041,0x0041,0x0041,0x0041,
  0x0041,0x0041,0x0041,0x0041,0x0041,0x0041,0x0041,0x0041,0x0041,0x0041,0x0041,0x0041,0x0041,0x0041,0x0041,0x0062,
  0x0062,0x0062,0x0062,0x0062,0x0062,0x0062,0x0062,0x0062,0x0062,0x0062,0x0062,0x0062,0x0062,0x0062,0x0062,0x0062,
  0x0062,0x0062,0x0062,0x0062,0x0062,0x0062,0x0062,0x0062,0x0062,0x0062,0x0062,0x0062,0x0062,0x0062,0x0062,0x0062,
  0x0062,0x0062,0x0062,0x0062,0x0062,0x0062,0x0062,0x0062,0x0062,0x0062,0x0062,0x0062,0x0062,0x0062,0x0062,0x0062,
  0x0062,0x0062,0x0062,0x0062,0x0062,0x0062,0x0062,0x0062,0x0062,0x0062,0x0062,0x0062,0x0062,0x0062,0x0062,0x0062,
  0x0062,0x0062,0x0062,0x0062,0x0062,0x0062,0x0062,0x0062,0x0062,0x0062,0x0062,0x0062,0x0062,0x0062,0x0062,0x0062,
  0x0062,0x0062,0x0062,0x0062,0x0062,0x0062,0x0062,0x0062,0x0062,0x0062,0x0062,0x0062,0x0062,0x0062,0x0062,0x0062,
  0x0062,0x0062,0x0062,0x0062,0x0062,0x0062,0x0062,0x0062,0x0062,0x0062,0x0062,0x0062,0x0062,0x0062,0x0062,0x0062,
  0x0062,0x0062,0x0062,0x0062,0x0062,0x0062,0x0062,0x0062,0x0062,0x0062,0x0062,0x0062,0x0062,0x0062,0x0062,0x0062,
  0x0062,0x0062,0x0062,0x0062,0x0062,0x0062,0x0062,0x0062,0x0062,0x0062,0x0062,0x0062,0x0062,0x0062,0x0062,0x0062,
  0x0062,0x0062,0x0062,0x0062,0x0062,0x0062,0x0062,0x0062,0x0062,0x0062,0x0062,0x0062,0x0062,0x0062,0x0062,0x0062,
  0x0062,0x0062,0x0062,0x0062,0x0062,0x0062,0x0062,0x0062,0x0062,0x0062,0x0062,0x0062,0x0062,0x0062,0x0062,0x0062,
  0x0062,0x0062,0x0062,0x0062,0x0062,0x0062,0x0062,0x0062,0x0062,0x0062,0x0062,0x0062,0x0062,0x0062,0x0062,0x0062,
  0x0062,0x0062,0x0062,0x0062,0x0062,0x0062,0x0062,0x0062,0x0062,0x0062,0x0062,0x0062,0x0062,0x0062,0x0062,0x0062,
  0x0062,0x0062,0x0062,0x0062,0x0062,0x0062,0x0062,0x0062,0x0062,0x0062,0x0062,0x0062,0x0062,0x0062,0x0062,0x0062,
  0x0062,0x0062,0x0062,0x0062,0x0062,0x0062,0x0062,0x0062,0x0062,0x0062,0x0062,0x0062,0x0062,0x0062,0x0062,0x0062,
  0x0062,0x0062,0x0062,0x0062,0x0062,0x0062,0x0062,0x0062,0x0062,0x0062,0x0062,0x0062,0x0062,0x0062,0x0062,0x0062,
  0x0062,0x0062,0x0062,0x0062,0x0062,0x0062,0x0062,0x0062,0x0062,0x0062,0x0062,0x0062,0x0062,0x0062,0x0062,0x0062,
  0x0062,0x0062,0x0062,0x0062,0x0062,0x0062,0x0062,0x0062,0x0062,0x0062,0x0062,0x0062,0x0062,0x0062,0x0062,0x0062,
  0x0062,0x0062,0x0062,0x0062,0x0062,0x0062,0x0062,0x0041,0x0041,0x0041,0x0041,0x0041,0x0041,0x0041,0x0041,0x0041,
  0x0041,0x0041,0x0041,0x0041,0x0041,0x0041,0x0041,0x0041,0x0041,0x0041,0x0041,0x0041,0x0041,0x0041,0x0041,0x0041,
  0x0041,0x0041,0x0041,0x0041,0x0041,0x0041,0x0041,0x0041,0x0041,0x0041,0x0041,0x0041,0x0041,0x0041,0x0041,0x0041,
  0x0041,0x0041,0x0041,0x0041,0x0041,0x0041,0x0041,0x0041,0x0041,0x0041,0x0041,0x0041,0x0041,0x0041,0x0041,0x0041,
  0x0041,0x0041,0x0041,0x0041,0x0041,0x0041,0x0041,0x0041,0x0041,0x0041,0x0041,0x0041,0x0041,0x0041,0x0041,0x0041,
  0x0041,0x0041,0x0041,0x0041,0x0041,0x0041,0x0041,0x0041,0x0041,0x0041,0x0041,0x0041,0x0041,0x0041,0x0041,0x0041,
  0x0041,0x0041,0x0041,0x0041,0x0041,0x0041,0x0041,0x0041,0x0041,0x0041,0x0041,0x0041,0x0041,0x0041,0x0041,0x0041,
  0x0041,0x0041,0x0041,0x0041,0x0041,0x0041,0x0041,0x0041,0x0041,0x0041,0x0041,0x0041,0x0041,0x0041,0x0041,0x0041,
  0x0041,0x0041,0x0041,0x0041,0x0041,0x0041,0x0041,0x0041,0x0041,0x0041,0x0041,0x0041,0x0041,0x0041,0x0041,0x0041,
  0x0041,0x0041,0x0041,0x0041,0x0041,0x0041,0x0041,0x0041,0x0041,0x0041,0x0041,0x0041,0x0041,0x0041,0x0041,0x0041,
  0x0041,0x0041,0x0041,0x0041,0x0041,0x0041,0x0041,0x0041,0x0041,0x0041,0x0041,0x0041,0x0041,0x0041,0x0041,0x0041,
  0x0041,0x0041,0x0041,0x0041,0x0041,0x0041,0x0041,0x0041,0x0041,0x0041,0x0041,0x0041,0x0041,0x0041,0x0041,0x0041,
  0x0041,0x0041,0x0041,0x0041,0x0041,0x0041,0x0041,0x0041,0x0041,0x0041,0x0041,0x0041,0x0041,0x0041,0x0041,0x0041,
  0x0041,0x0041,0x0041,0x0041,0x0041,0x0041,0x0041,0x0041,0x0041,0x0041,0x0041,0x0041,0x0041,0x0041,0x0041,0x0041,
  0x0041,0x0041,0x0041,0x0041,0x0041,0x0041,0x0041,0x0041,0x0041,0x0041,0x0041,0x0041,0x0041,0x0041,0x0041,0x0041,
  0x0041,0x0041,0x0041,0x0041,0x0041,0x0041,0x0041,0x0041,0x0041,0x0041,0x0041,0x0041,0x0041,0x0041,0x0041,0x0041,
  0x0041,0x0041,0x0041,0x0041,0x0041,0x0041,0x0041,0x0041,0x0041,0x0041,0x0041,0x0041,0x0041,0x0041,0x0041,0x0041,
  0x0041,0x0041,0x0041,0x0041,0x0041,0x0041,0x0041,0x0041,0x0041,0x0041,0x0041,0x0041,0x0041,0x0041,0x0041,0x0041,
  0x0041,0x0041,0x0041,0x0041,0x0041,0x0041,0x0041,0x0041,0x0041,0x0041,0x0041,0x0041,0x0041,0x0041,0x0041,0x0041,
  0x0041,0x0041,0x0041,0x0041,0x0041,0x0041,0x0041,0x0041,0x0041,0x0041,0x0041,0x0041,0x0041,0x0041,0x0041,0x0041,
  0x0041,0x0041,0x0041,0x0041,0x0041,0x0041,0x0041,0x0041,0x0041,0x0041,0x0041,0x0041,0x0041,0x0041,0x0041,0x0041,
  0x0041,0x0041,0x0041,0x0041,0x0041,0x0041,0x0041,0x0041,0x0041,0x0041,0x0041,0x0041,0x0041,0x0041,0x0041,0x0041,
  0x0041,0x0041,0x0041,0x0041,0x0041,0x0041,0x0041,0x0041,0x0041,0x0041,0x0041,0x0041,0x0041,0x0041,0x0041,0x0041,
  0x0041,0x0041,0x0041,0x0041,0x0041,0x0041,0x0041,0x0041,0x0041,0x0041,0x0041,0x0041,0x0041,0x0041,0x0041,0x0041,
  0x0041,0x0041,0x0041,0x0041,0x0041,0x0041,0x0041,0x0041,0x0041,0x0041,0x0041,0x0041,0x0041,0x0041,0x0041,0x0041,
  0x0041,0x0041,0x0041,0x0041,0x0041,0x0041,0x0041,0x0041,0x0041,0x0041,0x0041,0x0041,0x0041,0x0041,0x0041,0x0041,
  0x0041,0x0041,0x0041,0x0041,0x0041,0x0041,0x0041,0x0041,0x0041,0x0041,0x0041,0x0041,0x0041,0x0041,0x0041,0x0041,
  0x0041,0x0041,0x0041,0x0041,0x0041,0x0041,0x0041,0x0041,0x0041,0x0041,0x0041,0x0041,0x0041,0x0041,0x0041,0x0041,
  0x0041,0x0041,0x0041,0x0041,0x0041,0x0041,0x0041,0x0041,0x0041,0x0041,0x0041,0x0041,0x0041,0x0041,0x0041,0x0041,
  0x0041,0x0041,0x0041,0x0041,0x0041,0x0041,0x0041,0x0041,0x0041,0x0041,0x0041,0x0041,0x0041,0x0041,0x0041,0x0041,
  0x0041,0x0041,0x0041,0x0041,0x0041,0x0041,0x0041,0x0041,0x0041,0x0041,0x0041,0x0041,0x0041,0x0041,0x0041,0x0041,
  0x0041,0x0041,0x0041,0x0041,0x0041,0x0041,0x0041,0x0041,0x0041,0x0041,0x0041,0x0041,0x0041,0x0041,0x0041,0x0041,
  0x0041,0x0041,0x0041,0x0041,0x0041,0x0041,0x0041,0x0041,0x0041,0x0041,0x0041,0x0041,0x0041,0x0041,0x0041,0x0041,
  0x0041,0x0041,0x0041,0x0041,0x0041,0x0041,0x0041,0x0041,0x0041,0x0041,0x0041,0x0041,0x0041,0x0041,0x0041,0x0041,
  0x0041,0x0041,0x0041,0x0041,0x0041,0x0041,0x0041,0x0041,0x0041,0x0041,0x0041,0x0041,0x0041,0x0041,0x0041,0x0041,
  0x0041,0x0041,0x0041,0x0041,0x0041,0x0041,0x0041,0x0041,0x0041,0x0041,0x0041,0x0041,0x0041,0x0041,0x0041,0x0041,
  0x0041,0x0041,0x0041,0x0041,0x0041,0x0041,0x0041,0x0041,0x0041,0x0041,0x0041,0x0041,0x0041,0x0041,0x0041,0x0041,
  0x0041,0x0041,0x0041,0x0041,0x0041,0x0041,0x0041,0x0041,0x0041,0x0041,0x0041,0x0041,0x0041,0x0041,0x0041,0x0041,
  0x0041,0x0041,0x0041,0x0041,0x0041,0x0041,0x0041,0x0041,0x0041,0x0041,0x0041,0x0041,0x0041,0x0041,0x0041,0x0041,
  0x0041,0x0041,0x0041,0x0041,0x0041,0x0041,0x0041,0x0041,0x0041,0x0041,0x0041,0x0041,0x0041,0x0041,0x0041,0x0041,
  0x0041,0x0041,0x0041,0x0041,0x0041,0x0041,0x0041,0x0041,0x0041,0x0041,0x0041,0x0041,0x0041,0x0041,0x0041,0x0041,
  0x0041,0x0041,0x0041,0x0041,0x0041,0x0041,0x0041,0x0041,0x0041,0x0041,0x0041,0x0041,0x0041,0x0041,0x0041,0x0041,
  0x0041,0x0041,0x0041,0x0041,0x0041,0x0041,0x0041,0x0041,0x0041,0x0041,0x0041,0x0041,0x0041,0x0041,0x0041,0x0041,
  0x0041,0x0041,0x0041,0x0041,0x0041,0x0041,0x0041,0x0041,0x0041,0x0041,0x0041,0x0041,0x0041,0x0041,0x0041,0x0041,
  0x0041,0x0041,0x0041,0x0041,0x0041,0x0041,0x0041,0x0041,0x0041,0x0041,0x0041,0x0041,0x0041,0x0041,0x0041,0x0041,
  0x0041,0x0041,0x0041,0x0041,0x0041,0x0041,0x0041,0x0041,0x0041,0x0041,0x0041,0x0041,0x0041,0x0041,0x0041,0x0041,
  0x0041,0x0041,0x0041,0x0041,0x0041,0x0041,0x0041,0x0041,0x0041,0x0041,0x0041,0x0041,0x0041,0x0041,0x0041,0x0041,
  0x0041,0x0041,0x0041,0x0041,0x0041,0x0041,0x0041,0x0041,0x0041,0x0041,0x0041,0x0041,0x0041,0x0041,0x0041,0x0041,
  0x0041,0x0041,0x0041,0x0041,0x0041,0x0041,0x0041,0x0041,0x0041,0x0041,0x0041,0x0041,0x0041,0x0041,0x0041,0x0041,
  0x0041,0x0041,0x0041,0x0041,0x0041,0x0041,0x0041,0x0041,0x0041,0x0041,0x0041,0x0041,0x0041,0x0041,0x0041,0x0041,
  0x0041,0x0041,0x0041,0x0041,0x0041,0x0041,0x0041,0x0041,0x0041,0x0041,0x0041,0x0041,0x0041,0x0041,0x0041,0x0041,
  0x0041,0x0041,0x0041,0x0041,0x0041,0x0041,0x0041,0x0041,0x0041,0x0041,0x0041,0x0041,0x0041,0x0041,0x0041,0x0041,
  0x0041,0x0041,0x0041,0x0041,0x0041,0x0041,0x0041,0x0041,0x0041,0x0041,0x0041,0x0041,0x0041,0x0041,0x0041,0x0041,
  0x0041,0x0041,0x0041,0x0041,0x0041,0x0041,0x0041,0x0041,0x0041,0x0041,0x0041,0x0041,0x0041,0x0041,0x0041,0x0041,
  0x0041,0x0041,0x0041,0x0041,0x0041,0x0041,0x0041,0x0041,0x0041,0x0041,0x0041,0x0041,0x0041,0x0041,0x0041,0x0041,
  0x0041,0x0041,0x0041,0x0041,0x0041,0x0041,0x0041,0x0041,0x0041,0x0041,0x0041,0x0041,0x0041,0x0041,0x0041,0x0041,
  0x0041,0x0041,0x0041,0x0041,0x0041,0x0041,0x0041,0x0041,0x0041,0x0041,0x0041,0x0041,0x0041,0x0041,0x0041,0x0041,
  0x0041,0x0041,0x0041,0x0041,0x0041,0x0041,0x0041,0x0041,0x0041,0x0041,0x0041,0x0041,0x0041,0x0041,0x0041,0x0041,
  0x0041,0x0041,0x0041,0x0041,0x0041,0x0041,0x0041,0x0041,0x0041,0x0041,0x0041,0x0041,0x0041,0x0041,0x0041,0x0041,
  0x0041,0x0041,0x0041,0x0041,0x0041,0x0041,0x0041,0x0041,0x0041,0x0041,0x0041,0x0041,0x0041,0x0041,0x0041,0x0041,
  0x0041,0x0041,0x0041,0x0041,0x0041,0x0041,0x0041,0x0041,0x0041,0x0041,0x0041,0x0041,0x0041,0x0041,0x0041,0x0041,
  0x0041,0x0041,0x0041,0x0041,0x0041,0x0041,0x0041,0x0041,0x0041,0x0041,0x0041,0x0041,0x0041,0x0041,0x0041,0x0041,
  0x0041,0x0041,0x0041,0x0041,0x0041,0x0041,0x0041,0x0041,0x0041,0x0041,0x0041,0x0041,0x0041,0x0041,0x0041,0x0041,
  0x0041,0x0041,0x0041,0x0041,0x0041,0x0041,0x0041,0x0041,0x0041,0x0041,0x0041,0x0041,0x0041,0x0041,0x0041,0x0041,
  0x0041,0x0041,0x0041,0x0041,0x0041,0x0041,0x0041,0x0041,0x0041,0x0041,0x0041,0x0041,0x0041,0x0041,0x0041,0x0041,
  0x0041,0x0041,0x0041,0x0041,0x0041,0x0041,0x0041,0x0041,0x0041,0x0041,0x0041,0x0041,0x0041,0x0041,0x0041,0x0041,
  0x0041,0x0041,0x0041,0x0041,0x0041,0x0041,0x0041,0x0041,0x0041,0x0041,0x0041,0x0041,0x0041,0x0041,0x0041,0x0041,
  0x0041,0x0041,0x0041,0x0041,0x0041,0x0041,0x0041,0x0041,0x0041,0x0041,0x0041,0x0041,0x0041,0x0041,0x0041,0x0041,
  0x0041,0x0041,0x0041,0x0041,0x0041,0x0041,0x0041,0x0041,0x0041,0x0041,0x0041,0x0041,0x0041,0x0041,0x0041,0x0041,
  0x0041,0x0041,0x0041,0x0041,0x0041,0x0041,0x0041,0x0041,0x0041,0x0041,0x0041,0x0041,0x0041,0x0041,0x0041,0x0041,
  0x0041,0x0041,0x0041,0x0041,0x0041,0x0041,0x0041,0x0041,0x0041,0x0041,0x0041,0x0041,0x0041,0x0041,0x0041,0x0041,
  0x0041,0x0041,0x0041,0x0041,0x0041,0x0041,0x0041,0x0041,0x0041,0x0041,0x0041,0x0041,0x0041,0x0041,0x0041,0x0041,
  0x0041,0x0041,0x0041,0x0041,0x0041,0x0041,0x0041,0x0041,0x0041,0x0041,0x0041,0x0041,0x0041,0x0041,0x0041,0x0041,
  0x0041,0x0041,0x0041,0x0041,0x0041,0x0041,0x0041,0x0041,0x0041,0x0041,0x0041,0x0041,0x0041,0x0041,0x0041,0x0041,
  0x0041,0x0041,0x0041,0x0041,0x0041,0x0041,0x0041,0x0041,0x0041,0x0041,0x0041,0x0041,0x0041,0x0041,0x0041,0x0041,
  0x0041,0x0041,0x0041,0x0041,0x0041,0x0041,0x0041,0x0041,0x0041,0x0041,0x0041,0x0041,0x0041,0x0041,0x0041,0x0041,
  0x0041,0x0041,0x0041,0x0041,0x0041,0x0041,0x0041,0x0041,0x0041,0x0041,0x0041,0x0041,0x0041,0x0041,0x0041,0x0041,
  0x0041,0x0041,0x0041,0x0041,0x0041,0x0041,0x0041,0x0041,0x0041,0x0041,0x0041,0x0041,0x0041,0x0041,0x0041,0x0041,
  0x0041,0x0041,0x0041,0x0041,0x0041,0x0041,0x0041,0x0041,0x0041,0x0041,0x0041,0x0041,0x0041,0x0041,0x0041,0x0041,
  0x0041,0x0041,0x0041,0x0041,0x0041,0x0041,0x0041,0x0041,0x0041,0x0041,0x0041,0x0041,0x0041,0x0041,0x0041,0x0041,
  0x0041,0x0041,0x0041,0x0041,0x0041,0x0041,0x0041,0x0041,0x0041,0x0041,0x0041,0x0041,0x0041,0x0041,0x0041,0x0041,
  0x0041,0x0041,0x0041,0x0041,0x0041,0x0041,0x0041,0x0041,0x0041,0x1987,0x19A7,0x19A7,0x19A7,0x19A7,0x19A7,0x19A7,
  0x19A7,0x19A7,0x19A7,0x19A7,0x19A7,0x19A7,0x19A7,0x19A7,0x19A7,0x19A7,0x19A7,0x19A7,0x19A7,0x19A7,0x19A7,0x19A7,
  0x19A7,0x19A7,0x19A7,0x19A7,0x19A7,0x19A7,0x19A7,0x19A7,0x19A7,0x19A7,0x19A7,0x19A7,0x19A7,0x19A7,0x19A7,0x19A7,
  0x19A7,0x19A7,0x19A7,0x19A7,0x19A7,0x19A7,0x19A7,0x19A7,0x19A7,0x19A7,0x19A7,0x19A7,0x19A7,0x19A7,0x19A7,0x19A7,
  0x19A7,0x19A7,0x19A7,0x19A7,0x19A7,0x19A7,0x19A7,0x19A7,0x19A7,0x19A7,0x19A7,0x19A7,0x19A7,0x19A7,0x19A7,0x19A7,
  0x19A7,0x19A7,0x19A7,0x19A7,0x19A7,0x19A7,0x19A7,0x19A7,0x19A7,0x19A7,0x19A7,0x19A7,0x19A7,0x19A7,0x19A7,0x19A7,
  0x19A7,0x19A7,0x19A7,0x19A7,0x19A7,0x19A7,0x19A7,0x19A7,0x19A7,0x19A7,0x19A7,0x19A7,0x19A7,0x19A7,0x19A7,0x19A7,
  0x19A7,0x19A7,0x19A7,0x19A7,0x19A7,0x19A7,0x19A7,0x19A7,0x19A7,0x19A7,0x19A7,0x19A7,0x19A7,0x19A7,0x19A7,0x19A7,
  0x19A7,0x19A7,0x19A7,0x19A7,0x19A7,0x19A7,0x19A7,0x19A7,0x19A7,0x19A7,0x19A7,0x08C3,0x0041,0x0041,0x0041,0x0041,
  0x0041,0x0041,0x0041,0x0041,0x0041,0x0041,0x0041,0xC467,0xC467,0xC467,0xC467,0xC467,0xC467,0xC467,0xC467,0xC467,
  0x19A7,0x19A7,0x19A7,0x19A7,0x19A7,0x19A7,0x19A7,0x19A7,0x19A7,0x19A7,0x19A7,0x19A7,0x19A7,0x19A7,0x19A7,0x19A7,
  0x19A7,0x19A7,0x19A7,0x19A7,0x19A7,0x19A7,0x19A7,0x19A7,0x19A7,0x19A7,0x19A7,0x19A7,0x19A7,0x19A7,0x19A7,0x19A7,
  0x19A7,0x19A7,0x19A7,0x19A7,0x19A7,0x19A7,0x19A7,0x19A7,0x19A7,0x19A7,0x19A7,0x19A7,0x19A7,0x19A7,0x19A7,0x19A7,
  0x19A7,0x19A7,0x19A7,0x19A7,0x19A7,0x19A7,0x19A7,0x19A7,0x19A7,0x19A7,0x19A7,0x19A7,0x19A7,0x19A7,0x19A7,0x19A7,
  0x19A7,0x19A7,0x19A7,0x19A7,0x19A7,0x19A7,0x19A7,0x19A7,0x19A7,0x19A7,0x19A7,0x19A7,0x19A7,0x19A7,0x19A7,0x19A7,
  0x19A7,0x19A7,0x19A7,0x19A7,0x19A7,0x19A7,0x19A7,0x19A7,0x19A7,0x19A7,0x19A7,0x19A7,0x19A7,0x19A7,0x19A7,0x19A7,
  0x19A7,0x19A7,0x19A7,0x19A7,0x19A7,0x19A7,0x19A7,0x19A7,0x19A7,0x19A7,0x19A7,0x19A7,0x19A7,0x19A7,0x19A7,0x19A7,
  0x19A7,0x19A7,0x19A7,0x19A7,0x19A7,0x19A7,0x19A7,0x19A7,0x19A7,0x19A7,0x19A7,0x19A7,0x19A7,0x19A7,0x19A7,0x19A7,
  0x19A7,0x19A7,0x19A7,0x19A7,0x19A7,0x19A7,0x19A7,0x19A7,0x19A7,0x19A7,0x19A7,0x19A7,0x19A7,0x19A7,0x19A7,0x19A7,
  0x19A7,0x19A7,0x19A7,0x19A7,0x19A7,0x19A7,0x1987,0x0882,0x0041,0x0041,0x0041,0x0041,0x0041,0x0041,0x0041,0x0041,
  0x0041,0x0041,0x0041,0x0041,0x0041,0x0041,0x0041,0x0041,0x0041,0x2209,0x1105,0x1105,0x1105,0x1105,0x1105,0x1105,
  0x1105,0x1105,0x1105,0x1105,0x1105,0x1105,0x1105,0x1105,0x1105,0x1105,0x1105,0x1105,0x1105,0x1105,0x1105,0x1105,
  0x1105,0x1105,0x1105,0x1105,0x1105,0x1105,0x1105,0x1105,0x1105,0x1105,0x1105,0x1105,0x1105,0x1105,0x1105,0x1105,
  0x1104,0x1104,0x1104,0x1104,0x1104,0x1104,0x1104,0x1104,0x1104,0x1104,0x1104,0x1104,0x1104,0x1104,0x1104,0x1104,
  0x1104,0x1104,0x1104,0x1104,0x1104,0x1104,0x1104,0x1104,0x1104,0x1104,0x1104,0x1104,0x1104,0x1104,0x1104,0x1104,
  0x1104,0x1104,0x1104,0x1104,0x1104,0x1104,0x1104,0x1104,0x1104,0x1104,0x1104,0x1104,0x1104,0x1104,0x1104,0x1104,
  0x1104,0x1104,0x10E4,0x10E4,0x10E4,0x10E4,0x10E4,0x10E4,0x10E4,0x10E4,0x10E4,0x10E4,0x10E4,0x10E4,0x10E4,0x10E4,
  0x10E4,0x10E4,0x10E4,0x10E4,0x10E4,0x10E4,0x10E4,0x10E4,0x10E4,0x10E4,0x10E4,0x10E4,0x10E4,0x10E4,0x10E4,0x10E4,
  0x10E4,0x10E4,0x10E4,0x10E4,0x10E4,0x10E4,0x10E4,0x10E4,0x10E4,0x10E4,0x1105,0x21C8,0x08C3,0x0041,0x0041,0x0041,
  0x0041,0x0041,0x0041,0x0041,0x0041,0x0041,0x0041,0xCC87,0xC446,0xC446,0xC446,0xC446,0xC446,0xC446,0xC446,0xC446,
  0x1105,0x1105,0x1105,0x1105,0x1105,0x1105,0x1105,0x1105,0x1105,0x1105,0x1105,0x1105,0x1105,0x1105,0x1105,0x1105,
  0x1105,0x1105,0x1105,0x1105,0x1105,0x1105,0x1105,0x1105,0x1105,0x1105,0x1105,0x1105,0x1105,0x1105,0x1105,0x1105,
  0x1105,0x1105,0x1105,0x1105,0x1105,0x1105,0x1105,0x1105,0x1105,0x1105,0x1105,0x1104,0x1104,0x1104,0x1104,0x1104,
  0x1104,0x1104,0x1104,0x1104,0x1104,0x1104,0x1104,0x1104,0x1104,0x1104,0x1104,0x1104,0x1104,0x1104,0x1104,0x1104,
  0x1104,0x1104,0x1104,0x1104,0x1104,0x1104,0x1104,0x1104,0x1104,0x1104,0x1104,0x1104,0x1104,0x1104,0x1104,0x1104,
  0x1104,0x1104,0x1104,0x1104,0x1104,0x1104,0x1104,0x1104,0x1104,0x1104,0x1104,0x1104,0x1104,0x1104,0x1104,0x1104,
  0x1104,0x1104,0x1104,0x1104,0x1104,0x1104,0x1104,0x1104,0x1104,0x1104,0x1104,0x1104,0x1104,0x1104,0x1104,0x1104,
  0x1104,0x1104,0x1104,0x1104,0x1104,0x1104,0x1104,0x1104,0x1104,0x1104,0x1104,0x1104,0x1104,0x1104,0x1104,0x1104,
  0x1104,0x1104,0x1104,0x10E4,0x10E4,0x10E4,0x10E4,0x10E4,0x10E4,0x10E4,0x10E4,0x10E4,0x10E4,0x10E4,0x10E4,0x10E4,
  0x10E4,0x10E4,0x10E4,0x10E4,0x10E4,0x10E4,0x21C8,0x08C3,0x0041,0x0041,0x0041,0x0041,0x0041,0x0041,0x0041,0x0041,
  0x0041,0x0041,0x0041,0x0041,0x0041,0x0041,0x0041,0x0041,0x0041,0x2209,0x08A3,0x08A3,0x08A3,0x08A3,0x08A3,0x08A3,
  0x08A3,0x08A3,0x08A3,0x08A3,0x08A3,0x08A3,0x08A3,0x08A3,0x08A3,0x08A3,0x08A3,0x08A3,0x08A3,0x08A3,0x08A3,0x08A3,
  0x08A3,0x08A3,0x08A3,0x08A3,0x08A3,0x08A3,0x08A3,0x08A3,0x08A3,0x08A3,0x08A3,0x08A3,0x08A3,0x08A3,0x08A3,0x08A3,
  0x08A3,0x08A3,0x08A3,0x08A3,0x08A3,0x08A3,0x08A3,0x08A3,0x08A3,0x08A3,0x08A3,0x08A3,0x08A3,0x08A3,0x08A3,0x08A3,
  0x08A3,0x08A3,0x08A3,0x08A3,0x08A3,0x08A3,0x08A3,0x08A3,0x08A3,0x08A3,0x08A3,0x08A3,0x08A3,0x08A3,0x08A3,0x08A3,
  0x08A3,0x08A3,0x08A3,0x08A3,0x08A3,0x08A3,0x08A3,0x08A3,0x08A3,0x08A3,0x08A3,0x08A3,0x08A3,0x08A3,0x08A3,0x08A3,
  0x08A3,0x08A3,0x08A3,0x08A3,0x08A3,0x08A3,0x08A3,0x08A3,0x08A3,0x08A3,0x08A3,0x08A3,0x08A3,0x08A3,0x08A3,0x08A3,
  0x08A3,0x08A3,0x08A3,0x08A3,0x08A3,0x08A3,0x08A3,0x08A3,0x08A3,0x08A3,0x0883,0x0883,0x0883,0x0883,0x0883,0x0883,
  0x0883,0x0883,0x0883,0x0883,0x0883,0x0883,0x0883,0x0883,0x0883,0x0883,0x0883,0x08E4,0x21C8,0x1105,0x0041,0x0041,
  0x0041,0x0041,0x0041,0x0041,0x0041,0x0041,0x0041,0xCC87,0xC426,0x08C3,0x08C3,0x08C3,0x08C3,0x08C3,0x08C3,0x08C3,
  0x08C3,0x08C3,0x08C3,0x08C3,0x08C3,0x08C3,0x08A3,0x08A3,0x08A3,0x08A3,0x08A3,0x08A3,0x08A3,0x08A3,0x08A3,0x08A3,
  0x08A3,0x08A3,0x08A3,0x08A3,0x08A3,0x08A3,0x08A3,0x08A3,0x08A3,0x08A3,0x08A3,0x08A3,0x08A3,0x08A3,0x08A3,0x08A3,
  0x08A3,0x08A3,0x08A3,0x08A3,0x08A3,0x08A3,0x08A3,0x08A3,0x08A3,0x08A3,0x08A3,0x08A3,0x08A3,0x08A3,0x08A3,0x08A3,
  0x08A3,0x08A3,0x08A3,0x08A3,0x08A3,0x08A3,0x08A3,0x08A3,0x08A3,0x08A3,0x08A3,0x08A3,0x08A3,0x08A3,0x08A3,0x08A3,
  0x08A3,0x08A3,0x08A3,0x08A3,0x08A3,0x08A3,0x08A3,0x08A3,0x08A3,0x08A3,0x08A3,0x08A3,0x08A3,0x08A3,0x08A3,0x08A3,
  0x08A3,0x08A3,0x08A3,0x08A3,0x08A3,0x08A3,0x08A3,0x08A3,0x08A3,0x08A3,0x08A3,0x08A3,0x08A3,0x08A3,0x08A3,0x08A3,
  0x08A3,0x08A3,0x08A3,0x08A3,0x08A3,0x08A3,0x08A3,0x08A3,0x08A3,0x08A3,0x08A3,0x08A3,0x08A3,0x08A3,0x08A3,0x08A3,
  0x08A3,0x08A3,0x08A3,0x08A3,0x08A3,0x08A3,0x08A3,0x08A3,0x08A3,0x08A3,0x08A3,0x08A3,0x08A3,0x08A3,0x08A3,0x08A3,
  0x08A3,0x08A3,0x08A3,0x08A3,0x08A3,0x08A3,0x08A3,0x08A3,0x08A3,0x08A3,0x08A3,0x08A3,0x08A3,0x08A3,0x08A3,0x08A3,
  0x08A3,0x08A3,0x08A3,0x08A3,0x08A3,0x08A3,0x19A7,0x08C3,0x0041,0x0041,0x0041,0x0041,0x0041,0x0041,0x0041,0x0041,
  0x0041,0x0041,0x0041,0x0041,0x0041,0x0041,0x0041,0x0041,0x0041,0x2209,0x08A3,0x08A3,0x08A3,0x08A3,0x08A3,0x08A3,
  0x08A3,0x08A3,0x08A3,0x08A3,0x08A3,0x08A3,0x08A3,0x08A3,0x08A3,0x08A3,0x08A3,0x08A3,0x08A3,0x08A3,0x08A3,0x08A3,
  0x08A3,0x08A3,0x08A3,0x08A3,0x08A3,0x08A3,0x08A3,0x08A3,0x08A3,0x08A3,0x08A3,0x08A3,0x08A3,0x08A3,0x08A3,0x08A3,
  0x08A3,0x08A3,0x08A3,0x08A3,0x08A3,0x08A3,0x08A3,0x08A3,0x08A3,0x08A3,0x08A3,0x08A3,0x08A3,0x08A3,0x08A3,0x08A3,
  0x08A3,0x08A3,0x08A3,0x08A3,0x08A3,0x08A3,0x08A3,0x08A3,0x08A3,0x08A3,0x08A3,0x08A3,0x08A3,0x08A3,0x08A3,0x08A3,
  0x08A3,0x08A3,0x08A3,0x08A3,0x08A3,0x08A3,0x08A3,0x08A3,0x08A3,0x08A3,0x08A3,0x08A3,0x08A3,0x08A3,0x08A3,0x08A3,
  0x08A3,0x08A3,0x08A3,0x08A3,0x08A3,0x08A3,0x08A3,0x08A3,0x08A3,0x08A3,0x08A3,0x08A3,0x08A3,0x08A3,0x08A3,0x08A3,
  0x08A3,0x08A3,0x08A3,0x08A3,0x08A3,0x08A3,0x08A3,0x08A3,0x08A3,0x0883,0x0883,0x0883,0x0883,0x0883,0x0883,0x0883,
  0x0883,0x0883,0x0883,0x0883,0x0883,0x0883,0x0883,0x0883,0x0883,0x0883,0x0883,0x0883,0x08A3,0x21C8,0x1105,0x0041,
  0x0041,0x0041,0x0041,0x0041,0x0041,0x0041,0x0041,0xCC87,0xC426,0x08C3,0x08C3,0x08C3,0x08C3,0x08C3,0x08C3,0x08C3,
  0x08C3,0x08C3,0x08C3,0x08C3,0x08A3,0x08A3,0x08A3,0x08A3,0x08A3,0x08A3,0x08A3,0x08A3,0x08A3,0x08A3,0x08A3,0x08A3,
  0x08A3,0x08A3,0x08A3,0x08A3,0x08A3,0x08A3,0x08A3,0x08A3,0x08A3,0x08A3,0x08A3,0x08A3,0x08A3,0x08A3,0x08A3,0x08A3,
  0x08A3,0x08A3,0x08A3,0x08A3,0x08A3,0x08A3,0x08A3,0x08A3,0x08A3,0x08A3,0x08A3,0x08A3,0x08A3,0x08A3,0x08A3,0x08A3,
  0x08A3,0x08A3,0x08A3,0x08A3,0x08A3,0x08A3,0x08A3,0x08A3,0x08A3,0x08A3,0x08A3,0x08A3,0x08A3,0x08A3,0x08A3,0x08A3,
  0x08A3,0x08A3,0x08A3,0x08A3,0x08A3,0x08A3,0x08A3,0x08A3,0x08A3,0x08A3,0x08A3,0x08A3,0x08A3,0x08A3,0x08A3,0x08A3,
  0x08A3,0x08A3,0x08A3,0x08A3,0x08A3,0x08A3,0x08A3,0x08A3,0x08A3,0x08A3,0x08A3,0x08A3,0x08A3,0x08A3,0x08A3,0x08A3,
  0x08A3,0x08A3,0x08A3,0x08A3,0x08A3,0x08A3,0x08A3,0x08A3,0x08A3,0x08A3,0x08A3,0x08A3,0x08A3,0x08A3,0x08A3,0x08A3,
  0x08A3,0x08A3,0x08A3,0x08A3,0x08A3,0x08A3,0x08A3,0x08A3,0x08A3,0x08A3,0x08A3,0x08A3,0x08A3,0x08A3,0x08A3,0x08A3,
  0x08A3,0x08A3,0x08A3,0x08A3,0x08A3,0x08A3,0x08A3,0x08A3,0x08A3,0x08A3,0x08A3,0x08A3,0x08A3,0x08A3,0x08A3,0x08A3,
  0x08A3,0x08A3,0x08A3,0x08A3,0x08A3,0x08A3,0x19A7,0x08C3,0x0041,0x0041,0x0041,0x0041,0x0041,0x0041,0x0041,0x0041,
  0x0041,0x0041,0x0041,0x0041,0x0041,0x0041,0x0041,0x0041,0x0041,0x2209,0x08A3,0x08A3,0x08A3,0x1126,0x1146,0x1146,
  0x1146,0x1146,0x1146,0x1146,0x1146,0x1146,0x1146,0x1146,0x1146,0x1146,0x1146,0x1146,0x1146,0x1146,0x1146,0x1146,
  0x1146,0x1146,0x1146,0x1146,0x1146,0x1146,0x1146,0x1146,0x1146,0x1146,0x1146,0x1146,0x1146,0x1146,0x1146,0x1146,
  0x1146,0x1146,0x1146,0x1146,0x1146,0x1146,0x1146,0x1146,0x1146,0x1146,0x1146,0x1146,0x1146,0x1146,0x1146,0x1146,
  0x1146,0x1146,0x1146,0x1146,0x1146,0x1146,0x1146,0x1146,0x1146,0x1146,0x1146,0x1146,0x1146,0x1146,0x1146,0x1146,
  0x1146,0x1146,0x1146,0x1146,0x1146,0x1146,0x1146,0x1146,0x1146,0x1146,0x1146,0x1146,0x1146,0x1146,0x1146,0x1146,
  0x1146,0x1146,0x1146,0x1146,0x1146,0x1146,0x1146,0x1146,0x1146,0x1146,0x1146,0x1146,0x1146,0x1146,0x1146,0x1146,
  0x1146,0x1146,0x1146,0x1146,0x1146,0x1146,0x1146,0x1146,0x1146,0x1146,0x1146,0x1146,0x1146,0x1146,0x1146,0x1146,
  0x1146,0x1146,0x1146,0x1146,0x1146,0x1146,0x1146,0x1125,0x0883,0x0883,0x0883,0x0883,0x0883,0x08A3,0x21C8,0x1105,
  0x0041,0x0041,0x0041,0x0041,0x0041,0x0041,0x0041,0xCC87,0xC426,0x08C3,0x08C3,0x08C3,0x08C3,0x08C3,0x08C3,0x08C3,
  0x08C3,0x08C3,0x08A3,0x08A3,0x08A3,0x08A3,0x08A3,0x08A3,0x08A3,0x08A3,0x08A3,0x08A3,0x08A3,0x08A3,0x08A3,0x08A3,
  0x08A3,0x08A3,0x08A3,0x08A3,0x08A3,0x08A3,0x08A3,0x08A3,0x08A3,0x08A3,0x08A3,0x08A3,0x08A3,0x08A3,0x08A3,0x08A3,
  0x08A3,0x08A3,0x08A3,0x08A3,0x08A3,0x08A3,0x08A3,0x08A3,0x08A3,0x08A3,0x08A3,0x08A3,0x08A3,0x08A3,0x08A3,0x08A3,
  0x08A3,0x08A3,0x08A3,0x08A3,0x08A3,0x08A3,0x08A3,0x08A3,0x08A3,0x08A3,0x08A3,0x08A3,0x08A3,0x08A3,0x08A3,0x08A3,
  0x08A3,0x08A3,0x08A3,0x08A3,0x08A3,0x08A3,0x08A3,0x08A3,0x08A3,0x08A3,0x08A3,0x08A3,0x08A3,0x08A3,0x08A3,0x08A3,
  0x08A3,0x08A3,0x08A3,0x08A3,0x08A3,0x08A3,0x08A3,0x08A3,0x08A3,0x08A3,0x08A3,0x08A3,0x08A3,0x08A3,0x08A3,0x08A3,
  0x08A3,0x08A3,0x08A3,0x08A3,0x08A3,0x08A3,0x08A3,0x08A3,0x08A3,0x08A3,0x08A3,0x08A3,0x08A3,0x08A3,0x08A3,0x08A3,
  0x08A3,0x08A3,0x08A3,0x08A3,0x08A3,0x08A3,0x08A3,0x08A3,0x08A3,0x08A3,0x08A3,0x08A3,0x08A3,0x08A3,0x08A3,0x08A3,
  0x08A3,0x08A3,0x08A3,0x08A3,0x08A3,0x08A3,0x08A3,0x08A3,0x08A3,0x08A3,0x08A3,0x08A3,0x08A3,0x08A3,0x08A3,0x08A3,
  0x08A3,0x08A3,0x08A3,0x08A3,0x08A3,0x08A3,0x19A7,0x08C3,0x0041,0x0041,0x0041,0x0041,0x0041,0x0041,0x0041,0x0041,
  0x0041,0x0041,0x0041,0x0041,0x0041,0x0041,0x0041,0x0041,0x0041,0x2209,0x08A3,0x08A3,0x08A3,0x1987,0x08E4,0x08E4,
  0x08E4,0x08E4,0x08E4,0x08E4,0x08E4,0x08E4,0x08E4,0x08E4,0x08E4,0x08E4,0x08E4,0x08E4,0x08E4,0x08E4,0x08E4,0x08E4,
  0x08E4,0x08E4,0x08E4,0x08E4,0x08E4,0x08E4,0x08E4,0x08E4,0x08E4,0x08E4,0x08E4,0x08E4,0x08E4,0x08E4,0x08E4,0x08E4,
  0x08E4,0x08E4,0x08E4,0x08E4,0x08E4,0x08E4,0x08E4,0x08E4,0x08E4,0x08E4,0x08E4,0x08E4,0x08E4,0x08E4,0x08E4,0x08E4,
  0x08E4,0x08E4,0x08E4,0x08E4,0x08E4,0x08E4,0x08E4,0x08E4,0x08E4,0x08E4,0x08E4,0x08E4,0x08E4,0x08E4,0x08E4,0x08E4,
  0x08E4,0x08E4,0x08E4,0x08E4,0x08E4,0x08E4,0x08E4,0x08E4,0x08E4,0x08E4,0x08E4,0x08E4,0x08E4,0x08E4,0x08C4,0x08C4,
  0x08C4,0x08C4,0x08C4,0x08C4,0x08C4,0x08C4,0x08C4,0x08C4,0x08C4,0x08C4,0x08C4,0x08C4,0x08C4,0x08C4,0x08C4,0x08C4,
  0x08C4,0x08C4,0x08C4,0x08C4,0x08C4,0x08C4,0x08C4,0x08C4,0x08C4,0x08C4,0x08C4,0x08C4,0x08C4,0x08C4,0x08C4,0x08C4,
  0x08C4,0x08C4,0x08C4,0x08C4,0x08C4,0x08C4,0x08C4,0x1125,0x1125,0x0883,0x0883,0x0883,0x0883,0x0883,0x08A3,0x19A7,
  0x1966,0x0061,0x0041,0x0041,0x0041,0x0041,0x0041,0xCC87,0xC426,0x08C3,0x08C3,0x08C3,0x08C3,0x08C3,0x08C3,0x29A7,
  0xADF8,0xBEBB,0x5B6E,0x08A3,0x84D3,0xA5D7,0x1925,0xC6FC,0x530C,0x08A3,0x29A7,0xADF8,0xBEBB,0x5B6E,0x9D96,0xCF1C,
  0xCF1C,0xCF1C,0x5B6E,0x08A3,0x7431,0xCF1C,0xCF1C,0xCF1C,0x1966,0x7C72,0xBEBB,0x1925,0x7431,0xCF1C,0x1104,0x08A3,
  0x08A3,0x08A3,0x7C72,0xBEBB,0x1925,0x7431,0xCF1C,0x7C72,0xCF1C,0xCF1C,0xCF1C,0x1946,0x7C72,0xBEBB,0x1925,0x7431,
  0xCF1C,0x1104,0x1945,0x9D96,0xBEBB,0x7C92,0x08A3,0x08A3,0x7431,0xCF1C,0xC6FC,0x8CF4,0x08C3,0x08A3,0x84D3,0xA5D7,
  0x1925,0xC6FC,0x530C,0x08A3,0x08A3,0x08A3,0x08A3,0x08A3,0x08A3,0x08A3,0x08A3,0x08A3,0x08A3,0x08A3,0x08A3,0x08A3,
  0x08A3,0x08A3,0x08A3,0x08A3,0x08A3,0x08A3,0x08A3,0x08A3,0x08A3,0x08A3,0x08A3,0x08A3,0x08A3,0x08A3,0x08A3,0x08A3,
  0x08A3,0x08A3,0x08A3,0x08A3,0x08A3,0x08A3,0x08A3,0x08A3,0x08A3,0x08A3,0x08A3,0x08A3,0x08A3,0x08A3,0x08A3,0x08A3,
  0x08A3,0x08A3,0x08A3,0x08A3,0x08A3,0x08A3,0x08A3,0x08A3,0x08A3,0x08A3,0x08A3,0x08A3,0x08A3,0x08A3,0x08A3,0x08A3,
  0x08A3,0x08A3,0x08A3,0x08A3,0x08A3,0x08A3,0x08A3,0x08A3,0x08A3,0x08A3,0x08A3,0x08A3,0x08A3,0x08A3,0x08A3,0x08A3,
  0x08A3,0x08A3,0x08A3,0x08A3,0x08A3,0x08A3,0x19A7,0x08C3,0x0041,0x0041,0x0041,0x0041,0x0041,0x0041,0x0041,0x0041,
  0x0041,0x0041,0x0041,0x0041,0x0041,0x0041,0x0041,0x0041,0x0041,0x2209,0x08A3,0x08A3,0x08A3,0x1987,0x08A3,0x08A3,
  0x08A3,0x2144,0xCD2C,0xF62E,0x93EA,0x08A3,0x08A3,0x93E9,0xFE8F,0xFE6E,0xA44A,0x08A3,0x08A3,0x9C0A,0xD56C,0x10C3,
  0xFE8F,0x62C7,0x08A3,0x08A3,0x08A3,0x08A3,0x08A3,0x08A3,0x08A3,0x08A3,0x08A3,0x08A3,0x08A3,0x08A3,0x08A3,0x08A3,
  0x08A3,0x08A3,0x08A3,0x08A3,0x08A3,0x08A3,0x08A3,0x08A3,0x08A3,0x08A3,0x08A3,0x08A3,0x08A3,0x08A3,0x08A3,0x08A3,
  0x08A3,0x08A3,0x08A3,0x08A3,0x08A3,0x08A3,0x08A3,0x08A3,0x08A3,0x08A3,0x08A3,0x08A3,0x08A3,0x08A3,0x08A3,0x08A3,
  0x08A3,0x08A3,0x08A3,0x08A3,0x08A3,0x08A3,0x08A3,0x08A3,0x08A3,0x08A3,0x08A3,0x08A3,0x08A3,0x08A3,0x08A3,0x08A3,
  0x08A3,0x08A3,0x08A3,0x08A3,0x08A3,0x08A3,0x08A3,0x08A3,0x08A3,0x08A3,0x08A3,0x08A3,0x08A3,0x08A3,0x08A3,0x08A3,
  0x08A3,0x08A3,0x08A3,0x08A3,0x08A3,0x08A3,0x08A3,0x0883,0x0883,0x0883,0x0883,0x0883,0x0883,0x0883,0x0883,0x0883,
  0x0883,0x0883,0x0883,0x0883,0x0883,0x0883,0x0883,0x0883,0x1105,0x1146,0x08A3,0x0883,0x0883,0x0883,0x0883,0x0883,
  0x1987,0x1987,0x0041,0x0041,0x0041,0x0041,0x0041,0xCC87,0xC426,0x08C3,0x08C3,0x08C3,0x08C3,0x08C3,0x08A3,0x84B3,
  0xB659,0x84D3,0xC6FC,0x1104,0x4AEC,0xC6FC,0x4ACB,0xC6FC,0x1945,0x08A3,0x84B3,0xB659,0x84D3,0xC6FC,0x4AAB,0x84B3,
  0xCF1C,0x532D,0x29A7,0x08A3,0x7451,0xB67A,0x530D,0x530C,0x10E4,0x7C72,0xCF1C,0x7431,0xBEBB,0xCF1C,0x1925,0x08A3,
  0x08A3,0x08A3,0x7C72,0xCF1C,0x7431,0xBEBB,0xCF1C,0x7C72,0xB67A,0x530C,0x530C,0x10E4,0x7C72,0xCF1C,0x7431,0xBEBB,
  0xCF1C,0x1905,0x7410,0xBEBB,0x7431,0xCF1C,0x3A49,0x08A3,0x7451,0xB67A,0x6BD0,0xCF1C,0x42AB,0x08A3,0x4AEC,0xC6FC,
  0x4ACB,0xC6FC,0x1945,0x08A3,0x08A3,0x08A3,0x08A3,0x08A3,0x08A3,0x08A3,0x08A3,0x08A3,0x08A3,0x08A3,0x08A3,0x08A3,
  0x08A3,0x08A3,0x08A3,0x08A3,0x08A3,0x08A3,0x08A3,0x08A3,0x08A3,0x08A3,0x08A3,0x08A3,0x08A3,0x08A3,0x08A3,0x08A3,
  0x08A3,0x08A3,0x08A3,0x08A3,0x08A3,0x08A3,0x08A3,0x08A3,0x08A3,0x08A3,0x08A3,0x08A3,0x08A3,0x08A3,0x08A3,0x08A3,
  0x08A3,0x08A3,0x08A3,0x08A3,0x08A3,0x08A3,0x08A3,0x08A3,0x08A3,0x08A3,0x08A3,0x08A3,0x08A3,0x08A3,0x08A3,0x08A3,
  0x08A3,0x08A3,0x08A3,0x08A3,0x08A3,0x08A3,0x08A3,0x08A3,0x08A3,0x08A3,0x08A3,0x08A3,0x08A3,0x08A3,0x08A3,0x08A3,
  0x08A3,0x08A3,0x08A3,0x08A3,0x08A3,0x08A3,0x19A7,0x08C3,0x0041,0x0041,0x0041,0x0041,0x0041,0x0041,0x0041,0x0041,
  0x0041,0x0041,0x0041,0x0041,0x0041,0x0041,0x0041,0x0041,0x0041,0x2209,0x08A3,0x08A3,0x08A3,0x1987,0x08A3,0x08A3,
  0x08A3,0x8BC9,0xEE0E,0x93E9,0xFE8F,0x39C5,0x08A3,0x93EA,0xEDED,0x8BC9,0xFE8F,0x4206,0x08A3,0x9C2A,0xD56C,0x10E3,
  0xFE8F,0x62E7,0x08A3,0x08A3,0x08A3,0x08A3,0x08A3,0x08A3,0x08A3,0x08A3,0x08A3,0x08A3,0x08A3,0x08A3,0x08A3,0x08A3,
  0x08A3,0x08A3,0x08A3,0x08A3,0x08A3,0x08A3,0x08A3,0x08A3,0x08A3,0x08A3,0x08A3,0x08A3,0x08A3,0x08A3,0x08A3,0x08A3,
  0x08A3,0x08A3,0x08A3,0x08A3,0x08A3,0x08A3,0x08A3,0x08A3,0x08A3,0x08A3,0x08A3,0x08A3,0x08A3,0x08A3,0x08A3,0x08A3,
  0x08A3,0x08A3,0x08A3,0x08A3,0x08A3,0x08A3,0x08A3,0x08A3,0x08A3,0x08A3,0x08A3,0x08A3,0x08A3,0x08A3,0x08A3,0x08A3,
  0x08A3,0x08A3,0x08A3,0x08A3,0x08A3,0x08A3,0x08A3,0x08A3,0x08A3,0x08A3,0x08A3,0x08A3,0x08A3,0x08A3,0x08A3,0x08A3,
  0x08A3,0x08A3,0x08A3,0x08A3,0x08A3,0x08A3,0x0883,0x0883,0x0883,0x0883,0x0883,0x0883,0x0883,0x0883,0x0883,0x0883,
  0x0883,0x0883,0x0883,0x0883,0x0883,0x0883,0x0883,0x0883,0x0883,0x08E4,0x1146,0x08A3,0x0883,0x0883,0x0883,0x0883,
  0x0883,0x21C8,0x08C3,0x0041,0x0041,0x0041,0x0041,0xCC87,0xC426,0x08C3,0x08C3,0x08C3,0x08A3,0x08A3,0x08A3,0x84D3,
  0xA5D7,0x29A7,0x84B3,0x1945,0x1925,0xC6FC,0x9D96,0x9DB7,0x08A3,0x08A3,0x84D3,0xA5D7,0x29A7,0x84B3,0x1945,0x532D,
  0xCF1C,0x08C3,0x08A3,0x08A3,0x7451,0xAE39,0x1945,0x08C3,0x08A3,0x7C72,0xC6DB,0xCF1C,0xC6DB,0xCF1C,0x1925,0x08A3,
  0x08A3,0x08A3,0x7C72,0xC6DB,0xCF1C,0xC6DB,0xCF1C,0x7C72,0xAE39,0x1945,0x08C3,0x08A3,0x7C72,0xC6DB,0xCF1C,0xC6DB,
  0xCF1C,0x1905,0x84D3,0x9D76,0x10C3,0xCF1C,0x532D,0x08A3,0x7451,0xAE39,0x3208,0xC71C,0x530D,0x08A3,0x1925,0xC6FC,
  0x9D96,0x9DB7,0x08A3,0x08A3,0x08A3,0x08A3,0x08A3,0x08A3,0x08A3,0x08A3,0x08A3,0x08A3,0x08A3,0x08A3,0x08A3,0x08A3,
  0x08A3,0x08A3,0x08A3,0x08A3,0x08A3,0x08A3,0x08A3,0x08A3,0x08A3,0x08A3,0x08A3,0x08A3,0x08A3,0x08A3,0x08A3,0x08A3,
  0x08A3,0x08A3,0x08A3,0x08A3,0x08A3,0x08A3,0x08A3,0x08A3,0x08A3,0x08A3,0x08A3,0x08A3,0x08A3,0x08A3,0x08A3,0x08A3,
  0x08A3,0x08A3,0x08A3,0x08A3,0x08A3,0x08A3,0x08A3,0x08A3,0x08A3,0x08A3,0x08A3,0x08A3,0x08A3,0x08A3,0x08A3,0x08A3,
  0x08A3,0x08A3,0x08A3,0x08A3,0x08A3,0x08A3,0x08A3,0x08A3,0x08A3,0x08A3,0x08A3,0x08A3,0x08A3,0x08A3,0x08A3,0x08A3,
  0x08A3,0x08A3,0x08A3,0x08A3,0x0883,0x0883,0x19A7,0x08C3,0x0041,0x0041,0x0041,0x0041,0x0041,0x0041,0x0041,0x0041,
  0x0041,0x0041,0x0041,0x0041,0x0041,0x0041,0x0041,0x0041,0x0041,0x2209,0x08A3,0x08A3,0x08A3,0x1987,0x08A3,0x08A3,
  0x08A3,0xAC8B,0xC50C,0x10E3,0x8389,0x3185,0x08A3,0x93EA,0xDDAD,0x10C3,0xFE6E,0x6B08,0x08A3,0x9C2A,0xD56C,0x10E3,
  0xFE8F,0x62E7,0x08A3,0x08A3,0x08A3,0x08A3,0x08A3,0x08A3,0x08A3,0x08A3,0x08A3,0x08A3,0x08A3,0x08A3,0x08A3,0x08A3,
  0x08A3,0x08A3,0x08A3,0x08A3,0x08A3,0x08A3,0x08A3,0x08A3,0x08A3,0x08A3,0x08A3,0x08A3,0x08A3,0x08A3,0x08A3,0x08A3,
  0x08A3,0x08A3,0x08A3,0x08A3,0x08A3,0x08A3,0x08A3,0x08A3,0x08A3,0x08A3,0x08A3,0x08A3,0x08A3,0x08A3,0x08A3,0x08A3,
  0x08A3,0x08A3,0x08A3,0x08A3,0x08A3,0x08A3,0x08A3,0x08A3,0x08A3,0x08A3,0x08A3,0x08A3,0x08A3,0x08A3,0x08A3,0x08A3,
  0x08A3,0x08A3,0x08A3,0x08A3,0x08A3,0x08A3,0x08A3,0x08A3,0x08A3,0x08A3,0x08A3,0x08A3,0x08A3,0x08A3,0x08A3,0x08A3,
  0x08A3,0x08A3,0x08A3,0x08A3,0x08A3,0x0883,0x0883,0x0883,0x0883,0x0883,0x0883,0x0883,0x0883,0x0883,0x0883,0x0883,
  0x0883,0x0883,0x0883,0x0883,0x0883,0x0883,0x0883,0x0883,0x0883,0x0883,0x08E4,0x1146,0x08A3,0x0883,0x0883,0x0883,
  0x0883,0x19A7,0x08C3,0x0041,0x0041,0x0041,0x0041,0xCC87,0xC426,0x08C3,0x08A3,0x08A3,0x08A3,0x08A3,0x08A3,0x3A6A,
  0xC71C,0x8CF4,0x10E4,0x08A3,0x08A3,0x9D76,0xCF1C,0x63CF,0x08A3,0x08A3,0x3A6A,0xC71C,0x8CF4,0x10E4,0x08A3,0x532D,
  0xCF1C,0x08C3,0x08A3,0x08A3,0x7451,0xCF1C,0xCF1C,0x3208,0x08A3,0x7C72,0xA5F8,0x9D96,0x7451,0xCF1C,0x1925,0x08A3,
  0x08A3,0x08A3,0x7C72,0xA5F8,0x9D96,0x7451,0xCF1C,0x7C72,0xCF1C,0xCF1C,0x3208,0x08A3,0x7C72,0xA5F8,0x9D96,0x7451,
  0xCF1C,0x1905,0x8CF4,0x9D76,0x08C3,0xCF1C,0x532D,0x08A3,0x7451,0xCF1C,0xCF1C,0xB67A,0x1945,0x08A3,0x08A3,0x9D76,
  0xCF1C,0x63CF,0x08A3,0x08A3,0x08A3,0x08A3,0x08A3,0x08A3,0x08A3,0x08A3,0x08A3,0x08A3,0x08A3,0x08A3,0x08A3,0x08A3,
  0x08A3,0x08A3,0x08A3,0x08A3,0x08A3,0x08A3,0x08A3,0x08A3,0x08A3,0x08A3,0x08A3,0x08A3,0x08A3,0x08A3,0x08A3,0x08A3,
  0x08A3,0x08A3,0x08A3,0x08A3,0x08A3,0x08A3,0x08A3,0x08A3,0x08A3,0x08A3,0x08A3,0x08A3,0x08A3,0x08A3,0x08A3,0x08A3,
  0x08A3,0x08A3,0x08A3,0x08A3,0x08A3,0x08A3,0x08A3,0x08A3,0x08A3,0x08A3,0x08A3,0x08A3,0x08A3,0x08A3,0x08A3,0x08A3,
  0x08A3,0x08A3,0x08A3,0x08A3,0x08A3,0x08A3,0x08A3,0x08A3,0x08A3,0x08A3,0x08A3,0x08A3,0x08A3,0x08A3,0x08A3,0x08A3,
  0x08A3,0x08A3,0x0883,0x0883,0x0883,0x0883,0x19A7,0x08C3,0x0041,0x0041,0x0041,0x0041,0x0041,0x0041,0x0041,0x0041,
  0x0041,0x0041,0x0041,0x0041,0x0041,0x0041,0x0041,0x0041,0x0041,0x2209,0x08A3,0x08A3,0x08A3,0x1987,0x08A3,0x08A3,
  0x08A3,0xAC8B,0xC50C,0x08A3,0x08A3,0x08A3,0x08A3,0x93EA,0xDDAD,0x4A26,0xFE8F,0x5AA7,0x08A3,0x9C2A,0xD56C,0x10E3,
  0xFE8F,0x62E7,0x08A3,0x08A3,0x08A3,0x08A3,0x08A3,0x08A3,0x08A3,0x08A3,0x08A3,0x08A3,0x08A3,0x08A3,0x08A3,0x08A3,
  0x08A3,0x08A3,0x08A3,0x08A3,0x08A3,0x08A3,0x08A3,0x08A3,0x08A3,0x08A3,0x08A3,0x08A3,0x08A3,0x08A3,0x08A3,0x08A3,
  0x08A3,0x08A3,0x08A3,0x08A3,0x08A3,0x08A3,0x08A3,0x08A3,0x08A3,0x08A3,0x08A3,0x08A3,0x08A3,0x08A3,0x08A3,0x08A3,
  0x08A3,0x08A3,0x08A3,0x08A3,0x08A3,0x08A3,0x08A3,0x08A3,0x08A3,0x08A3,0x08A3,0x08A3,0x08A3,0x08A3,0x08A3,0x08A3,
  0x08A3,0x08A3,0x08A3,0x08A3,0x08A3,0x08A3,0x08A3,0x08A3,0x08A3,0x08A3,0x08A3,0x08A3,0x08A3,0x08A3,0x08A3,0x08A3,
  0x08A3,0x08A3,0x08A3,0x08A3,0x0883,0x0883,0x0883,0x0883,0x0883,0x0883,0x0883,0x0883,0x0883,0x0883,0x0883,0x0883,
  0x0883,0x0883,0x0883,0x0883,0x0883,0x0883,0x0883,0x0883,0x0883,0x0883,0x0883,0x08C4,0x1166,0x08C3,0x0883,0x0883,
  0x0883,0x19A7,0x08C3,0x0041,0x0041,0x0041,0x0041,0x2209,0x08A3,0x08A3,0x08A3,0x08A3,0x08A3,0x08A3,0x08A3,0x08A3,
  0x4AEC,0xC6DB,0x8D14,0x08A3,0x08A3,0x638E,0xCF1C,0x29E8,0x08A3,0x08A3,0x08A3,0x4AEC,0xC6DB,0x8D14,0x08A3,0x532D,
  0xCF1C,0x08C3,0x08A3,0x08A3,0x7451,0xB67A,0x428A,0x1104,0x08A3,0x7C72,0xA5F8,0x2166,0x4AEC,0xCF1C,0x1905,0x08A3,
  0x08A3,0x08A3,0x7C72,0xA5F8,0x2166,0x4AEC,0xCF1C,0x7C72,0xB67A,0x426A,0x1104,0x08A3,0x7C72,0xA5F8,0x2166,0x4AEC,
  0xCF1C,0x1905,0x8CF4,0x9D76,0x08C3,0xCF1C,0x532D,0x08A3,0x7451,0xB67A,0x9576,0x8D14,0x08A3,0x08A3,0x08A3,0x638E,
  0xCF1C,0x29C8,0x08A3,0x08A3,0x08A3,0x08A3,0x08A3,0x08A3,0x08A3,0x08A3,0x08A3,0x08A3,0x08A3,0x08A3,0x08A3,0x08A3,
  0x08A3,0x08A3,0x08A3,0x08A3,0x08A3,0x08A3,0x08A3,0x08A3,0x08A3,0x08A3,0x08A3,0x08A3,0x08A3,0x08A3,0x08A3,0x08A3,
  0x08A3,0x08A3,0x08A3,0x08A3,0x08A3,0x08A3,0x08A3,0x08A3,0x08A3,0x08A3,0x08A3,0x08A3,0x08A3,0x08A3,0x08A3,0x08A3,
  0x08A3,0x08A3,0x08A3,0x08A3,0x08A3,0x08A3,0x08A3,0x08A3,0x08A3,0x08A3,0x08A3,0x08A3,0x08A3,0x08A3,0x08A3,0x08A3,
  0x08A3,0x08A3,0x08A3,0x08A3,0x08A3,0x08A3,0x08A3,0x08A3,0x08A3,0x08A3,0x08A3,0x08A3,0x08A3,0x08A3,0x08A3,0x08A3,
  0x0883,0x0883,0x0883,0x0883,0x0883,0x0883,0x19A7,0x08C3,0x0041,0x0041,0x0041,0x0041,0x0041,0x0041,0x0041,0x0041,
  0x0041,0x0041,0x0041,0x0041,0x0041,0x0041,0x0041,0x0041,0x0041,0x2209,0x08A3,0x08A3,0x08A3,0x1987,0x08A3,0x08A3,
  0x08A3,0xAC8B,0xC50C,0x08A3,0x08A3,0x08A3,0x08A3,0x93EA,0xFE8F,0xFE8F,0xE5CD,0x10E4,0x08A3,0x9C2A,0xD56C,0x10E3,
  0xFE8F,0x62E7,0x08A3,0x08A3,0x08A3,0x08A3,0x08A3,0x08A3,0x08A3,0x08A3,0x08A3,0x08A3,0x08A3,0x08A3,0x08A3,0x08A3,
  0x08A3,0x08A3,0x08A3,0x08A3,0x08A3,0x08A3,0x08A3,0x08A3,0x08A3,0x08A3,0x08A3,0x08A3,0x08A3,0x08A3,0x08A3,0x08A3,
  0x08A3,0x08A3,0x08A3,0x08A3,0x08A3,0x08A3,0x08A3,0x08A3,0x08A3,0x08A3,0x08A3,0x08A3,0x08A3,0x08A3,0x08A3,0x08A3,
  0x08A3,0x08A3,0x08A3,0x08A3,0x08A3,0x08A3,0x08A3,0x08A3,0x08A3,0x08A3,0x08A3,0x08A3,0x08A3,0x08A3,0x08A3,0x08A3,
  0x08A3,0x08A3,0x08A3,0x08A3,0x08A3,0x08A3,0x08A3,0x08A3,0x08A3,0x08A3,0x08A3,0x08A3,0x08A3,0x08A3,0x08A3,0x08A3,
  0x08A3,0x08A3,0x08A3,0x0883,0x0883,0x0883,0x0883,0x0883,0x0883,0x0883,0x0883,0x0883,0x0883,0x0883,0x0883,0x0883,
  0x0883,0x0883,0x0883,0x0883,0x0883,0x0883,0x0883,0x0883,0x0883,0x0883,0x0883,0x0883,0x08C3,0x1166,0x08A3,0x0883,
  0x0883,0x19A7,0x08C3,0x0041,0x0041,0x0041,0x0041,0x2209,0x08A3,0x08A3,0x08A3,0x08A3,0x08A3,0x08A3,0x08A3,0x4AEC,
  0x4AEC,0x530C,0xCF1C,0x2186,0x08A3,0x4AEC,0xCF1C,0x1925,0x08A3,0x08A3,0x4AEC,0x4AEC,0x530C,0xCF1C,0x2186,0x532D,
  0xCF1C,0x08C3,0x08A3,0x08A3,0x7451,0xAE18,0x08A3,0x08A3,0x08A3,0x7C72,0xA5F8,0x08A3,0x4AEC,0xCF1C,0x1905,0x08A3,
  0x08A3,0x08A3,0x7C72,0xA5F8,0x08A3,0x4AEC,0xCF1C,0x7C72,0xAE18,0x08A3,0x08A3,0x08A3,0x7C72,0xA5F8,0x08A3,0x4AEC,
  0xCF1C,0x1905,0x84D3,0x9D76,0x08C3,0xCF1C,0x532D,0x08A3,0x7451,0xAE18,0x638E,0xBE9A,0x08A3,0x08A3,0x08A3,0x4AEC,
  0xCF1C,0x1105,0x08A3,0x08A3,0x08A3,0x08A3,0x08A3,0x08A3,0x08A3,0x08A3,0x08A3,0x08A3,0x08A3,0x08A3,0x08A3,0x08A3,
  0x08A3,0x08A3,0x08A3,0x08A3,0x08A3,0x08A3,0x08A3,0x08A3,0x08A3,0x08A3,0x08A3,0x08A3,0x08A3,0x08A3,0x08A3,0x08A3,
  0x08A3,0x08A3,0x08A3,0x08A3,0x08A3,0x08A3,0x08A3,0x08A3,0x08A3,0x08A3,0x08A3,0x08A3,0x08A3,0x08A3,0x08A3,0x08A3,
  0x08A3,0x08A3,0x08A3,0x08A3,0x08A3,0x08A3,0x08A3,0x08A3,0x08A3,0x08A3,0x08A3,0x08A3,0x08A3,0x08A3,0x08A3,0x08A3,
  0x08A3,0x08A3,0x08A3,0x08A3,0x08A3,0x08A3,0x08A3,0x08A3,0x08A3,0x08A3,0x08A3,0x08A3,0x08A3,0x08A3,0x0883,0x0883,
  0x0883,0x0883,0x0883,0x0883,0x0883,0x0883,0x19A7,0x08C3,0x0041,0x0041,0x0041,0x0041,0x0041,0x0041,0x0041,0x0041,
  0x0041,0x0041,0x0041,0x0041,0x0041,0x0041,0x0041,0x0041,0x0041,0x2209,0x08A3,0x08A3,0x08A3,0x1987,0x08A3,0x08A3,
  0x08A3,0xAC8B,0xC50C,0x10E3,0x8389,0x3185,0x08A3,0x93EA,0xE5ED,0x4A46,0x1904,0x08A3,0x08A3,0x9C0A,0xD56C,0x10E3,
  0xFE8F,0x62C7,0x08A3,0x08A3,0x08A3,0x08A3,0x08A3,0x08A3,0x08A3,0x08A3,0x08A3,0x08A3,0x08A3,0x08A3,0x08A3,0x08A3,
  0x08A3,0x08A3,0x08A3,0x08A3,0x08A3,0x08A3,0x08A3,0x08A3,0x08A3,0x08A3,0x08A3,0x08A3,0x08A3,0x08A3,0x08A3,0x08A3,
  0x08A3,0x08A3,0x08A3,0x08A3,0x08A3,0x08A3,0x08A3,0x08A3,0x08A3,0x08A3,0x08A3,0x08A3,0x08A3,0x08A3,0x08A3,0x08A3,
  0x08A3,0x08A3,0x08A3,0x08A3,0x08A3,0x08A3,0x08A3,0x08A3,0x08A3,0x08A3,0x08A3,0x08A3,0x08A3,0x08A3,0x08A3,0x08A3,
  0x08A3,0x08A3,0x08A3,0x08A3,0x08A3,0x08A3,0x08A3,0x08A3,0x08A3,0x08A3,0x08A3,0x08A3,0x08A3,0x08A3,0x08A3,0x08A3,
  0x08A3,0x08A3,0x08A3,0x0883,0x0883,0x0883,0x0883,0x0883,0x0883,0x0883,0x0883,0x0883,0x0883,0x0883,0x0883,0x0883,
  0x0883,0x0883,0x0883,0x0883,0x0883,0x0883,0x0883,0x0883,0x0883,0x0883,0x0883,0x0883,0x0883,0x1146,0x08C4,0x0883,
  0x0883,0x19A7,0x08C3,0x0041,0x0041,0x0041,0x0041,0x2209,0x08A3,0x08A3,0x08A3,0x08A3,0x08A3,0x08A3,0x08A3,0x7C72,
  0xB67A,0x84B3,0xC71C,0x1945,0x08A3,0x4AEC,0xCF1C,0x1925,0x08A3,0x08A3,0x7C72,0xB67A,0x84B3,0xC71C,0x1945,0x532D,
  0xCF1C,0x08C3,0x08A3,0x08A3,0x7451,0xB67A,0x530D,0x530C,0x10E4,0x7C72,0xA5F8,0x08A3,0x4AEC,0xCF1C,0x1905,0x08A3,
  0x08A3,0x08A3,0x7C72,0xA5F8,0x08A3,0x4AEC,0xCF1C,0x7C72,0xB67A,0x530C,0x530C,0x10E4,0x7C72,0xA5F8,0x08A3,0x4AEC,
  0xCF1C,0x1105,0x6C10,0xBEBB,0x7431,0xCF1C,0x3A49,0x08A3,0x7451,0xAE18,0x3229,0xCF1C,0x29C7,0x08A3,0x08A3,0x4AEC,
  0xCF1C,0x1104,0x08A3,0x08A3,0x08A3,0x08A3,0x08A3,0x08A3,0x08A3,0x08A3,0x08A3,0x08A3,0x08A3,0x08A3,0x08A3,0x08A3,
  0x08A3,0x08A3,0x08A3,0x08A3,0x08A3,0x08A3,0x08A3,0x08A3,0x08A3,0x08A3,0x08A3,0x08A3,0x08A3,0x08A3,0x08A3,0x08A3,
  0x08A3,0x08A3,0x08A3,0x08A3,0x08A3,0x08A3,0x08A3,0x08A3,0x08A3,0x08A3,0x08A3,0x08A3,0x08A3,0x08A3,0x08A3,0x08A3,
  0x08A3,0x08A3,0x08A3,0x08A3,0x08A3,0x08A3,0x08A3,0x08A3,0x08A3,0x08A3,0x08A3,0x08A3,0x08A3,0x08A3,0x08A3,0x08A3,
  0x08A3,0x08A3,0x08A3,0x08A3,0x08A3,0x08A3,0x08A3,0x08A3,0x08A3,0x08A3,0x08A3,0x08A3,0x0883,0x0883,0x0883,0x0883,
  0x0883,0x0883,0x0883,0x0883,0x0883,0x0883,0x19A7,0x08C3,0x0041,0x0041,0x0041,0x0041,0x0041,0x0041,0x0041,0x0041,
  0x0041,0x0041,0x0041,0x0041,0x0041,0x0041,0x0041,0x0041,0x0041,0x2209,0x08A3,0x08A3,0x08A3,0x1987,0x08A3,0x08A3,
  0x08A3,0x8BC9,0xEE0E,0x93C9,0xFE8F,0x39C5,0x08A3,0x93EA,0xDDAD,0x08A3,0x08A3,0x08A3,0x08A3,0x7B48,0xF64E,0x8BC9,
  0xFE8F,0x4206,0x08A3,0x08A3,0x08A3,0x08A3,0x08A3,0x08A3,0x08A3,0x08A3,0x08A3,0x08A3,0x08A3,0x08A3,0x08A3,0x08A3,
  0x08A3,0x08A3,0x08A3,0x08A3,0x08A3,0x08A3,0x08A3,0x08A3,0x08A3,0x08A3,0x08A3,0x08A3,0x08A3,0x08A3,0x08A3,0x08A3,
  0x08A3,0x08A3,0x08A3,0x08A3,0x08A3,0x08A3,0x08A3,0x08A3,0x08A3,0x08A3,0x08A3,0x08A3,0x08A3,0x08A3,0x08A3,0x08A3,
  0x08A3,0x08A3,0x08A3,0x08A3,0x08A3,0x08A3,0x08A3,0x08A3,0x08A3,0x08A3,0x08A3,0x08A3,0x08A3,0x08A3,0x08A3,0x08A3,
  0x08A3,0x08A3,0x08A3,0x08A3,0x08A3,0x08A3,0x08A3,0x08A3,0x08A3,0x08A3,0x08A3,0x08A3,0x08A3,0x08A3,0x08A3,0x08A3,
  0x08A3,0x08A3,0x0883,0x0883,0x0883,0x0883,0x0883,0x0883,0x0883,0x0883,0x0883,0x0883,0x0883,0x0883,0x0883,0x0883,
  0x0883,0x0883,0x0883,0x0883,0x0883,0x0883,0x0883,0x0883,0x0883,0x0883,0x0883,0x0883,0x0883,0x1146,0x08C4,0x0883,
  0x0883,0x19A7,0x08C3,0x0041,0x0041,0x0041,0x0041,0x2209,0x08A3,0x08A3,0x08A3,0x08A3,0x08A3,0x08A3,0x08A3,0x2186,
  0xA5D7,0xBEBB,0x63CF,0x08A3,0x08A3,0x4ACC,0xCF1C,0x1105,0x08A3,0x08A3,0x2186,0xA5D7,0xBEBB,0x63CF,0x08A3,0x532D,
  0xCF1C,0x08C3,0x08A3,0x08A3,0x7431,0xCF1C,0xCF1C,0xCF1C,0x1946,0x7C72,0xA5D7,0x08A3,0x4ACB,0xCF1C,0x1104,0x08A3,
  0x08A3,0x08A3,0x7C72,0xA5D7,0x08A3,0x4ACB,0xCF1C,0x7C72,0xCF1C,0xCF1C,0xCF1C,0x1946,0x7C72,0xA5D7,0x08A3,0x4ACB,
  0xCF1C,0x1104,0x1945,0x9DB7,0xBEBB,0x7C92,0x08A3,0x08A3,0x7431,0xAE18,0x10E4,0xC6FC,0x5B4D,0x08A3,0x08A3,0x4ACB,
  0xCF1C,0x1104,0x08A3,0x08A3,0x08A3,0x08A3,0x08A3,0x08A3,0x08A3,0x08A3,0x08A3,0x08A3,0x08A3,0x08A3,0x08A3,0x08A3,
  0x08A3,0x08A3,0x08A3,0x08A3,0x08A3,0x08A3,0x08A3,0x08A3,0x08A3,0x08A3,0x08A3,0x08A3,0x08A3,0x08A3,0x08A3,0x08A3,
  0x08A3,0x08A3,0x08A3,0x08A3,0x08A3,0x08A3,0x08A3,0x08A3,0x08A3,0x08A3,0x08A3,0x08A3,0x08A3,0x08A3,0x08A3,0x08A3,
  0x08A3,0x08A3,0x08A3,0x08A3,0x08A3,0x08A3,0x08A3,0x08A3,0x08A3,0x08A3,0x08A3,0x08A3,0x08A3,0x08A3,0x08A3,0x08A3,
  0x08A3,0x08A3,0x08A3,0x08A3,0x08A3,0x08A3,0x08A3,0x08A3,0x08A3,0x08A3,0x0883,0x0883,0x0883,0x0883,0x0883,0x0883,
  0x0883,0x0883,0x0883,0x0883,0x0883,0x0883,0x19A7,0x08C3,0x0041,0x0041,0x0041,0x0041,0x0041,0x0041,0x0041,0x0041,
  0x0041,0x0041,0x0041,0x0041,0x0041,0x0041,0x0041,0x0041,0x0041,0x2209,0x08A3,0x08A3,0x08A3,0x1987,0x08A3,0x08A3,
  0x08A3,0x2144,0xCD2C,0xF62E,0x93EA,0x08A3,0x08A3,0x93EA,0xDD8D,0x08A3,0x08A3,0x08A3,0x08A3,0x1904,0xBCEB,0xF62E,
  0x9C0A,0x08A3,0x08A3,0x08A3,0x08A3,0x08A3,0x08A3,0x08A3,0x08A3,0x08A3,0x08A3,0x08A3,0x08A3,0x08A3,0x08A3,0x08A3,
  0x08A3,0x08A3,0x08A3,0x08A3,0x08A3,0x08A3,0x08A3,0x08A3,0x08A3,0x08A3,0x08A3,0x08A3,0x08A3,0x08A3,0x08A3,0x08A3,
  0x08A3,0x08A3,0x08A3,0x08A3,0x08A3,0x08A3,0x08A3,0x08A3,0x08A3,0x08A3,0x08A3,0x08A3,0x08A3,0x08A3,0x08A3,0x08A3,
  0x08A3,0x08A3,0x08A3,0x08A3,0x08A3,0x08A3,0x08A3,0x08A3,0x08A3,0x08A3,0x08A3,0x08A3,0x08A3,0x08A3,0x08A3,0x08A3,
  0x08A3,0x08A3,0x08A3,0x08A3,0x08A3,0x08A3,0x08A3,0x08A3,0x08A3,0x08A3,0x08A3,0x08A3,0x08A3,0x08A3,0x08A3,0x08A3,
  0x08A3,0x0883,0x0883,0x0883,0x0883,0x0883,0x0883,0x0883,0x0883,0x0883,0x0883,0x0883,0x0883,0x0883,0x0883,0x0883,
  0x0883,0x0883,0x0883,0x0883,0x0883,0x0883,0x0883,0x0883,0x0883,0x0883,0x0883,0x0883,0x0883,0x1146,0x08C4,0x0883,
  0x0883,0x19A7,0x08C3,0x0041,0x0041,0x0041,0x0041,0x2209,0x08A3,0x08A3,0x08A3,0x08A3,0x08A3,0x08A3,0x08A3,0x08A3,
  0x08A3,0x08A3,0x08A3,0x08A3,0x08A3,0x08A3,0x08A3,0x08A3,0x08A3,0x08A3,0x08A3,0x08A3,0x08A3,0x08A3,0x08A3,0x08A3,
  0x08A3,0x08A3,0x08A3,0x08A3,0x08A3,0x08A3,0x08A3,0x08A3,0x08A3,0x08A3,0x08A3,0x08A3,0x08A3,0x08A3,0x08A3,0x08A3,
  0x08A3,0x08A3,0x08A3,0x08A3,0x08A3,0x08A3,0x08A3,0x08A3,0x08A3,0x08A3,0x08A3,0x08A3,0x08A3,0x08A3,0x08A3,0x08A3,
  0x08A3,0x08A3,0x08A3,0x08A3,0x08A3,0x08A3,0x08A3,0x08A3,0x08A3,0x08A3,0x08A3,0x08A3,0x08A3,0x08A3,0x08A3,0x08A3,
  0x08A3,0x08A3,0x08A3,0x08A3,0x08A3,0x08A3,0x08A3,0x08A3,0x08A3,0x08A3,0x08A3,0x08A3,0x08A3,0x08A3,0x08A3,0x08A3,
  0x08A3,0x08A3,0x08A3,0x08A3,0x08A3,0x08A3,0x08A3,0x08A3,0x08A3,0x08A3,0x08A3,0x08A3,0x08A3,0x08A3,0x08A3,0x08A3,
  0x08A3,0x08A3,0x08A3,0x08A3,0x08A3,0x08A3,0x08A3,0x08A3,0x08A3,0x08A3,0x08A3,0x08A3,0x08A3,0x08A3,0x08A3,0x08A3,
  0x08A3,0x08A3,0x08A3,0x08A3,0x08A3,0x08A3,0x08A3,0x08A3,0x08A3,0x08A3,0x08A3,0x08A3,0x08A3,0x08A3,0x08A3,0x08A3,
  0x08A3,0x08A3,0x08A3,0x08A3,0x08A3,0x08A3,0x08A3,0x08A3,0x0883,0x0883,0x0883,0x0883,0x0883,0x0883,0x0883,0x0883,
  0x0883,0x0883,0x0883,0x0883,0x0883,0x0883,0x19A7,0x08C3,0x0041,0x0041,0x0041,0x0041,0x0041,0x0041,0x0041,0x0041,
  0x0041,0x0041,0x0041,0x0041,0x0041,0x0041,0x0041,0x0041,0x0041,0x2209,0x08A3,0x08A3,0x08A3,0x1987,0x08A3,0x08A3,
  0x08A3,0x08A3,0x08A3,0x08A3,0x08A3,0x08A3,0x08A3,0x08A3,0x08A3,0x08A3,0x08A3,0x08A3,0x08A3,0x08A3,0x08A3,0x08A3,
  0x08A3,0x08A3,0x08A3,0x08A3,0x08A3,0x08A3,0x08A3,0x08A3,0x08A3,0x08A3,0x08A3,0x08A3,0x08A3,0x08A3,0x08A3,0x08A3,
  0x08A3,0x08A3,0x08A3,0x08A3,0x08A3,0x08A3,0x08A3,0x08A3,0x08A3,0x08A3,0x08A3,0x08A3,0x08A3,0x08A3,0x08A3,0x08A3,
  0x08A3,0x08A3,0x08A3,0x08A3,0x08A3,0x08A3,0x08A3,0x08A3,0x08A3,0x08A3,0x08A3,0x08A3,0x08A3,0x08A3,0x08A3,0x08A3,
  0x08A3,0x08A3,0x08A3,0x08A3,0x08A3,0x08A3,0x08A3,0x08A3,0x08A3,0x08A3,0x08A3,0x08A3,0x08A3,0x08A3,0x08A3,0x08A3,
  0x08A3,0x08A3,0x08A3,0x08A3,0x08A3,0x08A3,0x08A3,0x08A3,0x08A3,0x08A3,0x08A3,0x08A3,0x08A3,0x08A3,0x08A3,0x08A3,
  0x0883,0x0883,0x0883,0x0883,0x0883,0x0883,0x0883,0x0883,0x0883,0x0883,0x0883,0x0883,0x0883,0x0883,0x0883,0x0883,
  0x0883,0x0883,0x0883,0x0883,0x0883,0x0883,0x0883,0x0883,0x0883,0x0883,0x0883,0x0883,0x0883,0x1146,0x08C4,0x0883,
  0x0883,0x19A7,0x08C3,0x0041,0x0041,0x0041,0x0041,0x2209,0x08A3,0x08A3,0x08A3,0x08A3,0x08A3,0x08A3,0x08A3,0x08A3,
  0x08A3,0x08A3,0x08A3,0x08A3,0x08A3,0x08A3,0x08A3,0x08A3,0x08A3,0x08A3,0x08A3,0x08A3,0x08A3,0x08A3,0x08A3,0x08A3,
  0x08A3,0x08A3,0x08A3,0x08A3,0x08A3,0x08A3,0x08A3,0x08A3,0x08A3,0x08A3,0x08A3,0x08A3,0x08A3,0x08A3,0x08A3,0x08A3,
  0x08A3,0x08A3,0x08A3,0x08A3,0x08A3,0x08A3,0x08A3,0x08A3,0x08A3,0x08A3,0x08A3,0x08A3,0x08A3,0x08A3,0x08A3,0x08A3,
  0x08A3,0x08A3,0x08A3,0x08A3,0x08A3,0x08A3,0x08A3,0x08A3,0x08A3,0x08A3,0x08A3,0x08A3,0x08A3,0x08A3,0x08A3,0x08A3,
  0x08A3,0x08A3,0x08A3,0x08A3,0x08A3,0x08A3,0x08A3,0x08A3,0x08A3,0x08A3,0x08A3,0x08A3,0x08A3,0x08A3,0x08A3,0x08A3,
  0x08A3,0x08A3,0x08A3,0x08A3,0x08A3,0x08A3,0x08A3,0x08A3,0x08A3,0x08A3,0x08A3,0x08A3,0x08A3,0x08A3,0x08A3,0x08A3,
  0x08A3,0x08A3,0x08A3,0x08A3,0x08A3,0x08A3,0x08A3,0x08A3,0x08A3,0x08A3,0x08A3,0x08A3,0x08A3,0x08A3,0x08A3,0x08A3,
  0x08A3,0x08A3,0x08A3,0x08A3,0x08A3,0x08A3,0x08A3,0x08A3,0x08A3,0x08A3,0x08A3,0x08A3,0x08A3,0x08A3,0x08A3,0x08A3,
  0x08A3,0x08A3,0x08A3,0x08A3,0x08A3,0x08A3,0x0883,0x0883,0x0883,0x0883,0x0883,0x0883,0x0883,0x0883,0x0883,0x0883,
  0x0883,0x0883,0x0883,0x0883,0x0883,0x0883,0x19A7,0x08C3,0x0041,0x0041,0x0041,0x0041,0x0041,0x0041,0x0041,0x0041,
  0x0041,0x0041,0x0041,0x0041,0x0041,0x0041,0x0041,0x0041,0x0041,0x2209,0x08A3,0x08A3,0x08A3,0x1987,0x08A3,0x08A3,
  0x08A3,0x08A3,0x08A3,0x08A3,0x08A3,0x08A3,0x08A3,0x08A3,0x08A3,0x08A3,0x08A3,0x08A3,0x08A3,0x08A3,0x08A3,0x08A3,
  0x08A3,0x08A3,0x08A3,0x08A3,0x08A3,0x08A3,0x08A3,0x08A3,0x08A3,0x08A3,0x08A3,0x08A3,0x08A3,0x08A3,0x08A3,0x08A3,
  0x08A3,0x08A3,0x08A3,0x08A3,0x08A3,0x08A3,0x08A3,0x08A3,0x08A3,0x08A3,0x08A3,0x08A3,0x08A3,0x08A3,0x08A3,0x08A3,
  0x08A3,0x08A3,0x08A3,0x08A3,0x08A3,0x08A3,0x08A3,0x08A3,0x08A3,0x08A3,0x08A3,0x08A3,0x08A3,0x08A3,0x08A3,0x08A3,
  0x08A3,0x08A3,0x08A3,0x08A3,0x08A3,0x08A3,0x08A3,0x08A3,0x08A3,0x08A3,0x08A3,0x08A3,0x08A3,0x08A3,0x08A3,0x08A3,
  0x08A3,0x08A3,0x08A3,0x08A3,0x08A3,0x08A3,0x08A3,0x08A3,0x08A3,0x08A3,0x08A3,0x08A3,0x08A3,0x08A3,0x08A3,0x0883,
  0x0883,0x0883,0x0883,0x0883,0x0883,0x0883,0x0883,0x0883,0x0883,0x0883,0x0883,0x0883,0x0883,0x0883,0x0883,0x0883,
  0x0883,0x0883,0x0883,0x0883,0x0883,0x0883,0x0883,0x0883,0x0883,0x0883,0x0883,0x0883,0x0883,0x1146,0x08C4,0x0883,
  0x0883,0x19A7,0x08C3,0x0041,0x0041,0x0041,0x0041,0x2209,0x08A3,0x08A3,0x08A3,0x08A3,0x08A3,0x08A3,0x08A3,0x08A3,
  0x08A3,0x08A3,0x08A3,0x08A3,0x08A3,0x08A3,0x08A3,0x08A3,0x08A3,0x08A3,0x08A3,0x08A3,0x08A3,0x08A3,0x08A3,0x08A3,
  0x08A3,0x08A3,0x08A3,0x08A3,0x08A3,0x08A3,0x08A3,0x08A3,0x08A3,0x08A3,0x08A3,0x08A3,0x08A3,0x08A3,0x08A3,0x08A3,
  0x08A3,0x08A3,0x08A3,0x08A3,0x08A3,0x08A3,0x08A3,0x08A3,0x08A3,0x08A3,0x08A3,0x08A3,0x08A3,0x08A3,0x08A3,0x08A3,
  0x08A3,0x08A3,0x08A3,0x08A3,0x08A3,0x08A3,0x08A3,0x08A3,0x08A3,0x08A3,0x08A3,0x08A3,0x08A3,0x08A3,0x08A3,0x08A3,
  0x08A3,0x08A3,0x08A3,0x08A3,0x08A3,0x08A3,0x08A3,0x08A3,0x08A3,0x08A3,0x08A3,0x08A3,0x08A3,0x08A3,0x08A3,0x08A3,
  0x08A3,0x08A3,0x08A3,0x08A3,0x08A3,0x08A3,0x08A3,0x08A3,0x08A3,0x08A3,0x08A3,0x08A3,0x08A3,0x08A3,0x08A3,0x08A3,
  0x08A3,0x08A3,0x08A3,0x08A3,0x08A3,0x08A3,0x08A3,0x08A3,0x08A3,0x08A3,0x08A3,0x08A3,0x08A3,0x08A3,0x08A3,0x08A3,
  0x08A3,0x08A3,0x08A3,0x08A3,0x08A3,0x08A3,0x08A3,0x08A3,0x08A3,0x08A3,0x08A3,0x08A3,0x08A3,0x08A3,0x08A3,0x08A3,
  0x08A3,0x08A3,0x08A3,0x08A3,0x0883,0x0883,0x0883,0x0883,0x0883,0x0883,0x0883,0x0883,0x0883,0x0883,0x0883,0x0883,
  0x0883,0x0883,0x0883,0x0883,0x0883,0x0883,0x19A7,0x08C3,0x0041,0x0041,0x0041,0x0041,0x0041,0x0041,0x0041,0x0041,
  0x0041,0x0041,0x0041,0x0041,0x0041,0x0041,0x0041,0x0041,0x0041,0x2209,0x08A3,0x08A3,0x08A3,0x1987,0x08A3,0x08A3,
  0x08A3,0x08A3,0x08A3,0x08A3,0x08A3,0x08A3,0x08A3,0x08A3,0x08A3,0x08A3,0x08A3,0x08A3,0x08A3,0x08A3,0x08A3,0x08A3,
  0x08A3,0x08A3,0x08A3,0x08A3,0x08A3,0x08A3,0x08A3,0x08A3,0x08A3,0x08A3,0x08A3,0x08A3,0x08A3,0x08A3,0x08A3,0x08A3,
  0x08A3,0x08A3,0x08A3,0x08A3,0x08A3,0x08A3,0x08A3,0x08A3,0x08A3,0x08A3,0x08A3,0x08A3,0x08A3,0x08A3,0x08A3,0x08A3,
  0x08A3,0x08A3,0x08A3,0x08A3,0x08A3,0x08A3,0x08A3,0x08A3,0x08A3,0x08A3,0x08A3,0x08A3,0x08A3,0x08A3,0x08A3,0x08A3,
  0x08A3,0x08A3,0x08A3,0x08A3,0x08A3,0x08A3,0x08A3,0x08A3,0x08A3,0x08A3,0x08A3,0x08A3,0x08A3,0x08A3,0x08A3,0x08A3,
  0x08A3,0x08A3,0x08A3,0x08A3,0x08A3,0x08A3,0x08A3,0x08A3,0x08A3,0x08A3,0x08A3,0x08A3,0x08A3,0x08A3,0x0883,0x0883,
  0x0883,0x0883,0x0883,0x0883,0x0883,0x0883,0x0883,0x0883,0x0883,0x0883,0x0883,0x0883,0x0883,0x0883,0x0883,0x0883,
  0x0883,0x0883,0x0883,0x0883,0x0883,0x0883,0x0883,0x0883,0x0883,0x0883,0x0883,0x0883,0x0883,0x1146,0x08C4,0x0883,
  0x0883,0x19A7,0x08C3,0x0041,0x0041,0x0041,0x0041,0x2209,0x08A3,0x08A3,0x08A3,0x08A3,0x08A3,0x08A3,0x08A3,0x08A3,
  0x08A3,0x08A3,0x08A3,0x08A3,0x08A3,0x08A3,0x08A3,0x08A3,0x08A3,0x08A3,0x08A3,0x08A3,0x08A3,0x08A3,0x08A3,0x08A3,
  0x08A3,0x08A3,0x08A3,0x08A3,0x08A3,0x08A3,0x08A3,0x08A3,0x08A3,0x08A3,0x08A3,0x08A3,0x08A3,0x08A3,0x08A3,0x08A3,
  0x08A3,0x08A3,0x08A3,0x08A3,0x08A3,0x08A3,0x08A3,0x08A3,0x08A3,0x08A3,0x08A3,0x08A3,0x08A3,0x08A3,0x08A3,0x08A3,
  0x08A3,0x08A3,0x08A3,0x08A3,0x08A3,0x08A3,0x08A3,0x08A3,0x08A3,0x08A3,0x08A3,0x08A3,0x08A3,0x08A3,0x08A3,0x08A3,
  0x08A3,0x08A3,0x08A3,0x08A3,0x08A3,0x08A3,0x08A3,0x08A3,0x08A3,0x08A3,0x08A3,0x08A3,0x08A3,0x08A3,0x08A3,0x08A3,
  0x08A3,0x08A3,0x08A3,0x08A3,0x08A3,0x08A3,0x08A3,0x08A3,0x08A3,0x08A3,0x08A3,0x08A3,0x08A3,0x08A3,0x08A3,0x08A3,
  0x08A3,0x08A3,0x08A3,0x08A3,0x08A3,0x08A3,0x08A3,0x08A3,0x08A3,0x08A3,0x08A3,0x08A3,0x08A3,0x08A3,0x08A3,0x08A3,
  0x08A3,0x08A3,0x08A3,0x08A3,0x08A3,0x08A3,0x08A3,0x08A3,0x08A3,0x08A3,0x08A3,0x08A3,0x08A3,0x08A3,0x08A3,0x08A3,
  0x08A3,0x0883,0x0883,0x0883,0x0883,0x0883,0x0883,0x0883,0x0883,0x0883,0x0883,0x0883,0x0883,0x0883,0x0883,0x0883,
  0x0883,0x0883,0x0883,0x0883,0x0883,0x0883,0x19A7,0x08C3,0x0041,0x0041,0x0041,0x0041,0x0041,0x0041,0x0041,0x0041,
  0x0041,0x0041,0x0041,0x0041,0x0041,0x0041,0x0041,0x0041,0x0041,0x2209,0x08A3,0x08A3,0x08A3,0x1987,0x08A3,0x08A3,
  0x08A3,0x21A8,0x21A8,0x21A8,0x21A8,0x21A8,0x21A8,0x21A8,0x21A8,0x21A8,0x21A8,0x21A8,0x21A8,0x21A8,0x21A8,0x21A8,
  0x21A8,0x21A8,0x21A8,0x21A8,0x21A8,0x21A8,0x21A8,0x21A8,0x21A8,0x21A8,0x21A8,0x21A8,0x21A8,0x21A8,0x21A8,0x21A8,
  0x21A8,0x21A8,0x21A8,0x21A8,0x21A8,0x21A8,0x21A8,0x21A8,0x21A8,0x21A8,0x21A8,0x21A8,0x21A8,0x21A8,0x21A8,0x21A8,
  0x21A8,0x21A8,0x21A8,0x21A8,0x21A8,0x21A8,0x21A8,0x21A8,0x21A8,0x21A8,0x21A8,0x21A8,0x21A8,0x21A8,0x21A8,0x21A8,
  0x21A8,0x21A8,0x21A8,0x21A8,0x21A8,0x21A8,0x21A8,0x21A8,0x21A8,0x21A8,0x21A8,0x21A8,0x21A8,0x21A8,0x21A8,0x21A8,
  0x21A8,0x21A8,0x21A8,0x21A8,0x21A8,0x21A8,0x21A8,0x21A8,0x21A8,0x21A8,0x21A8,0x21A8,0x21A8,0x21A8,0x21A8,0x21A8,
  0x21A8,0x21A8,0x21A8,0x21A8,0x21A8,0x21A8,0x21A8,0x21A8,0x21A8,0x21A8,0x21A8,0x21A8,0x21A8,0x21A8,0x21A8,0x21A8,
  0x21A8,0x21A8,0x21A8,0x21A8,0x21A8,0x21A8,0x21A8,0x21A8,0x21A8,0x21A8,0x21A8,0x21A8,0x21A8,0x1146,0x08C4,0x0883,
  0x0883,0x19A7,0x08C3,0x0041,0x0041,0x0041,0x0041,0x2209,0x08A3,0x08A3,0x08A3,0x08A3,0x08A3,0x08A3,0x08A3,0x21A8,
  0x21A8,0x21A8,0x21A8,0x21A8,0x21A8,0x21A8,0x21A8,0x21A8,0x21A8,0x21A8,0x21A8,0x21A8,0x21A8,0x21A8,0x21A8,0x21A8,
  0x21A8,0x21A8,0x21A8,0x21A8,0x21A8,0x21A8,0x21A8,0x21A8,0x21A8,0x21A8,0x21A8,0x21A8,0x21A8,0x21A8,0x21A8,0x21A8,
  0x21A8,0x21A8,0x21A8,0x21A8,0x21A8,0x21A8,0x21A8,0x21A8,0x21A8,0x21A8,0x21A8,0x21A8,0x21A8,0x21A8,0x21A8,0x21A8,
  0x21A8,0x21A8,0x21A8,0x21A8,0x21A8,0x21A8,0x21A8,0x21A8,0x21A8,0x21A8,0x21A8,0x21A8,0x21A8,0x21A8,0x21A8,0x21A8,
  0x21A8,0x21A8,0x21A8,0x21A8,0x21A8,0x21A8,0x21A8,0x21A8,0x21A8,0x21A8,0x21A8,0x21A8,0x21A8,0x21A8,0x21A8,0x21A8,
  0x21A8,0x21A8,0x21A8,0x21A8,0x21A8,0x21A8,0x21A8,0x21A8,0x21A8,0x21A8,0x21A8,0x21A8,0x21A8,0x21A8,0x21A8,0x21A8,
  0x21A8,0x21A8,0x21A8,0x21A8,0x21A8,0x21A8,0x21A8,0x21A8,0x21A8,0x21A8,0x21A8,0x21A8,0x21A8,0x21A8,0x21A8,0x21A8,
  0x21A8,0x21A8,0x21A8,0x21A8,0x21A8,0x21A8,0x21A8,0x21A8,0x21A8,0x21A8,0x21A8,0x21A8,0x21A8,0x21A8,0x21A8,0x21A8,
  0x21A8,0x21A8,0x21A8,0x21A8,0x21A8,0x21A8,0x21A8,0x21A8,0x21A8,0x21A8,0x21A8,0x21A8,0x21A8,0x21A8,0x21A8,0x0883,
  0x0883,0x0883,0x0883,0x0883,0x0883,0x0883,0x19A7,0x08C3,0x0041,0x0041,0x0041,0x0041,0x0041,0x0041,0x0041,0x0041,
  0x0041,0x0041,0x0041,0x0041,0x0041,0x0041,0x0041,0x0041,0x0041,0x2209,0x08A3,0x08A3,0x08A3,0x1987,0x08A3,0x08A3,
  0x08A3,0x08A3,0x08A3,0x08A3,0x08A3,0x08A3,0x08A3,0x08A3,0x08A3,0x08A3,0x08A3,0x08A3,0x08A3,0x08A3,0x08A3,0x08A3,
  0x08A3,0x08A3,0x08A3,0x08A3,0x08A3,0x08A3,0x08A3,0x08A3,0x08A3,0x08A3,0x08A3,0x08A3,0x08A3,0x08A3,0x08A3,0x08A3,
  0x08A3,0x08A3,0x08A3,0x08A3,0x08A3,0x08A3,0x08A3,0x08A3,0x08A3,0x08A3,0x08A3,0x08A3,0x08A3,0x08A3,0x08A3,0x08A3,
  0x08A3,0x08A3,0x08A3,0x08A3,0x08A3,0x08A3,0x08A3,0x08A3,0x08A3,0x08A3,0x08A3,0x08A3,0x08A3,0x08A3,0x08A3,0x08A3,
  0x08A3,0x08A3,0x08A3,0x08A3,0x08A3,0x08A3,0x08A3,0x08A3,0x08A3,0x08A3,0x08A3,0x08A3,0x08A3,0x08A3,0x08A3,0x08A3,
  0x08A3,0x08A3,0x08A3,0x08A3,0x08A3,0x08A3,0x08A3,0x08A3,0x08A3,0x08A3,0x08A3,0x08A3,0x08A3,0x0883,0x0883,0x0883,
  0x0883,0x0883,0x0883,0x0883,0x0883,0x0883,0x0883,0x0883,0x0883,0x0883,0x0883,0x0883,0x0883,0x0883,0x0883,0x0883,
  0x0883,0x0883,0x0883,0x0883,0x0883,0x0883,0x0883,0x0883,0x0883,0x0883,0x0883,0x0883,0x0883,0x1146,0x08C4,0x0883,
  0x0883,0x19A7,0x08C3,0x0041,0x0041,0x0041,0x0041,0x2209,0x08A3,0x08A3,0x08A3,0x08A3,0x08A3,0x08A3,0x08A3,0x08A3,
  0x08A3,0x08A3,0x08A3,0x08A3,0x08A3,0x08A3,0x08A3,0x08A3,0x08A3,0x08A3,0x08A3,0x08A3,0x08A3,0x08A3,0x08A3,0x08A3,
  0x08A3,0x08A3,0x08A3,0x08A3,0x08A3,0x08A3,0x08A3,0x08A3,0x08A3,0x08A3,0x08A3,0x08A3,0x08A3,0x08A3,0x08A3,0x08A3,
  0x08A3,0x08A3,0x08A3,0x08A3,0x08A3,0x08A3,0x08A3,0x08A3,0x08A3,0x08A3,0x08A3,0x08A3,0x08A3,0x08A3,0x08A3,0x08A3,
  0x08A3,0x08A3,0x08A3,0x08A3,0x08A3,0x08A3,0x08A3,0x08A3,0x08A3,0x08A3,0x08A3,0x08A3,0x08A3,0x08A3,0x08A3,0x08A3,
  0x08A3,0x08A3,0x08A3,0x08A3,0x08A3,0x08A3,0x08A3,0x08A3,0x08A3,0x08A3,0x08A3,0x08A3,0x08A3,0x08A3,0x08A3,0x08A3,
  0x08A3,0x08A3,0x08A3,0x08A3,0x08A3,0x08A3,0x08A3,0x08A3,0x08A3,0x08A3,0x08A3,0x08A3,0x08A3,0x08A3,0x08A3,0x08A3,
  0x08A3,0x08A3,0x08A3,0x08A3,0x08A3,0x08A3,0x08A3,0x08A3,0x08A3,0x08A3,0x08A3,0x08A3,0x08A3,0x08A3,0x08A3,0x08A3,
  0x08A3,0x08A3,0x08A3,0x08A3,0x08A3,0x08A3,0x08A3,0x08A3,0x08A3,0x08A3,0x08A3,0x08A3,0x08A3,0x0883,0x0883,0x0883,
  0x0883,0x0883,0x0883,0x0883,0x0883,0x0883,0x0883,0x0883,0x0883,0x0883,0x0883,0x0883,0x0883,0x0883,0x0883,0x0883,
  0x0883,0x0883,0x0883,0x0883,0x0883,0x0883,0x19A7,0x08C3,0x0041,0x0041,0x0041,0x0041,0x0041,0x0041,0x0041,0x0041,
  0x0041,0x0041,0x0041,0x0041,0x0041,0x0041,0x0041,0x0041,0x0041,0x2209,0x08A3,0x08A3,0x08A3,0x1987,0x08A3,0x08A3,
  0x08A3,0x08A3,0x08A3,0x08A3,0x08A3,0x08A3,0x08A3,0x08A3,0x08A3,0x08A3,0x08A3,0x08A3,0x08A3,0x08A3,0x08A3,0x08A3,
  0x08A3,0x08A3,0x08A3,0x08A3,0x08A3,0x08A3,0x08A3,0x08A3,0x08A3,0x08A3,0x08A3,0x08A3,0x08A3,0x08A3,0x08A3,0x08A3,
  0x08A3,0x08A3,0x08A3,0x08A3,0x08A3,0x08A3,0x08A3,0x08A3,0x08A3,0x08A3,0x08A3,0x08A3,0x08A3,0x08A3,0x08A3,0x08A3,
  0x08A3,0x08A3,0x08A3,0x08A3,0x08A3,0x08A3,0x08A3,0x08A3,0x08A3,0x08A3,0x08A3,0x08A3,0x08A3,0x08A3,0x08A3,0x08A3,
  0x08A3,0x08A3,0x08A3,0x08A3,0x08A3,0x08A3,0x08A3,0x08A3,0x08A3,0x08A3,0x08A3,0x08A3,0x08A3,0x08A3,0x08A3,0x08A3,
  0x08A3,0x08A3,0x08A3,0x08A3,0x08A3,0x08A3,0x08A3,0x08A3,0x08A3,0x08A3,0x08A3,0x08A3,0x0883,0x0883,0x0883,0x0883,
  0x0883,0x0883,0x0883,0x0883,0x0883,0x0883,0x0883,0x0883,0x0883,0x0883,0x0883,0x0883,0x0883,0x0883,0x0883,0x0883,
  0x0883,0x0883,0x0883,0x0883,0x0883,0x0883,0x0883,0x0883,0x0883,0x0883,0x0883,0x0883,0x0883,0x1146,0x08C4,0x0883,
  0x0883,0x19A7,0x08C3,0x0041,0x0041,0x0041,0x0041,0x2209,0x08A3,0x08A3,0x08A3,0x08A3,0x08A3,0x08A3,0x08A3,0x08A3,
  0x08A3,0x08A3,0x08A3,0x08A3,0x08A3,0x08A3,0x08A3,0x08A3,0x08A3,0x08A3,0x08A3,0x08A3,0x08A3,0x08A3,0x08A3,0x08A3,
  0x08A3,0x08A3,0x08A3,0x08A3,0x08A3,0x08A3,0x08A3,0x08A3,0x08A3,0x08A3,0x08A3,0x08A3,0x08A3,0x08A3,0x08A3,0x08A3,
  0x08A3,0x08A3,0x08A3,0x08A3,0x08A3,0x08A3,0x08A3,0x08A3,0x08A3,0x08A3,0x08A3,0x08A3,0x08A3,0x08A3,0x08A3,0x08A3,
  0x08A3,0x08A3,0x08A3,0x08A3,0x08A3,0x08A3,0x08A3,0x08A3,0x08A3,0x08A3,0x08A3,0x08A3,0x08A3,0x08A3,0x08A3,0x08A3,
  0x08A3,0x08A3,0x08A3,0x08A3,0x08A3,0x08A3,0x08A3,0x08A3,0x08A3,0x08A3,0x08A3,0x08A3,0x08A3,0x08A3,0x08A3,0x08A3,
  0x08A3,0x08A3,0x08A3,0x08A3,0x08A3,0x08A3,0x08A3,0x08A3,0x08A3,0x08A3,0x08A3,0x08A3,0x08A3,0x08A3,0x08A3,0x08A3,
  0x08A3,0x08A3,0x08A3,0x08A3,0x08A3,0x08A3,0x08A3,0x08A3,0x08A3,0x08A3,0x08A3,0x08A3,0x08A3,0x08A3,0x08A3,0x08A3,
  0x08A3,0x08A3,0x08A3,0x08A3,0x08A3,0x08A3,0x08A3,0x08A3,0x08A3,0x08A3,0x08A3,0x0883,0x0883,0x0883,0x0883,0x0883,
  0x0883,0x0883,0x0883,0x0883,0x0883,0x0883,0x0883,0x0883,0x0883,0x0883,0x0883,0x0883,0x0883,0x0883,0x0883,0x0883,
  0x0883,0x0883,0x0883,0x0883,0x0883,0x0883,0x19A7,0x08C3,0x0041,0x0041,0x0041,0x0041,0x0041,0x0041,0x0041,0x0041,
  0x0041,0x0041,0x0041,0x0041,0x0041,0x0041,0x0041,0x0041,0x0041,0x2209,0x08A3,0x08A3,0x08A3,0x1987,0x08A3,0x08A3,
  0x08A3,0x08A3,0x08A3,0x08A3,0x08A3,0x08A3,0x08A3,0x08A3,0x08A3,0x08A3,0x08A3,0x08A3,0x08A3,0x08A3,0x08A3,0x08A3,
  0x08A3,0x08A3,0x08A3,0x08A3,0x08A3,0x08A3,0x08A3,0x08A3,0x08A3,0x08A3,0x08A3,0x08A3,0x08A3,0x08A3,0x08A3,0x08A3,
  0x08A3,0x08A3,0x08A3,0x08A3,0x08A3,0x08A3,0x08A3,0x08A3,0x08A3,0x08A3,0x08A3,0x08A3,0x08A3,0x08A3,0x08A3,0x08A3,
  0x08A3,0x08A3,0x08A3,0x08A3,0x08A3,0x08A3,0x08A3,0x08A3,0x08A3,0x08A3,0x08A3,0x08A3,0x08A3,0x08A3,0x08A3,0x08A3,
  0x08A3,0x08A3,0x08A3,0x08A3,0x08A3,0x08A3,0x08A3,0x08A3,0x08A3,0x08A3,0x08A3,0x08A3,0x08A3,0x08A3,0x08A3,0x08A3,
  0x08A3,0x08A3,0x08A3,0x08A3,0x08A3,0x08A3,0x08A3,0x08A3,0x08A3,0x08A3,0x08A3,0x0883,0x0883,0x0883,0x0883,0x0883,
  0x0883,0x0883,0x0883,0x0883,0x0883,0x0883,0x0883,0x0883,0x0883,0x0883,0x0883,0x0883,0x0883,0x0883,0x0883,0x0883,
  0x0883,0x0883,0x0883,0x0883,0x0883,0x0883,0x0883,0x0883,0x0883,0x0883,0x0883,0x0883,0x0883,0x1146,0x08C4,0x0883,
  0x0883,0x19A7,0x08C3,0x0041,0x0041,0x0041,0x0041,0x2209,0x08A3,0x08A3,0x08A3,0x08A3,0x08A3,0x08A3,0x08A3,0x08A3,
  0x08A3,0x08A3,0x08A3,0x08A3,0x08A3,0x08A3,0x08A3,0x08A3,0x08A3,0x08A3,0x08A3,0x08A3,0x08A3,0x08A3,0x08A3,0x08A3,
  0x08A3,0x08A3,0x08A3,0x08A3,0x08A3,0x08A3,0x08A3,0x08A3,0x08A3,0x08A3,0x08A3,0x08A3,0x08A3,0x08A3,0x08A3,0x08A3,
  0x08A3,0x08A3,0x08A3,0x08A3,0x08A3,0x08A3,0x08A3,0x08A3,0x08C4,0x2166,0x08A3,0x08A3,0x08A3,0x08A3,0x08A3,0x08A3,
  0x08A3,0x08A3,0x08A3,0x08A3,0x08A3,0x08A3,0x08A3,0x08A3,0x08A3,0x08A3,0x08A3,0x08A3,0x08A3,0x08A3,0x08A3,0x08A3,
  0x08A3,0x08A3,0x08A3,0x08A3,0x08A3,0x08A3,0x08A3,0x08A3,0x08A3,0x08A3,0x08A3,0x08A3,0x08A3,0x08A3,0x08A3,0x08A3,
  0x08A3,0x08A3,0x08A3,0x08A3,0x08A3,0x08A3,0x08A3,0x08A3,0x08A3,0x08A3,0x08A3,0x08A3,0x08A3,0x08A3,0x08A3,0x08A3,
  0x08A3,0x08A3,0x08A3,0x08A3,0x08A3,0x08A3,0x08A3,0x08A3,0x08A3,0x08A3,0x08A3,0x08A3,0x08A3,0x08A3,0x08A3,0x08A3,
  0x08A3,0x08A3,0x08A3,0x08A3,0x08A3,0x08A3,0x08A3,0x08A3,0x08A3,0x0883,0x0883,0x0883,0x0883,0x0883,0x0883,0x0883,
  0x0883,0x0883,0x0883,0x0883,0x0883,0x0883,0x0883,0x0883,0x0883,0x0883,0x0883,0x0883,0x0883,0x0883,0x0883,0x0883,
  0x0883,0x0883,0x0883,0x0883,0x0883,0x0883,0x19A7,0x08C3,0x0041,0x0041,0x0041,0x0041,0x0041,0x0041,0x0041,0x0041,
  0x0041,0x0041,0x0041,0x0041,0x0041,0x0041,0x0041,0x0041,0x0041,0x2209,0x08A3,0x08A3,0x08A3,0x1987,0x08A3,0x08A3,
  0x08A3,0x08A3,0x08A3,0x08A3,0x08A3,0x08A3,0x08A3,0x08A3,0x08A3,0x08A3,0x08A3,0x08A3,0x08A3,0x08A3,0x08A3,0x08A3,
  0x08A3,0x08A3,0x08A3,0x08A3,0x08A3,0x08A3,0x08A3,0x08A3,0x08A3,0x08A3,0x08A3,0x08A3,0x08A3,0x08A3,0x08A3,0x08A3,
  0x08A3,0x08A3,0x08A3,0x08A3,0x08A3,0x08A3,0x08A3,0x08A3,0x08A3,0x08A3,0x08A3,0x08A3,0x08A3,0x08A3,0x08A3,0x08A3,
  0x08A3,0x08A3,0x08A3,0x08A3,0x08A3,0x08A3,0x08A3,0x08A3,0x08A3,0x08A3,0x08A3,0x08A3,0x08A3,0x08A3,0x08A3,0x08A3,
  0x08A3,0x08A3,0x08A3,0x08A3,0x08A3,0x08A3,0x08A3,0x08A3,0x08A3,0x08A3,0x08A3,0x08A3,0x08A3,0x08A3,0x08A3,0x08A3,
  0x08A3,0x08A3,0x08A3,0x08A3,0x08A3,0x08A3,0x08A3,0x08A3,0x08A3,0x08A3,0x0883,0x0883,0x0883,0x0883,0x0883,0x0883,
  0x0883,0x0883,0x0883,0x0883,0x0883,0x0883,0x0883,0x0883,0x0883,0x0883,0x0883,0x0883,0x0883,0x0883,0x0883,0x0883,
  0x0883,0x0883,0x0883,0x0883,0x0883,0x0883,0x0883,0x0883,0x0883,0x0883,0x0883,0x0883,0x0883,0x1146,0x08C4,0x0883,
  0x0883,0x19A7,0x08C3,0x0041,0x0041,0x0041,0x0041,0x2209,0x08A3,0x08A3,0x08A3,0x08A3,0x08A3,0x08A3,0x08A3,0x3229,
  0x638F,0x5B6E,0x3A29,0x426A,0x29A7,0x1104,0x532D,0x08A3,0x530D,0x1946,0x10C4,0x5B6E,0x2186,0x638F,0x5B4E,0x3A4A,
  0x29A7,0x5B4E,0x638F,0x3A29,0x08A3,0x10E4,0x5B4E,0x5B6E,0x3209,0x08A3,0x42AB,0x5B4E,0x08A3,0x2187,0x428B,0x08A3,
  0x08A3,0x08A3,0x08A3,0x08A3,0x08A3,0x08A3,0x08A3,0x08A3,0x3229,0x31E8,0x08A3,0x08A3,0x08A3,0x08A3,0x29A7,0x5B4E,
  0x638F,0x3A29,0x08A3,0x3A6A,0x530D,0x08A3,0x530D,0x08A3,0x08A3,0x08A3,0x08A3,0x426A,0x2187,0x10E4,0x532D,0x08A3,
  0x2166,0x638F,0x5B4E,0x3A49,0x3208,0x638F,0x5B4E,0x3A4A,0x08A3,0x08A3,0x08A3,0x08A3,0x08A3,0x08A3,0x08A3,0x08A3,
  0x08A3,0x08A3,0x08A3,0x08A3,0x08A3,0x08A3,0x08A3,0x08A3,0x08A3,0x08A3,0x08A3,0x08A3,0x08A3,0x08A3,0x08A3,0x08A3,
  0x08A3,0x08A3,0x08A3,0x08A3,0x08A3,0x08A3,0x08A3,0x08A3,0x08A3,0x08A3,0x08A3,0x08A3,0x08A3,0x08A3,0x08A3,0x08A3,
  0x08A3,0x08A3,0x08A3,0x08A3,0x08A3,0x08A3,0x08A3,0x0883,0x0883,0x0883,0x0883,0x0883,0x0883,0x0883,0x0883,0x0883,
  0x0883,0x0883,0x0883,0x0883,0x0883,0x0883,0x0883,0x0883,0x0883,0x0883,0x0883,0x0883,0x0883,0x0883,0x0883,0x0883,
  0x0883,0x0883,0x0883,0x0883,0x0883,0x0883,0x19A7,0x08C3,0x0041,0x0041,0x0041,0x0041,0x0041,0x0041,0x0041,0x0041,
  0x0041,0x0041,0x0041,0x0041,0x0041,0x0041,0x0041,0x0041,0x0041,0x2209,0x08A3,0x08A3,0x08A3,0x1987,0x08A3,0x08A3,
  0x08A3,0x08A3,0x08A3,0x08A3,0x08A3,0x08A3,0x08A3,0x08A3,0x08A3,0x08A3,0x08A3,0x08A3,0x08A3,0x08A3,0x08A3,0x08A3,
  0x08A3,0x08A3,0x08A3,0x08A3,0x08A3,0x08A3,0x08A3,0x08A3,0x08A3,0x08A3,0x08A3,0x08A3,0x08A3,0x08A3,0x08A3,0x08A3,
  0x08A3,0x08A3,0x08A3,0x08A3,0x08A3,0x08A3,0x08A3,0x08A3,0x08A3,0x08A3,0x08A3,0x08A3,0x08A3,0x08A3,0x08A3,0x08A3,
  0x08A3,0x08A3,0x08A3,0x08A3,0x08A3,0x08A3,0x08A3,0x08A3,0x08A3,0x08A3,0x08A3,0x08A3,0x08A3,0x08A3,0x08A3,0x08A3,
  0x08A3,0x08A3,0x08A3,0x08A3,0x08A3,0x08A3,0x08A3,0x08A3,0x08A3,0x08A3,0x08A3,0x08A3,0x08A3,0x08A3,0x08A3,0x08A3,
  0x08A3,0x08A3,0x08A3,0x08A3,0x08A3,0x08A3,0x08A3,0x08A3,0x08A3,0x0883,0x0883,0x0883,0x0883,0x0883,0x0883,0x0883,
  0x0883,0x0883,0x0883,0x0883,0x0883,0x0883,0x0883,0x0883,0x0883,0x0883,0x0883,0x0883,0x0883,0x0883,0x0883,0x0883,
  0x0883,0x0883,0x0883,0x0883,0x0883,0x0883,0x0883,0x0883,0x0883,0x0883,0x0883,0x0883,0x0883,0x1146,0x08C4,0x0883,
  0x0883,0x19A7,0x08C3,0x0041,0x0041,0x0041,0x0041,0x2209,0x08A3,0x08A3,0x08A3,0x08A3,0x08A3,0x08A3,0x08A3,0x3A4A,
  0x3A29,0x08C4,0x6BD0,0x42AB,0x29C7,0x1104,0x5B6E,0x08A3,0x2166,0x5B4D,0x3A6A,0x3229,0x42AB,0x3209,0x08A3,0x10E4,
  0x08A3,0x29C8,0x428B,0x08A3,0x08A3,0x426A,0x3208,0x08A3,0x29C8,0x08A3,0x638F,0x5B6E,0x10E4,0x29A7,0x4ACC,0x08A3,
  0x08A3,0x08A3,0x08A3,0x08A3,0x08A3,0x08A3,0x08A3,0x08A3,0x5B4E,0x08A3,0x08A3,0x08A3,0x08A3,0x08A3,0x08A3,0x29C8,
  0x428B,0x08A3,0x08A3,0x42AB,0x6BF0,0x10E4,0x5B6E,0x08A3,0x08A3,0x08A3,0x08A3,0x4AAB,0x29A7,0x10E4,0x5B8F,0x08A3,
  0x42AB,0x3209,0x08A3,0x10E4,0x3A29,0x3A29,0x08A3,0x08A3,0x08A3,0x08A3,0x08A3,0x08A3,0x08A3,0x08A3,0x08A3,0x08A3,
  0x08A3,0x08A3,0x08A3,0x08A3,0x08A3,0x08A3,0x08A3,0x08A3,0x08A3,0x08A3,0x08A3,0x08A3,0x08A3,0x08A3,0x08A3,0x08A3,
  0x08A3,0x08A3,0x08A3,0x08A3,0x08A3,0x08A3,0x08A3,0x08A3,0x08A3,0x08A3,0x08A3,0x08A3,0x08A3,0x08A3,0x08A3,0x08A3,
  0x08A3,0x08A3,0x08A3,0x08A3,0x08A3,0x0883,0x0883,0x0883,0x0883,0x0883,0x0883,0x0883,0x0883,0x0883,0x0883,0x0883,
  0x0883,0x0883,0x0883,0x0883,0x0883,0x0883,0x0883,0x0883,0x0883,0x0883,0x0883,0x0883,0x0883,0x0883,0x0883,0x0883,
  0x0883,0x0883,0x0883,0x0883,0x0883,0x0883,0x19A7,0x08C3,0x0041,0x0041,0x0041,0x0041,0x0041,0x0041,0x0041,0x0041,
  0x0041,0x0041,0x0041,0x0041,0x0041,0x0041,0x0041,0x0041,0x0041,0x2209,0x08A3,0x08A3,0x08A3,0x1987,0x08A3,0x08A3,
  0x08A3,0x08A3,0x08A3,0x08A3,0x08A3,0x08A3,0x08A3,0x08A3,0x08A3,0x08A3,0x08A3,0x08A3,0x08A3,0x08A3,0x08A3,0x08A3,
  0x08A3,0x08A3,0x08A3,0x08A3,0x08A3,0x08A3,0x08A3,0x08A3,0x08A3,0x08A3,0x08A3,0x08A3,0x08A3,0x08A3,0x08A3,0x08A3,
  0x08A3,0x08A3,0x08A3,0x08A3,0x08A3,0x08A3,0x08A3,0x08A3,0x08A3,0x08A3,0x08A3,0x08A3,0x08A3,0x08A3,0x08A3,0x08A3,
  0x08A3,0x08A3,0x08A3,0x08A3,0x08A3,0x08A3,0x08A3,0x08A3,0x08A3,0x08A3,0x08A3,0x08A3,0x08A3,0x08A3,0x08A3,0x08A3,
  0x08A3,0x08A3,0x08A3,0x08A3,0x08A3,0x08A3,0x08A3,0x08A3,0x08A3,0x08A3,0x08A3,0x08A3,0x08A3,0x08A3,0x08A3,0x08A3,
  0x08A3,0x08A3,0x08A3,0x08A3,0x08A3,0x08A3,0x08A3,0x08A3,0x08A3,0x0883,0x0883,0x0883,0x0883,0x0883,0x0883,0x0883,
  0x0883,0x0883,0x0883,0x0883,0x0883,0x0883,0x0883,0x0883,0x0883,0x0883,0x0883,0x0883,0x0883,0x0883,0x0883,0x0883,
  0x0883,0x0883,0x0883,0x0883,0x0883,0x0883,0x0883,0x0883,0x0883,0x0883,0x0883,0x0883,0x0883,0x1146,0x08C4,0x0883,
  0x0883,0x19A7,0x08C3,0x0041,0x0041,0x0041,0x0041,0x2209,0x08A3,0x08A3,0x08A3,0x08A3,0x08A3,0x08A3,0x08A3,0x3A4A,
  0x63AF,0x5B6E,0x42AB,0x42AB,0x63AF,0x5B6E,0x5B6E,0x08A3,0x08A3,0x532D,0x63AF,0x08A3,0x1925,0x5B6E,0x638F,0x29C8,
  0x08A3,0x29C8,0x428B,0x08A3,0x08A3,0x4AEC,0x2187,0x08A3,0x08A3,0x1925,0x530D,0x3A6A,0x3208,0x29A7,0x4ACC,0x08A3,
  0x08A3,0x08A3,0x08A3,0x08A3,0x08A3,0x08A3,0x08A3,0x1925,0x4AEC,0x08A3,0x08A3,0x08A3,0x08A3,0x08A3,0x08A3,0x29C8,
  0x428B,0x08A3,0x08A3,0x42AB,0x426A,0x3A4A,0x5B6E,0x08A3,0x08A3,0x08A3,0x08A3,0x4AAB,0x29A7,0x10E4,0x5B6E,0x08A3,
  0x1925,0x5B6E,0x638F,0x29C7,0x3A29,0x6BD0,0x5B4E,0x3A29,0x08A3,0x08A3,0x08A3,0x08A3,0x08A3,0x08A3,0x08A3,0x08A3,
  0x08A3,0x08A3,0x08A3,0x08A3,0x08A3,0x08A3,0x08A3,0x08A3,0x08A3,0x08A3,0x08A3,0x08A3,0x08A3,0x08A3,0x08A3,0x08A3,
  0x08A3,0x08A3,0x08A3,0x08A3,0x08A3,0x08A3,0x08A3,0x08A3,0x08A3,0x08A3,0x08A3,0x08A3,0x08A3,0x08A3,0x08A3,0x08A3,
  0x08A3,0x08A3,0x08A3,0x0883,0x0883,0x0883,0x0883,0x0883,0x0883,0x0883,0x0883,0x0883,0x0883,0x0883,0x0883,0x0883,
  0x0883,0x0883,0x0883,0x0883,0x0883,0x0883,0x0883,0x0883,0x0883,0x0883,0x0883,0x0883,0x0883,0x0883,0x0883,0x0883,
  0x0883,0x0883,0x0883,0x0883,0x0883,0x0883,0x19A7,0x08C3,0x0041,0x0041,0x0041,0x0041,0x0041,0x0041,0x0041,0x0041,
  0x0041,0x0041,0x0041,0x0041,0x0041,0x0041,0x0041,0x0041,0x0041,0x2209,0x08A3,0x08A3,0x08A3,0x1987,0x08A3,0x08A3,
  0x08A3,0x08A3,0x08A3,0x08A3,0x08A3,0x08A3,0x08A3,0x08A3,0x08A3,0x08A3,0x08A3,0x08A3,0x08A3,0x08A3,0x08A3,0x08A3,
  0x08A3,0x08A3,0x08A3,0x08A3,0x08A3,0x08A3,0x08A3,0x08A3,0x08A3,0x08A3,0x08A3,0x08A3,0x08A3,0x08A3,0x08A3,0x08A3,
  0x08A3,0x08A3,0x08A3,0x08A3,0x08A3,0x08A3,0x08A3,0x08A3,0x08A3,0x08A3,0x08A3,0x08A3,0x08A3,0x08A3,0x08A3,0x08A3,
  0x08A3,0x08A3,0x08A3,0x08A3,0x08A3,0x08A3,0x08A3,0x08A3,0x08A3,0x08A3,0x08A3,0x08A3,0x08A3,0x08A3,0x08A3,0x08A3,
  0x08A3,0x08A3,0x08A3,0x08A3,0x08A3,0x08A3,0x08A3,0x08A3,0x08A3,0x08A3,0x08A3,0x08A3,0x08A3,0x08A3,0x08A3,0x08A3,
  0x08A3,0x08A3,0x08A3,0x08A3,0x08A3,0x08A3,0x08A3,0x08A3,0x0883,0x0883,0x0883,0x0883,0x0883,0x0883,0x0883,0x0883,
  0x0883,0x0883,0x0883,0x0883,0x0883,0x0883,0x0883,0x0883,0x0883,0x0883,0x0883,0x0883,0x0883,0x0883,0x0883,0x0883,
  0x0883,0x0883,0x0883,0x0883,0x0883,0x0883,0x0883,0x0883,0x0883,0x0883,0x0883,0x0883,0x0883,0x1146,0x08C4,0x0883,
  0x0883,0x19A7,0x08C3,0x0041,0x0041,0x0041,0x0041,0x2209,0x08A3,0x08A3,0x08A3,0x08A3,0x08A3,0x08A3,0x08A3,0x3A4A,
  0x3A49,0x08C3,0x08A3,0x42AB,0x29C7,0x1104,0x5B6E,0x08A3,0x08A3,0x29E8,0x428B,0x08A3,0x10E4,0x08A3,0x10E4,0x6BD0,
  0x08A3,0x29C8,0x428B,0x08A3,0x08A3,0x428B,0x29E8,0x08A3,0x2166,0x3A4A,0x63AF,0x5B6E,0x532D,0x29A7,0x4ACC,0x08A3,
  0x08A3,0x08A3,0x08A3,0x08A3,0x08A3,0x08A3,0x08A3,0x42AB,0x2166,0x08A3,0x08A3,0x08A3,0x08A3,0x08A3,0x08A3,0x29C8,
  0x428B,0x08A3,0x08A3,0x42AB,0x2166,0x5B6E,0x5B6E,0x08A3,0x08A3,0x08A3,0x08A3,0x428B,0x29C7,0x1104,0x5B4E,0x08A3,
  0x10C4,0x08A3,0x10E4,0x6BD0,0x3A29,0x3A29,0x08A3,0x08A3,0x08A3,0x08A3,0x08A3,0x08A3,0x08A3,0x08A3,0x08A3,0x08A3,
  0x08A3,0x08A3,0x08A3,0x08A3,0x08A3,0x08A3,0x08A3,0x08A3,0x08A3,0x08A3,0x08A3,0x08A3,0x08A3,0x08A3,0x08A3,0x08A3,
  0x08A3,0x08A3,0x08A3,0x08A3,0x08A3,0x08A3,0x08A3,0x08A3,0x08A3,0x08A3,0x08A3,0x08A3,0x08A3,0x08A3,0x08A3,0x08A3,
  0x08A3,0x0883,0x0883,0x0883,0x0883,0x0883,0x0883,0x0883,0x0883,0x0883,0x0883,0x0883,0x0883,0x0883,0x0883,0x0883,
  0x0883,0x0883,0x0883,0x0883,0x0883,0x0883,0x0883,0x0883,0x0883,0x0883,0x0883,0x0883,0x0883,0x0883,0x0883,0x0883,
  0x0883,0x0883,0x0883,0x0883,0x0883,0x0883,0x19A7,0x08C3,0x0041,0x0041,0x0041,0x0041,0x0041,0x0041,0x0041,0x0041,
  0x0041,0x0041,0x0041,0x0041,0x0041,0x0041,0x0041,0x0041,0x0041,0x2209,0x08A3,0x08A3,0x08A3,0x1987,0x08A3,0x08A3,
  0x08A3,0x08A3,0x08A3,0x08A3,0x08A3,0x08A3,0x08A3,0x08A3,0x08A3,0x08A3,0x08A3,0x08A3,0x08A3,0x08A3,0x08A3,0x08A3,
  0x08A3,0x08A3,0x08A3,0x08A3,0x08A3,0x08A3,0x08A3,0x08A3,0x08A3,0x08A3,0x08A3,0x08A3,0x08A3,0x08A3,0x08A3,0x08A3,
  0x08A3,0x08A3,0x08A3,0x08A3,0x08A3,0x08A3,0x08A3,0x08A3,0x08A3,0x08A3,0x08A3,0x08A3,0x08A3,0x08A3,0x08A3,0x08A3,
  0x08A3,0x08A3,0x08A3,0x08A3,0x08A3,0x08A3,0x08A3,0x08A3,0x08A3,0x08A3,0x08A3,0x08A3,0x08A3,0x08A3,0x08A3,0x08A3,
  0x08A3,0x08A3,0x08A3,0x08A3,0x08A3,0x08A3,0x08A3,0x08A3,0x08A3,0x08A3,0x08A3,0x08A3,0x08A3,0x08A3,0x08A3,0x08A3,
  0x08A3,0x08A3,0x08A3,0x08A3,0x08A3,0x08A3,0x08A3,0x0883,0x0883,0x0883,0x0883,0x0883,0x0883,0x0883,0x0883,0x0883,
  0x0883,0x0883,0x0883,0x0883,0x0883,0x0883,0x0883,0x0883,0x0883,0x0883,0x0883,0x0883,0x0883,0x0883,0x0883,0x0883,
  0x0883,0x0883,0x0883,0x0883,0x0883,0x0883,0x0883,0x0883,0x0883,0x0883,0x0883,0x0883,0x0883,0x1146,0x08C4,0x0883,
  0x0883,0x19A7,0x08C3,0x0041,0x0041,0x0041,0x0041,0x2209,0x08A3,0x08A3,0x08A3,0x08A3,0x08A3,0x08A3,0x08A3,0x3A4A,
  0x3A29,0x08A3,0x08A3,0x42AB,0x29C7,0x1104,0x5B6E,0x08A3,0x08A3,0x29C8,0x428B,0x08A3,0x3A29,0x5B6E,0x5B6E,0x3A6A,
  0x29A7,0x5B6E,0x6BD0,0x3A29,0x08A3,0x1105,0x638F,0x5B4E,0x426A,0x5B6E,0x1104,0x08A3,0x6BF0,0x29A7,0x6C11,0x5B4E,
  0x42AB,0x08A3,0x08A3,0x08A3,0x08A3,0x08A3,0x08A3,0x5B4E,0x08A3,0x08A3,0x08A3,0x08A3,0x08A3,0x08A3,0x29A7,0x5B6E,
  0x6BD0,0x3A29,0x08A3,0x42AB,0x2166,0x42AB,0x5B6E,0x08A3,0x08A3,0x08A3,0x08A3,0x2166,0x63AF,0x5B6E,0x3209,0x08A3,
  0x3A29,0x5B6E,0x5B6E,0x3A6A,0x3A29,0x6BD0,0x5B4E,0x3A4A,0x08A3,0x08A3,0x08A3,0x08A3,0x08A3,0x08A3,0x08A3,0x08A3,
  0x08A3,0x08A3,0x08A3,0x08A3,0x08A3,0x08A3,0x08A3,0x08A3,0x08A3,0x08A3,0x08A3,0x08A3,0x08A3,0x08A3,0x08A3,0x08A3,
  0x08A3,0x08A3,0x08A3,0x08A3,0x08A3,0x08A3,0x08A3,0x08A3,0x08A3,0x08A3,0x08A3,0x08A3,0x08A3,0x08A3,0x08A3,0x0883,
  0x0883,0x0883,0x0883,0x0883,0x0883,0x0883,0x0883,0x0883,0x0883,0x0883,0x0883,0x0883,0x0883,0x0883,0x0883,0x0883,
  0x0883,0x0883,0x0883,0x0883,0x0883,0x0883,0x0883,0x0883,0x0883,0x0883,0x0883,0x0883,0x0883,0x0883,0x0883,0x0883,
  0x0883,0x0883,0x0883,0x0883,0x0883,0x0882,0x19A7,0x08C3,0x0041,0x0041,0x0041,0x0041,0x0041,0x0041,0x0041,0x0041,
  0x0041,0x0041,0x0041,0x0041,0x0041,0x0041,0x0041,0x0041,0x0041,0x2209,0x08A3,0x08A3,0x08A3,0x1987,0x08A3,0x08A3,
  0x08A3,0x08A3,0x08A3,0x08A3,0x08A3,0x08A3,0x08A3,0x08A3,0x08A3,0x08A3,0x08A3,0x08A3,0x08A3,0x08A3,0x08A3,0x08A3,
  0x08A3,0x08A3,0x08A3,0x08A3,0x08A3,0x08A3,0x08A3,0x08A3,0x08A3,0x08A3,0x08A3,0x08A3,0x08A3,0x08A3,0x08A3,0x08A3,
  0x08A3,0x08A3,0x08A3,0x08A3,0x08A3,0x08A3,0x08A3,0x08A3,0x08A3,0x08A3,0x08A3,0x08A3,0x08A3,0x08A3,0x08A3,0x08A3,
  0x08A3,0x08A3,0x08A3,0x08A3,0x08A3,0x08A3,0x08A3,0x08A3,0x08A3,0x08A3,0x08A3,0x08A3,0x08A3,0x08A3,0x08A3,0x08A3,
  0x08A3,0x08A3,0x08A3,0x08A3,0x08A3,0x08A3,0x08A3,0x08A3,0x08A3,0x08A3,0x08A3,0x08A3,0x08A3,0x08A3,0x08A3,0x08A3,
  0x08A3,0x08A3,0x08A3,0x08A3,0x08A3,0x08A3,0x0883,0x0883,0x0883,0x0883,0x0883,0x0883,0x0883,0x0883,0x0883,0x0883,
  0x0883,0x0883,0x0883,0x0883,0x0883,0x0883,0x0883,0x0883,0x0883,0x0883,0x0883,0x0883,0x0883,0x0883,0x0883,0x0883,
  0x0883,0x0883,0x0883,0x0883,0x0883,0x0883,0x0883,0x0883,0x0883,0x0883,0x0883,0x0883,0x0883,0x1146,0x08C4,0x0883,
  0x0883,0x19A7,0x08C3,0x0041,0x0041,0x0041,0x0041,0x2209,0x08A3,0x08A3,0x08A3,0x08A3,0x08A3,0x08A3,0x08A3,0x08A3,
  0x08A3,0x08A3,0x08A3,0x08A3,0x08A3,0x08A3,0x08A3,0x08A3,0x08A3,0x08A3,0x08A3,0x08A3,0x08A3,0x08A3,0x08C3,0x08A3,
  0x08A3,0x08A3,0x08A3,0x08A3,0x08A3,0x08A3,0x08A3,0x08C3,0x08A3,0x08A3,0x08A3,0x08A3,0x08A3,0x08A3,0x08A3,0x08A3,
  0x08A3,0x08A3,0x08A3,0x08A3,0x08A3,0x08A3,0x2187,0x3A4A,0x08A3,0x08A3,0x08A3,0x08A3,0x08A3,0x08A3,0x08A3,0x08A3,
  0x08A3,0x08A3,0x08A3,0x08A3,0x08A3,0x08A3,0x08A3,0x08A3,0x08A3,0x08A3,0x08A3,0x08A3,0x08A3,0x08C3,0x08A3,0x08A3,
  0x08A3,0x08A3,0x08C3,0x08A3,0x08A3,0x08A3,0x08A3,0x08A3,0x08A3,0x08A3,0x08A3,0x08A3,0x08A3,0x08A3,0x08A3,0x08A3,
  0x08A3,0x08A3,0x08A3,0x08A3,0x08A3,0x08A3,0x08A3,0x08A3,0x08A3,0x08A3,0x08A3,0x08A3,0x08A3,0x08A3,0x08A3,0x08A3,
  0x08A3,0x08A3,0x08A3,0x08A3,0x08A3,0x08A3,0x08A3,0x08A3,0x08A3,0x08A3,0x08A3,0x08A3,0x08A3,0x0883,0x0883,0x0883,
  0x0883,0x0883,0x0883,0x0883,0x0883,0x0883,0x0883,0x0883,0x0883,0x0883,0x0883,0x0883,0x0883,0x0883,0x0883,0x0883,
  0x0883,0x0883,0x0883,0x0883,0x0883,0x0883,0x0883,0x0883,0x0883,0x0883,0x0883,0x0883,0x0883,0x0883,0x0883,0x0883,
  0x0883,0x0883,0x0883,0x0882,0x0882,0x0882,0x19A7,0x08C3,0x0041,0x0041,0x0041,0x0041,0x0041,0x0041,0x0041,0x0041,
  0x0041,0x0041,0x0041,0x0041,0x0041,0x0041,0x0041,0x0041,0x0041,0x2209,0x08A3,0x08A3,0x08A3,0x1987,0x08A3,0x08A3,
  0x08A3,0x08A3,0x08A3,0x08A3,0x08A3,0x08A3,0x08A3,0x08A3,0x08A3,0x08A3,0x08A3,0x08A3,0x08A3,0x08A3,0x08A3,0x08A3,
  0x08A3,0x08A3,0x08A3,0x08A3,0x08A3,0x08A3,0x08A3,0x08A3,0x08A3,0x08A3,0x08A3,0x08A3,0x08A3,0x08A3,0x08A3,0x08A3,
  0x08A3,0x08A3,0x08A3,0x08A3,0x08A3,0x08A3,0x08A3,0x08A3,0x08A3,0x08A3,0x08A3,0x08A3,0x08A3,0x08A3,0x08A3,0x08A3,
  0x08A3,0x08A3,0x08A3,0x08A3,0x08A3,0x08A3,0x08A3,0x08A3,0x08A3,0x08A3,0x08A3,0x08A3,0x08A3,0x08A3,0x08A3,0x08A3,
  0x08A3,0x08A3,0x08A3,0x08A3,0x08A3,0x08A3,0x08A3,0x08A3,0x08A3,0x08A3,0x08A3,0x08A3,0x08A3,0x08A3,0x08A3,0x08A3,
  0x08A3,0x08A3,0x08A3,0x08A3,0x08A3,0x0883,0x0883,0x0883,0x0883,0x0883,0x0883,0x0883,0x0883,0x0883,0x0883,0x0883,
  0x0883,0x0883,0x0883,0x0883,0x0883,0x0883,0x0883,0x0883,0x0883,0x0883,0x0883,0x0883,0x0883,0x0883,0x0883,0x0883,
  0x0883,0x0883,0x0883,0x0883,0x0883,0x0883,0x0883,0x0883,0x0883,0x0883,0x0883,0x0883,0x0883,0x1146,0x08C4,0x0883,
  0x0882,0x19A7,0x08C3,0x0041,0x0041,0x0041,0x0041,0x2209,0x08A3,0x08A3,0x08A3,0x08A3,0x08A3,0x08A3,0x08A3,0x08A3,
  0x08A3,0x08A3,0x08A3,0x08A3,0x08A3,0x08A3,0x08A3,0x08A3,0x08A3,0x08A3,0x08A3,0x08A3,0x08A3,0x08A3,0x08A3,0x08A3,
  0x08A3,0x08A3,0x08A3,0x08A3,0x08A3,0x08A3,0x08A3,0x08A3,0x08A3,0x08A3,0x08A3,0x08A3,0x08A3,0x08A3,0x08A3,0x08A3,
  0x08A3,0x08A3,0x08A3,0x08A3,0x08A3,0x08A3,0x08A3,0x08A3,0x08A3,0x08A3,0x08A3,0x08A3,0x08A3,0x08A3,0x08A3,0x08A3,
  0x08A3,0x08A3,0x08A3,0x08A3,0x08A3,0x08A3,0x08A3,0x08A3,0x08A3,0x08A3,0x08A3,0x08A3,0x08A3,0x08A3,0x08A3,0x08A3,
  0x08A3,0x08A3,0x08A3,0x08A3,0x08A3,0x08A3,0x08A3,0x08A3,0x08A3,0x08A3,0x08A3,0x08A3,0x08A3,0x08A3,0x08A3,0x08A3,
  0x08A3,0x08A3,0x08A3,0x08A3,0x08A3,0x08A3,0x08A3,0x08A3,0x08A3,0x08A3,0x08A3,0x08A3,0x08A3,0x08A3,0x08A3,0x08A3,
  0x08A3,0x08A3,0x08A3,0x08A3,0x08A3,0x08A3,0x08A3,0x08A3,0x08A3,0x08A3,0x0883,0x0883,0x0883,0x0883,0x0883,0x0883,
  0x0883,0x0883,0x0883,0x0883,0x0883,0x0883,0x0883,0x0883,0x0883,0x0883,0x0883,0x0883,0x0883,0x0883,0x0883,0x0883,
  0x0883,0x0883,0x0883,0x0883,0x0883,0x0883,0x0883,0x0883,0x0883,0x0883,0x0883,0x0883,0x0883,0x0883,0x0883,0x0883,
  0x0883,0x0882,0x0882,0x0882,0x0882,0x0882,0x19A7,0x08C3,0x0041,0x0041,0x0041,0x0041,0x0041,0x0041,0x0041,0x0041,
  0x0041,0x0041,0x0041,0x0041,0x0041,0x0041,0x0041,0x0041,0x0041,0x2209,0x08A3,0x08A3,0x08A3,0x1987,0x08A3,0x08A3,
  0x08A3,0x08A3,0x08A3,0x08A3,0x08A3,0x08A3,0x08A3,0x08A3,0x08A3,0x08A3,0x08A3,0x08A3,0x08A3,0x08A3,0x08A3,0x08A3,
  0x08A3,0x08A3,0x08A3,0x08A3,0x08A3,0x08A3,0x08A3,0x08A3,0x08A3,0x08A3,0x08A3,0x08A3,0x08A3,0x08A3,0x08A3,0x08A3,
  0x08A3,0x08A3,0x08A3,0x08A3,0x08A3,0x08A3,0x08A3,0x08A3,0x08A3,0x08A3,0x08A3,0x08A3,0x08A3,0x08A3,0x08A3,0x08A3,
  0x08A3,0x08A3,0x08A3,0x08A3,0x08A3,0x08A3,0x08A3,0x08A3,0x08A3,0x08A3,0x08A3,0x08A3,0x08A3,0x08A3,0x08A3,0x08A3,
  0x08A3,0x08A3,0x08A3,0x08A3,0x08A3,0x08A3,0x08A3,0x08A3,0x08A3,0x08A3,0x08A3,0x08A3,0x08A3,0x08A3,0x08A3,0x08A3,
  0x08A3,0x08A3,0x08A3,0x08A3,0x0883,0x0883,0x0883,0x0883,0x0883,0x0883,0x0883,0x0883,0x0883,0x0883,0x0883,0x0883,
  0x0883,0x0883,0x0883,0x0883,0x0883,0x0883,0x0883,0x0883,0x0883,0x0883,0x0883,0x0883,0x0883,0x0883,0x0883,0x0883,
  0x0883,0x0883,0x0883,0x0883,0x0883,0x0883,0x0883,0x0883,0x0883,0x0883,0x0883,0x0883,0x0883,0x1146,0x08C4,0x0882,
  0x0882,0x19A7,0x08C3,0x0041,0x0041,0x0041,0x0041,0x2209,0x08A3,0x08A3,0x08A3,0x08A3,0x08A3,0x08A3,0x08A3,0x08A3,
  0x08A3,0x08A3,0x08A3,0x08A3,0x08A3,0x08A3,0x08A3,0x08A3,0x08A3,0x08A3,0x08A3,0x08A3,0x08A3,0x08A3,0x08A3,0x08A3,
  0x08A3,0x08A3,0x08A3,0x08A3,0x08A3,0x08A3,0x08A3,0x08A3,0x08A3,0x08A3,0x08A3,0x08A3,0x08A3,0x08A3,0x08A3,0x08A3,
  0x08A3,0x08A3,0x08A3,0x08A3,0x08A3,0x08A3,0x08A3,0x08A3,0x08A3,0x08A3,0x08A3,0x08A3,0x08A3,0x08A3,0x08A3,0x08A3,
  0x08A3,0x08A3,0x08A3,0x08A3,0x08A3,0x08A3,0x08A3,0x08A3,0x08A3,0x08A3,0x08A3,0x08A3,0x08A3,0x08A3,0x08A3,0x08A3,
  0x08A3,0x08A3,0x08A3,0x08A3,0x08A3,0x08A3,0x08A3,0x08A3,0x08A3,0x08A3,0x08A3,0x08A3,0x08A3,0x08A3,0x08A3,0x08A3,
  0x08A3,0x08A3,0x08A3,0x08A3,0x08A3,0x08A3,0x08A3,0x08A3,0x08A3,0x08A3,0x08A3,0x08A3,0x08A3,0x08A3,0x08A3,0x08A3,
  0x08A3,0x08A3,0x08A3,0x08A3,0x08A3,0x08A3,0x08A3,0x08A3,0x0883,0x0883,0x0883,0x0883,0x0883,0x0883,0x0883,0x0883,
  0x0883,0x0883,0x0883,0x0883,0x0883,0x0883,0x0883,0x0883,0x0883,0x0883,0x0883,0x0883,0x0883,0x0883,0x0883,0x0883,
  0x0883,0x0883,0x0883,0x0883,0x0883,0x0883,0x0883,0x0883,0x0883,0x0883,0x0883,0x0883,0x0883,0x0883,0x0882,0x0882,
  0x0882,0x0882,0x0882,0x0882,0x0882,0x0882,0x19A7,0x08C3,0x0041,0x0041,0x0041,0x0041,0x0041,0x0041,0x0041,0x0041,
  0x0041,0x0041,0x0041,0x0041,0x0041,0x0041,0x0041,0x0041,0x0041,0x2209,0x08A3,0x08A3,0x08A3,0x1987,0x08A3,0x08A3,
  0x08A3,0x08A3,0x08A3,0x08A3,0x08A3,0x08A3,0x08A3,0x08A3,0x08A3,0x08A3,0x08A3,0x08A3,0x08A3,0x08A3,0x08A3,0x08A3,
  0x08A3,0x08A3,0x08A3,0x08A3,0x08A3,0x08A3,0x08A3,0x08A3,0x08A3,0x08A3,0x08A3,0x08A3,0x08C3,0x10E4,0x1125,0x1946,
  0x1946,0x1946,0x1946,0x1125,0x10E4,0x08C4,0x08A3,0x08A3,0x08A3,0x08A3,0x08A3,0x08A3,0x08A3,0x08A3,0x08A3,0x08A3,
  0x08A3,0x08A3,0x08A3,0x08A3,0x08A3,0x08A3,0x08A3,0x08A3,0x08A3,0x08A3,0x08A3,0x08A3,0x08A3,0x08A3,0x08A3,0x08A3,
  0x08A3,0x08A3,0x08A3,0x08A3,0x08A3,0x08A3,0x08A3,0x08A3,0x08A3,0x08A3,0x08A3,0x08A3,0x08A3,0x08A3,0x08A3,0x08A3,
  0x08A3,0x08A3,0x08A3,0x08A3,0x0883,0x0883,0x0883,0x0883,0x0883,0x0883,0x0883,0x0883,0x0883,0x0883,0x0883,0x0883,
  0x0883,0x0883,0x0883,0x0883,0x0883,0x0883,0x0883,0x0883,0x0883,0x0883,0x0883,0x0883,0x0883,0x0883,0x0883,0x0883,
  0x0883,0x0883,0x0883,0x0883,0x0883,0x0883,0x0883,0x0883,0x0883,0x0883,0x0883,0x0883,0x0883,0x1146,0x08C4,0x0882,
  0x0882,0x19A7,0x08C3,0x0041,0x0041,0x0041,0x0041,0x2209,0x08A3,0x08A3,0x08A3,0x08A3,0x08A3,0x08A3,0x08A3,0x08A3,
  0x08A3,0x08A3,0x08A3,0x08A3,0x08A3,0x08A3,0x08A3,0x08A3,0x08A3,0x08A3,0x08A3,0x08A3,0x08A3,0x08A3,0x08A3,0x08A3,
  0x08A3,0x08A3,0x08A3,0x08A3,0x08A3,0x08A3,0x08A3,0x08A3,0x08A3,0x08A3,0x08A3,0x08A3,0x08A3,0x08A3,0x08A3,0x08A3,
  0x08A3,0x08A3,0x08A3,0x08A3,0x08A3,0x08A3,0x08A3,0x08A3,0x08A3,0x08A3,0x08A3,0x08A3,0x08A3,0x08A3,0x08A3,0x08A3,
  0x08A3,0x08A3,0x08A3,0x08A3,0x08A3,0x08A3,0x08A3,0x08A3,0x08A3,0x08A3,0x08A3,0x08A3,0x08A3,0x08A3,0x08A3,0x08A3,
  0x08A3,0x08A3,0x08A3,0x08A3,0x08A3,0x08A3,0x08A3,0x08A3,0x08A3,0x08A3,0x08A3,0x08A3,0x08A3,0x08A3,0x08A3,0x08A3,
  0x08A3,0x08A3,0x08A3,0x08A3,0x08A3,0x08A3,0x08A3,0x08A3,0x08A3,0x08A3,0x08A3,0x08A3,0x08A3,0x08A3,0x08A3,0x08A3,
  0x08A3,0x08A3,0x08A3,0x08A3,0x08A3,0x08A3,0x0883,0x0883,0x0883,0x0883,0x0883,0x0883,0x0883,0x0883,0x0883,0x0883,
  0x0883,0x0883,0x0883,0x0883,0x0883,0x0883,0x0883,0x0883,0x0883,0x0883,0x0883,0x0883,0x0883,0x0883,0x0883,0x0883,
  0x0883,0x0883,0x0883,0x0883,0x0883,0x0883,0x0883,0x0883,0x0883,0x0883,0x0883,0x0883,0x0882,0x0882,0x0882,0x0882,
  0x0882,0x0882,0x0882,0x0882,0x0882,0x0882,0x19A7,0x08C3,0x0041,0x0041,0x0041,0x0041,0x0041,0x0041,0x0041,0x0041,
  0x0041,0x0041,0x0041,0x0041,0x0041,0x0041,0x0041,0x0041,0x0041,0x2209,0x08A3,0x08A3,0x08A3,0x1987,0x08A3,0x08A3,
  0x08A3,0x08A3,0x08A3,0x08A3,0x08A3,0x08A3,0x08A3,0x08A3,0x08A3,0x08A3,0x08A3,0x08A3,0x08A3,0x08A3,0x08A3,0x08A3,
  0x08A3,0x08A3,0x08A3,0x08A3,0x08A3,0x08A3,0x08A3,0x08A3,0x08C3,0x1105,0x1966,0x21C8,0x21E8,0x19A7,0x1987,0x1946,
  0x1946,0x1946,0x1946,0x1966,0x19A7,0x21C8,0x21E8,0x1987,0x1125,0x08C4,0x08A3,0x08A3,0x08A3,0x08A3,0x08A3,0x08A3,
  0x08A3,0x08A3,0x08A3,0x08A3,0x08A3,0x08A3,0x08A3,0x08A3,0x08A3,0x08A3,0x08A3,0x08A3,0x08A3,0x08A3,0x08A3,0x08A3,
  0x08A3,0x08A3,0x08A3,0x08A3,0x08A3,0x08A3,0x08A3,0x08A3,0x08A3,0x08A3,0x08A3,0x08A3,0x08A3,0x08A3,0x08A3,0x08A3,
  0x08A3,0x08A3,0x08A3,0x0883,0x0883,0x0883,0x0883,0x0883,0x0883,0x0883,0x0883,0x0883,0x0883,0x0883,0x0883,0x0883,
  0x0883,0x0883,0x0883,0x0883,0x0883,0x0883,0x0883,0x0883,0x0883,0x0883,0x0883,0x0883,0x0883,0x0883,0x0883,0x0883,
  0x0883,0x0883,0x0883,0x0883,0x0883,0x0883,0x0883,0x0883,0x0883,0x0883,0x0883,0x0883,0x0883,0x1146,0x08C4,0x0882,
  0x0882,0x19A7,0x08C3,0x0041,0x0041,0x0041,0x0041,0x2209,0x08A3,0x08A3,0x08A3,0x08A3,0x08A3,0x08A3,0x08A3,0x08A3,
  0x08A3,0x08A3,0x08A3,0x08A3,0x08A3,0x08A3,0x08A3,0x08A3,0x08A3,0x08A3,0x08A3,0x08A3,0x08A3,0x08A3,0x08A3,0x08A3,
  0x08A3,0x08A3,0x08A3,0x08A3,0x08A3,0x08A3,0x08A3,0x08A3,0x08A3,0x08A3,0x08A3,0x08A3,0x08A3,0x08A3,0x08A3,0x08A3,
  0x08A3,0x08A3,0x08A3,0x08A3,0x08A3,0x08A3,0x08A3,0x08A3,0x08A3,0x08A3,0x08A3,0x08A3,0x08A3,0x08A3,0x08A3,0x08A3,
  0x08A3,0x08A3,0x08A3,0x08A3,0x08A3,0x08A3,0x08A3,0x08A3,0x08A3,0x08A3,0x08A3,0x08A3,0x08A3,0x08A3,0x08A3,0x08A3,
  0x08A3,0x08A3,0x08A3,0x08A3,0x08A3,0x08A3,0x08A3,0x08A3,0x08A3,0x08A3,0x08A3,0x08A3,0x08A3,0x08A3,0x08A3,0x08A3,
  0x08A3,0x08A3,0x08A3,0x08A3,0x08A3,0x08A3,0x08A3,0x08A3,0x08A3,0x08A3,0x08A3,0x08A3,0x08A3,0x08A3,0x08A3,0x08A3,
  0x08A3,0x08A3,0x08A3,0x08A3,0x0883,0x0883,0x0883,0x0883,0x0883,0x0883,0x0883,0x0883,0x0883,0x0883,0x0883,0x0883,
  0x0883,0x0883,0x0883,0x0883,0x0883,0x0883,0x0883,0x0883,0x0883,0x0883,0x0883,0x0883,0x0883,0x0883,0x0883,0x0883,
  0x0883,0x0883,0x0883,0x0883,0x0883,0x0883,0x0883,0x0883,0x0883,0x0883,0x0882,0x0882,0x0882,0x0882,0x0882,0x0882,
  0x0882,0x0882,0x0882,0x0882,0x0882,0x0882,0x19A7,0x08C3,0x0041,0x0041,0x0041,0x0041,0x0041,0x0041,0x0041,0x0041,
  0x0041,0x0041,0x0041,0x0041,0x0041,0x0041,0x0041,0x0041,0x0041,0x2209,0x08A3,0x08A3,0x08A3,0x1987,0x08A3,0x08A3,
  0x08A3,0x08A3,0x08A3,0x08A3,0x08A3,0x08A3,0x08A3,0x08A3,0x08A3,0x08A3,0x08A3,0x08A3,0x08A3,0x08A3,0x08A3,0x08A3,
  0x08A3,0x08A3,0x08A3,0x08A3,0x08A3,0x08A3,0x08C4,0x1966,0x21E8,0x1987,0x1125,0x08C3,0x0882,0x0882,0x0882,0x0882,
  0x0882,0x0882,0x0882,0x0882,0x0882,0x0882,0x08A3,0x1105,0x1966,0x21E8,0x1987,0x10E4,0x08A3,0x08A3,0x08A3,0x08A3,
  0x08A3,0x08A3,0x08A3,0x08A3,0x08A3,0x08A3,0x08A3,0x08A3,0x08A3,0x08A3,0x08A3,0x08A3,0x08A3,0x08A3,0x08A3,0x08A3,
  0x08A3,0x08A3,0x08A3,0x08A3,0x08A3,0x08A3,0x08A3,0x08A3,0x08A3,0x08A3,0x08A3,0x08A3,0x08A3,0x08A3,0x08A3,0x08A3,
  0x08A3,0x08A3,0x0883,0x0883,0x0883,0x0883,0x0883,0x0883,0x0883,0x0883,0x0883,0x0883,0x0883,0x0883,0x0883,0x0883,
  0x0883,0x0883,0x0883,0x0883,0x0883,0x0883,0x0883,0x0883,0x0883,0x0883,0x0883,0x0883,0x0883,0x0883,0x0883,0x0883,
  0x0883,0x0883,0x0883,0x0883,0x0883,0x0883,0x0883,0x0883,0x0883,0x0883,0x0883,0x0883,0x0883,0x1146,0x08C4,0x0882,
  0x0882,0x19A7,0x08C3,0x0041,0x0041,0x0041,0x0041,0x2209,0x08A3,0x08A3,0x08A3,0x08A3,0x08A3,0x08A3,0x08A3,0x08A3,
  0x08A3,0x08A3,0x08A3,0x08A3,0x08A3,0x08A3,0x08A3,0x08A3,0x08A3,0x08A3,0x08A3,0x08A3,0x08A3,0x08A3,0x08A3,0x08A3,
  0x08A3,0x08A3,0x08A3,0x08A3,0x08A3,0x08A3,0x08A3,0x08A3,0x08A3,0x08A3,0x08A3,0x08A3,0x08A3,0x08A3,0x08A3,0x08A3,
  0x08A3,0x08A3,0x08A3,0x08A3,0x08A3,0x08A3,0x08A3,0x08A3,0x08A3,0x08A3,0x08A3,0x08A3,0x08A3,0x08A3,0x08A3,0x08A3,
  0x08A3,0x08A3,0x08A3,0x08A3,0x08A3,0x08A3,0x08A3,0x08A3,0x08A3,0x08A3,0x08A3,0x08A3,0x08A3,0x08A3,0x08A3,0x08A3,
  0x08A3,0x08A3,0x08A3,0x08A3,0x08A3,0x08A3,0x08A3,0x08A3,0x08A3,0x08A3,0x08A3,0x08A3,0x08A3,0x08A3,0x08A3,0x08A3,
  0x08A3,0x08A3,0x08A3,0x08A3,0x08A3,0x08A3,0x08A3,0x08A3,0x08A3,0x08A3,0x08A3,0x08A3,0x08A3,0x08A3,0x08A3,0x08A3,
  0x08A3,0x08A3,0x0883,0x0883,0x0883,0x0883,0x0883,0x0883,0x0883,0x0883,0x0883,0x0883,0x0883,0x0883,0x0883,0x0883,
  0x0883,0x0883,0x0883,0x0883,0x0883,0x0883,0x0883,0x0883,0x0883,0x0883,0x0883,0x0883,0x0883,0x0883,0x0883,0x0883,
  0x0883,0x0883,0x0883,0x0883,0x0883,0x0883,0x0883,0x0883,0x0882,0x0882,0x0882,0x0882,0x0882,0x0882,0x0882,0x0882,
  0x0882,0x0882,0x0882,0x0882,0x0882,0x0882,0x19A7,0x08C3,0x0041,0x0041,0x0041,0x0041,0x0041,0x0041,0x0041,0x0041,
  0x0041,0x0041,0x0041,0x0041,0x0041,0x0041,0x0041,0x0041,0x0041,0x2209,0x08A3,0x08A3,0x08A3,0x1987,0x08A3,0x08A3,
  0x08A3,0x08A3,0x08A3,0x08A3,0x08A3,0x08A3,0x08A3,0x08A3,0x08A3,0x08A3,0x08A3,0x08A3,0x08A3,0x08A3,0x08A3,0x08A3,
  0x08A3,0x08A3,0x08A3,0x08A3,0x08C4,0x19A7,0x21C8,0x1946,0x0883,0x0882,0x0882,0x0882,0x0882,0x0882,0x0882,0x0882,
  0x0882,0x0882,0x0882,0x0882,0x0882,0x0882,0x0882,0x0882,0x0882,0x0882,0x1105,0x21A8,0x21C8,0x10E4,0x08A3,0x08A3,
  0x08A3,0x08A3,0x08A3,0x08A3,0x08A3,0x08A3,0x08A3,0x08A3,0x08A3,0x08A3,0x08A3,0x08A3,0x08A3,0x08A3,0x08A3,0x08A3,
  0x08A3,0x08A3,0x08A3,0x08A3,0x08A3,0x08A3,0x08A3,0x08A3,0x08A3,0x08A3,0x08A3,0x08A3,0x08A3,0x08A3,0x08A3,0x08A3,
  0x08A3,0x0883,0x0883,0x0883,0x0883,0x0883,0x0883,0x0883,0x0883,0x0883,0x0883,0x0883,0x0883,0x0883,0x0883,0x0883,
  0x0883,0x0883,0x0883,0x0883,0x0883,0x0883,0x0883,0x0883,0x0883,0x0883,0x0883,0x0883,0x0883,0x0883,0x0883,0x0883,
  0x0883,0x0883,0x0883,0x0883,0x0883,0x0883,0x0883,0x0883,0x0883,0x0883,0x0883,0x0883,0x0882,0x1146,0x08C4,0x0882,
  0x0882,0x19A7,0x08C3,0x0041,0x0041,0x0041,0x0041,0x2209,0x08A3,0x08A3,0x08A3,0x08A3,0x08A3,0x08A3,0x08A3,0x08A3,
  0x08A3,0x08A3,0x08A3,0x08A3,0x08A3,0x08A3,0x08A3,0x08A3,0x08A3,0x08A3,0x08A3,0x08A3,0x08A3,0x08A3,0x08A3,0x08A3,
  0x08A3,0x08A3,0x08A3,0x08A3,0x08A3,0x08A3,0x08A3,0x08A3,0x08A3,0x08A3,0x08A3,0x08A3,0x08A3,0x08A3,0x08A3,0x08A3,
  0x08A3,0x08A3,0x08A3,0x08A3,0x08A3,0x08A3,0x08A3,0x08A3,0x08A3,0x08A3,0x08A3,0x08A3,0x08A3,0x08A3,0x08A3,0x08A3,
  0x08A3,0x08A3,0x08A3,0x08A3,0x08A3,0x08A3,0x08A3,0x08A3,0x08A3,0x08A3,0x08A3,0x08A3,0x08A3,0x08A3,0x08A3,0x08A3,
  0x08A3,0x08A3,0x08A3,0x08A3,0x08A3,0x08A3,0x08A3,0x08A3,0x08A3,0x08A3,0x08A3,0x08A3,0x08A3,0x08A3,0x08A3,0x08A3,
  0x08A3,0x08A3,0x08A3,0x08A3,0x08A3,0x08A3,0x08A3,0x08A3,0x08A3,0x08A3,0x08A3,0x08A3,0x08A3,0x08A3,0x08A3,0x08A3,
  0x0883,0x0883,0x0883,0x0883,0x0883,0x0883,0x0883,0x0883,0x0883,0x0883,0x0883,0x0883,0x0883,0x0883,0x0883,0x0883,
  0x0883,0x0883,0x0883,0x0883,0x0883,0x0883,0x0883,0x0883,0x0883,0x0883,0x0883,0x0883,0x0883,0x0883,0x0883,0x0883,
  0x0883,0x0883,0x0883,0x0883,0x0883,0x0883,0x0882,0x0882,0x0882,0x0882,0x0882,0x0882,0x0882,0x0882,0x0882,0x0882,
  0x0882,0x0882,0x0882,0x0882,0x0882,0x0882,0x19A7,0x08C3,0x0041,0x0041,0x0041,0x0041,0x0041,0x0041,0x0041,0x0041,
  0x0041,0x0041,0x0041,0x0041,0x0041,0x0041,0x0041,0x0041,0x0041,0x2209,0x08A3,0x08A3,0x08A3,0x1987,0x08A3,0x08A3,
  0x08A3,0x08A3,0x08A3,0x08A3,0x08A3,0x08A3,0x08A3,0x08A3,0x08A3,0x08A3,0x08A3,0x08A3,0x08A3,0x08A3,0x08A3,0x08A3,
  0x08A3,0x08A3,0x08C3,0x1966,0x21E8,0x1125,0x0882,0x0882,0x0882,0x0882,0x0882,0x0882,0x0882,0x0882,0x0882,0x0882,
  0x0882,0x0882,0x0882,0x0882,0x0882,0x0882,0x0882,0x0882,0x0882,0x0882,0x0882,0x0882,0x10E4,0x21C8,0x19A7,0x08C4,
  0x08A3,0x08A3,0x08A3,0x08A3,0x08A3,0x08A3,0x08A3,0x08A3,0x08A3,0x08A3,0x08A3,0x08A3,0x08A3,0x08A3,0x08A3,0x08A3,
  0x08A3,0x08A3,0x08A3,0x08A3,0x08A3,0x08A3,0x08A3,0x08A3,0x08A3,0x08A3,0x08A3,0x08A3,0x08A3,0x08A3,0x08A3,0x08A3,
  0x0883,0x0883,0x0883,0x0883,0x0883,0x0883,0x0883,0x0883,0x0883,0x0883,0x0883,0x0883,0x0883,0x0883,0x0883,0x0883,
  0x0883,0x0883,0x0883,0x0883,0x0883,0x0883,0x0883,0x0883,0x0883,0x0883,0x0883,0x0883,0x0883,0x0883,0x0883,0x0883,
  0x0883,0x0883,0x0883,0x0883,0x0883,0x0883,0x0883,0x0883,0x0883,0x0883,0x0883,0x0882,0x0882,0x1146,0x08C4,0x0882,
  0x0882,0x19A7,0x08C3,0x0041,0x0041,0x0041,0x0041,0x2209,0x08A3,0x08A3,0x08A3,0x08A3,0x08A3,0x08A3,0x08A3,0x08A3,
  0x08A3,0x08A3,0x08A3,0x08A3,0x08A3,0x08A3,0x08A3,0x08A3,0x08A3,0x08A3,0x08A3,0x08A3,0x08A3,0x08A3,0x08A3,0x08A3,
  0x08A3,0x08A3,0x08A3,0x08A3,0x08A3,0x08A3,0x08A3,0x08A3,0x08A3,0x08A3,0x08A3,0x08A3,0x08A3,0x08A3,0x08A3,0x08A3,
  0x08A3,0x08A3,0x08A3,0x08A3,0x08A3,0x08A3,0x08A3,0x08A3,0x08A3,0x08A3,0x08A3,0x08A3,0x08A3,0x08A3,0x08A3,0x08A3,
  0x08A3,0x08A3,0x08A3,0x08A3,0x08A3,0x08A3,0x08A3,0x08A3,0x08A3,0x08A3,0x08A3,0x08A3,0x08A3,0x08A3,0x08A3,0x08A3,
  0x08A3,0x08A3,0x08A3,0x08A3,0x08A3,0x08A3,0x08A3,0x08A3,0x08A3,0x08A3,0x08A3,0x08A3,0x08A3,0x08A3,0x08A3,0x08A3,
  0x08A3,0x08A3,0x08A3,0x08A3,0x08A3,0x08A3,0x08A3,0x08A3,0x08A3,0x08A3,0x08A3,0x08A3,0x08A3,0x08A3,0x0883,0x0883,
  0x0883,0x0883,0x0883,0x0883,0x0883,0x0883,0x0883,0x0883,0x0883,0x0883,0x0883,0x0883,0x0883,0x0883,0x0883,0x0883,
  0x0883,0x0883,0x0883,0x0883,0x0883,0x0883,0x0883,0x0883,0x0883,0x0883,0x0883,0x0883,0x0883,0x0883,0x0883,0x0883,
  0x0883,0x0883,0x0883,0x0883,0x0882,0x0882,0x0882,0x0882,0x0882,0x0882,0x0882,0x0882,0x0882,0x0882,0x0882,0x0882,
  0x0882,0x0882,0x0882,0x0882,0x0882,0x0882,0x19A7,0x08C3,0x0041,0x0041,0x0041,0x0041,0x0041,0x0041,0x0041,0x0041,
  0x0041,0x0041,0x0041,0x0041,0x0041,0x0041,0x0041,0x0041,0x0041,0x2209,0x08A3,0x08A3,0x08A3,0x1987,0x08A3,0x08A3,
  0x08A3,0x08A3,0x08A3,0x08A3,0x08A3,0x08A3,0x08A3,0x08A3,0x08A3,0x08A3,0x08A3,0x08A3,0x08A3,0x08A3,0x08A3,0x08A3,
  0x08A3,0x10E4,0x21A8,0x1987,0x0883,0x0882,0x0882,0x0882,0x0882,0x0882,0x0882,0x0882,0x0882,0x0882,0x0882,0x0882,
  0x0882,0x0882,0x0882,0x0882,0x0882,0x0882,0x0882,0x0882,0x0882,0x0882,0x0882,0x0882,0x0882,0x0882,0x1946,0x21E8,
  0x1105,0x08A3,0x08A3,0x08A3,0x08A3,0x08A3,0x08A3,0x08A3,0x08A3,0x08A3,0x08A3,0x08A3,0x08A3,0x08A3,0x08A3,0x08A3,
  0x08A3,0x08A3,0x08A3,0x08A3,0x08A3,0x08A3,0x08A3,0x08A3,0x08A3,0x08A3,0x08A3,0x08A3,0x08A3,0x08A3,0x08A3,0x0883,
  0x0883,0x0883,0x0883,0x0883,0x0883,0x0883,0x0883,0x0883,0x0883,0x0883,0x0883,0x0883,0x0883,0x0883,0x0883,0x0883,
  0x0883,0x0883,0x0883,0x0883,0x0883,0x0883,0x0883,0x0883,0x0883,0x0883,0x0883,0x0883,0x0883,0x0883,0x0883,0x0883,
  0x0883,0x0883,0x0883,0x0883,0x0883,0x0883,0x0883,0x0883,0x0883,0x0883,0x0882,0x0882,0x0882,0x1146,0x08C4,0x0882,
  0x0882,0x19A7,0x08C3,0x0041,0x0041,0x0041,0x0041,0x2209,0x08A3,0x08A3,0x08A3,0x08A3,0x08A3,0x08A3,0x08A3,0x08A3,
  0x08A3,0x08A3,0x08A3,0x08A3,0x08A3,0x08A3,0x08A3,0x08A3,0x08A3,0x08A3,0x08A3,0x08A3,0x08A3,0x08A3,0x08A3,0x08A3,
  0x08A3,0x08A3,0x08A3,0x08A3,0x08A3,0x08A3,0x08A3,0x08A3,0x08A3,0x08A3,0x08A3,0x08A3,0x08A3,0x08A3,0x08A3,0x08A3,
  0x08A3,0x08A3,0x08A3,0x08A3,0x08A3,0x08A3,0x08A3,0x08A3,0x08A3,0x08A3,0x08A3,0x08A3,0x08A3,0x08A3,0x08A3,0x08A3,
  0x08A3,0x08A3,0x08A3,0x08A3,0x08A3,0x08A3,0x08A3,0x08A3,0x08A3,0x08A3,0x08A3,0x08A3,0x08A3,0x08A3,0x08A3,0x08A3,
  0x08A3,0x08A3,0x08A3,0x08A3,0x08A3,0x08A3,0x08A3,0x08A3,0x08A3,0x08A3,0x08A3,0x08A3,0x08A3,0x08A3,0x08A3,0x08A3,
  0x08A3,0x08A3,0x08A3,0x08A3,0x08A3,0x08A3,0x08A3,0x08A3,0x08A3,0x08A3,0x08A3,0x08A3,0x0883,0x0883,0x0883,0x0883,
  0x0883,0x0883,0x0883,0x0883,0x0883,0x0883,0x0883,0x0883,0x0883,0x0883,0x0883,0x0883,0x0883,0x0883,0x0883,0x0883,
  0x0883,0x0883,0x0883,0x0883,0x0883,0x0883,0x0883,0x0883,0x0883,0x0883,0x0883,0x0883,0x0883,0x0883,0x0883,0x0883,
  0x0883,0x0883,0x0882,0x0882,0x0882,0x0882,0x0882,0x0882,0x0882,0x0882,0x0882,0x0882,0x0882,0x0882,0x0882,0x0882,
  0x0882,0x0882,0x0882,0x0882,0x0882,0x0882,0x19A7,0x08C3,0x0041,0x0041,0x0041,0x0041,0x0041,0x0041,0x0041,0x0041,
  0x0041,0x0041,0x0041,0x0041,0x0041,0x0041,0x0041,0x0041,0x0041,0x2209,0x08A3,0x08A3,0x08A3,0x1987,0x08A3,0x08A3,
  0x08A3,0x08A3,0x08A3,0x08A3,0x08A3,0x08A3,0x08A3,0x08A3,0x08A3,0x08A3,0x08A3,0x08A3,0x08A3,0x08A3,0x08A3,0x08A3,
  0x1125,0x21C8,0x1105,0x0882,0x0882,0x0882,0x0882,0x0882,0x0882,0x0882,0x0882,0x0882,0x0882,0x1105,0x21A7,0x2A09,
  0x10E4,0x2A09,0x2A09,0x1125,0x0882,0x0883,0x10E4,0x0882,0x0882,0x0882,0x0882,0x0882,0x0882,0x0882,0x0882,0x08C3,
  0x21C8,0x1966,0x08A3,0x08A3,0x08A3,0x08A3,0x08A3,0x08A3,0x08A3,0x08A3,0x08A3,0x08A3,0x08A3,0x08A3,0x08A3,0x08A3,
  0x08A3,0x08A3,0x08A3,0x08A3,0x08A3,0x08A3,0x08A3,0x08A3,0x08A3,0x08A3,0x08A3,0x08A3,0x08A3,0x08A3,0x08A3,0x0883,
  0x0883,0x0883,0x0883,0x0883,0x0883,0x0883,0x0883,0x0883,0x0883,0x0883,0x0883,0x0883,0x0883,0x0883,0x0883,0x0883,
  0x0883,0x0883,0x0883,0x0883,0x0883,0x0883,0x0883,0x0883,0x0883,0x0883,0x0883,0x0883,0x0883,0x0883,0x0883,0x0883,
  0x0883,0x0883,0x0883,0x0883,0x0883,0x0883,0x0883,0x0883,0x0883,0x0882,0x0882,0x0882,0x0882,0x1146,0x08C4,0x0882,
  0x0882,0x19A7,0x08C3,0x0041,0x0041,0x0041,0x0041,0x2209,0x08A3,0x08A3,0x08A3,0x08A3,0x08A3,0x08A3,0x08A3,0x08A3,
  0x08A3,0x08A3,0x08A3,0x08A3,0x08A3,0x08A3,0x08A3,0x08A3,0x08A3,0x08A3,0x08A3,0x08A3,0x08A3,0x08A3,0x08A3,0x08A3,
  0x08A3,0x08A3,0x08A3,0x08A3,0x08A3,0x08A3,0x08A3,0x08A3,0x08A3,0x08A3,0x08A3,0x08A3,0x08A3,0x08A3,0x08A3,0x08A3,
  0x08A3,0x08A3,0x08A3,0x08A3,0x08A3,0x08A3,0x08A3,0x08A3,0x08A3,0x08A3,0x08A3,0x08A3,0x08A3,0x08A3,0x08A3,0x08A3,
  0x08A3,0x08A3,0x08A3,0x08A3,0x08A3,0x08A3,0x08A3,0x08A3,0x08A3,0x08A3,0x08A3,0x08A3,0x08A3,0x08A3,0x08A3,0x08A3,
  0x08A3,0x08A3,0x08A3,0x08A3,0x08A3,0x08A3,0x08A3,0x08A3,0x08A3,0x08A3,0x08A3,0x08A3,0x08A3,0x08A3,0x08A3,0x08A3,
  0x08A3,0x08A3,0x08A3,0x08A3,0x08A3,0x08A3,0x08A3,0x08A3,0x08A3,0x08A3,0x0883,0x0883,0x0883,0x0883,0x0883,0x0883,
  0x0883,0x0883,0x0883,0x0883,0x0883,0x0883,0x0883,0x0883,0x0883,0x0883,0x0883,0x0883,0x0883,0x0883,0x0883,0x0883,
  0x0883,0x0883,0x0883,0x0883,0x0883,0x0883,0x0883,0x0883,0x0883,0x0883,0x0883,0x0883,0x0883,0x0883,0x0883,0x0883,
  0x0882,0x0882,0x0882,0x0882,0x0882,0x0882,0x0882,0x0882,0x0882,0x0882,0x0882,0x0882,0x0882,0x0882,0x0882,0x0882,
  0x0882,0x0882,0x0882,0x0882,0x0882,0x0882,0x19A7,0x08C3,0x0041,0x0041,0x0041,0x0041,0x0041,0x0041,0x0041,0x0041,
  0x0041,0x0041,0x0041,0x0041,0x0041,0x0041,0x0041,0x0041,0x0041,0x2209,0x08A3,0x08A3,0x08A3,0x1987,0x08A3,0x08A3,
  0x08A3,0x08A3,0x08A3,0x08A3,0x08A3,0x08A3,0x08A3,0x08A3,0x08A3,0x08A3,0x08A3,0x08A3,0x08A3,0x08A3,0x08A3,0x1125,
  0x21E8,0x08C3,0x0882,0x0882,0x0882,0x0882,0x0882,0x0882,0x0883,0x1946,0x21C8,0x1946,0x0882,0x08A3,0x10E4,0x0882,
  0x0882,0x0882,0x0882,0x0883,0x0882,0x08C3,0x21C8,0x21E8,0x10E4,0x0882,0x0882,0x0882,0x0882,0x0882,0x0882,0x0882,
  0x0883,0x21A8,0x1966,0x08A3,0x08A3,0x08A3,0x08A3,0x08A3,0x08A3,0x08A3,0x08A3,0x08A3,0x08A3,0x08A3,0x08A3,0x08A3,
  0x08A3,0x08A3,0x08A3,0x08A3,0x08A3,0x08A3,0x08A3,0x08A3,0x08A3,0x08A3,0x08A3,0x08A3,0x08A3,0x08A3,0x0883,0x0883,
  0x0883,0x0883,0x0883,0x0883,0x0883,0x0883,0x0883,0x0883,0x0883,0x0883,0x0883,0x0883,0x0883,0x0883,0x0883,0x0883,
  0x0883,0x0883,0x0883,0x0883,0x0883,0x0883,0x0883,0x0883,0x0883,0x0883,0x0883,0x0883,0x0883,0x0883,0x0883,0x0883,
  0x0883,0x0883,0x0883,0x0883,0x0883,0x0883,0x0883,0x0883,0x0883,0x0882,0x0882,0x0882,0x0882,0x1146,0x08C4,0x0882,
  0x0882,0x19A7,0x08C3,0x0041,0x0041,0x0041,0x0041,0x2209,0x08A3,0x08A3,0x08A3,0x08A3,0x08A3,0x08A3,0x08A3,0x08A3,
  0x08A3,0x08A3,0x08A3,0x08A3,0x08A3,0x08A3,0x08A3,0x08A3,0x08A3,0x08A3,0x08A3,0x08A3,0x08A3,0x08A3,0x08A3,0x08A3,
  0x08A3,0x08A3,0x08A3,0x08A3,0x08A3,0x08A3,0x08A3,0x08A3,0x08A3,0x08A3,0x08A3,0x08A3,0x08A3,0x08A3,0x08A3,0x08A3,
  0x08A3,0x08A3,0x08A3,0x08A3,0x08A3,0x08A3,0x08A3,0x08A3,0x08A3,0x08A3,0x08A3,0x08A3,0x08A3,0x08A3,0x08A3,0x08A3,
  0x08A3,0x08A3,0x08A3,0x08A3,0x08A3,0x08A3,0x08A3,0x08A3,0x08A3,0x08A3,0x08A3,0x08A3,0x08A3,0x08A3,0x08A3,0x08A3,
  0x08A3,0x08A3,0x08A3,0x08A3,0x08A3,0x08A3,0x08A3,0x08A3,0x08A3,0x08A3,0x08A3,0x08A3,0x08A3,0x08A3,0x08A3,0x08A3,
  0x08A3,0x08A3,0x08A3,0x08A3,0x08A3,0x08A3,0x08A3,0x08A3,0x0883,0x0883,0x0883,0x0883,0x0883,0x0883,0x0883,0x0883,
  0x0883,0x0883,0x0883,0x0883,0x0883,0x0883,0x0883,0x0883,0x0883,0x0883,0x0883,0x0883,0x0883,0x0883,0x0883,0x0883,
  0x0883,0x0883,0x0883,0x0883,0x0883,0x0883,0x0883,0x0883,0x0883,0x0883,0x0883,0x0883,0x0883,0x0883,0x0882,0x0882,
  0x0882,0x0882,0x0882,0x0882,0x0882,0x0882,0x0882,0x0882,0x0882,0x0882,0x0882,0x0882,0x0882,0x0882,0x0882,0x0882,
  0x0882,0x0882,0x0882,0x0882,0x0882,0x0882,0x19A7,0x08C3,0x0041,0x0041,0x0041,0x0041,0x0041,0x0041,0x0041,0x0041,
  0x0041,0x0041,0x0041,0x0041,0x0041,0x0041,0x0041,0x0041,0x0041,0x2209,0x08A3,0x08A3,0x08A3,0x1987,0x08A3,0x08A3,
  0x08A3,0x08A3,0x08A3,0x08A3,0x08A3,0x08A3,0x08A3,0x08A3,0x08A3,0x08A3,0x08A3,0x08A3,0x08A3,0x08A3,0x1125,0x21A8,
  0x0883,0x0882,0x0882,0x0882,0x0882,0x0882,0x0882,0x0882,0x0882,0x1966,0x08C3,0x0882,0x0882,0x0882,0x0882,0x0882,
  0x0882,0x0882,0x0882,0x0882,0x0882,0x0882,0x0882,0x08A3,0x0882,0x0882,0x1125,0x08A3,0x0882,0x0882,0x0882,0x0882,
  0x0882,0x0882,0x1966,0x1966,0x08A3,0x08A3,0x08A3,0x08A3,0x08A3,0x08A3,0x08A3,0x08A3,0x08A3,0x08A3,0x08A3,0x08A3,
  0x08A3,0x08A3,0x08A3,0x08A3,0x08A3,0x08A3,0x08A3,0x08A3,0x08A3,0x08A3,0x08A3,0x08A3,0x08A3,0x0883,0x0883,0x0883,
  0x0883,0x0883,0x0883,0x0883,0x0883,0x0883,0x0883,0x0883,0x0883,0x0883,0x0883,0x0883,0x0883,0x0883,0x0883,0x0883,
  0x0883,0x0883,0x0883,0x0883,0x0883,0x0883,0x0883,0x0883,0x0883,0x0883,0x0883,0x0883,0x0883,0x0883,0x0883,0x0883,
  0x0883,0x0883,0x0883,0x0883,0x0883,0x0883,0x0883,0x0883,0x0882,0x0882,0x0882,0x0882,0x0882,0x1146,0x08C4,0x0882,
  0x0882,0x19A7,0x08C3,0x0041,0x0041,0x0041,0x0041,0x2209,0x08A3,0x08A3,0x08A3,0x08A3,0x08A3,0x08A3,0x08A3,0x08A3,
  0x08A3,0x08A3,0x08A3,0x08A3,0x08A3,0x08A3,0x08A3,0x08A3,0x08A3,0x08A3,0x08A3,0x08A3,0x08A3,0x08A3,0x08A3,0x08A3,
  0x08A3,0x08A3,0x08A3,0x08A3,0x08A3,0x08A3,0x08A3,0x08A3,0x08A3,0x08A3,0x08A3,0x08A3,0x08A3,0x08A3,0x08A3,0x08A3,
  0x08A3,0x08A3,0x08A3,0x08A3,0x08A3,0x08A3,0x08A3,0x08A3,0x08A3,0x08A3,0x08A3,0x08A3,0x08A3,0x08A3,0x08A3,0x08A3,
  0x08A3,0x08A3,0x08A3,0x08A3,0x08A3,0x08A3,0x08A3,0x08A3,0x08A3,0x08A3,0x08A3,0x08A3,0x08A3,0x08A3,0x08A3,0x08A3,
  0x08A3,0x08A3,0x08A3,0x08A3,0x08A3,0x08A3,0x08A3,0x08A3,0x08A3,0x08A3,0x08A3,0x08A3,0x08A3,0x08A3,0x08A3,0x08A3,
  0x08A3,0x08A3,0x08A3,0x08A3,0x08A3,0x08A3,0x0883,0x0883,0x0883,0x0883,0x0883,0x0883,0x0883,0x0883,0x0883,0x0883,
  0x0883,0x0883,0x0883,0x0883,0x0883,0x0883,0x0883,0x0883,0x0883,0x0883,0x0883,0x0883,0x0883,0x0883,0x0883,0x0883,
  0x0883,0x0883,0x0883,0x0883,0x0883,0x0883,0x0883,0x0883,0x0883,0x0883,0x0883,0x0883,0x0882,0x0882,0x0882,0x0882,
  0x0882,0x0882,0x0882,0x0882,0x0882,0x0882,0x0882,0x0882,0x0882,0x0882,0x0882,0x0882,0x0882,0x0882,0x0882,0x0882,
  0x0882,0x0882,0x0882,0x0882,0x0882,0x0882,0x19A7,0x08C3,0x0041,0x0041,0x0041,0x0041,0x0041,0x0041,0x0041,0x0041,
  0x0041,0x0041,0x0041,0x0041,0x0041,0x0041,0x0041,0x0041,0x0041,0x2209,0x08A3,0x08A3,0x08A3,0x1987,0x08A3,0x08A3,
  0x08A3,0x08A3,0x08A3,0x08A3,0x08A3,0x08A3,0x08A3,0x08A3,0x08A3,0x08A3,0x08A3,0x08A3,0x08A3,0x1125,0x21E8,0x0883,
  0x0882,0x0882,0x0882,0x0882,0x0882,0x10E4,0x21C8,0x0883,0x0882,0x0882,0x0882,0x0882,0x0882,0x0882,0x0882,0x0882,
  0x0882,0x0882,0x0882,0x0882,0x0882,0x0882,0x0882,0x0882,0x0882,0x0882,0x1125,0x21C8,0x10E4,0x0882,0x0882,0x0882,
  0x0882,0x0882,0x0882,0x19A7,0x1966,0x08A3,0x08A3,0x08A3,0x08A3,0x08A3,0x08A3,0x08A3,0x08A3,0x08A3,0x08A3,0x08A3,
  0x08A3,0x08A3,0x08A3,0x08A3,0x08A3,0x08A3,0x08A3,0x08A3,0x08A3,0x08A3,0x08A3,0x08A3,0x0883,0x0883,0x0883,0x0883,
  0x0883,0x0883,0x0883,0x0883,0x0883,0x0883,0x0883,0x0883,0x0883,0x0883,0x0883,0x0883,0x0883,0x0883,0x0883,0x0883,
  0x0883,0x0883,0x0883,0x0883,0x0883,0x0883,0x0883,0x0883,0x0883,0x0883,0x0883,0x0883,0x0883,0x0883,0x0883,0x0883,
  0x0883,0x0883,0x0883,0x0883,0x0883,0x0883,0x0883,0x0882,0x0882,0x0882,0x0882,0x0882,0x0882,0x1146,0x08C4,0x0882,
  0x0882,0x19A7,0x08C3,0x0041,0x0041,0x0041,0x0041,0x2209,0x08A3,0x08A3,0x08A3,0x08A3,0x08A3,0x08A3,0x08A3,0x08A3,
  0x08A3,0x08A3,0x08A3,0x08A3,0x08A3,0x08A3,0x08A3,0x08A3,0x08A3,0x08A3,0x08A3,0x08A3,0x08A3,0x08A3,0x08A3,0x08A3,
  0x08A3,0x08A3,0x08A3,0x08A3,0x08A3,0x08A3,0x08A3,0x08A3,0x08A3,0x08A3,0x08A3,0x08A3,0x08A3,0x08A3,0x08A3,0x08A3,
  0x08A3,0x08A3,0x08A3,0x08A3,0x08A3,0x08A3,0x08A3,0x08A3,0x08A3,0x08A3,0x08A3,0x08A3,0x08A3,0x08A3,0x08A3,0x08A3,
  0x08A3,0x08A3,0x08A3,0x08A3,0x08A3,0x08A3,0x08A3,0x08A3,0x08A3,0x08A3,0x08A3,0x08A3,0x08A3,0x08A3,0x08A3,0x08A3,
  0x08A3,0x08A3,0x08A3,0x08A3,0x08A3,0x08A3,0x08A3,0x08A3,0x08A3,0x08A3,0x08A3,0x08A3,0x08A3,0x08A3,0x08A3,0x08A3,
  0x08A3,0x08A3,0x08A3,0x0883,0x0883,0x0883,0x0883,0x0883,0x0883,0x0883,0x0883,0x0883,0x0883,0x0883,0x0883,0x0883,
  0x0883,0x0883,0x0883,0x0883,0x0883,0x0883,0x0883,0x0883,0x0883,0x0883,0x0883,0x0883,0x0883,0x0883,0x0883,0x0883,
  0x0883,0x0883,0x0883,0x0883,0x0883,0x0883,0x0883,0x0883,0x0883,0x0883,0x0882,0x0882,0x0882,0x0882,0x0882,0x0882,
  0x0882,0x0882,0x0882,0x0882,0x0882,0x0882,0x0882,0x0882,0x0882,0x0882,0x0882,0x0882,0x0882,0x0882,0x0882,0x0882,
  0x0882,0x0882,0x0882,0x0882,0x0882,0x0882,0x19A7,0x08C3,0x0041,0x0041,0x0041,0x0041,0x0041,0x0041,0x0041,0x0041,
  0x0041,0x0041,0x0041,0x0041,0x0041,0x0041,0x0041,0x0041,0x0041,0x2209,0x08A3,0x08A3,0x08A3,0x1987,0x08A3,0x08A3,
  0x08A3,0x08A3,0x08A3,0x08A3,0x08A3,0x08A3,0x08A3,0x08A3,0x08A3,0x08A3,0x08A3,0x08A3,0x10E4,0x21C8,0x08C3,0x0882,
  0x0882,0x0882,0x0882,0x0882,0x08A3,0x21C8,0x08C3,0x0882,0x0882,0x0882,0x0882,0x0882,0x0882,0x0882,0x0882,0x0882,
  0x0882,0x0882,0x0882,0x0882,0x0882,0x0882,0x0882,0x0882,0x0882,0x0882,0x0882,0x0883,0x08C3,0x0882,0x0882,0x0882,
  0x0882,0x0882,0x0882,0x0883,0x21A8,0x1125,0x08A3,0x08A3,0x08A3,0x08A3,0x08A3,0x08A3,0x08A3,0x08A3,0x08A3,0x08A3,
  0x08A3,0x08A3,0x08A3,0x08A3,0x08A3,0x08A3,0x08A3,0x08A3,0x08A3,0x08A3,0x08A3,0x0883,0x0883,0x0883,0x0883,0x0883,
  0x0883,0x0883,0x0883,0x0883,0x0883,0x0883,0x0883,0x0883,0x0883,0x0883,0x0883,0x0883,0x0883,0x0883,0x0883,0x0883,
  0x0883,0x0883,0x0883,0x0883,0x0883,0x0883,0x0883,0x0883,0x0883,0x0883,0x0883,0x0883,0x0883,0x0883,0x0883,0x0883,
  0x0883,0x0883,0x0883,0x0883,0x0883,0x0883,0x0882,0x0882,0x0882,0x0882,0x0882,0x0882,0x0882,0x1146,0x08C4,0x0882,
  0x0882,0x19A7,0x08C3,0x0041,0x0041,0x0041,0x0041,0x2209,0x08A3,0x08A3,0x08A3,0x08A3,0x08A3,0x08A3,0x08A3,0x08A3,
  0x08A3,0x08A3,0x08A3,0x08A3,0x08A3,0x08A3,0x08A3,0x08A3,0x08A3,0x08A3,0x08A3,0x08A3,0x08A3,0x08A3,0x08A3,0x08A3,
  0x08A3,0x08A3,0x08A3,0x08A3,0x08A3,0x08A3,0x08A3,0x08A3,0x08A3,0x08A3,0x08A3,0x08A3,0x08A3,0x08A3,0x08A3,0x08A3,
  0x08A3,0x08A3,0x08A3,0x08A3,0x08A3,0x08A3,0x08A3,0x08A3,0x08A3,0x08A3,0x08A3,0x08A3,0x08A3,0x08A3,0x08A3,0x08A3,
  0x08A3,0x08A3,0x08A3,0x08A3,0x08A3,0x08A3,0x08A3,0x08A3,0x08A3,0x08A3,0x08A3,0x08A3,0x08A3,0x08A3,0x08A3,0x08A3,
  0x08A3,0x08A3,0x08A3,0x08A3,0x08A3,0x08A3,0x08A3,0x08A3,0x08A3,0x08A3,0x08A3,0x08A3,0x08A3,0x08A3,0x08A3,0x08A3,
  0x08A3,0x0883,0x0883,0x0883,0x0883,0x0883,0x0883,0x0883,0x0883,0x0883,0x0883,0x0883,0x0883,0x0883,0x0883,0x0883,
  0x0883,0x0883,0x0883,0x0883,0x0883,0x0883,0x0883,0x0883,0x0883,0x0883,0x0883,0x0883,0x0883,0x0883,0x0883,0x0883,
  0x0883,0x0883,0x0883,0x0883,0x0883,0x0883,0x0883,0x0882,0x0882,0x0882,0x0882,0x0882,0x0882,0x0882,0x0882,0x0882,
  0x0882,0x0882,0x0882,0x0882,0x0882,0x0882,0x0882,0x0882,0x0882,0x0882,0x0882,0x0882,0x0882,0x0882,0x0882,0x0882,
  0x0882,0x0882,0x0882,0x0882,0x0882,0x0882,0x19A7,0x08C3,0x0041,0x0041,0x0041,0x0041,0x0041,0x0041,0x0041,0x0041,
  0x0041,0x0041,0x0041,0x0041,0x0041,0x0041,0x0041,0x0041,0x0041,0x2209,0x08A3,0x08A3,0x08A3,0x1987,0x08A3,0x08A3,
  0x08A3,0x08A3,0x08A3,0x08A3,0x08A3,0x08A3,0x08A3,0x08A3,0x08A3,0x08A3,0x08A3,0x08C3,0x21A8,0x1105,0x0882,0x0882,
  0x0882,0x0882,0x0882,0x0882,0x0882,0x0882,0x0882,0x0882,0x0882,0x0882,0x0882,0x0882,0x0882,0x0882,0x0882,0x0882,
  0x0882,0x0882,0x0882,0x0882,0x0882,0x0882,0x0882,0x0882,0x0882,0x0882,0x0882,0x0882,0x0882,0x0882,0x1966,0x0883,
  0x0882,0x0882,0x0882,0x0882,0x08C3,0x21C8,0x08E4,0x08A3,0x08A3,0x08A3,0x08A3,0x08A3,0x08A3,0x08A3,0x08A3,0x08A3,
  0x08A3,0x08A3,0x08A3,0x08A3,0x08A3,0x08A3,0x08A3,0x08A3,0x08A3,0x08A3,0x0883,0x0883,0x0883,0x0883,0x0883,0x0883,
  0x0883,0x0883,0x0883,0x0883,0x0883,0x0883,0x0883,0x0883,0x0883,0x0883,0x0883,0x0883,0x0883,0x0883,0x0883,0x0883,
  0x0883,0x0883,0x0883,0x0883,0x0883,0x0883,0x0883,0x0883,0x0883,0x0883,0x0883,0x0883,0x0883,0x0883,0x0883,0x0883,
  0x0883,0x0883,0x0883,0x0883,0x0883,0x0882,0x0882,0x0882,0x0882,0x0882,0x0882,0x0882,0x0882,0x1146,0x08C4,0x0882,
  0x0882,0x19A7,0x08C3,0x0041,0x0041,0x0041,0x0041,0x2209,0x08A3,0x08A3,0x08A3,0x08A3,0x08A3,0x08A3,0x08A3,0x08A3,
  0x08A3,0x08A3,0x08A3,0x08A3,0x08A3,0x08A3,0x08A3,0x08A3,0x08A3,0x08A3,0x08A3,0x08A3,0x08A3,0x08A3,0x08A3,0x08A3,
  0x08A3,0x08A3,0x08A3,0x08A3,0x08A3,0x08A3,0x08A3,0x08A3,0x08A3,0x08A3,0x08A3,0x08A3,0x08A3,0x08A3,0x08A3,0x08A3,
  0x08A3,0x08A3,0x08A3,0x08A3,0x08A3,0x08A3,0x08A3,0x08A3,0x08A3,0x08A3,0x08A3,0x08A3,0x08A3,0x08A3,0x08A3,0x08A3,
  0x08A3,0x08A3,0x08A3,0x08A3,0x08A3,0x08A3,0x08A3,0x08A3,0x08A3,0x08A3,0x08A3,0x08A3,0x08A3,0x08A3,0x08A3,0x08A3,
  0x08A3,0x08A3,0x08A3,0x08A3,0x08A3,0x08A3,0x08A3,0x08A3,0x08A3,0x08A3,0x08A3,0x08A3,0x08A3,0x08A3,0x08A3,0x0883,
  0x0883,0x0883,0x0883,0x0883,0x0883,0x0883,0x0883,0x0883,0x0883,0x0883,0x0883,0x0883,0x0883,0x0883,0x0883,0x0883,
  0x0883,0x0883,0x0883,0x0883,0x0883,0x0883,0x0883,0x0883,0x0883,0x0883,0x0883,0x0883,0x0883,0x0883,0x0883,0x0883,
  0x0883,0x0883,0x0883,0x0883,0x0883,0x0882,0x0882,0x0882,0x0882,0x0882,0x0882,0x0882,0x0882,0x0882,0x0882,0x0882,
  0x0882,0x0882,0x0882,0x0882,0x0882,0x0882,0x0882,0x0882,0x0882,0x0882,0x0882,0x0882,0x0882,0x0882,0x0882,0x0882,
  0x0882,0x0882,0x0882,0x0882,0x0882,0x0882,0x19A7,0x08C3,0x0041,0x0041,0x0041,0x0041,0x0041,0x0041,0x0041,0x0041,
  0x0041,0x0041,0x0041,0x0041,0x0041,0x0041,0x0041,0x0041,0x0041,0x2209,0x08A3,0x08A3,0x08A3,0x1987,0x08A3,0x08A3,
  0x08A3,0x08A3,0x08A3,0x08A3,0x08A3,0x08A3,0x08A3,0x08A3,0x08A3,0x08A3,0x08A3,0x1966,0x1987,0x0882,0x0882,0x0882,
  0x0882,0x0882,0x1966,0x1105,0x0882,0x0882,0x0882,0x0882,0x0882,0x0882,0x0882,0x0882,0x0882,0x0882,0x0882,0x0882,
  0x0882,0x0882,0x0882,0x0882,0x0882,0x0882,0x0882,0x0882,0x0882,0x0882,0x0882,0x0882,0x0882,0x0882,0x1105,0x21C8,
  0x0883,0x0882,0x0882,0x0882,0x0882,0x1125,0x21A8,0x08A3,0x08A3,0x08A3,0x08A3,0x08A3,0x08A3,0x08A3,0x08A3,0x08A3,
  0x08A3,0x08A3,0x08A3,0x08A3,0x08A3,0x08A3,0x08A3,0x08A3,0x08A3,0x08A3,0x0883,0x0883,0x0883,0x0883,0x0883,0x0883,
  0x0883,0x0883,0x0883,0x0883,0x0883,0x0883,0x0883,0x0883,0x0883,0x0883,0x0883,0x0883,0x0883,0x0883,0x0883,0x0883,
  0x0883,0x0883,0x0883,0x0883,0x0883,0x0883,0x0883,0x0883,0x0883,0x0883,0x0883,0x0883,0x0883,0x0883,0x0883,0x0883,
  0x0883,0x0883,0x0883,0x0883,0x0882,0x0882,0x0882,0x0882,0x0882,0x0882,0x0882,0x0882,0x0882,0x1146,0x08C4,0x0882,
  0x0882,0x19A7,0x08C3,0x0041,0x0041,0x0041,0x0041,0x2209,0x08A3,0x08A3,0x08A3,0x08A3,0x08A3,0x08A3,0x08A3,0x08A3,
  0x08A3,0x08A3,0x08A3,0x08A3,0x08A3,0x08A3,0x08A3,0x08A3,0x08A3,0x08A3,0x08A3,0x08A3,0x08A3,0x08A3,0x08A3,0x08A3,
  0x08A3,0x08A3,0x08A3,0x08A3,0x08A3,0x08A3,0x08A3,0x08A3,0x08A3,0x08A3,0x08A3,0x08A3,0x08A3,0x08A3,0x08A3,0x08A3,
  0x08A3,0x08A3,0x08A3,0x08A3,0x08A3,0x08A3,0x08A3,0x08A3,0x08A3,0x08A3,0x08A3,0x08A3,0x08A3,0x08A3,0x08A3,0x08A3,
  0x08A3,0x08A3,0x08A3,0x08A3,0x08A3,0x08A3,0x08A3,0x08A3,0x08A3,0x08A3,0x08A3,0x08A3,0x08A3,0x08A3,0x08A3,0x08A3,
  0x08A3,0x08A3,0x08A3,0x08A3,0x08A3,0x08A3,0x08A3,0x08A3,0x08A3,0x08A3,0x08A3,0x08A3,0x08A3,0x0883,0x0883,0x0883,
  0x0883,0x0883,0x0883,0x0883,0x0883,0x0883,0x0883,0x0883,0x0883,0x0883,0x0883,0x0883,0x0883,0x0883,0x0883,0x0883,
  0x0883,0x0883,0x0883,0x0883,0x0883,0x0883,0x0883,0x0883,0x0883,0x0883,0x0883,0x0883,0x0883,0x0883,0x0883,0x0883,
  0x0883,0x0883,0x0883,0x0882,0x0882,0x0882,0x0882,0x0882,0x0882,0x0882,0x0882,0x0882,0x0882,0x0882,0x0882,0x0882,
  0x0882,0x0882,0x0882,0x0882,0x0882,0x0882,0x0882,0x0882,0x0882,0x0882,0x0882,0x0882,0x0882,0x0882,0x0882,0x0882,
  0x0882,0x0882,0x0882,0x0882,0x0882,0x0882,0x19A7,0x08C3,0x0041,0x0041,0x0041,0x0041,0x0041,0x0041,0x0041,0x0041,
  0x0041,0x0041,0x0041,0x0041,0x0041,0x0041,0x0041,0x0041,0x0041,0x2209,0x08A3,0x08A3,0x08A3,0x1987,0x08A3,0x08A3,
  0x08A3,0x08A3,0x08A3,0x08A3,0x08A3,0x08A3,0x08A3,0x08A3,0x08A3,0x08A3,0x08C4,0x21E8,0x0883,0x0882,0x0882,0x0882,
  0x0882,0x1946,0x1987,0x0882,0x0882,0x0882,0x0882,0x0882,0x0882,0x0882,0x0882,0x0882,0x0882,0x0882,0x0882,0x0882,
  0x0882,0x0882,0x0882,0x0882,0x0882,0x0882,0x0882,0x0882,0x0882,0x0882,0x0882,0x0882,0x0882,0x0882,0x0882,0x10E4,
  0x0883,0x0882,0x0882,0x0882,0x0882,0x0882,0x19A7,0x1125,0x08A3,0x08A3,0x08A3,0x08A3,0x08A3,0x08A3,0x08A3,0x08A3,
  0x08A3,0x08A3,0x08A3,0x08A3,0x08A3,0x08A3,0x08A3,0x08A3,0x08A3,0x0883,0x0883,0x0883,0x0883,0x0883,0x0883,0x0883,
  0x0883,0x0883,0x0883,0x0883,0x0883,0x0883,0x0883,0x0883,0x0883,0x0883,0x0883,0x0883,0x0883,0x0883,0x0883,0x0883,
  0x0883,0x0883,0x0883,0x0883,0x0883,0x0883,0x0883,0x0883,0x0883,0x0883,0x0883,0x0883,0x0883,0x0883,0x0883,0x0883,
  0x0883,0x0883,0x0883,0x0883,0x0882,0x0882,0x0882,0x0882,0x0882,0x0882,0x0882,0x0882,0x0882,0x1146,0x08C4,0x0882,
  0x0882,0x19A7,0x08C3,0x0041,0x0041,0x0041,0x0041,0x2209,0x08A3,0x08A3,0x08A3,0x08A3,0x08A3,0x08A3,0x08A3,0x08A3,
  0x08A3,0x08A3,0x08A3,0x08A3,0x08A3,0x08A3,0x08A3,0x08A3,0x08A3,0x08A3,0x08A3,0x08A3,0x08A3,0x08A3,0x08A3,0x08A3,
  0x08A3,0x08A3,0x08A3,0x08A3,0x08A3,0x08A3,0x08A3,0x08A3,0x08A3,0x08A3,0x08A3,0x08A3,0x08A3,0x08A3,0x08A3,0x08A3,
  0x08A3,0x08A3,0x08A3,0x08A3,0x08A3,0x08A3,0x08A3,0x08A3,0x08A3,0x08A3,0x08A3,0x08A3,0x08A3,0x08A3,0x08A3,0x08A3,
  0x08A3,0x08A3,0x08A3,0x08A3,0x08A3,0x08A3,0x08A3,0x08A3,0x08A3,0x08A3,0x08A3,0x08A3,0x08A3,0x08A3,0x08A3,0x08A3,
  0x08A3,0x08A3,0x08A3,0x08A3,0x08A3,0x08A3,0x08A3,0x08A3,0x08A3,0x08A3,0x08A3,0x0883,0x0883,0x0883,0x0883,0x0883,
  0x0883,0x0883,0x0883,0x0883,0x0883,0x0883,0x0883,0x0883,0x0883,0x0883,0x0883,0x0883,0x0883,0x0883,0x0883,0x0883,
  0x0883,0x0883,0x0883,0x0883,0x0883,0x0883,0x0883,0x0883,0x0883,0x0883,0x0883,0x0883,0x0883,0x0883,0x0883,0x0883,
  0x0883,0x0882,0x0882,0x0882,0x0882,0x0882,0x0882,0x0882,0x0882,0x0882,0x0882,0x0882,0x0882,0x0882,0x0882,0x0882,
  0x0882,0x0882,0x0882,0x0882,0x0882,0x0882,0x0882,0x0882,0x0882,0x0882,0x0882,0x0882,0x0882,0x0882,0x0882,0x0882,
  0x0882,0x0882,0x0882,0x0882,0x0882,0xC425,0xC467,0x08C3,0x0041,0x0041,0x0041,0x0041,0x0041,0x0041,0x0041,0x0041,
  0x0041,0x0041,0x0041,0x0041,0x0041,0x0041,0x0041,0x0041,0x0041,0x2209,0x08A3,0x08A3,0x08A3,0x1987,0x08A3,0x08A3,
  0x08A3,0x08A3,0x08A3,0x08A3,0x08A3,0x08A3,0x08A3,0x08A3,0x08A3,0x08A3,0x19A7,0x1125,0x0882,0x0882,0x0882,0x0882,
  0x0882,0x08A3,0x0883,0x0882,0x0882,0x0882,0x0882,0x0882,0x0882,0x0882,0x0882,0x0882,0x0882,0x0882,0x0882,0x0882,
  0x0882,0x0882,0x0882,0x0882,0x0882,0x0882,0x0882,0x0882,0x0882,0x0882,0x0882,0x0882,0x0882,0x0882,0x0882,0x0882,
  0x0882,0x0882,0x0882,0x0882,0x0882,0x0882,0x08C3,0x21E8,0x08A3,0x08A3,0x08A3,0x08A3,0x08A3,0x08A3,0x08A3,0x08A3,
  0x08A3,0x08A3,0x08A3,0x08A3,0x08A3,0x08A3,0x08A3,0x08A3,0x0883,0x0883,0x0883,0x0883,0x0883,0x0883,0x0883,0x0883,
  0x0883,0x0883,0x0883,0x0883,0x0883,0x0883,0x0883,0x0883,0x0883,0x0883,0x0883,0x0883,0x0883,0x0883,0x0883,0x0883,
  0x0883,0x0883,0x0883,0x0883,0x0883,0x0883,0x0883,0x0883,0x0883,0x0883,0x0883,0x0883,0x0883,0x0883,0x0883,0x0883,
  0x0883,0x0883,0x0883,0x0882,0x0882,0x0882,0x0882,0x0882,0x0882,0x0882,0x0882,0x0882,0x0882,0x1146,0x08C4,0x0882,
  0x0882,0x19A7,0x08C3,0x0041,0x0041,0x0041,0x0041,0x2209,0x08A3,0x08A3,0x08A3,0x08A3,0x08A3,0x08A3,0x08A3,0x08A3,
  0x08A3,0x08A3,0x08A3,0x08A3,0x08A3,0x08A3,0x08A3,0x08A3,0x08A3,0x08A3,0x08A3,0x08A3,0x08A3,0x08A3,0x08A3,0x08A3,
  0x08A3,0x08A3,0x08A3,0x08A3,0x08A3,0x08A3,0x08A3,0x08A3,0x08A3,0x08A3,0x08A3,0x08A3,0x08A3,0x08A3,0x08A3,0x08A3,
  0x08A3,0x08A3,0x08A3,0x08A3,0x08A3,0x08A3,0x08A3,0x08A3,0x08A3,0x08A3,0x08A3,0x08A3,0x08A3,0x08A3,0x08A3,0x08A3,
  0x08A3,0x08A3,0x08A3,0x08A3,0x08A3,0x08A3,0x08A3,0x08A3,0x08A3,0x08A3,0x08A3,0x08A3,0x08A3,0x08A3,0x08A3,0x08A3,
  0x08A3,0x08A3,0x08A3,0x08A3,0x08A3,0x08A3,0x08A3,0x08A3,0x08A3,0x0883,0x0883,0x0883,0x0883,0x0883,0x0883,0x0883,
  0x0883,0x0883,0x0883,0x0883,0x0883,0x0883,0x0883,0x0883,0x0883,0x0883,0x0883,0x0883,0x0883,0x0883,0x0883,0x0883,
  0x0883,0x0883,0x0883,0x0883,0x0883,0x0883,0x0883,0x0883,0x0883,0x0883,0x0883,0x0883,0x0883,0x0883,0x0883,0x0882,
  0x0882,0x0882,0x0882,0x0882,0x0882,0x0882,0x0882,0x0882,0x0882,0x0882,0x0882,0x0882,0x0882,0x0882,0x0882,0x0882,
  0x0882,0x0882,0x0882,0x0882,0x0882,0x0882,0x0882,0x0882,0x0882,0x0882,0x0882,0x0882,0x0882,0x0882,0x0882,0x0882,
  0x0882,0x0882,0x0882,0x0882,0x0882,0xC425,0xC467,0x08C3,0x0041,0x0041,0x0041,0x0041,0x0041,0x0041,0x0041,0x0041,
  0x0041,0x0041,0x0041,0x0041,0x0041,0x0041,0x0041,0x0041,0x0041,0x2209,0x08A3,0x08A3,0x08A3,0x1987,0x08A3,0x08A3,
  0x08A3,0x08A3,0x08A3,0x08A3,0x08A3,0x08A3,0x08A3,0x08A3,0x08A3,0x08C4,0x21C8,0x0882,0x0882,0x0882,0x0882,0x0883,
  0x0883,0x0882,0x0882,0x0882,0x0882,0x0882,0x0882,0x0882,0x0882,0x0882,0x0882,0x0882,0x0882,0x0882,0x0882,0x0882,
  0x0882,0x0882,0x0882,0x0882,0x0882,0x0882,0x0882,0x0882,0x0882,0x0882,0x0882,0x0882,0x0882,0x0882,0x0882,0x0882,
  0x0882,0x21C8,0x08C3,0x0882,0x0882,0x0882,0x0882,0x1966,0x1125,0x08A3,0x08A3,0x08A3,0x08A3,0x08A3,0x08A3,0x08A3,
  0x08A3,0x08A3,0x08A3,0x08A3,0x08A3,0x08A3,0x08A3,0x0883,0x0883,0x0883,0x0883,0x0883,0x0883,0x0883,0x0883,0x0883,
  0x0883,0x0883,0x0883,0x0883,0x0883,0x0883,0x0883,0x0883,0x0883,0x0883,0x0883,0x0883,0x0883,0x0883,0x0883,0x0883,
  0x0883,0x0883,0x0883,0x0883,0x0883,0x0883,0x0883,0x0883,0x0883,0x0883,0x0883,0x0883,0x0883,0x0883,0x0883,0x0883,
  0x0883,0x0883,0x0882,0x0882,0x0882,0x0882,0x0882,0x0882,0x0882,0x0882,0x0882,0x0882,0x0882,0x1146,0x08C4,0x0882,
  0x0882,0x19A7,0x08C3,0x0041,0x0041,0x0041,0x0041,0x2209,0x08A3,0x08A3,0x08A3,0x08A3,0x08A3,0x08A3,0x08A3,0x08A3,
  0x08A3,0x08A3,0x08A3,0x08A3,0x08A3,0x08A3,0x08A3,0x08A3,0x08A3,0x08A3,0x08A3,0x08A3,0x08A3,0x08A3,0x08A3,0x08A3,
  0x08A3,0x08A3,0x08A3,0x08A3,0x08A3,0x08A3,0x08A3,0x08A3,0x08A3,0x08A3,0x08A3,0x08A3,0x08A3,0x08A3,0x08A3,0x08A3,
  0x08A3,0x08A3,0x08A3,0x08A3,0x08A3,0x08A3,0x08A3,0x08A3,0x08A3,0x08A3,0x08A3,0x08A3,0x08A3,0x08A3,0x08A3,0x08A3,
  0x08A3,0x08A3,0x08A3,0x08A3,0x08A3,0x08A3,0x08A3,0x08A3,0x08A3,0x08A3,0x08A3,0x08A3,0x08A3,0x08A3,0x08A3,0x08A3,
  0x08A3,0x08A3,0x08A3,0x08A3,0x08A3,0x08A3,0x08A3,0x0883,0x0883,0x0883,0x0883,0x0883,0x0883,0x0883,0x0883,0x0883,
  0x0883,0x0883,0x0883,0x0883,0x0883,0x0883,0x0883,0x0883,0x0883,0x0883,0x0883,0x0883,0x0883,0x0883,0x0883,0x0883,
  0x0883,0x0883,0x0883,0x0883,0x0883,0x0883,0x0883,0x0883,0x0883,0x0883,0x0883,0x0883,0x0883,0x0882,0x0882,0x0882,
  0x0882,0x0882,0x0882,0x0882,0x0882,0x0882,0x0882,0x0882,0x0882,0x0882,0x0882,0x0882,0x0882,0x0882,0x0882,0x0882,
  0x0882,0x0882,0x0882,0x0882,0x0882,0x0882,0x0882,0x0882,0x0882,0x0882,0x0882,0x0882,0x0882,0x0882,0x0882,0x0882,
  0x0882,0x0882,0x0882,0x0882,0x0882,0xC425,0xC467,0x08C3,0x0041,0x0041,0x0041,0x0041,0x0041,0x0041,0x0041,0x0041,
  0x0041,0x0041,0x0041,0x0041,0x0041,0x0041,0x0041,0x0041,0x0041,0x2209,0x08A3,0x08A3,0x08A3,0x1987,0x08A3,0x08A3,
  0x08A3,0x08A3,0x08A3,0x08A3,0x08A3,0x08A3,0x08A3,0x08A3,0x08A3,0x1966,0x1946,0x0882,0x0882,0x0882,0x0882,0x1946,
  0x1946,0x0882,0x0882,0x0882,0x0882,0x0882,0x0882,0x0882,0x0882,0x0882,0x0882,0x0882,0x0882,0x0882,0x0882,0x0882,
  0x0882,0x0882,0x0882,0x0882,0x0882,0x0882,0x0882,0x0882,0x0882,0x0882,0x0882,0x0882,0x0882,0x0882,0x0882,0x0882,
  0x0882,0x10E4,0x21A7,0x0882,0x0882,0x0882,0x0882,0x10E4,0x21C8,0x08A3,0x08A3,0x08A3,0x08A3,0x08A3,0x08A3,0x08A3,
  0x08A3,0x08A3,0x08A3,0x08A3,0x08A3,0x08A3,0x0883,0x0883,0x0883,0x0883,0x0883,0x0883,0x0883,0x0883,0x0883,0x0883,
  0x0883,0x0883,0x0883,0x0883,0x0883,0x0883,0x0883,0x0883,0x0883,0x0883,0x0883,0x0883,0x0883,0x0883,0x0883,0x0883,
  0x0883,0x0883,0x0883,0x0883,0x0883,0x0883,0x0883,0x0883,0x0883,0x0883,0x0883,0x0883,0x0883,0x0883,0x0883,0x0883,
  0x0883,0x0882,0x0882,0x0882,0x0882,0x0882,0x0882,0x0882,0x0882,0x0882,0x0882,0x0882,0x0882,0x1146,0x08C4,0x0882,
  0x0882,0x19A7,0x08C3,0x0041,0x0041,0x0041,0x0041,0x2209,0x08A3,0x08A3,0x08A3,0x08A3,0x08A3,0x08A3,0x08A3,0x08A3,
  0x08A3,0x08A3,0x08A3,0x08A3,0x08A3,0x08A3,0x08A3,0x08A3,0x08A3,0x08A3,0x08A3,0x08A3,0x08A3,0x08A3,0x08A3,0x08A3,
  0x08A3,0x08A3,0x08A3,0x08A3,0x08A3,0x08A3,0x08A3,0x08A3,0x08A3,0x08A3,0x08A3,0x08A3,0x08A3,0x08A3,0x08A3,0x08A3,
  0x08A3,0x08A3,0x08A3,0x08A3,0x08A3,0x08A3,0x08A3,0x08A3,0x08A3,0x08A3,0x08A3,0x08A3,0x08A3,0x08A3,0x08A3,0x08A3,
  0x08A3,0x08A3,0x08A3,0x08A3,0x08A3,0x08A3,0x08A3,0x08A3,0x08A3,0x08A3,0x08A3,0x08A3,0x08A3,0x08A3,0x08A3,0x08A3,
  0x08A3,0x08A3,0x08A3,0x08A3,0x08A3,0x0883,0x0883,0x0883,0x0883,0x0883,0x0883,0x0883,0x0883,0x0883,0x0883,0x0883,
  0x0883,0x0883,0x0883,0x0883,0x0883,0x0883,0x0883,0x0883,0x0883,0x0883,0x0883,0x0883,0x0883,0x0883,0x0883,0x0883,
  0x0883,0x0883,0x0883,0x0883,0x0883,0x0883,0x0883,0x0883,0x0883,0x0883,0x0883,0x0882,0x0882,0x0882,0x0882,0x0882,
  0x0882,0x0882,0x0882,0x0882,0x0882,0x0882,0x0882,0x0882,0x0882,0x0882,0x0882,0x0882,0x0882,0x0882,0x0882,0x0882,
  0x0882,0x0882,0x0882,0x0882,0x0882,0x0882,0x0882,0x0882,0x0882,0x0882,0x0882,0x0882,0x0882,0x0882,0x0882,0x0882,
  0x0882,0x0882,0x0882,0x0882,0x0882,0xC425,0xC467,0x08C3,0x0041,0x0041,0x0041,0x0041,0x0041,0x0041,0x0041,0x0041,
  0x0041,0x0041,0x0041,0x0041,0x0041,0x0041,0x0041,0x0041,0x0041,0x2209,0x08A3,0x08A3,0x08A3,0x1987,0x08A3,0x08A3,
  0x08A3,0x08A3,0x08A3,0x08A3,0x08A3,0x08A3,0x08A3,0x08A3,0x08C3,0x21E8,0x0883,0x0882,0x0882,0x0882,0x0883,0x21C8,
  0x0883,0x0882,0x0882,0x0882,0x0882,0x0882,0x0882,0x0882,0x0882,0x0882,0x0882,0x0882,0x0882,0x0882,0x0882,0x0882,
  0x0882,0x0882,0x0882,0x0882,0x0882,0x0882,0x0882,0x0882,0x0882,0x0882,0x0882,0x0882,0x0882,0x0882,0x0882,0x0882,
  0x0882,0x0882,0x08C3,0x0882,0x0882,0x0882,0x0882,0x0882,0x21A8,0x10E4,0x08A3,0x08A3,0x08A3,0x08A3,0x08A3,0x08A3,
  0x08A3,0x08A3,0x08A3,0x08A3,0x08A3,0x0883,0x0883,0x0883,0x0883,0x0883,0x0883,0x0883,0x0883,0x0883,0x0883,0x0883,
  0x0883,0x0883,0x0883,0x0883,0x0883,0x0883,0x0883,0x0883,0x0883,0x0883,0x0883,0x0883,0x0883,0x0883,0x0883,0x0883,
  0x0883,0x0883,0x0883,0x0883,0x0883,0x0883,0x0883,0x0883,0x0883,0x0883,0x0883,0x0883,0x0883,0x0883,0x0883,0x0883,
  0x0882,0x0882,0x0882,0x0882,0x0882,0x0882,0x0882,0x0882,0x0882,0x0882,0x0882,0x0882,0x0882,0x1146,0x08C4,0x0882,
  0x0882,0x19A7,0x08C3,0x0041,0x0041,0x0041,0x0041,0x2209,0x08A3,0x08A3,0x08A3,0x08A3,0x08A3,0x08A3,0x08A3,0x08A3,
  0x08A3,0x08A3,0x08A3,0x08A3,0x08A3,0x08A3,0x08A3,0x08A3,0x08A3,0x08A3,0x08A3,0x08A3,0x08A3,0x08A3,0x08A3,0x08A3,
  0x08A3,0x08A3,0x08A3,0x08A3,0x08A3,0x08A3,0x08A3,0x08A3,0x08A3,0x08A3,0x08A3,0x08A3,0x08A3,0x08A3,0x08A3,0x08A3,
  0x08A3,0x08A3,0x08A3,0x08A3,0x08A3,0x08A3,0x08A3,0x08A3,0x08A3,0x08A3,0x08A3,0x08A3,0x08A3,0x08A3,0x08A3,0x08A3,
  0x08A3,0x08A3,0x08A3,0x08A3,0x08A3,0x08A3,0x08A3,0x08A3,0x08A3,0x08A3,0x08A3,0x08A3,0x08A3,0x08A3,0x08A3,0x08A3,
  0x08A3,0x08A3,0x08A3,0x0883,0x0883,0x0883,0x0883,0x0883,0x0883,0x0883,0x0883,0x0883,0x0883,0x0883,0x0883,0x0883,
  0x0883,0x0883,0x0883,0x0883,0x0883,0x0883,0x0883,0x0883,0x0883,0x0883,0x0883,0x0883,0x0883,0x0883,0x0883,0x0883,
  0x0883,0x0883,0x0883,0x0883,0x0883,0x0883,0x0883,0x0883,0x0883,0x0882,0x0882,0x0882,0x0882,0x0882,0x0882,0x0882,
  0x0882,0x0882,0x0882,0x0882,0x0882,0x0882,0x0882,0x0882,0x0882,0x0882,0x0882,0x0882,0x0882,0x0882,0x0882,0x0882,
  0x0882,0x0882,0x0882,0x0882,0x0882,0x0882,0x0882,0x0882,0x0882,0x0882,0x0882,0x0882,0x0882,0x0882,0x0882,0x0882,
  0x0882,0x0882,0x0882,0x0882,0x0882,0xC425,0xC467,0x08C3,0x0041,0x0041,0x0041,0x0041,0x0041,0x0041,0x0041,0x0041,
  0x0041,0x0041,0x0041,0x0041,0x0041,0x0041,0x0041,0x0041,0x0041,0x2209,0x08A3,0x08A3,0x08A3,0x1987,0x08A3,0x08A3,
  0x08A3,0x08A3,0x08A3,0x08A3,0x08A3,0x08A3,0x08A3,0x08A3,0x1105,0x1987,0x0882,0x0882,0x0882,0x0882,0x0882,0x08C3,
  0x0882,0x0882,0x0882,0x0882,0x0882,0x0882,0x0882,0x0882,0x0882,0x0882,0x0882,0x0882,0x0882,0x0882,0x0882,0x0882,
  0x0882,0x0882,0x0882,0x0882,0x0882,0x0882,0x0882,0x0882,0x0882,0x0882,0x0882,0x0882,0x0882,0x0882,0x0882,0x0882,
  0x0882,0x0882,0x0882,0x0882,0x0882,0x0882,0x0882,0x0882,0x1125,0x1966,0x08A3,0x08A3,0x08A3,0x08A3,0x08A3,0x08A3,
  0x08A3,0x08A3,0x08A3,0x08A3,0x08A3,0x0883,0x0883,0x0883,0x0883,0x0883,0x0883,0x0883,0x0883,0x0883,0x0883,0x0883,
  0x0883,0x0883,0x0883,0x0883,0x0883,0x0883,0x0883,0x0883,0x0883,0x0883,0x0883,0x0883,0x0883,0x0883,0x0883,0x0883,
  0x0883,0x0883,0x0883,0x0883,0x0883,0x0883,0x0883,0x0883,0x0883,0x0883,0x0883,0x0883,0x0883,0x0883,0x0883,0x0882,
  0x0882,0x0882,0x0882,0x0882,0x0882,0x0882,0x0882,0x0882,0x0882,0x0882,0x0882,0x0882,0x0882,0x1146,0x08C4,0x0882,
  0x0882,0x19A7,0x08C3,0x0041,0x0041,0x0041,0x0041,0x2209,0x08A3,0x08A3,0x08A3,0x08A3,0x08A3,0x08A3,0x08A3,0x08A3,
  0x08A3,0x08A3,0x08A3,0x08A3,0x08A3,0x08A3,0x08A3,0x08A3,0x08A3,0x08A3,0x08A3,0x08A3,0x08A3,0x08A3,0x08A3,0x08A3,
  0x08A3,0x08A3,0x08A3,0x08A3,0x08A3,0x08A3,0x08A3,0x08A3,0x08A3,0x08A3,0x08A3,0x08A3,0x08A3,0x08A3,0x08A3,0x08A3,
  0x08A3,0x08A3,0x08A3,0x08A3,0x08A3,0x08A3,0x08A3,0x08A3,0x08A3,0x08A3,0x08A3,0x08A3,0x08A3,0x08A3,0x08A3,0x08A3,
  0x08A3,0x08A3,0x08A3,0x08A3,0x08A3,0x08A3,0x08A3,0x08A3,0x08A3,0x08A3,0x08A3,0x08A3,0x08A3,0x08A3,0x08A3,0x08A3,
  0x08A3,0x0883,0x0883,0x0883,0x0883,0x0883,0x0883,0x0883,0x0883,0x0883,0x0883,0x0883,0x0883,0x0883,0x0883,0x0883,
  0x0883,0x0883,0x0883,0x0883,0x0883,0x0883,0x0883,0x0883,0x0883,0x0883,0x0883,0x0883,0x0883,0x0883,0x0883,0x0883,
  0x0883,0x0883,0x0883,0x0883,0x0883,0x0883,0x0883,0x0882,0x0882,0x0882,0x0882,0x0882,0x0882,0x0882,0x0882,0x0882,
  0x0882,0x0882,0x0882,0x0882,0x0882,0x0882,0x0882,0x0882,0x0882,0x0882,0x0882,0x0882,0x0882,0x0882,0x0882,0x0882,
  0x0882,0x0882,0x0882,0x0882,0x0882,0x0882,0x0882,0x0882,0x0882,0x0882,0x0882,0x0882,0x0882,0x0882,0x0882,0x0882,
  0x0882,0x0882,0x0882,0x0882,0x0882,0xC425,0xC467,0x08C3,0x0041,0x0041,0x0041,0x0041,0x0041,0x0041,0x0041,0x0041,
  0x0041,0x0041,0x0041,0x0041,0x0041,0x0041,0x0041,0x0041,0x0041,0x2209,0x08A3,0x08A3,0x08A3,0x1987,0x08A3,0x08A3,
  0x08A3,0x08A3,0x08A3,0x08A3,0x08A3,0x08A3,0x08A3,0x08A3,0x1966,0x1125,0x0882,0x0882,0x0882,0x0882,0x0882,0x0882,
  0x0882,0x0882,0x0882,0x0882,0x0882,0x0882,0x0882,0x0882,0x0882,0x0882,0x0882,0x0882,0x0882,0x0882,0x0882,0x0882,
  0x0882,0x0882,0x0882,0x0882,0x0882,0x0882,0x0882,0x0882,0x0882,0x0882,0x0882,0x0882,0x0882,0x0882,0x0882,0x0882,
  0x0882,0x0882,0x0882,0x1966,0x08A3,0x0882,0x0882,0x0882,0x08C3,0x21C8,0x08A3,0x08A3,0x08A3,0x08A3,0x08A3,0x08A3,
  0x08A3,0x08A3,0x08A3,0x08A3,0x0883,0x0883,0x0883,0x0883,0x0883,0x0883,0x0883,0x0883,0x0883,0x0883,0x0883,0x0883,
  0x0883,0x0883,0x0883,0x0883,0x0883,0x0883,0x0883,0x0883,0x0883,0x0883,0x0883,0x0883,0x0883,0x0883,0x0883,0x0883,
  0x0883,0x0883,0x0883,0x0883,0x0883,0x0883,0x0883,0x0883,0x0883,0x0883,0x0883,0x0883,0x0883,0x0883,0x0883,0x0882,
  0x0882,0x0882,0x0882,0x0882,0x0882,0x0882,0x0882,0x0882,0x0882,0x0882,0x0882,0x0882,0x0882,0x1146,0x08C4,0x0882,
  0x0882,0x19A7,0x08C3,0x0041,0x0041,0x0041,0x0041,0x2209,0x08A3,0x08A3,0x08A3,0x08A3,0x08A3,0x08A3,0x08A3,0x08A3,
  0x08A3,0x08A3,0x08A3,0x08A3,0x08A3,0x08A3,0x08A3,0x08A3,0x08A3,0x08A3,0x08A3,0x08A3,0x08A3,0x08A3,0x08A3,0x08A3,
  0x08A3,0x08A3,0x08A3,0x08A3,0x08A3,0x08A3,0x08A3,0x08A3,0x08A3,0x08A3,0x08A3,0x08A3,0x08A3,0x08A3,0x08A3,0x08A3,
  0x08A3,0x08A3,0x08A3,0x08A3,0x08A3,0x08A3,0x08A3,0x08A3,0x08A3,0x08A3,0x08A3,0x08A3,0x08A3,0x08A3,0x08A3,0x08A3,
  0x08A3,0x08A3,0x08A3,0x08A3,0x08A3,0x08A3,0x08A3,0x08A3,0x08A3,0x08A3,0x08A3,0x08A3,0x08A3,0x08A3,0x08A3,0x0883,
  0x0883,0x0883,0x0883,0x0883,0x0883,0x0883,0x0883,0x0883,0x0883,0x0883,0x0883,0x0883,0x0883,0x0883,0x0883,0x0883,
  0x0883,0x0883,0x0883,0x0883,0x0883,0x0883,0x0883,0x0883,0x0883,0x0883,0x0883,0x0883,0x0883,0x0883,0x0883,0x0883,
  0x0883,0x0883,0x0883,0x0883,0x0883,0x0882,0x0882,0x0882,0x0882,0x0882,0x0882,0x0882,0x0882,0x0882,0x0882,0x0882,
  0x0882,0x0882,0x0882,0x0882,0x0882,0x0882,0x0882,0x0882,0x0882,0x0882,0x0882,0x0882,0x0882,0x0882,0x0882,0x0882,
  0x0882,0x0882,0x0882,0x0882,0x0882,0x0882,0x0882,0x0882,0x0882,0x0882,0x0882,0x0882,0x0882,0x0882,0x0882,0x0882,
  0x0882,0x0882,0x0882,0x0882,0x0882,0xC425,0xC467,0x08C3,0x0041,0x0041,0x0041,0x0041,0x0041,0x0041,0x0041,0x0041,
  0x0041,0x0041,0x0041,0x0041,0x0041,0x0041,0x0041,0x0041,0x0041,0x2209,0x08A3,0x08A3,0x08A3,0x1987,0x08A3,0x08A3,
  0x08A3,0x08A3,0x08A3,0x08A3,0x08A3,0x08A3,0x08A3,0x08A3,0x21C8,0x08C3,0x0882,0x0882,0x0882,0x08C3,0x1946,0x0882,
  0x0882,0x0882,0x0882,0x0882,0x0882,0x0882,0x0882,0x0882,0x0882,0x0882,0x0882,0x0882,0x0882,0x0882,0x0882,0x0882,
  0x0882,0x0882,0x0882,0x0882,0x0882,0x0882,0x0882,0x0882,0x0882,0x0882,0x0882,0x0882,0x0882,0x0882,0x0882,0x0882,
  0x0882,0x0882,0x0882,0x1966,0x1125,0x0882,0x0882,0x0882,0x0882,0x21E8,0x08C3,0x08A3,0x08A3,0x08A3,0x08A3,0x08A3,
  0x08A3,0x08A3,0x08A3,0x0883,0x0883,0x0883,0x0883,0x0883,0x0883,0x0883,0x0883,0x0883,0x0883,0x0883,0x0883,0x0883,
  0x0883,0x0883,0x0883,0x0883,0x0883,0x0883,0x0883,0x0883,0x0883,0x0883,0x0883,0x0883,0x0883,0x0883,0x0883,0x0883,
  0x0883,0x0883,0x0883,0x0883,0x0883,0x0883,0x0883,0x0883,0x0883,0x0883,0x0883,0x0883,0x0883,0x0883,0x0882,0x0882,
  0x0882,0x0882,0x0882,0x0882,0x0882,0x0882,0x0882,0x0882,0x0882,0x0882,0x0882,0x0882,0x0882,0x1146,0x08C4,0x0882,
  0x0882,0x19A7,0x08C3,0x0041,0x0041,0x0041,0x0041,0x2209,0x08A3,0x08A3,0x08A3,0x08A3,0x08A3,0x08A3,0x08A3,0x08A3,
  0x08A3,0x08A3,0x08A3,0x08A3,0x08A3,0x08A3,0x08A3,0x08A3,0x08A3,0x08A3,0x08A3,0x08A3,0x08A3,0x08A3,0x08A3,0x08A3,
  0x08A3,0x08A3,0x08A3,0x08A3,0x08A3,0x08A3,0x08A3,0x08A3,0x08A3,0x08A3,0x08A3,0x08A3,0x08A3,0x08A3,0x08A3,0x08A3,
  0x08A3,0x08A3,0x08A3,0x08A3,0x08A3,0x08A3,0x08A3,0x08A3,0x08A3,0x08A3,0x08A3,0x08A3,0x08A3,0x08A3,0x08A3,0x08A3,
  0x08A3,0x08A3,0x08A3,0x08A3,0x08A3,0x08A3,0x08A3,0x08A3,0x08A3,0x08A3,0x08A3,0x08A3,0x0883,0x0883,0x0883,0x0883,
  0x0883,0x0883,0x0883,0x0883,0x0883,0x0883,0x0883,0x0883,0x0883,0x0883,0x0883,0x0883,0x0883,0x0883,0x0883,0x0883,
  0x0883,0x0883,0x0883,0x0883,0x0883,0x0883,0x0883,0x0883,0x0883,0x0883,0x0883,0x0883,0x0883,0x0883,0x0883,0x0883,
  0x0883,0x0883,0x0883,0x0882,0x0882,0x0882,0x0882,0x0882,0x0882,0x0882,0x0882,0x0882,0x0882,0x0882,0x0882,0x0882,
  0x0882,0x0882,0x0882,0x0882,0x0882,0x0882,0x0882,0x0882,0x0882,0x0882,0x0882,0x0882,0x0882,0x0882,0x0882,0x0882,
  0x0882,0x0882,0x0882,0x0882,0x0882,0x0882,0x0882,0x0882,0x0882,0x0882,0x0882,0x0882,0x0882,0x0882,0xC425,0xC425,
  0xC425,0xC425,0xC425,0xC425,0xC425,0xC425,0xC467,0x08C3,0x0041,0x0041,0x0041,0x0041,0x0041,0x0041,0x0041,0x0041,
  0x0041,0x0041,0x0041,0x0041,0x0041,0x0041,0x0041,0x0041,0x0041,0x2209,0x08A3,0x08A3,0x08A3,0x1987,0x08A3,0x08A3,
  0x08A3,0x08A3,0x08A3,0x08A3,0x08A3,0x08A3,0x08A3,0x08C3,0x21E8,0x0882,0x0882,0x0882,0x0882,0x1125,0x1966,0x0882,
  0x0882,0x0882,0x0882,0x0882,0x0882,0x0882,0x0882,0x0882,0x0882,0x0882,0x0882,0x0882,0x0882,0x0882,0x0882,0x0882,
  0x0882,0x0882,0x0882,0x0882,0x0882,0x0882,0x0882,0x0882,0x0882,0x0882,0x0882,0x0882,0x0882,0x0882,0x0882,0x0882,
  0x0882,0x0882,0x0882,0x10E4,0x1946,0x0882,0x0882,0x0882,0x0882,0x1987,0x1105,0x08A3,0x08A3,0x08A3,0x08A3,0x08A3,
  0x08A3,0x08A3,0x0883,0x10E4,0x5B4E,0x5B6E,0x3209,0x2186,0x428B,0x0883,0x0883,0x3A29,0x29C7,0x1946,0x530D,0x0883,
  0x0883,0x0883,0x0883,0x0883,0x0883,0x0883,0x0883,0x0883,0x0883,0x0883,0x0883,0x0883,0x0883,0x0883,0x0883,0x0883,
  0x0883,0x0883,0x0883,0x0883,0x0883,0x0883,0x0883,0x0883,0x0883,0x0883,0x0883,0x0883,0x0883,0x0882,0x0882,0x0882,
  0x0882,0x0882,0x0882,0x0882,0x0882,0x0882,0x0882,0x0882,0x0882,0x0882,0x0882,0x0882,0x0882,0x1146,0x08C4,0x0882,
  0x0882,0x19A7,0x08C3,0x0041,0x0041,0x0041,0x0041,0x21E8,0x2209,0x2209,0x2209,0x2209,0x2209,0x2209,0x2209,0x2209,
  0x2209,0x2209,0x2209,0x2209,0x2209,0x2209,0x2209,0x2209,0x2209,0x2209,0x2209,0x2209,0x2209,0x2209,0x2209,0x2209,
  0x2209,0x2209,0x2209,0x2209,0x2209,0x2209,0x2209,0x2209,0x2209,0x2209,0x2209,0x2209,0x2209,0x2209,0x2209,0x2209,
  0x2209,0x2209,0x2209,0x2209,0x2209,0x2209,0x2209,0x2209,0x2209,0x2209,0x2209,0x2209,0x2209,0x2209,0x2209,0x2209,
  0x2209,0x2209,0x2209,0x2209,0x2209,0x2209,0x2209,0x2209,0x2209,0x2209,0x2209,0x2209,0x2209,0x2209,0x2209,0x2209,
  0x2209,0x2209,0x2209,0x2209,0x2209,0x2209,0x2209,0x2209,0x2209,0x2209,0x2209,0x2209,0x2209,0x2209,0x2209,0x2209,
  0x2209,0x2209,0x2209,0x2209,0x2209,0x2209,0x2209,0x2209,0x2209,0x2209,0x2209,0x2209,0x2209,0x2209,0x2209,0x2209,
  0x2209,0x2209,0x2209,0x2209,0x2209,0x2209,0x2209,0x2209,0x2209,0x2209,0x2209,0x2209,0x2209,0x2209,0x2209,0x2209,
  0x2209,0x2209,0x2209,0x2209,0x2209,0x2209,0x2209,0x2209,0x2209,0x2209,0x2209,0x2209,0x2209,0x2209,0x2209,0x2209,
  0x2209,0x2209,0x2209,0x2209,0x2209,0x2209,0x2209,0x2209,0x2209,0x2209,0x2209,0x2209,0x2209,0x2209,0xCC87,0xCC87,
  0xCC87,0xCC87,0xCC87,0xCC87,0xCC87,0xCC87,0xCC87,0x08A3,0x0041,0x0041,0x0041,0x0041,0x0041,0x0041,0x0041,0x0041,
  0x0041,0x0041,0x0041,0x0041,0x0041,0x0041,0x0041,0x0041,0x0041,0x2209,0x08A3,0x08A3,0x08A3,0x1987,0x08A3,0x08A3,
  0x08A3,0x08A3,0x08A3,0x08A3,0x08A3,0x08A3,0x08A3,0x10E4,0x19A7,0x0882,0x0882,0x0882,0x0882,0x1946,0x10E4,0x0882,
  0x0882,0x0882,0x0882,0x0882,0x0882,0x0882,0x0882,0x0882,0x0882,0x0882,0x0882,0x0882,0x0882,0x0882,0x0882,0x0882,
  0x0882,0x0882,0x0882,0x0882,0x0882,0x0882,0x0882,0x0882,0x0882,0x0882,0x0882,0x0882,0x0882,0x0882,0x0882,0x0882,
  0x0882,0x0882,0x0882,0x0882,0x0882,0x0882,0x0882,0x0882,0x0882,0x1946,0x1946,0x08A3,0x08A3,0x08A3,0x08A3,0x08A3,
  0x08A3,0x0883,0x0883,0x3A6A,0x31E8,0x08A3,0x29C7,0x2187,0x4ACC,0x0883,0x0883,0x3A6A,0x3A29,0x63AF,0x10E4,0x0883,
  0x0883,0x0883,0x0883,0x0883,0x0883,0x0883,0x0883,0x0883,0x0883,0x0883,0x0883,0x0883,0x0883,0x0883,0x0883,0x0883,
  0x0883,0x0883,0x0883,0x0883,0x0883,0x0883,0x0883,0x0883,0x0883,0x0883,0x0883,0x0883,0x0882,0x0882,0x0882,0x0882,
  0x0882,0x0882,0x0882,0x0882,0x0882,0x0882,0x0882,0x0882,0x0882,0x0882,0x0882,0x0882,0x0882,0x1146,0x08C4,0x0882,
  0x0882,0x19A7,0x08C3,0x0041,0x0041,0x0041,0x0041,0x0062,0x0062,0x0062,0x0062,0x0062,0x0062,0x0062,0x0062,0x0062,
  0x0062,0x0062,0x0062,0x0062,0x0062,0x0062,0x0062,0x0062,0x0062,0x0062,0x0062,0x0062,0x0062,0x0062,0x0062,0x0062,
  0x0062,0x0062,0x0062,0x0062,0x0062,0x0062,0x0062,0x0062,0x0062,0x0062,0x0062,0x0062,0x0062,0x0062,0x0062,0x0062,
  0x0062,0x0062,0x0062,0x0062,0x0062,0x0062,0x0062,0x0062,0x0062,0x0062,0x0062,0x0062,0x0062,0x0062,0x0062,0x0062,
  0x0062,0x0062,0x0062,0x0062,0x0062,0x0062,0x0062,0x0062,0x0062,0x0062,0x0062,0x0062,0x0062,0x0062,0x0062,0x0062,
  0x0062,0x0062,0x0062,0x0062,0x0062,0x0062,0x0062,0x0062,0x0062,0x0062,0x0062,0x0062,0x0062,0x0062,0x0062,0x0062,
  0x0062,0x0062,0x0062,0x0062,0x0062,0x0062,0x0062,0x0062,0x0062,0x0062,0x0062,0x0062,0x0062,0x0062,0x0062,0x0062,
  0x0062,0x0062,0x0062,0x0062,0x0062,0x0062,0x0062,0x0062,0x0062,0x0062,0x0062,0x0062,0x0062,0x0062,0x0062,0x0062,
  0x0062,0x0062,0x0062,0x0061,0x0061,0x0061,0x0061,0x0061,0x0061,0x0061,0x0061,0x0061,0x0061,0x0061,0x0061,0x0061,
  0x0061,0x0061,0x0061,0x0061,0x0061,0x0061,0x0061,0x0061,0x0061,0x0061,0x0061,0x0061,0x0061,0x0061,0x0061,0x0061,
  0x0061,0x0061,0x0061,0x0061,0x0061,0x0061,0x0061,0x0041,0x0041,0x0041,0x0041,0x0041,0x0041,0x0041,0x0041,0x0041,
  0x0041,0x0041,0x0041,0x0041,0x0041,0x0041,0x0041,0x0041,0x0041,0x2209,0x08A3,0x08A3,0x08A3,0x1987,0x08A3,0x08A3,
  0x08A3,0x08A3,0x08A3,0x08A3,0x08A3,0x08A3,0x08A3,0x1125,0x1987,0x0882,0x0882,0x0882,0x0882,0x0882,0x0882,0x0882,
  0x0882,0x0882,0x0882,0x0882,0x0882,0x0882,0x0882,0x0882,0x0882,0x0882,0x0882,0x0882,0x0882,0x0882,0x0882,0x0882,
  0x0882,0x0882,0x0882,0x0882,0x0882,0x0882,0x0882,0x0882,0x0882,0x0882,0x0882,0x0882,0x0882,0x0882,0x0882,0x0882,
  0x0882,0x0882,0x0882,0x0882,0x0882,0x0882,0x0882,0x0882,0x0882,0x1125,0x1966,0x08A3,0x08A3,0x08A3,0x08A3,0x08A3,
  0x0883,0x0883,0x0883,0x4AEC,0x2187,0x0883,0x0883,0x2187,0x4ACC,0x0883,0x0883,0x3A6A,0x7411,0x5B4E,0x0883,0x0883,
  0x0883,0x0883,0x0883,0x0883,0x0883,0x0883,0x0883,0x0883,0x0883,0x0883,0x0883,0x0883,0x0883,0x0883,0x0883,0x0883,
  0x0883,0x0883,0x0883,0x0883,0x0883,0x0883,0x0883,0x0883,0x0883,0x0883,0x0883,0x0882,0x0882,0x0882,0x0882,0x0882,
  0x0882,0x0882,0x0882,0x0882,0x0882,0x0882,0x0882,0x0882,0x0882,0x0882,0x0882,0x0882,0x0882,0x1146,0x08C4,0x0882,
  0x0882,0x19A7,0x08C3,0x0041,0x0041,0x0041,0x0041,0x0041,0x0041,0x0041,0x0041,0x0041,0x0041,0x0041,0x0041,0x0041,
  0x0041,0x0041,0x0041,0x0041,0x0041,0x0041,0x0041,0x0041,0x0041,0x0041,0x0041,0x0041,0x0041,0x0041,0x0041,0x0041,
  0x0041,0x0041,0x0041,0x0041,0x0041,0x0041,0x0041,0x0041,0x0041,0x0041,0x0041,0x0041,0x0041,0x0041,0x0041,0x0041,
  0x0041,0x0041,0x0041,0x0041,0x0041,0x0041,0x0041,0x0041,0x0041,0x0041,0x0041,0x0041,0x0041,0x0041,0x0041,0x0041,
  0x0041,0x0041,0x0041,0x0041,0x0041,0x0041,0x0041,0x0041,0x0041,0x0041,0x0041,0x0041,0x0041,0x0041,0x0041,0x0041,
  0x0041,0x0041,0x0041,0x0041,0x0041,0x0041,0x0041,0x0041,0x0041,0x0041,0x0041,0x0041,0x0041,0x0041,0x0041,0x0041,
  0x0041,0x0041,0x0041,0x0041,0x0041,0x0041,0x0041,0x0041,0x0041,0x0041,0x0041,0x0041,0x0041,0x0041,0x0041,0x0041,
  0x0041,0x0041,0x0041,0x0041,0x0041,0x0041,0x0041,0x0041,0x0041,0x0041,0x0041,0x0041,0x0041,0x0041,0x0041,0x0041,
  0x0041,0x0041,0x0041,0x0041,0x0041,0x0041,0x0041,0x0041,0x0041,0x0041,0x0041,0x0041,0x0041,0x0041,0x0041,0x0041,
  0x0041,0x0041,0x0041,0x0041,0x0041,0x0041,0x0041,0x0041,0x0041,0x0041,0x0041,0x0041,0x0041,0x0041,0x0041,0x0041,
  0x0041,0x0041,0x0041,0x0041,0x0041,0x0041,0x0041,0x0041,0x0041,0x0041,0x0041,0x0041,0x0041,0x0041,0x0041,0x0041,
  0x0041,0x0041,0x0041,0x0041,0x0041,0x0041,0x0041,0x0041,0x0041,0x2209,0x08A3,0x08A3,0x08A3,0x1987,0x08A3,0x08A3,
  0x08A3,0x08A3,0x08A3,0x08A3,0x08A3,0x08A3,0x08A3,0x1946,0x1946,0x0882,0x0882,0x0882,0x0882,0x0882,0x0882,0x0882,
  0x0882,0x0882,0x0882,0x0882,0x0882,0x0882,0x0882,0x0882,0x0882,0x0882,0x0882,0x0882,0x0882,0x0882,0x0882,0x0882,
  0x0882,0x0882,0x0882,0x0882,0x0882,0x0882,0x0882,0x0882,0x0882,0x0882,0x0882,0x0882,0x0882,0x0882,0x0882,0x0882,
  0x0882,0x0882,0x0882,0x0882,0x21A7,0x10E4,0x0882,0x0882,0x0882,0x10E4,0x19A7,0x08A3,0x08A3,0x08A3,0x08A3,0x08A3,
  0x0883,0x0883,0x0883,0x428A,0x29C8,0x0883,0x2166,0x2187,0x4ACC,0x0883,0x0883,0x3A6A,0x3A4A,0x532D,0x2187,0x0883,
  0x0883,0x0883,0x0883,0x0883,0x0883,0x0883,0x0883,0x0883,0x0883,0x0883,0x0883,0x0883,0x0883,0x0883,0x0883,0x0883,
  0x0883,0x0883,0x0883,0x0883,0x0883,0x0883,0x0883,0x0883,0x0883,0x0883,0x0882,0x0882,0x0882,0x0882,0x0882,0x0882,
  0x0882,0x0882,0x0882,0x0882,0x0882,0x0882,0x0882,0x0882,0x0882,0x0882,0x0882,0x0882,0x0882,0x1146,0x08C4,0x0882,
  0x0882,0x19A7,0x08C3,0x0041,0x0041,0x0041,0x0041,0x0041,0x0041,0x0041,0x0041,0x0041,0x0041,0x0041,0x0041,0x0041,
  0x0041,0x0041,0x0041,0x0041,0x0041,0x0041,0x0041,0x0041,0x0041,0x0041,0x0041,0x0041,0x0041,0x0041,0x0041,0x0041,
  0x0041,0x0041,0x0041,0x0041,0x0041,0x0041,0x0041,0x0041,0x0041,0x0041,0x0041,0x0041,0x0041,0x0041,0x0041,0x0041,
  0x0041,0x0041,0x0041,0x0041,0x0041,0x0041,0x0041,0x0041,0x0041,0x0041,0x0041,0x0041,0x0041,0x0041,0x0041,0x0041,
  0x0041,0x0041,0x0041,0x0041,0x0041,0x0041,0x0041,0x0041,0x0041,0x0041,0x0041,0x0041,0x0041,0x0041,0x0041,0x0041,
  0x0041,0x0041,0x0041,0x0041,0x0041,0x0041,0x0041,0x0041,0x0041,0x0041,0x0041,0x0041,0x0041,0x0041,0x0041,0x0041,
  0x0041,0x0041,0x0041,0x0041,0x0041,0x0041,0x0041,0x0041,0x0041,0x0041,0x0041,0x0041,0x0041,0x0041,0x0041,0x0041,
  0x0041,0x0041,0x0041,0x0041,0x0041,0x0041,0x0041,0x0041,0x0041,0x0041,0x0041,0x0041,0x0041,0x0041,0x0041,0x0041,
  0x0041,0x0041,0x0041,0x0041,0x0041,0x0041,0x0041,0x0041,0x0041,0x0041,0x0041,0x0041,0x0041,0x0041,0x0041,0x0041,
  0x0041,0x0041,0x0041,0x0041,0x0041,0x0041,0x0041,0x0041,0x0041,0x0041,0x0041,0x0041,0x0041,0x0041,0x0041,0x0041,
  0x0041,0x0041,0x0041,0x0041,0x0041,0x0041,0x0041,0x0041,0x0041,0x0041,0x0041,0x0041,0x0041,0x0041,0x0041,0x0041,
  0x0041,0x0041,0x0041,0x0041,0x0041,0x0041,0x0041,0x0041,0x0041,0x2209,0x08A3,0x08A3,0x08A3,0x1987,0x08A3,0x08A3,
  0x08A3,0x08A3,0x08A3,0x08A3,0x08A3,0x08A3,0x08A3,0x1946,0x1946,0x0882,0x0882,0x0882,0x0882,0x2A09,0x0882,0x0882,
  0x0882,0x0882,0x0882,0x0882,0x0882,0x0882,0x0882,0x0882,0x0882,0x0882,0x0882,0x0882,0x0882,0x0882,0x0882,0x0882,
  0x0882,0x0882,0x0882,0x0882,0x0882,0x0882,0x0882,0x0882,0x0882,0x0882,0x0882,0x0882,0x0882,0x0882,0x0882,0x0882,
  0x0882,0x0882,0x0882,0x0882,0x21A7,0x10E4,0x0882,0x0882,0x0882,0x10E4,0x19A7,0x08A3,0x08A3,0x08A3,0x08A3,0x0883,
  0x0883,0x0883,0x0883,0x1104,0x5B8F,0x5B4E,0x3A6A,0x2187,0x6BF1,0x532D,0x428B,0x3A6A,0x31E8,0x1104,0x63AF,0x08A3,
  0x0883,0x0883,0x0883,0x0883,0x0883,0x0883,0x0883,0x0883,0x0883,0x0883,0x0883,0x0883,0x0883,0x0883,0x0883,0x0883,
  0x0883,0x0883,0x0883,0x0883,0x0883,0x0883,0x0883,0x0883,0x0883,0x0883,0x0882,0x0882,0x0882,0x0882,0x0882,0x0882,
  0x0882,0x0882,0x0882,0x0882,0x0882,0x0882,0x0882,0x0882,0x0882,0x0882,0x0882,0x0882,0x0882,0x1146,0x08C4,0x0882,
  0x0882,0x19A7,0x08C3,0x0041,0x0041,0x0041,0x0041,0x0041,0x0041,0x0041,0x0041,0x0041,0x0041,0x0041,0x0041,0x0041,
  0x0041,0x0041,0x0041,0x0041,0x0041,0x0041,0x0041,0x0041,0x0041,0x0041,0x0041,0x0041,0x0041,0x0041,0x0041,0x0041,
  0x0041,0x0041,0x0041,0x0041,0x0041,0x0041,0x0041,0x0041,0x0041,0x0041,0x0041,0x0041,0x0041,0x0041,0x0041,0x0041,
  0x0041,0x0041,0x0041,0x0041,0x0041,0x0041,0x0041,0x0041,0x0041,0x0041,0x0041,0x0041,0x0041,0x0041,0x0041,0x0041,
  0x0041,0x0041,0x0041,0x0041,0x0041,0x0041,0x0041,0x0041,0x0041,0x0041,0x0041,0x0041,0x0041,0x0041,0x0041,0x0041,
  0x0041,0x0041,0x0041,0x0041,0x0041,0x0041,0x0041,0x0041,0x0041,0x0041,0x0041,0x0041,0x0041,0x0041,0x0041,0x0041,
  0x0041,0x0041,0x0041,0x0041,0x0041,0x0041,0x0041,0x0041,0x0041,0x0041,0x0041,0x0041,0x0041,0x0041,0x0041,0x0041,
  0x0041,0x0041,0x0041,0x0041,0x0041,0x0041,0x0041,0x0041,0x0041,0x0041,0x0041,0x0041,0x0041,0x0041,0x0041,0x0041,
  0x0041,0x0041,0x0041,0x0041,0x0041,0x0041,0x0041,0x0041,0x0041,0x0041,0x0041,0x0041,0x0041,0x0041,0x0041,0x0041,
  0x0041,0x0041,0x0041,0x0041,0x0041,0x0041,0x0041,0x0041,0x0041,0x0041,0x0041,0x0041,0x0041,0x0041,0x0041,0x0041,
  0x0041,0x0041,0x0041,0x0041,0x0041,0x0041,0x0041,0x0041,0x0041,0x0041,0x0041,0x0041,0x0041,0x0041,0x0041,0x0041,
  0x0041,0x0041,0x0041,0x0041,0x0041,0x0041,0x0041,0x0041,0x0041,0x2209,0x08A3,0x08A3,0x08A3,0x1987,0x08A3,0x08A3,
  0x08A3,0x08A3,0x08A3,0x08A3,0x08A3,0x08A3,0x08A3,0x1946,0x1946,0x0882,0x0882,0x0882,0x0882,0x2A09,0x0882,0x0882,
  0x0882,0x0882,0x0882,0x0882,0x0882,0x0882,0x0882,0x0882,0x0882,0x0882,0x0882,0x0882,0x0882,0x0882,0x0882,0x0882,
  0x0882,0x0882,0x0882,0x0882,0x0882,0x0882,0x0882,0x0882,0x0882,0x0882,0x0882,0x0882,0x0882,0x0882,0x0882,0x0882,
  0x0882,0x0882,0x0882,0x0882,0x1105,0x08A3,0x0882,0x0882,0x0882,0x10E4,0x19A7,0x08A3,0x08A3,0x08A3,0x0883,0x0883,
  0x0883,0x0883,0x0883,0x0883,0x0883,0x08A3,0x0883,0x0883,0x0883,0x0883,0x0883,0x0883,0x0883,0x0883,0x0883,0x0883,
  0x0883,0x0883,0x0883,0x0883,0x0883,0x0883,0x0883,0x0883,0x0883,0x0883,0x0883,0x0883,0x0883,0x0883,0x0883,0x0883,
  0x0883,0x0883,0x0883,0x0883,0x0883,0x0883,0x0883,0x0883,0x0883,0x0882,0x0882,0x0882,0x0882,0x0882,0x0882,0x0882,
  0x0882,0x0882,0x0882,0x0882,0x0882,0x0882,0x0882,0x0882,0x0882,0x0882,0x0882,0x0882,0x0882,0x1146,0x08C4,0x0882,
  0x0882,0x19A7,0x08C3,0x0041,0x0041,0x0041,0x0041,0x0041,0x0041,0x0041,0x0041,0x0041,0x0041,0x0041,0x0041,0x0041,
  0x0041,0x0041,0x0041,0x0041,0x0041,0x0041,0x0041,0x0041,0x0041,0x0041,0x0041,0x0041,0x0041,0x0041,0x0041,0x0041,
  0x0041,0x0041,0x0041,0x0041,0x0041,0x0041,0x0041,0x0041,0x0041,0x0041,0x0041,0x0041,0x0041,0x0041,0x0041,0x0041,
  0x0041,0x0041,0x0041,0x0041,0x0041,0x0041,0x0041,0x0041,0x0041,0x0041,0x0041,0x0041,0x0041,0x0041,0x0041,0x0041,
  0x0041,0x0041,0x0041,0x0041,0x0041,0x0041,0x0041,0x0041,0x0041,0x0041,0x0041,0x0041,0x0041,0x0041,0x0041,0x0041,
  0x0041,0x0041,0x0041,0x0041,0x0041,0x0041,0x0041,0x0041,0x0041,0x0041,0x0041,0x0041,0x0041,0x0041,0x0041,0x0041,
  0x0041,0x0041,0x0041,0x0041,0x0041,0x0041,0x0041,0x0041,0x0041,0x0041,0x0041,0x0041,0x0041,0x0041,0x0041,0x0041,
  0x0041,0x0041,0x0041,0x0041,0x0041,0x0041,0x0041,0x0041,0x0041,0x0041,0x0041,0x0041,0x0041,0x0041,0x0041,0x0041,
  0x0041,0x0041,0x0041,0x0041,0x0041,0x0041,0x0041,0x0041,0x0041,0x0041,0x0041,0x0041,0x0041,0x0041,0x0041,0x0041,
  0x0041,0x0041,0x0041,0x0041,0x0041,0x0041,0x0041,0x0041,0x0041,0x0041,0x0041,0x0041,0x0041,0x0041,0x0041,0x0041,
  0x0041,0x0041,0x0041,0x0041,0x0041,0x0041,0x0041,0x0041,0x0041,0x0041,0x0041,0x0041,0x0041,0x0041,0x0041,0x0041,
  0x0041,0x0041,0x0041,0x0041,0x0041,0x0041,0x0041,0x0041,0x0041,0x2209,0x08A3,0x08A3,0x08A3,0x1987,0x08A3,0x08A3,
  0x08A3,0x08A3,0x08A3,0x08A3,0x08A3,0x08A3,0x08A3,0x1946,0x1946,0x0882,0x0882,0x0882,0x0882,0x1946,0x0882,0x0882,
  0x0882,0x0882,0x0882,0x0882,0x0882,0x0882,0x0882,0x0882,0x0882,0x0882,0x0882,0x0882,0x0882,0x0882,0x0882,0x0882,
  0x0882,0x0882,0x0882,0x0882,0x0882,0x0882,0x0882,0x0882,0x0882,0x0882,0x0882,0x0882,0x0882,0x0882,0x0882,0x0882,
  0x0882,0x0882,0x0882,0x0882,0x0882,0x0882,0x0882,0x0882,0x0882,0x10E4,0x19A7,0x08A3,0x08A3,0x0883,0x0883,0x0883,
  0x0883,0x0883,0x0883,0x0883,0x0883,0x0883,0x0883,0x0883,0x0883,0x0883,0x0883,0x0883,0x0883,0x0883,0x0883,0x0883,
  0x0883,0x0883,0x0883,0x0883,0x0883,0x0883,0x0883,0x0883,0x0883,0x0883,0x0883,0x0883,0x0883,0x0883,0x0883,0x0883,
  0x0883,0x0883,0x0883,0x0883,0x0883,0x0883,0x0883,0x0883,0x0882,0x0882,0x0882,0x0882,0x0882,0x0882,0x0882,0x0882,
  0x0882,0x0882,0x0882,0x0882,0x0882,0x0882,0x0882,0x0882,0x0882,0x0882,0x0882,0x0882,0x0882,0x1146,0x08C4,0x0882,
  0x0882,0x19A7,0x08C3,0x0041,0x0041,0x0041,0x0041,0x0041,0x0041,0x0041,0x0041,0x0041,0x0041,0x0041,0x0041,0x0041,
  0x0041,0x0041,0x0041,0x0041,0x0041,0x0041,0x0041,0x0041,0x0041,0x0041,0x0041,0x0041,0x0041,0x0041,0x0041,0x0041,
  0x0041,0x0041,0x0041,0x0041,0x0041,0x0041,0x0041,0x0041,0x0041,0x0041,0x0041,0x0041,0x0041,0x0041,0x0041,0x0041,
  0x0041,0x0041,0x0041,0x0041,0x0041,0x0041,0x0041,0x0041,0x0041,0x0041,0x0041,0x0041,0x0041,0x0041,0x0041,0x0041,
  0x0041,0x0041,0x0041,0x0041,0x0041,0x0041,0x0041,0x0041,0x0041,0x0041,0x0041,0x0041,0x0041,0x0041,0x0041,0x0041,
  0x0041,0x0041,0x0041,0x0041,0x0041,0x0041,0x0041,0x0041,0x0041,0x0041,0x0041,0x0041,0x0041,0x0041,0x0041,0x0041,
  0x0041,0x0041,0x0041,0x0041,0x0041,0x0041,0x0041,0x0041,0x0041,0x0041,0x0041,0x0041,0x0041,0x0041,0x0041,0x0041,
  0x0041,0x0041,0x0041,0x0041,0x0041,0x0041,0x0041,0x0041,0x0041,0x0041,0x0041,0x0041,0x0041,0x0041,0x0041,0x0041,
  0x0041,0x0041,0x0041,0x0041,0x0041,0x0041,0x0041,0x0041,0x0041,0x0041,0x0041,0x0041,0x0041,0x0041,0x0041,0x0041,
  0x0041,0x0041,0x0041,0x0041,0x0041,0x0041,0x0041,0x0041,0x0041,0x0041,0x0041,0x0041,0x0041,0x0041,0x0041,0x0041,
  0x0041,0x0041,0x0041,0x0041,0x0041,0x0041,0x0041,0x0041,0x0041,0x0041,0x0041,0x0041,0x0041,0x0041,0x0041,0x0041,
  0x0041,0x0041,0x0041,0x0041,0x0041,0x0041,0x0041,0x0041,0x0041,0x2209,0x08A3,0x08A3,0x08A3,0x1987,0x08A3,0x08A3,
  0x08A3,0x08A3,0x08A3,0x08A3,0x08A3,0x08A3,0x08A3,0x1125,0x1966,0x0882,0x0882,0x0882,0x0882,0x0882,0x0882,0x0882,
  0x0882,0x0882,0x0882,0x0882,0x0882,0x0882,0x0882,0x0882,0x0882,0x0882,0x0882,0x0882,0x0882,0x0882,0x0882,0x0882,
  0x0882,0x0882,0x0882,0x0882,0x0882,0x0882,0x0882,0x0882,0x0882,0x0882,0x0882,0x0882,0x0882,0x0882,0x0882,0x0882,
  0x0882,0x0882,0x0882,0x0882,0x08C3,0x0882,0x0882,0x0882,0x0882,0x1105,0x1987,0x08A3,0x0883,0x0883,0x0883,0x0883,
  0x0883,0x0883,0x0883,0x21A8,0x21A8,0x21A8,0x21A8,0x21A8,0x21A8,0x21A8,0x21A8,0x21A8,0x21A8,0x21A8,0x21A8,0x21A8,
  0x21A8,0x21A8,0x21A8,0x21A8,0x21A8,0x21A8,0x21A8,0x21A8,0x21A8,0x21A8,0x21A8,0x21A8,0x21A8,0x21A8,0x21A8,0x21A8,
  0x21A8,0x21A8,0x21A8,0x21A8,0x21A8,0x21A8,0x21A8,0x21A8,0x21A8,0x21A8,0x21A8,0x21A8,0x21A8,0x21A8,0x21A8,0x21A8,
  0x21A8,0x21A8,0x21A8,0x21A8,0x21A8,0x21A8,0x21A8,0x21A8,0x21A8,0x21A8,0x21A8,0x21A8,0x21A8,0x21A8,0x08C4,0x0882,
  0x0882,0x19A7,0x08C3,0x0041,0x0041,0x0041,0x0041,0xC467,0xC467,0xC467,0xC467,0xC467,0xC467,0xC467,0xC467,0xC467,
  0x19A7,0x19A7,0x19A7,0x19A7,0x19A7,0x19A7,0x19A7,0x19A7,0x19A7,0x19A7,0x19A7,0x19A7,0x19A7,0x19A7,0x19A7,0x19A7,
  0x19A7,0x19A7,0x19A7,0x19A7,0x19A7,0x19A7,0x19A7,0x19A7,0x19A7,0x19A7,0x19A7,0x19A7,0x19A7,0x19A7,0x19A7,0x19A7,
  0x19A7,0x19A7,0x19A7,0x19A7,0x19A7,0x19A7,0x19A7,0x19A7,0x19A7,0x19A7,0x19A7,0x19A7,0x19A7,0x19A7,0x19A7,0x19A7,
  0x19A7,0x19A7,0x19A7,0x19A7,0x19A7,0x19A7,0x19A7,0x19A7,0x19A7,0x19A7,0x19A7,0x19A7,0x19A7,0x19A7,0x19A7,0x19A7,
  0x19A7,0x19A7,0x19A7,0x19A7,0x19A7,0x19A7,0x19A7,0x19A7,0x19A7,0x19A7,0x19A7,0x19A7,0x19A7,0x19A7,0x19A7,0x19A7,
  0x19A7,0x19A7,0x19A7,0x19A7,0x19A7,0x19A7,0x19A7,0x19A7,0x19A7,0x19A7,0x19A7,0x19A7,0x19A7,0x19A7,0x19A7,0x19A7,
  0x19A7,0x19A7,0x19A7,0x19A7,0x19A7,0x19A7,0x19A7,0x19A7,0x19A7,0x19A7,0x19A7,0x19A7,0x19A7,0x19A7,0x19A7,0x19A7,
  0x19A7,0x19A7,0x19A7,0x19A7,0x19A7,0x19A7,0x19A7,0x19A7,0x19A7,0x19A7,0x19A7,0x19A7,0x19A7,0x19A7,0x19A7,0x19A7,
  0x19A7,0x19A7,0x19A7,0x19A7,0x19A7,0x19A7,0x19A7,0x19A7,0x19A7,0x19A7,0x19A7,0x19A7,0x19A7,0x19A7,0x19A7,0x19A7,
  0x19A7,0x19A7,0x19A7,0x19A7,0x19A7,0x19A7,0x1987,0x0882,0x0041,0x0041,0x0041,0x0041,0x0041,0x0041,0x0041,0x0041,
  0x0041,0x0041,0x0041,0x0041,0x0041,0x0041,0x0041,0x0041,0x0041,0x2209,0x08A3,0x08A3,0x08A3,0x1987,0x08A3,0x08A3,
  0x08A3,0x08A3,0x08A3,0x08A3,0x08A3,0x08A3,0x08A3,0x10E4,0x19A7,0x0882,0x0882,0x0882,0x0882,0x0883,0x0883,0x0882,
  0x0882,0x0882,0x0882,0x0882,0x0882,0x0882,0x0882,0x0882,0x0882,0x0882,0x0882,0x0882,0x0882,0x0882,0x0882,0x0882,
  0x0882,0x0882,0x0882,0x0882,0x0882,0x0882,0x0882,0x0882,0x0882,0x0882,0x0882,0x0882,0x0882,0x0882,0x0882,0x0882,
  0x0882,0x0882,0x0882,0x0882,0x2A09,0x0882,0x0882,0x0882,0x0882,0x1946,0x1946,0x08A3,0x0883,0x0883,0x0883,0x0883,
  0x0883,0x0883,0x0883,0x0883,0x0883,0x0883,0x0883,0x0883,0x0883,0x0883,0x0883,0x0883,0x0883,0x0883,0x0883,0x0883,
  0x0883,0x0883,0x0883,0x0883,0x0883,0x0883,0x0883,0x0883,0x0883,0x0883,0x0883,0x0883,0x0883,0x0883,0x0883,0x0883,
  0x0883,0x0883,0x0883,0x0883,0x0883,0x0883,0x0882,0x0882,0x0882,0x0882,0x0882,0x0882,0x0882,0x0882,0x0882,0x0882,
  0x0882,0x0882,0x0882,0x0882,0x0882,0x0882,0x0882,0x0882,0x0882,0x0882,0x0882,0x0882,0x0882,0x1146,0x08C4,0x0882,
  0x0882,0x19A7,0x08C3,0x0041,0x0041,0x0041,0x0041,0xCC87,0xC446,0xC446,0xC446,0xC446,0xC446,0xC446,0xC446,0xC446,
  0x1104,0x1104,0x1104,0x1104,0x1104,0x1104,0x1104,0x1104,0x1104,0x1104,0x1104,0x1104,0x1104,0x1104,0x1104,0x1104,
  0x1104,0x1104,0x1104,0x1104,0x1104,0x1104,0x1104,0x1104,0x1104,0x1104,0x1104,0x1104,0x1104,0x1104,0x1104,0x1104,
  0x1104,0x1104,0x1104,0x1104,0x1104,0x1104,0x1104,0x1104,0x1104,0x1104,0x1104,0x1104,0x1104,0x1104,0x1104,0x1104,
  0x1104,0x1104,0x1104,0x1104,0x1104,0x1104,0x1104,0x1104,0x1104,0x1104,0x1104,0x1104,0x1104,0x1104,0x1104,0x1104,
  0x1104,0x1104,0x1104,0x1104,0x1104,0x1104,0x1104,0x1104,0x1104,0x1104,0x1104,0x1104,0x1104,0x1104,0x1104,0x1104,
  0x1104,0x10E4,0x10E4,0x10E4,0x10E4,0x10E4,0x10E4,0x10E4,0x10E4,0x10E4,0x10E4,0x10E4,0x10E4,0x10E4,0x10E4,0x10E4,
  0x10E4,0x10E4,0x10E4,0x10E4,0x10E4,0x10E4,0x10E4,0x10E4,0x10E4,0x10E4,0x10E4,0x10E4,0x10E4,0x10E4,0x10E4,0x10E4,
  0x10E4,0x10E4,0x10E4,0x10E4,0x10E4,0x10E4,0x10E4,0x10E4,0x10E4,0x10E4,0x10E4,0x10E4,0x10E4,0x10E4,0x10E4,0x10E4,
  0x10E4,0x10E4,0x10E4,0x10E4,0x10E4,0x10E4,0x10E4,0x10E4,0x10E4,0x10E4,0x10E4,0x10E4,0x10E4,0x10E4,0x10E4,0x10E4,
  0x10E4,0x10E4,0x10E4,0x10E4,0x10E4,0x10E4,0x21C8,0x08C3,0x0041,0x0041,0x0041,0x0041,0x0041,0x0041,0x0041,0x0041,
  0x0041,0x0041,0x0041,0x0041,0x0041,0x0041,0x0041,0x0041,0x0041,0x2209,0x08A3,0x08A3,0x08A3,0x1987,0x08A3,0x08A3,
  0x08A3,0x08A3,0x08A3,0x08A3,0x08A3,0x08A3,0x08A3,0x08C4,0x21C8,0x0882,0x0882,0x0882,0x0882,0x1946,0x1946,0x0882,
  0x0882,0x0882,0x0882,0x0882,0x0882,0x0882,0x0882,0x0882,0x0882,0x0882,0x0882,0x0882,0x0882,0x0882,0x0882,0x0882,
  0x0882,0x0882,0x0882,0x0882,0x0882,0x0882,0x0882,0x0882,0x0882,0x0882,0x0882,0x0882,0x0882,0x0882,0x0882,0x0882,
  0x0882,0x0882,0x0882,0x10E4,0x21A7,0x0882,0x0882,0x0882,0x0882,0x1966,0x1105,0x0883,0x0883,0x0883,0x0883,0x0883,
  0x0883,0x0883,0x0883,0x0883,0x0883,0x0883,0x0883,0x0883,0x0883,0x0883,0x0883,0x0883,0x0883,0x0883,0x0883,0x0883,
  0x0883,0x0883,0x0883,0x0883,0x0883,0x0883,0x0883,0x0883,0x0883,0x0883,0x0883,0x0883,0x0883,0x0883,0x0883,0x0883,
  0x0883,0x0883,0x0883,0x0883,0x0883,0x0882,0x0882,0x0882,0x0882,0x0882,0x0882,0x0882,0x0882,0x0882,0x0882,0x0882,
  0x0882,0x0882,0x0882,0x0882,0x0882,0x0882,0x0882,0x0882,0x0882,0x0882,0x0882,0x0882,0x0882,0x1146,0x08C4,0x0882,
  0x0882,0x19A7,0x08C3,0x0041,0x0041,0x0041,0x0041,0xCC87,0xC426,0x08A3,0x08A3,0x08A3,0x08A3,0x08A3,0x08A3,0x08A3,
  0x08A3,0x08A3,0x08A3,0x08A3,0x08A3,0x08A3,0x08A3,0x08A3,0x08A3,0x08A3,0x08A3,0x08A3,0x08A3,0x08A3,0x08A3,0x08A3,
  0x08A3,0x08A3,0x08A3,0x08A3,0x08A3,0x08A3,0x08A3,0x08A3,0x08A3,0x08A3,0x08A3,0x08A3,0x08A3,0x08A3,0x08A3,0x08A3,
  0x08A3,0x08A3,0x08A3,0x08A3,0x08A3,0x08A3,0x08A3,0x08A3,0x08A3,0x08A3,0x08A3,0x08A3,0x08A3,0x08A3,0x08A3,0x08A3,
  0x08A3,0x08A3,0x08A3,0x08A3,0x08A3,0x08A3,0x08A3,0x08A3,0x08A3,0x08A3,0x08A3,0x08A3,0x08A3,0x08A3,0x08A3,0x08A3,
  0x08A3,0x08A3,0x08A3,0x08A3,0x08A3,0x08A3,0x08A3,0x08A3,0x08A3,0x08A3,0x08A3,0x08A3,0x08A3,0x08A3,0x08A3,0x08A3,
  0x08A3,0x08A3,0x08A3,0x08A3,0x08A3,0x08A3,0x08A3,0x08A3,0x08A3,0x08A3,0x08A3,0x08A3,0x08A3,0x08A3,0x08A3,0x08A3,
  0x08A3,0x08A3,0x08A3,0x08A3,0x08A3,0x08A3,0x08A3,0x08A3,0x08A3,0x08A3,0x08A3,0x08A3,0x08A3,0x08A3,0x08A3,0x08A3,
  0x08A3,0x08A3,0x08A3,0x08A3,0x08A3,0x08A3,0x08A3,0x08A3,0x08A3,0x0883,0x0883,0x0883,0x0883,0x0883,0x0883,0x0883,
  0x0883,0x0883,0x0883,0x0883,0x0883,0x0883,0x0883,0x0883,0x0883,0x0883,0x0883,0x0883,0x0883,0x0883,0x0883,0x0883,
  0x0883,0x0883,0x0883,0x0883,0x0883,0x0883,0x19A7,0x08C3,0x0041,0x0041,0x0041,0x0041,0x0041,0x0041,0x0041,0x0041,
  0x0041,0x0041,0x0041,0x0041,0x0041,0x0041,0x0041,0x0041,0x0041,0x2209,0x08A3,0x08A3,0x08A3,0x1987,0x08A3,0x08A3,
  0x08A3,0x08A3,0x08A3,0x08A3,0x08A3,0x08A3,0x08A3,0x08A3,0x21E8,0x08A3,0x0882,0x0882,0x0882,0x10E4,0x21C8,0x0882,
  0x0882,0x0882,0x0882,0x0882,0x0882,0x0882,0x0882,0x0882,0x0882,0x0882,0x0882,0x0882,0x0882,0x0882,0x0882,0x0882,
  0x0882,0x0882,0x0882,0x0882,0x0882,0x0882,0x0882,0x0882,0x0882,0x0882,0x0882,0x0882,0x0882,0x0882,0x0882,0x0882,
  0x0882,0x0882,0x0882,0x08A3,0x08A3,0x0882,0x0882,0x0882,0x0882,0x21C8,0x08C4,0x0883,0x0883,0x0883,0x0883,0x0883,
  0x0883,0x0883,0x0883,0x3209,0x638F,0x5B6E,0x3229,0x530D,0x0883,0x0883,0x4AEC,0x3209,0x638F,0x5B6E,0x3229,0x0883,
  0x0883,0x0883,0x0883,0x0883,0x0883,0x0883,0x0883,0x0883,0x0883,0x0883,0x0883,0x0883,0x0883,0x0883,0x0883,0x0883,
  0x0883,0x0883,0x0883,0x0883,0x0883,0x0882,0x0882,0x0882,0x0882,0x0882,0x0882,0x0882,0x0882,0x0882,0x0882,0x0882,
  0x0882,0x0882,0x0882,0x0882,0x0882,0x0882,0x0882,0x0882,0x0882,0x0882,0x0882,0x0882,0x0882,0x1146,0x08C4,0x0882,
  0x0882,0x19A7,0x08C3,0x0041,0x0041,0x0041,0x0041,0xCC87,0xC426,0x08A3,0x08A3,0x08A3,0x08A3,0x08A3,0x08A3,0x08A3,
  0x08A3,0x08A3,0x08A3,0x08A3,0x08A3,0x08A3,0x08A3,0x08A3,0x08A3,0x08A3,0x08A3,0x08A3,0x08A3,0x08A3,0x08A3,0x08A3,
  0x08A3,0x08A3,0x08A3,0x08A3,0x08A3,0x08A3,0x08A3,0x08A3,0x08A3,0x08A3,0x08A3,0x08A3,0x08A3,0x08A3,0x08A3,0x08A3,
  0x08A3,0x08A3,0x08A3,0x08A3,0x08A3,0x08A3,0x08A3,0x08A3,0x08A3,0x08A3,0x08A3,0x08A3,0x08A3,0x08A3,0x08A3,0x08A3,
  0x08A3,0x08A3,0x08A3,0x08A3,0x08A3,0x08A3,0x08A3,0x08A3,0x08A3,0x08A3,0x08A3,0x08A3,0x08A3,0x08A3,0x08A3,0x08A3,
  0x08A3,0x08A3,0x08A3,0x08A3,0x08A3,0x08A3,0x08A3,0x08A3,0x08A3,0x08A3,0x08A3,0x08A3,0x08A3,0x08A3,0x08A3,0x08A3,
  0x08A3,0x08A3,0x08A3,0x08A3,0x08A3,0x08A3,0x08A3,0x08A3,0x08A3,0x08A3,0x08A3,0x08A3,0x08A3,0x08A3,0x08A3,0x08A3,
  0x08A3,0x08A3,0x08A3,0x08A3,0x08A3,0x08A3,0x08A3,0x08A3,0x08A3,0x08A3,0x08A3,0x08A3,0x08A3,0x08A3,0x08A3,0x08A3,
  0x08A3,0x08A3,0x08A3,0x08A3,0x08A3,0x08A3,0x08A3,0x0883,0x0883,0x0883,0x0883,0x0883,0x0883,0x0883,0x0883,0x0883,
  0x0883,0x0883,0x0883,0x0883,0x0883,0x0883,0x0883,0x0883,0x0883,0x0883,0x0883,0x0883,0x0883,0x0883,0x0883,0x0883,
  0x0883,0x0883,0x0883,0x0883,0x0883,0x0883,0x19A7,0x08C3,0x0041,0x0041,0x0041,0x0041,0x0041,0x0041,0x0041,0x0041,
  0x0041,0x0041,0x0041,0x0041,0x0041,0x0041,0x0041,0x0041,0x0041,0x2209,0x08A3,0x08A3,0x08A3,0x1987,0x08A3,0x08A3,
  0x08A3,0x08A3,0x08A3,0x08A3,0x08A3,0x08A3,0x08A3,0x08A3,0x1987,0x1105,0x0882,0x0882,0x0882,0x0882,0x08C3,0x0882,
  0x0882,0x0882,0x0882,0x0882,0x0882,0x0882,0x0882,0x0882,0x0882,0x0882,0x0882,0x0882,0x0882,0x0882,0x0882,0x0882,
  0x0882,0x0882,0x0882,0x0882,0x0882,0x0882,0x0882,0x0882,0x0882,0x0882,0x0882,0x0882,0x0882,0x0882,0x0882,0x0882,
  0x0882,0x0882,0x0882,0x0882,0x0882,0x0882,0x0882,0x0882,0x08A3,0x21E8,0x0883,0x0883,0x0883,0x0883,0x0883,0x0883,
  0x0883,0x0883,0x0883,0x3A29,0x3209,0x08A3,0x63D0,0x5B4E,0x2187,0x3A29,0x532D,0x3A29,0x3209,0x08A3,0x6BD0,0x0883,
  0x0883,0x0883,0x0883,0x0883,0x0883,0x0883,0x0883,0x0883,0x0883,0x0883,0x0883,0x0883,0x0883,0x0883,0x0883,0x0883,
  0x0883,0x0883,0x0883,0x0883,0x0882,0x0882,0x0882,0x0882,0x0882,0x0882,0x0882,0x0882,0x0882,0x0882,0x0882,0x0882,
  0x0882,0x0882,0x0882,0x0882,0x0882,0x0882,0x0882,0x0882,0x0882,0x0882,0x0882,0x0882,0x0882,0x1146,0x08C4,0x0882,
  0x0882,0x19A7,0x08C3,0x0041,0x0041,0x0041,0x0041,0xCC87,0xC426,0x08A3,0x08A3,0x08A3,0x08A3,0x08A3,0x08A3,0x08A3,
  0x08A3,0x08A3,0x08A3,0x08A3,0x08A3,0x08A3,0x08A3,0x08A3,0x08A3,0x08A3,0x08A3,0x08A3,0x08A3,0x08A3,0x08A3,0x08A3,
  0x08A3,0x08A3,0x08A3,0x08A3,0x08A3,0x08A3,0x08A3,0x08A3,0x08A3,0x08A3,0x08A3,0x08A3,0x08A3,0x08A3,0x08A3,0x08A3,
  0x08A3,0x08A3,0x08A3,0x08A3,0x08A3,0x08A3,0x08A3,0x08A3,0x08A3,0x08A3,0x08A3,0x08A3,0x08A3,0x08A3,0x08A3,0x08A3,
  0x08A3,0x08A3,0x08A3,0x08A3,0x08A3,0x08A3,0x08A3,0x08A3,0x08A3,0x08A3,0x08A3,0x08A3,0x08A3,0x08A3,0x08A3,0x08A3,
  0x08A3,0x08A3,0x08A3,0x08A3,0x08A3,0x08A3,0x08A3,0x08A3,0x08A3,0x08A3,0x08A3,0x08A3,0x08A3,0x08A3,0x08A3,0x08A3,
  0x08A3,0x08A3,0x08A3,0x08A3,0x08A3,0x08A3,0x08A3,0x08A3,0x08A3,0x08A3,0x08A3,0x08A3,0x08A3,0x08A3,0x08A3,0x08A3,
  0x08A3,0x08A3,0x08A3,0x08A3,0x08A3,0x08A3,0x08A3,0x08A3,0x08A3,0x08A3,0x08A3,0x08A3,0x08A3,0x08A3,0x08A3,0x08A3,
  0x08A3,0x08A3,0x08A3,0x08A3,0x08A3,0x0883,0x0883,0x0883,0x0883,0x0883,0x0883,0x0883,0x0883,0x0883,0x0883,0x0883,
  0x0883,0x0883,0x0883,0x0883,0x0883,0x0883,0x0883,0x0883,0x0883,0x0883,0x0883,0x0883,0x0883,0x0883,0x0883,0x0883,
  0x0883,0x0883,0x0883,0x0883,0x0883,0x0883,0x19A7,0x08C3,0x0041,0x0041,0x0041,0x0041,0x0041,0x0041,0x0041,0x0041,
  0x0041,0x0041,0x0041,0x0041,0x0041,0x0041,0x0041,0x0041,0x0041,0x2209,0x08A3,0x08A3,0x08A3,0x1987,0x08A3,0x08A3,
  0x08A3,0x08A3,0x08A3,0x08A3,0x08A3,0x08A3,0x08A3,0x08A3,0x1125,0x1966,0x0882,0x0882,0x0882,0x0882,0x0882,0x0882,
  0x0882,0x0882,0x0882,0x0882,0x0882,0x0882,0x0882,0x0882,0x0882,0x0882,0x0882,0x0882,0x0882,0x0882,0x0882,0x0882,
  0x0882,0x0882,0x0882,0x0882,0x0882,0x0882,0x0882,0x0882,0x0882,0x0882,0x0882,0x0882,0x0882,0x0882,0x0882,0x0882,
  0x0882,0x0882,0x10E4,0x1125,0x0882,0x0882,0x0882,0x0882,0x1105,0x1966,0x0883,0x0883,0x0883,0x0883,0x0883,0x0883,
  0x0883,0x0883,0x0883,0x3A29,0x638F,0x5B4E,0x428B,0x532D,0x42AB,0x4AEC,0x532D,0x3A29,0x638F,0x5B4E,0x428A,0x0883,
  0x0883,0x0883,0x0883,0x0883,0x0883,0x0883,0x0883,0x0883,0x0883,0x0883,0x0883,0x0883,0x0883,0x0883,0x0883,0x0883,
  0x0883,0x0883,0x0883,0x0882,0x0882,0x0882,0x0882,0x0882,0x0882,0x0882,0x0882,0x0882,0x0882,0x0882,0x0882,0x0882,
  0x0882,0x0882,0x0882,0x0882,0x0882,0x0882,0x0882,0x0882,0x0882,0x0882,0x0882,0x0882,0x0882,0x1146,0x08C4,0x0882,
  0x0882,0x19A7,0x08C3,0x0041,0x0041,0x0041,0x0041,0xCC87,0xC426,0x08A3,0x08A3,0x08A3,0x08A3,0x08A3,0x08A3,0x7431,
  0xC71C,0x2166,0x8D14,0x8D35,0x08A3,0x7431,0xCF1C,0xCF1C,0xCF1C,0x1945,0x9D96,0xCF1C,0xCF1C,0xCF1C,0x5B6E,0x9555,
  0x9535,0x3208,0xCF1C,0x2187,0xA5B7,0x8493,0x08A3,0x1925,0x9D96,0xBEBB,0x7C72,0x08A3,0x08A3,0x7431,0xCF1C,0xC6FC,
  0x8CF4,0x08C3,0x08A3,0x7431,0xAE18,0x10E4,0xBE9A,0x6BF0,0x08A3,0x08A3,0x08A3,0x08A3,0x08A3,0x08A3,0x08A3,0x08A3,
  0x08A3,0x08A3,0x08A3,0x08A3,0x08A3,0x08A3,0x08A3,0x08A3,0x08A3,0x08A3,0x08A3,0x08A3,0x08A3,0x08A3,0x08A3,0x08A3,
  0x08A3,0x08A3,0x08A3,0x08A3,0x08A3,0x08A3,0x08A3,0x08A3,0x08A3,0x08A3,0x08A3,0x08A3,0x08A3,0x08A3,0x08A3,0x08A3,
  0x08A3,0x08A3,0x08A3,0x08A3,0x08A3,0x08A3,0x08A3,0x08A3,0x08A3,0x08A3,0x08A3,0x08A3,0x08A3,0x08A3,0x08A3,0x08A3,
  0x08A3,0x08A3,0x08A3,0x08A3,0x08A3,0x08A3,0x08A3,0x08A3,0x08A3,0x08A3,0x08A3,0x08A3,0x08A3,0x08A3,0x08A3,0x08A3,
  0x08A3,0x08A3,0x08A3,0x0883,0x0883,0x0883,0x0883,0x0883,0x0883,0x0883,0x0883,0x0883,0x0883,0x0883,0x0883,0x0883,
  0x0883,0x0883,0x0883,0x0883,0x0883,0x0883,0x0883,0x0883,0x0883,0x0883,0x0883,0x0883,0x0883,0x0883,0x0883,0x0883,
  0x0883,0x0883,0x0883,0x0883,0x0883,0x0883,0x19A7,0x08C3,0x0041,0x0041,0x0041,0x0041,0x0041,0x0041,0x0041,0x0041,
  0x0041,0x0041,0x0041,0x0041,0x0041,0x0041,0x0041,0x0041,0x0041,0x2209,0x08A3,0x08A3,0x08A3,0x1987,0x08A3,0x08A3,
  0x08A3,0x08A3,0x08A3,0x08A3,0x08A3,0x08A3,0x08A3,0x08A3,0x08C4,0x21E8,0x0882,0x0882,0x0882,0x0882,0x0882,0x1966,
  0x0882,0x0882,0x0882,0x0882,0x0882,0x0882,0x0882,0x0882,0x0882,0x0882,0x0882,0x0882,0x0882,0x0882,0x0882,0x0882,
  0x0882,0x0882,0x0882,0x0882,0x0882,0x0882,0x0882,0x0882,0x0882,0x0882,0x0882,0x0882,0x0882,0x0882,0x0882,0x0882,
  0x0882,0x0882,0x1966,0x1105,0x0882,0x0882,0x0882,0x0882,0x1987,0x1105,0x0883,0x0883,0x0883,0x0883,0x0883,0x0883,
  0x0883,0x0883,0x0883,0x3A29,0x3A29,0x08A3,0x0883,0x4AEC,0x530D,0x4ACC,0x530D,0x3A29,0x3229,0x5B6E,0x1905,0x0883,
  0x0883,0x0883,0x0883,0x0883,0x0883,0x0883,0x0883,0x0883,0x0883,0x0883,0x0883,0x0883,0x0883,0x0883,0x0883,0x0883,
  0x0883,0x0883,0x0882,0x0882,0x0882,0x0882,0x0882,0x0882,0x0882,0x0882,0x0882,0x0882,0x0882,0x0882,0x0882,0x0882,
  0x0882,0x0882,0x0882,0x0882,0x0882,0x0882,0x0882,0x0882,0x0882,0x0882,0x0882,0x0882,0x0882,0x1146,0x08C4,0x0882,
  0x0882,0x19A7,0x08C3,0x0041,0x0041,0x0041,0x0041,0xCC87,0xC426,0x08A3,0x08A3,0x08A3,0x08A3,0x08A3,0x08A3,0x7451,
  0xCF1C,0x532D,0x9535,0x9535,0x08A3,0x7451,0xB67A,0x530C,0x530C,0x10E4,0x426A,0x84B3,0xCF1C,0x532D,0x29A7,0x7431,
  0xB659,0x530C,0xCF1C,0x4AAB,0xBEBB,0x638F,0x08A3,0x6C10,0xBEBB,0x7431,0xCF1C,0x3A49,0x08A3,0x7451,0xB67A,0x6BCF,
  0xCF1C,0x42AB,0x08A3,0x7451,0xAE18,0x532D,0xC6FC,0x1945,0x08A3,0x08A3,0x08A3,0x08A3,0x08A3,0x08A3,0x08A3,0x08A3,
  0x08A3,0x08A3,0x08A3,0x08A3,0x08A3,0x08A3,0x08A3,0x08A3,0x08A3,0x08A3,0x08A3,0x08A3,0x08A3,0x08A3,0x08A3,0x08A3,
  0x08A3,0x08A3,0x08A3,0x08A3,0x08A3,0x08A3,0x08A3,0x08A3,0x08A3,0x08A3,0x08A3,0x08A3,0x08A3,0x08A3,0x08A3,0x08A3,
  0x08A3,0x08A3,0x08A3,0x08A3,0x08A3,0x08A3,0x08A3,0x08A3,0x08A3,0x08A3,0x08A3,0x08A3,0x08A3,0x08A3,0x08A3,0x08A3,
  0x08A3,0x08A3,0x08A3,0x08A3,0x08A3,0x08A3,0x08A3,0x08A3,0x08A3,0x08A3,0x08A3,0x08A3,0x08A3,0x08A3,0x08A3,0x08A3,
  0x08A3,0x0883,0x0883,0x0883,0x0883,0x0883,0x0883,0x0883,0x0883,0x0883,0x0883,0x0883,0x0883,0x0883,0x0883,0x0883,
  0x0883,0x0883,0x0883,0x0883,0x0883,0x0883,0x0883,0x0883,0x0883,0x0883,0x0883,0x0883,0x0883,0x0883,0x0883,0x0883,
  0x0883,0x0883,0x0883,0x0883,0x0883,0x0883,0x19A7,0x08C3,0x0041,0x0041,0x0041,0x0041,0x0041,0x0041,0x0041,0x0041,
  0x0041,0x0041,0x0041,0x0041,0x0041,0x0041,0x0041,0x0041,0x0041,0x2209,0x08A3,0x08A3,0x08A3,0x1987,0x08A3,0x08A3,
  0x08A3,0x08A3,0x08A3,0x08A3,0x08A3,0x08A3,0x08A3,0x08A3,0x08A3,0x1987,0x1105,0x0882,0x0882,0x0882,0x0882,0x1966,
  0x1125,0x0882,0x0882,0x0882,0x0882,0x0882,0x0882,0x0882,0x0882,0x0882,0x0882,0x0882,0x0882,0x0882,0x0882,0x0882,
  0x0882,0x0882,0x0882,0x0882,0x0882,0x0882,0x0882,0x0882,0x0882,0x0882,0x0882,0x0882,0x0882,0x0882,0x0882,0x0882,
  0x0882,0x0882,0x1987,0x0882,0x0882,0x0882,0x0882,0x08A3,0x21E8,0x0883,0x0883,0x0883,0x0883,0x0883,0x0883,0x0883,
  0x0883,0x0883,0x0883,0x3A29,0x3209,0x0883,0x0883,0x42AB,0x532D,0x426A,0x5B4E,0x3A29,0x3209,0x2166,0x532D,0x0883,
  0x0883,0x0883,0x0883,0x0883,0x0883,0x0883,0x0883,0x0883,0x0883,0x0883,0x0883,0x0883,0x0883,0x0883,0x0883,0x0883,
  0x0883,0x0882,0x0882,0x0882,0x0882,0x0882,0x0882,0x0882,0x0882,0x0882,0x0882,0x0882,0x0882,0x0882,0x0882,0x0882,
  0x0882,0x0882,0x0882,0x0882,0x0882,0x0882,0x0882,0x0882,0x0882,0x0882,0x0882,0x0882,0x0882,0x1146,0x08C4,0x0882,
  0x0882,0x19A7,0x08C3,0x0041,0x0041,0x0041,0x0041,0xCC87,0xC426,0x08A3,0x08A3,0x08A3,0x08A3,0x08A3,0x08A3,0x7451,
  0xCF1C,0x8CF4,0x8D35,0x9535,0x08A3,0x7451,0xAE39,0x1945,0x08C3,0x08A3,0x08A3,0x532D,0xCF1C,0x08C3,0x08A3,0x530D,
  0xC71C,0x7451,0xCF1C,0x7451,0xCF1C,0x428A,0x08A3,0x84D3,0x9D76,0x08C3,0xCF1C,0x532D,0x08A3,0x7451,0xAE39,0x31E8,
  0xC71C,0x530C,0x08A3,0x7451,0xAE18,0xADF8,0x84B3,0x08A3,0x08A3,0x08A3,0x08A3,0x08A3,0x08A3,0x08A3,0x08A3,0x08A3,
  0x08C3,0x1946,0x08A3,0x08A3,0x08A3,0x08A3,0x08A3,0x08A3,0x08A3,0x08A3,0x08A3,0x08A3,0x08A3,0x08A3,0x08A3,0x08A3,
  0x08A3,0x08A3,0x08A3,0x08A3,0x08A3,0x08A3,0x08A3,0x08A3,0x08A3,0x08A3,0x08A3,0x08A3,0x08A3,0x08A3,0x08A3,0x08A3,
  0x08A3,0x08A3,0x08A3,0x08A3,0x08A3,0x08A3,0x08A3,0x08A3,0x08A3,0x08A3,0x08A3,0x08A3,0x08A3,0x08A3,0x08A3,0x08A3,
  0x08A3,0x08A3,0x08A3,0x08A3,0x08A3,0x08A3,0x08A3,0x08A3,0x08A3,0x08A3,0x08A3,0x08A3,0x08A3,0x08A3,0x08A3,0x0883,
  0x0883,0x0883,0x0883,0x0883,0x0883,0x0883,0x0883,0x0883,0x0883,0x0883,0x0883,0x0883,0x0883,0x0883,0x0883,0x0883,
  0x0883,0x0883,0x0883,0x0883,0x0883,0x0883,0x0883,0x0883,0x0883,0x0883,0x0883,0x0883,0x0883,0x0883,0x0883,0x0883,
  0x0883,0x0883,0x0883,0x0883,0x0883,0x0883,0x19A7,0x08C3,0x0041,0x0041,0x0041,0x0041,0x0041,0x0041,0x0041,0x0041,
  0x0041,0x0041,0x0041,0x0041,0x0041,0x0041,0x0041,0x0041,0x0041,0x2209,0x08A3,0x08A3,0x08A3,0x1987,0x08A3,0x08A3,
  0x08A3,0x08A3,0x08A3,0x08A3,0x08A3,0x08A3,0x08A3,0x08A3,0x08A3,0x10E4,0x21A8,0x0882,0x0882,0x0882,0x0882,0x08A3,
  0x1946,0x0882,0x0882,0x0882,0x0882,0x0882,0x0882,0x0882,0x0882,0x0882,0x0882,0x0882,0x0882,0x0882,0x0882,0x0882,
  0x0882,0x0882,0x0882,0x0882,0x0882,0x0882,0x0882,0x0882,0x0882,0x0882,0x0882,0x0882,0x0882,0x0882,0x0882,0x0882,
  0x0882,0x0882,0x0882,0x0882,0x0882,0x0882,0x0882,0x1946,0x1946,0x0883,0x0883,0x0883,0x0883,0x0883,0x0883,0x0883,
  0x0883,0x0883,0x0883,0x0883,0x0883,0x0883,0x0883,0x0883,0x0883,0x0883,0x0883,0x0883,0x0883,0x0883,0x0883,0x0883,
  0x0883,0x0883,0x0883,0x0883,0x0883,0x0883,0x0883,0x0883,0x0883,0x0883,0x0883,0x0883,0x0883,0x0883,0x0883,0x0883,
  0x0883,0x0882,0x0882,0x0882,0x0882,0x0882,0x0882,0x0882,0x0882,0x0882,0x0882,0x0882,0x0882,0x0882,0x0882,0x0882,
  0x0882,0x0882,0x0882,0x0882,0x0882,0x0882,0x0882,0x0882,0x0882,0x0882,0x0882,0x0882,0x0882,0x1146,0x08C4,0x0882,
  0x0882,0x19A7,0x08C3,0x0041,0x0041,0x0041,0x0041,0xCC87,0xC426,0x08A3,0x08A3,0x08A3,0x08A3,0x08A3,0x08A3,0x7451,
  0xBEBB,0xBEBB,0x9535,0x9535,0x08A3,0x7451,0xCF1C,0xCF1C,0x3208,0x08A3,0x08A3,0x532D,0xCF1C,0x08C3,0x08A3,0x31E8,
  0xCF1C,0xB659,0xCF1C,0xB659,0xCF1C,0x2166,0x08A3,0x84D4,0x9D76,0x08C3,0xCF1C,0x532D,0x08A3,0x7451,0xCF1C,0xCF1C,
  0xB67A,0x1945,0x08A3,0x7451,0xC6FC,0xCF1C,0x3A6A,0x08A3,0x08A3,0x08A3,0x08A3,0x08A3,0x08A3,0x08A3,0x08A3,0x08A3,
  0x3229,0x29E8,0x08A3,0x08A3,0x08A3,0x08A3,0x08A3,0x3209,0x638F,0x5B6E,0x3229,0x3208,0x638F,0x5B4D,0x3A4A,0x08A3,
  0x42AB,0x5B4E,0x08A3,0x08A3,0x2186,0x428B,0x08A3,0x08A3,0x08A3,0x08A3,0x08A3,0x08A3,0x4ACC,0x638F,0x63AF,0x5B4D,
  0x29A7,0x5B4E,0x638F,0x3229,0x08A3,0x4ACC,0x426A,0x2187,0x638F,0x3208,0x638F,0x5B4D,0x3A4A,0x08A3,0x08A3,0x08A3,
  0x08A3,0x08A3,0x08A3,0x08A3,0x08A3,0x08A3,0x08A3,0x08A3,0x08A3,0x08A3,0x08A3,0x08A3,0x08A3,0x0883,0x0883,0x0883,
  0x0883,0x0883,0x0883,0x0883,0x0883,0x0883,0x0883,0x0883,0x0883,0x0883,0x0883,0x0883,0x0883,0x0883,0x0883,0x0883,
  0x0883,0x0883,0x0883,0x0883,0x0883,0x0883,0x0883,0x0883,0x0883,0x0883,0x0883,0x0883,0x0883,0x0883,0x0883,0x0883,
  0x0883,0x0883,0x0883,0x0883,0x0883,0x0883,0x19A7,0x08C3,0x0041,0x0041,0x0041,0x0041,0x0041,0x0041,0x0041,0x0041,
  0x0041,0x0041,0x0041,0x0041,0x0041,0x0041,0x0041,0x0041,0x0041,0x2209,0x08A3,0x08A3,0x08A3,0x1987,0x08A3,0x08A3,
  0x08A3,0x08A3,0x08A3,0x08A3,0x08A3,0x08A3,0x08A3,0x08A3,0x08A3,0x08A3,0x21C8,0x10E4,0x0882,0x0882,0x0882,0x0882,
  0x0882,0x0882,0x0882,0x0882,0x0882,0x0882,0x0882,0x0882,0x0882,0x0882,0x0882,0x0882,0x0882,0x0882,0x0882,0x0882,
  0x0882,0x0882,0x0882,0x0882,0x0882,0x0882,0x0882,0x0882,0x0882,0x0882,0x0882,0x0882,0x0882,0x0882,0x0882,0x0882,
  0x1105,0x0883,0x0882,0x0882,0x0882,0x0882,0x0883,0x21E8,0x08C3,0x0883,0x0883,0x0883,0x0883,0x0883,0x0883,0x0883,
  0x0883,0x0883,0x0883,0x0883,0x0883,0x0883,0x0883,0x0883,0x0883,0x0883,0x0883,0x0883,0x0883,0x0883,0x0883,0x0883,
  0x0883,0x0883,0x0883,0x0883,0x0883,0x0883,0x0883,0x0883,0x0883,0x0883,0x0883,0x0883,0x0883,0x0883,0x0883,0x0883,
  0x0882,0x0882,0x0882,0x0882,0x0882,0x0882,0x0882,0x0882,0x0882,0x0882,0x0882,0x0882,0x0882,0x0882,0x0882,0x0882,
  0x0882,0x0882,0x0882,0x0882,0x0882,0x0882,0x0882,0x0882,0x0882,0x0882,0x0882,0x0882,0x0882,0x1146,0x08C4,0x0882,
  0x0882,0x19A7,0x08C3,0x0041,0x0041,0x0041,0x0041,0x2209,0x08A3,0x08A3,0x08A3,0x08A3,0x08A3,0x08A3,0x08A3,0x7451,
  0xADF8,0xADF8,0xBE9A,0x9535,0x08A3,0x7451,0xB65A,0x426A,0x1104,0x08A3,0x08A3,0x532D,0xCF1C,0x08C3,0x08A3,0x10E4,
  0xC6FC,0xCF1C,0xAE18,0xCF1C,0xC6DB,0x08A3,0x08A3,0x84D4,0x9D76,0x08C3,0xCF1C,0x532D,0x08A3,0x7451,0xB65A,0x9576,
  0x8D14,0x08A3,0x08A3,0x7451,0xCF1C,0xC71C,0x6C10,0x08A3,0x08A3,0x08A3,0x08A3,0x08A3,0x08A3,0x08A3,0x08A3,0x08A3,
  0x5B4E,0x08A3,0x08A3,0x08A3,0x08A3,0x08A3,0x08A3,0x3A49,0x3209,0x08A3,0x6BD0,0x3A29,0x3A29,0x08A3,0x08A3,0x08A3,
  0x638F,0x5B6E,0x10C4,0x08A3,0x29A7,0x4ACC,0x08A3,0x08A3,0x08A3,0x08A3,0x08A3,0x08A3,0x08A3,0x29C8,0x428B,0x08A3,
  0x08A3,0x29C8,0x428B,0x08A3,0x08A3,0x530D,0x5B6E,0x4AEC,0x5B6E,0x3A29,0x3A29,0x08A3,0x08A3,0x08A3,0x08A3,0x08A3,
  0x08A3,0x08A3,0x08A3,0x08A3,0x08A3,0x08A3,0x08A3,0x08A3,0x08A3,0x08A3,0x08A3,0x0883,0x0883,0x0883,0x0883,0x0883,
  0x0883,0x0883,0x0883,0x0883,0x0883,0x0883,0x0883,0x0883,0x0883,0x0883,0x0883,0x0883,0x0883,0x0883,0x0883,0x0883,
  0x0883,0x0883,0x0883,0x0883,0x0883,0x0883,0x0883,0x0883,0x0883,0x0883,0x0883,0x0883,0x0883,0x0883,0x0883,0x0883,
  0x0883,0x0883,0x0883,0x0883,0x0883,0x0883,0x19A7,0x08C3,0x0041,0x0041,0x0041,0x0041,0x0041,0x0041,0x0041,0x0041,
  0x0041,0x0041,0x0041,0x0041,0x0041,0x0041,0x0041,0x0041,0x0041,0x2209,0x08A3,0x08A3,0x08A3,0x1987,0x08A3,0x08A3,
  0x08A3,0x08A3,0x08A3,0x08A3,0x08A3,0x08A3,0x08A3,0x08A3,0x08A3,0x08A3,0x10E4,0x21C8,0x0882,0x0882,0x0882,0x0882,
  0x0882,0x10E4,0x1125,0x0882,0x0882,0x0882,0x0882,0x0882,0x0882,0x0882,0x0882,0x0882,0x0882,0x0882,0x0882,0x0882,
  0x0882,0x0882,0x0882,0x0882,0x0882,0x0882,0x0882,0x0882,0x0882,0x0882,0x0882,0x0882,0x0882,0x0882,0x0882,0x10E4,
  0x21C8,0x0883,0x0882,0x0882,0x0882,0x0882,0x1966,0x1946,0x0883,0x0883,0x0883,0x0883,0x0883,0x0883,0x0883,0x0883,
  0x0883,0x0883,0x0883,0x21A8,0x21A8,0x21A8,0x21A8,0x21A8,0x21A8,0x21A8,0x21A8,0x21A8,0x21A8,0x21A8,0x21A8,0x21A8,
  0x21A8,0x21A8,0x21A8,0x21A8,0x21A8,0x21A8,0x21A8,0x21A8,0x21A8,0x21A8,0x21A8,0x21A8,0x21A8,0x21A8,0x21A8,0x21A8,
  0x21A8,0x21A8,0x21A8,0x21A8,0x21A8,0x21A8,0x21A8,0x21A8,0x21A8,0x21A8,0x21A8,0x21A8,0x21A8,0x21A8,0x21A8,0x21A8,
  0x21A8,0x21A8,0x21A8,0x21A8,0x21A8,0x21A8,0x21A8,0x21A8,0x21A8,0x21A8,0x21A8,0x21A8,0x21A8,0x21A8,0x08C4,0x0882,
  0x0882,0x19A7,0x08C3,0x0041,0x0041,0x0041,0x0041,0x2209,0x08A3,0x08A3,0x08A3,0x08A3,0x08A3,0x08A3,0x08A3,0x7451,
  0xADF8,0x7431,0xCF1C,0x9535,0x08A3,0x7451,0xAE18,0x08A3,0x08A3,0x08A3,0x08A3,0x532D,0xCF1C,0x08C3,0x08A3,0x08A3,
  0xAE39,0xCF1C,0x7431,0xCF1C,0xA5D7,0x08A3,0x08A3,0x84D3,0x9D76,0x08C3,0xCF1C,0x532D,0x08A3,0x7451,0xAE18,0x638E,
  0xBE9A,0x08A3,0x08A3,0x7451,0xBE7A,0x7C72,0xB659,0x08A3,0x08A3,0x08A3,0x08A3,0x08A3,0x08A3,0x08A3,0x08A3,0x1925,
  0x4AEC,0x08A3,0x08A3,0x08A3,0x08A3,0x08A3,0x08A3,0x3A49,0x638F,0x5B6E,0x428B,0x3A29,0x63D0,0x5B4D,0x3229,0x1925,
  0x530D,0x3A6A,0x31E8,0x08A3,0x29A7,0x4ACC,0x08A3,0x08A3,0x08A3,0x08A3,0x08A3,0x08A3,0x08A3,0x29C8,0x428B,0x08A3,
  0x08A3,0x29C8,0x428B,0x08A3,0x08A3,0x530D,0x3A6A,0x4ACC,0x5B6E,0x3A29,0x63D0,0x5B4D,0x3229,0x08A3,0x08A3,0x08A3,
  0x08A3,0x08A3,0x08A3,0x08A3,0x08A3,0x08A3,0x08A3,0x08A3,0x08A3,0x0883,0x0883,0x0883,0x0883,0x0883,0x0883,0x0883,
  0x0883,0x0883,0x0883,0x0883,0x0883,0x0883,0x0883,0x0883,0x0883,0x0883,0x0883,0x0883,0x0883,0x0883,0x0883,0x0883,
  0x0883,0x0883,0x0883,0x0883,0x0883,0x0883,0x0883,0x0883,0x0883,0x0883,0x0883,0x0883,0x0883,0x0883,0x0883,0x0883,
  0x0883,0x0883,0x0883,0x0883,0x0883,0x0883,0x19A7,0x08C3,0x0041,0x0041,0x0041,0x0041,0x0041,0x0041,0x0041,0x0041,
  0x0041,0x0041,0x0041,0x0041,0x0041,0x0041,0x0041,0x0041,0x0041,0x2209,0x08A3,0x08A3,0x08A3,0x1987,0x08A3,0x08A3,
  0x08A3,0x08A3,0x08A3,0x08A3,0x08A3,0x08A3,0x08A3,0x08A3,0x08A3,0x08A3,0x08A3,0x19A7,0x1946,0x0882,0x0882,0x0882,
  0x0882,0x0883,0x21C8,0x1105,0x0882,0x0882,0x0882,0x0882,0x0882,0x0882,0x0882,0x0882,0x0882,0x0882,0x0882,0x0882,
  0x0882,0x0882,0x0882,0x0882,0x0882,0x0882,0x0882,0x0882,0x0882,0x0882,0x0882,0x0882,0x0882,0x0882,0x0882,0x1946,
  0x08C3,0x0882,0x0882,0x0882,0x0882,0x10E4,0x21E8,0x08A3,0x0883,0x0883,0x0883,0x0883,0x0883,0x0883,0x0883,0x0883,
  0x0883,0x0883,0x0883,0x0883,0x0883,0x0883,0x0883,0x0883,0x0883,0x0883,0x0883,0x0883,0x0883,0x0883,0x0883,0x0883,
  0x0883,0x0883,0x0883,0x0883,0x0883,0x0883,0x0883,0x0883,0x0883,0x0883,0x0883,0x0883,0x0883,0x0883,0x0882,0x0882,
  0x0882,0x0882,0x0882,0x0882,0x0882,0x0882,0x0882,0x0882,0x0882,0x0882,0x0882,0x0882,0x0882,0x0882,0x0882,0x0882,
  0x0882,0x0882,0x0882,0x0882,0x0882,0x0882,0x0882,0x0882,0x0882,0x0882,0x0882,0x0882,0x0882,0x1146,0x08C4,0x0882,
  0x0882,0x19A7,0x08C3,0x0041,0x0041,0x0041,0x0041,0x2209,0x08A3,0x08A3,0x08A3,0x08A3,0x08A3,0x08A3,0x08A3,0x7451,
  0xAE18,0x3A6A,0xCF1C,0x9535,0x08A3,0x7451,0xB67A,0x530C,0x530C,0x10E4,0x08A3,0x532D,0xCF1C,0x08C3,0x08A3,0x08A3,
  0x8D14,0xCF1C,0x3A29,0xCF1C,0x84B3,0x08A3,0x08A3,0x6C10,0xBEBB,0x7431,0xCF1C,0x3A49,0x08A3,0x7451,0xAE18,0x3229,
  0xCF1C,0x29C7,0x08A3,0x7451,0xAE18,0x3209,0xCF1C,0x3A49,0x08A3,0x08A3,0x08A3,0x08A3,0x08A3,0x08A3,0x08A3,0x42AB,
  0x2166,0x08A3,0x08A3,0x08A3,0x08A3,0x08A3,0x08A3,0x3A49,0x3229,0x5B6E,0x1925,0x3A29,0x3A29,0x08A3,0x08A3,0x3A4A,
  0x63AF,0x5B6E,0x532D,0x08A3,0x29A7,0x4ACC,0x08A3,0x08A3,0x08A3,0x08A3,0x08A3,0x08A3,0x08A3,0x29C8,0x428B,0x08A3,
  0x08A3,0x29C8,0x428B,0x08A3,0x08A3,0x530D,0x1905,0x1925,0x5B6E,0x3A29,0x3A29,0x08A3,0x08A3,0x08A3,0x08A3,0x08A3,
  0x08A3,0x08A3,0x08A3,0x08A3,0x08A3,0x08A3,0x08A3,0x0883,0x0883,0x0883,0x0883,0x0883,0x0883,0x0883,0x0883,0x0883,
  0x0883,0x0883,0x0883,0x0883,0x0883,0x0883,0x0883,0x0883,0x0883,0x0883,0x0883,0x0883,0x0883,0x0883,0x0883,0x0883,
  0x0883,0x0883,0x0883,0x0883,0x0883,0x0883,0x0883,0x0883,0x0883,0x0883,0x0883,0x0883,0x0883,0x0883,0x0883,0x0883,
  0x0883,0x0883,0x0883,0x0883,0x0883,0x0883,0x19A7,0x08C3,0x0041,0x0041,0x0041,0x0041,0x0041,0x0041,0x0041,0x0041,
  0x0041,0x0041,0x0041,0x0041,0x0041,0x0041,0x0041,0x0041,0x0041,0x2209,0x08A3,0x08A3,0x08A3,0x1987,0x08A3,0x08A3,
  0x08A3,0x08A3,0x08A3,0x08A3,0x08A3,0x08A3,0x08A3,0x08A3,0x08A3,0x08A3,0x08A3,0x08C4,0x21E8,0x08C3,0x0882,0x0882,
  0x0882,0x0882,0x0883,0x10E4,0x0882,0x0882,0x0882,0x0882,0x0882,0x0882,0x0882,0x0882,0x0882,0x0882,0x0882,0x0882,
  0x0882,0x0882,0x0882,0x0882,0x0882,0x0882,0x0882,0x0882,0x0882,0x0882,0x0882,0x0882,0x0882,0x0883,0x0882,0x0882,
  0x0882,0x0882,0x0882,0x0882,0x0883,0x21C8,0x1104,0x0883,0x0883,0x0883,0x0883,0x0883,0x0883,0x0883,0x0883,0x0883,
  0x0883,0x0883,0x0883,0x0883,0x0883,0x0883,0x0883,0x0883,0x0883,0x0883,0x0883,0x0883,0x0883,0x0883,0x0883,0x0883,
  0x0883,0x0883,0x0883,0x0883,0x0883,0x0883,0x0883,0x0883,0x0883,0x0883,0x0883,0x0883,0x0883,0x0882,0x0882,0x0882,
  0x0882,0x0882,0x0882,0x0882,0x0882,0x0882,0x0882,0x0882,0x0882,0x0882,0x0882,0x0882,0x0882,0x0882,0x0882,0x0882,
  0x0882,0x0882,0x0882,0x0882,0x0882,0x0882,0x0882,0x0882,0x0882,0x0882,0x0882,0x0882,0x0882,0x1146,0x08C4,0x0882,
  0x0882,0x19A7,0x08C3,0x0041,0x0041,0x0041,0x0041,0x2209,0x08A3,0x08A3,0x08A3,0x08A3,0x08A3,0x08A3,0x08A3,0x7431,
  0xAE18,0x10C4,0xBEBB,0x8D15,0x08A3,0x7431,0xCF1C,0xCF1C,0xCF1C,0x1945,0x08A3,0x530D,0xCF1C,0x08A3,0x08A3,0x08A3,
  0x6BCF,0xBEBB,0x08C3,0xC6FC,0x638F,0x08A3,0x08A3,0x1945,0x9D97,0xBEBB,0x7C92,0x08A3,0x08A3,0x7431,0xAE18,0x10E4,
  0xC6FC,0x5B4D,0x08A3,0x7431,0xAE18,0x08A3,0xAE39,0x7C92,0x08A3,0x08A3,0x08A3,0x08A3,0x08A3,0x08A3,0x08A3,0x5B4E,
  0x08A3,0x08A3,0x08A3,0x08A3,0x08A3,0x08A3,0x08A3,0x3A49,0x3209,0x2186,0x532D,0x3A29,0x63D0,0x5B4D,0x3A4A,0x5B6E,
  0x10E4,0x08A3,0x6BF0,0x08A3,0x29A7,0x6C11,0x5B4D,0x42AB,0x08A3,0x08A3,0x08A3,0x08A3,0x08A3,0x29C8,0x428B,0x08A3,
  0x29A7,0x5B6E,0x63D0,0x3229,0x08A3,0x530D,0x10E4,0x08A3,0x5B6E,0x3A29,0x63D0,0x5B4D,0x3A4A,0x08A3,0x08A3,0x08A3,
  0x08A3,0x08A3,0x08A3,0x08A3,0x08A3,0x0883,0x0883,0x0883,0x0883,0x0883,0x0883,0x0883,0x0883,0x0883,0x0883,0x0883,
  0x0883,0x0883,0x0883,0x0883,0x0883,0x0883,0x0883,0x0883,0x0883,0x0883,0x0883,0x0883,0x0883,0x0883,0x0883,0x0883,
  0x0883,0x0883,0x0883,0x0883,0x0883,0x0883,0x0883,0x0883,0x0883,0x0883,0x0883,0x0883,0x0883,0x0883,0x0883,0x0883,
  0x0883,0x0883,0x0883,0x0883,0x0883,0x0883,0x19A7,0x08C3,0x0041,0x0041,0x0041,0x0041,0x0041,0x0041,0x0041,0x0041,
  0x0041,0x0041,0x0041,0x0041,0x0041,0x0041,0x0041,0x0041,0x0041,0x2209,0x08A3,0x08A3,0x08A3,0x1987,0x08A3,0x08A3,
  0x08A3,0x08A3,0x08A3,0x08A3,0x08A3,0x08A3,0x08A3,0x08A3,0x08A3,0x08A3,0x08A3,0x08A3,0x1105,0x21C8,0x0883,0x0882,
  0x0882,0x0882,0x0882,0x0882,0x0882,0x1125,0x0883,0x0882,0x0882,0x0882,0x0882,0x0882,0x0882,0x0882,0x0882,0x0882,
  0x0882,0x0882,0x0882,0x0882,0x0882,0x0882,0x0882,0x0882,0x0882,0x0882,0x0882,0x0882,0x1946,0x21C8,0x0882,0x0882,
  0x0882,0x0882,0x0882,0x0882,0x1987,0x1966,0x0883,0x0883,0x0883,0x0883,0x0883,0x0883,0x0883,0x0883,0x0883,0x0883,
  0x0883,0x0883,0x0883,0x530D,0x1105,0x0883,0x5B6E,0x2186,0x428B,0x0883,0x0883,0x4ACC,0x5B8F,0x63AF,0x532D,0x08A3,
  0x0883,0x0883,0x0883,0x0883,0x0883,0x0883,0x0883,0x0883,0x0883,0x0883,0x0883,0x0883,0x0882,0x0882,0x0882,0x0882,
  0x0882,0x0882,0x0882,0x0882,0x0882,0x0882,0x0882,0x0882,0x0882,0x0882,0x0882,0x0882,0x0882,0x0882,0x0882,0x0882,
  0x0882,0x0882,0x0882,0x0882,0x0882,0x0882,0x0882,0x0882,0x0882,0x0882,0x0882,0x0882,0x0882,0x1146,0x08C4,0x0882,
  0x0882,0x19A7,0x08C3,0x0041,0x0041,0x0041,0x0041,0x2209,0x08A3,0x08A3,0x08A3,0x08A3,0x08A3,0x08A3,0x08A3,0x08A3,
  0x08A3,0x08A3,0x08A3,0x08A3,0x08A3,0x08A3,0x08A3,0x08A3,0x08A3,0x08A3,0x08A3,0x08A3,0x08A3,0x08A3,0x08A3,0x08A3,
  0x08A3,0x08A3,0x08A3,0x08A3,0x08A3,0x08A3,0x08A3,0x08A3,0x08A3,0x08A3,0x08A3,0x08A3,0x08A3,0x08A3,0x08A3,0x08A3,
  0x08A3,0x08A3,0x08A3,0x08A3,0x08A3,0x08A3,0x08A3,0x08A3,0x08A3,0x08A3,0x08A3,0x08A3,0x08A3,0x08A3,0x2186,0x3A4A,
  0x08A3,0x08A3,0x08A3,0x08A3,0x08A3,0x08A3,0x08A3,0x08A3,0x08A3,0x08A3,0x08A3,0x08A3,0x08A3,0x08A3,0x08A3,0x08A3,
  0x08A3,0x08A3,0x08A3,0x08A3,0x08A3,0x08A3,0x08A3,0x08A3,0x08A3,0x08A3,0x08A3,0x08A3,0x08A3,0x08A3,0x08A3,0x08A3,
  0x08A3,0x08A3,0x08A3,0x08A3,0x08A3,0x08A3,0x08A3,0x08A3,0x08A3,0x08A3,0x08A3,0x08A3,0x08A3,0x08A3,0x08A3,0x08A3,
  0x08A3,0x08A3,0x08A3,0x0883,0x0883,0x0883,0x0883,0x0883,0x0883,0x0883,0x0883,0x0883,0x0883,0x0883,0x0883,0x0883,
  0x0883,0x0883,0x0883,0x0883,0x0883,0x0883,0x0883,0x0883,0x0883,0x0883,0x0883,0x0883,0x0883,0x0883,0x0883,0x0883,
  0x0883,0x0883,0x0883,0x0883,0x0883,0x0883,0x0883,0x0883,0x0883,0x0883,0x0883,0x0883,0x0883,0x0883,0x0883,0x0883,
  0x0883,0x0883,0x0883,0x0883,0x0883,0x0883,0x19A7,0x08C3,0x0041,0x0041,0x0041,0x0041,0x0041,0x0041,0x0041,0x0041,
  0x0041,0x0041,0x0041,0x0041,0x0041,0x0041,0x0041,0x0041,0x0041,0x2209,0x08A3,0x08A3,0x08A3,0x1987,0x08A3,0x08A3,
  0x08A3,0x08A3,0x08A3,0x08A3,0x08A3,0x08A3,0x08A3,0x08A3,0x08A3,0x08A3,0x08A3,0x08A3,0x08A3,0x1966,0x21A8,0x0882,
  0x0882,0x0882,0x0882,0x0882,0x0882,0x1946,0x21C8,0x10E4,0x0882,0x0882,0x0882,0x0882,0x0882,0x0882,0x0882,0x0882,
  0x0882,0x0882,0x0882,0x0882,0x0882,0x0882,0x0882,0x0882,0x0882,0x0882,0x0882,0x10E4,0x1987,0x0883,0x0882,0x0882,
  0x0882,0x0882,0x0882,0x1946,0x21A8,0x0883,0x0883,0x0883,0x0883,0x0883,0x0883,0x0883,0x0883,0x0883,0x0883,0x0883,
  0x0883,0x0883,0x0883,0x3A4A,0x3229,0x1925,0x532D,0x2187,0x4ACC,0x0883,0x0883,0x0883,0x29C7,0x428B,0x0883,0x0883,
  0x0883,0x0883,0x0883,0x0883,0x0883,0x0883,0x0883,0x0883,0x0883,0x0883,0x0883,0x0883,0x0882,0x0882,0x0882,0x0882,
  0x0882,0x0882,0x0882,0x0882,0x0882,0x0882,0x0882,0x0882,0x0882,0x0882,0x0882,0x0882,0x0882,0x0882,0x0882,0x0882,
  0x0882,0x0882,0x0882,0x0882,0x0882,0x0882,0x0882,0x0882,0x0882,0x0882,0x0882,0x0882,0x0882,0x1146,0x08C3,0x0882,
  0x0882,0x19A7,0x08C3,0x0041,0x0041,0x0041,0x0041,0x2209,0x08A3,0x08A3,0x08A3,0x08A3,0x08A3,0x08A3,0x08A3,0x08A3,
  0x08A3,0x08A3,0x08A3,0x08A3,0x08A3,0x08A3,0x08A3,0x08A3,0x08A3,0x08A3,0x08A3,0x08A3,0x08A3,0x08A3,0x08A3,0x08A3,
  0x08A3,0x08A3,0x08A3,0x08A3,0x08A3,0x08A3,0x08A3,0x08A3,0x08A3,0x08A3,0x08A3,0x08A3,0x08A3,0x08A3,0x08A3,0x08A3,
  0x08A3,0x08A3,0x08A3,0x08A3,0x08A3,0x08A3,0x08A3,0x08A3,0x08A3,0x08A3,0x08A3,0x08A3,0x08A3,0x08A3,0x08A3,0x08A3,
  0x08A3,0x08A3,0x08A3,0x08A3,0x08A3,0x08A3,0x08A3,0x08A3,0x08A3,0x08A3,0x08A3,0x08A3,0x08A3,0x08A3,0x08A3,0x08A3,
  0x08A3,0x08A3,0x08A3,0x08A3,0x08A3,0x08A3,0x08A3,0x08A3,0x08A3,0x08A3,0x08A3,0x08A3,0x08A3,0x08A3,0x08A3,0x08A3,
  0x08A3,0x08A3,0x08A3,0x08A3,0x08A3,0x08A3,0x08A3,0x08A3,0x08A3,0x08A3,0x08A3,0x08A3,0x08A3,0x08A3,0x08A3,0x08A3,
  0x08A3,0x0883,0x0883,0x0883,0x0883,0x0883,0x0883,0x0883,0x0883,0x0883,0x0883,0x0883,0x0883,0x0883,0x0883,0x0883,
  0x0883,0x0883,0x0883,0x0883,0x0883,0x0883,0x0883,0x0883,0x0883,0x0883,0x0883,0x0883,0x0883,0x0883,0x0883,0x0883,
  0x0883,0x0883,0x0883,0x0883,0x0883,0x0883,0x0883,0x0883,0x0883,0x0883,0x0883,0x0883,0x0883,0x0883,0x0883,0x0883,
  0x0883,0x0883,0x0883,0x0883,0x0883,0x0883,0x19A7,0x08C3,0x0041,0x0041,0x0041,0x0041,0x0041,0x0041,0x0041,0x0041,
  0x0041,0x0041,0x0041,0x0041,0x0041,0x0041,0x0041,0x0041,0x0041,0x2209,0x08A3,0x08A3,0x08A3,0x1987,0x08A3,0x08A3,
  0x08A3,0x08A3,0x08A3,0x08A3,0x08A3,0x08A3,0x08A3,0x08A3,0x08A3,0x08A3,0x08A3,0x08A3,0x08A3,0x08A3,0x1966,0x1966,
  0x0882,0x0882,0x0882,0x0882,0x0882,0x0882,0x08C3,0x08A3,0x0882,0x08A3,0x0882,0x0882,0x0882,0x0882,0x0882,0x0882,
  0x0882,0x0882,0x0882,0x0882,0x0882,0x0882,0x0882,0x0882,0x10E4,0x1105,0x0882,0x0882,0x0882,0x0882,0x0882,0x0882,
  0x0882,0x0882,0x1105,0x21A8,0x08A3,0x0883,0x0883,0x0883,0x0883,0x0883,0x0883,0x0883,0x0883,0x0883,0x0883,0x0883,
  0x0883,0x0883,0x0883,0x1925,0x532D,0x3A49,0x3208,0x2187,0x4ACC,0x0883,0x0883,0x0883,0x29C7,0x428B,0x0883,0x0883,
  0x0883,0x0883,0x0883,0x0883,0x0883,0x0883,0x0883,0x0883,0x0883,0x0883,0x0883,0x0882,0x0882,0x0882,0x0882,0x0882,
  0x0882,0x0882,0x0882,0x0882,0x0882,0x0882,0x0882,0x0882,0x0882,0x0882,0x0882,0x0882,0x0882,0x0882,0x0882,0x0882,
  0x0882,0x0882,0x0882,0x0882,0x0882,0x0882,0x0882,0x0882,0x0882,0x0882,0x0882,0x0882,0x0882,0x1146,0x08C3,0x0882,
  0x0882,0x19A7,0x08C3,0x0041,0x0041,0x0041,0x0041,0x2209,0x08A3,0x08A3,0x08A3,0x08A3,0x08A3,0x08A3,0x08A3,0x08A3,
  0x08A3,0x08A3,0x08A3,0x08A3,0x08A3,0x08A3,0x08A3,0x08A3,0x08A3,0x08A3,0x08A3,0x08A3,0x08A3,0x08A3,0x08A3,0x08A3,
  0x08A3,0x08A3,0x08A3,0x08A3,0x08A3,0x08A3,0x08A3,0x08A3,0x08A3,0x08A3,0x08A3,0x08A3,0x08A3,0x08A3,0x08A3,0x08A3,
  0x08A3,0x08A3,0x08A3,0x08A3,0x08A3,0x08A3,0x08A3,0x08A3,0x08A3,0x08A3,0x08A3,0x08A3,0x08A3,0x08A3,0x08A3,0x08A3,
  0x08A3,0x08A3,0x08A3,0x08A3,0x08A3,0x08A3,0x08A3,0x08A3,0x08A3,0x08A3,0x08A3,0x08A3,0x08A3,0x08A3,0x08A3,0x08A3,
  0x08A3,0x08A3,0x08A3,0x08A3,0x08A3,0x08A3,0x08A3,0x08A3,0x08A3,0x08A3,0x08A3,0x08A3,0x08A3,0x08A3,0x08A3,0x08A3,
  0x08A3,0x08A3,0x08A3,0x08A3,0x08A3,0x08A3,0x08A3,0x08A3,0x08A3,0x08A3,0x08A3,0x08A3,0x08A3,0x08A3,0x08A3,0x0883,
  0x0883,0x0883,0x0883,0x0883,0x0883,0x0883,0x0883,0x0883,0x0883,0x0883,0x0883,0x0883,0x0883,0x0883,0x0883,0x0883,
  0x0883,0x0883,0x0883,0x0883,0x0883,0x0883,0x0883,0x0883,0x0883,0x0883,0x0883,0x0883,0x0883,0x0883,0x0883,0x0883,
  0x0883,0x0883,0x0883,0x0883,0x0883,0x0883,0x0883,0x0883,0x0883,0x0883,0x0883,0x0883,0x0883,0x0883,0x0883,0x0883,
  0x0883,0x0883,0x0883,0x0883,0x0882,0x0882,0x19A7,0x08C3,0x0041,0x0041,0x0041,0x0041,0x0041,0x0041,0x0041,0x0041,
  0x0041,0x0041,0x0041,0x0041,0x0041,0x0041,0x0041,0x0041,0x0041,0x2209,0x08A3,0x08A3,0x08A3,0x1987,0x08A3,0x08A3,
  0x08A3,0x08A3,0x08A3,0x08A3,0x08A3,0x08A3,0x08A3,0x08A3,0x08A3,0x08A3,0x08A3,0x08A3,0x08A3,0x08A3,0x08A3,0x1966,
  0x19A7,0x0883,0x0882,0x0882,0x0882,0x0882,0x0882,0x0882,0x0882,0x1966,0x21E8,0x1966,0x0882,0x0882,0x0882,0x0882,
  0x0882,0x0882,0x0882,0x0882,0x0882,0x0883,0x0882,0x1966,0x21C8,0x1105,0x0882,0x0882,0x0882,0x0882,0x0882,0x0882,
  0x0882,0x1946,0x21A8,0x08A3,0x0883,0x0883,0x0883,0x0883,0x0883,0x0883,0x0883,0x0883,0x0883,0x0883,0x0883,0x0883,
  0x0883,0x0883,0x0883,0x0883,0x63AF,0x5B4E,0x10E4,0x2187,0x4ACC,0x0883,0x0883,0x0883,0x29C7,0x428B,0x0883,0x0883,
  0x0883,0x0883,0x0883,0x0883,0x0883,0x0883,0x0883,0x0883,0x0883,0x0883,0x0882,0x0882,0x0882,0x0882,0x0882,0x0882,
  0x0882,0x0882,0x0882,0x0882,0x0882,0x0882,0x0882,0x0882,0x0882,0x0882,0x0882,0x0882,0x0882,0x0882,0x0882,0x0882,
  0x0882,0x0882,0x0882,0x0882,0x0882,0x0882,0x0882,0x0882,0x0882,0x0882,0x0882,0x0882,0x0882,0x1146,0x08C3,0x0882,
  0x0882,0x19A7,0x08C3,0x0041,0x0041,0x0041,0x0041,0x2209,0x08A3,0x08A3,0x08A3,0x08A3,0x08A3,0x08A3,0x08A3,0x08A3,
  0x08A3,0x08A3,0x08A3,0x08A3,0x08A3,0x08A3,0x08A3,0x08A3,0x08A3,0x08A3,0x08A3,0x08A3,0x08A3,0x08A3,0x08A3,0x08A3,
  0x08A3,0x08A3,0x08A3,0x08A3,0x08A3,0x08A3,0x08A3,0x08A3,0x08A3,0x08A3,0x08A3,0x08A3,0x08A3,0x08A3,0x08A3,0x08A3,
  0x08A3,0x08A3,0x08A3,0x08A3,0x08A3,0x08A3,0x08A3,0x08A3,0x08A3,0x08A3,0x08A3,0x08A3,0x08A3,0x08A3,0x08A3,0x08A3,
  0x08A3,0x08A3,0x08A3,0x08A3,0x08A3,0x08A3,0x08A3,0x08A3,0x08A3,0x08A3,0x08A3,0x08A3,0x08A3,0x08A3,0x08A3,0x08A3,
  0x08A3,0x08A3,0x08A3,0x08A3,0x08A3,0x08A3,0x08A3,0x08A3,0x08A3,0x08A3,0x08A3,0x08A3,0x08A3,0x08A3,0x08A3,0x08A3,
  0x08A3,0x08A3,0x08A3,0x08A3,0x08A3,0x08A3,0x08A3,0x08A3,0x08A3,0x08A3,0x08A3,0x08A3,0x08A3,0x0883,0x0883,0x0883,
  0x0883,0x0883,0x0883,0x0883,0x0883,0x0883,0x0883,0x0883,0x0883,0x0883,0x0883,0x0883,0x0883,0x0883,0x0883,0x0883,
  0x0883,0x0883,0x0883,0x0883,0x0883,0x0883,0x0883,0x0883,0x0883,0x0883,0x0883,0x0883,0x0883,0x0883,0x0883,0x0883,
  0x0883,0x0883,0x0883,0x0883,0x0883,0x0883,0x0883,0x0883,0x0883,0x0883,0x0883,0x0883,0x0883,0x0883,0x0883,0x0883,
  0x0883,0x0883,0x0882,0x0882,0x0882,0x0882,0x19A7,0x08C3,0x0041,0x0041,0x0041,0x0041,0x0041,0x0041,0x0041,0x0041,
  0x0041,0x0041,0x0041,0x0041,0x0041,0x0041,0x0041,0x0041,0x0041,0x2209,0x08A3,0x08A3,0x08A3,0x1987,0x08A3,0x08A3,
  0x08A3,0x08A3,0x08A3,0x08A3,0x08A3,0x08A3,0x08A3,0x08A3,0x08A3,0x08A3,0x08A3,0x08A3,0x08A3,0x08A3,0x08A3,0x08A3,
  0x1966,0x21A8,0x08C3,0x0882,0x0882,0x0882,0x0882,0x0882,0x0882,0x0882,0x08A3,0x10E4,0x0882,0x08A3,0x2A09,0x21A7,
  0x1105,0x0882,0x10E4,0x21E8,0x2A09,0x08C3,0x0882,0x0883,0x0882,0x0882,0x0882,0x0882,0x0882,0x0882,0x0882,0x0883,
  0x1987,0x21A8,0x08A3,0x0883,0x0883,0x0883,0x0883,0x0883,0x0883,0x0883,0x0883,0x0883,0x0883,0x0883,0x0883,0x0883,
  0x0883,0x0883,0x0883,0x0883,0x52EC,0x63AF,0x0883,0x2187,0x6BF1,0x532D,0x428B,0x0883,0x29C7,0x428B,0x0883,0x0883,
  0x0883,0x0883,0x0883,0x0883,0x0883,0x0883,0x0883,0x0883,0x0883,0x0882,0x0882,0x0882,0x0882,0x0882,0x0882,0x0882,
  0x0882,0x0882,0x0882,0x0882,0x0882,0x0882,0x0882,0x0882,0x0882,0x0882,0x0882,0x0882,0x0882,0x0882,0x0882,0x0882,
  0x0882,0x0882,0x0882,0x0882,0x0882,0x0882,0x0882,0x0882,0x0882,0x0882,0x0882,0x0882,0x0882,0x1146,0x08C3,0x0882,
  0x0882,0x19A7,0x08C3,0x0041,0x0041,0x0041,0x0041,0x2209,0x08A3,0x08A3,0x08A3,0x08A3,0x08A3,0x08A3,0x08A3,0x08A3,
  0x08A3,0x08A3,0x08A3,0x08A3,0x08A3,0x08A3,0x08A3,0x08A3,0x08A3,0x08A3,0x08A3,0x08A3,0x08A3,0x08A3,0x08A3,0x08A3,
  0x08A3,0x08A3,0x08A3,0x08A3,0x08A3,0x08A3,0x08A3,0x08A3,0x08A3,0x08A3,0x08A3,0x08A3,0x08A3,0x08A3,0x08A3,0x08A3,
  0x08A3,0x08A3,0x08A3,0x08A3,0x08A3,0x08A3,0x08A3,0x08A3,0x08A3,0x08A3,0x08A3,0x08A3,0x08A3,0x08A3,0x08A3,0x08A3,
  0x08A3,0x08A3,0x08A3,0x08A3,0x08A3,0x08A3,0x08A3,0x08A3,0x08A3,0x08A3,0x08A3,0x08A3,0x08A3,0x08A3,0x08A3,0x08A3,
  0x08A3,0x08A3,0x08A3,0x08A3,0x08A3,0x08A3,0x08A3,0x08A3,0x08A3,0x08A3,0x08A3,0x08A3,0x08A3,0x08A3,0x08A3,0x08A3,
  0x08A3,0x08A3,0x08A3,0x08A3,0x08A3,0x08A3,0x08A3,0x08A3,0x08A3,0x08A3,0x08A3,0x0883,0x0883,0x0883,0x0883,0x0883,
  0x0883,0x0883,0x0883,0x0883,0x0883,0x0883,0x0883,0x0883,0x0883,0x0883,0x0883,0x0883,0x0883,0x0883,0x0883,0x0883,
  0x0883,0x0883,0x0883,0x0883,0x0883,0x0883,0x0883,0x0883,0x0883,0x0883,0x0883,0x0883,0x0883,0x0883,0x0883,0x0883,
  0x0883,0x0883,0x0883,0x0883,0x0883,0x0883,0x0883,0x0883,0x0883,0x0883,0x0883,0x0883,0x0883,0x0883,0x0883,0x0883,
  0x0882,0x0882,0x0882,0x0882,0x0882,0x0882,0x19A7,0x08C3,0x0041,0x0041,0x0041,0x0041,0x0041,0x0041,0x0041,0x0041,
  0x0041,0x0041,0x0041,0x0041,0x0041,0x0041,0x0041,0x0041,0x0041,0x2209,0x08A3,0x08A3,0x08A3,0x1987,0x08A3,0x08A3,
  0x08A3,0x08A3,0x08A3,0x08A3,0x08A3,0x08A3,0x08A3,0x08A3,0x08A3,0x08A3,0x08A3,0x08A3,0x08A3,0x08A3,0x08A3,0x08A3,
  0x08A3,0x1125,0x21C8,0x1125,0x0882,0x0882,0x0882,0x0882,0x0882,0x0882,0x0882,0x0882,0x0882,0x0882,0x0882,0x10E4,
  0x08A3,0x0882,0x0883,0x0883,0x0882,0x0882,0x0882,0x0882,0x0882,0x0882,0x0882,0x0882,0x0882,0x0882,0x10E4,0x21C8,
  0x1966,0x0883,0x0883,0x0883,0x0883,0x0883,0x0883,0x0883,0x0883,0x0883,0x0883,0x0883,0x0883,0x0883,0x0883,0x0883,
  0x0883,0x0883,0x0883,0x0883,0x0883,0x0883,0x0883,0x0883,0x0883,0x0883,0x0883,0x0883,0x0883,0x0883,0x0883,0x0883,
  0x0883,0x0883,0x0883,0x0883,0x0883,0x0883,0x0883,0x0883,0x0882,0x0882,0x0882,0x0882,0x0882,0x0882,0x0882,0x0882,
  0x0882,0x0882,0x0882,0x0882,0x0882,0x0882,0x0882,0x0882,0x0882,0x0882,0x0882,0x0882,0x0882,0x0882,0x0882,0x0882,
  0x0882,0x0882,0x0882,0x0882,0x0882,0x0882,0x0882,0x0882,0x0882,0x0882,0x0882,0x0882,0x0882,0x1146,0x08C3,0x0882,
  0x0882,0x19A7,0x08C3,0x0041,0x0041,0x0041,0x0041,0x2209,0x08A3,0x08A3,0x08A3,0x08A3,0x08A3,0x08A3,0x08A3,0x08A3,
  0x08A3,0x08A3,0x08A3,0x08A3,0x08A3,0x08A3,0x08A3,0x08A3,0x08A3,0x08A3,0x08A3,0x08A3,0x08A3,0x08A3,0x08A3,0x08A3,
  0x08A3,0x08A3,0x08A3,0x08A3,0x08A3,0x08A3,0x08A3,0x08A3,0x08A3,0x08A3,0x08A3,0x08A3,0x08A3,0x08A3,0x08A3,0x08A3,
  0x08A3,0x08A3,0x08A3,0x08A3,0x08A3,0x08A3,0x08A3,0x08A3,0x08A3,0x08A3,0x08A3,0x08A3,0x08A3,0x08A3,0x08A3,0x08A3,
  0x08A3,0x08A3,0x08A3,0x08A3,0x08A3,0x08A3,0x08A3,0x08A3,0x08A3,0x08A3,0x08A3,0x08A3,0x08A3,0x08A3,0x08A3,0x08A3,
  0x08A3,0x08A3,0x08A3,0x08A3,0x08A3,0x08A3,0x08A3,0x08A3,0x08A3,0x08A3,0x08A3,0x08A3,0x08A3,0x08A3,0x08A3,0x08A3,
  0x08A3,0x08A3,0x08A3,0x08A3,0x08A3,0x08A3,0x08A3,0x08A3,0x08A3,0x0883,0x0883,0x0883,0x0883,0x0883,0x0883,0x0883,
  0x0883,0x0883,0x0883,0x0883,0x0883,0x0883,0x0883,0x0883,0x0883,0x0883,0x0883,0x0883,0x0883,0x0883,0x0883,0x0883,
  0x0883,0x0883,0x0883,0x0883,0x0883,0x0883,0x0883,0x0883,0x0883,0x0883,0x0883,0x0883,0x0883,0x0883,0x0883,0x0883,
  0x0883,0x0883,0x0883,0x0883,0x0883,0x0883,0x0883,0x0883,0x0883,0x0883,0x0883,0x0883,0x0883,0x0883,0x0882,0x0882,
  0x0882,0x0882,0x0882,0x0882,0x0882,0x0882,0x19A7,0x08C3,0x0041,0x0041,0x0041,0x0041,0x0041,0x0041,0x0041,0x0041,
  0x0041,0x0041,0x0041,0x0041,0x0041,0x0041,0x0041,0x0041,0x0041,0x2209,0x08A3,0x08A3,0x08A3,0x1987,0x08A3,0x08A3,
  0x08A3,0x08A3,0x08A3,0x08A3,0x08A3,0x08A3,0x08A3,0x08A3,0x08A3,0x08A3,0x08A3,0x08A3,0x08A3,0x08A3,0x08A3,0x08A3,
  0x08A3,0x08A3,0x08E4,0x21A8,0x19A7,0x08C3,0x0882,0x0882,0x0882,0x0882,0x0882,0x0882,0x0882,0x0882,0x0882,0x0882,
  0x0882,0x0882,0x0882,0x0882,0x0882,0x0882,0x0882,0x0882,0x0882,0x0882,0x0882,0x0882,0x0883,0x1966,0x21E8,0x1104,
  0x0883,0x0883,0x0883,0x0883,0x0883,0x0883,0x0883,0x0883,0x0883,0x0883,0x0883,0x0883,0x0883,0x0883,0x0883,0x0883,
  0x0883,0x0883,0x0883,0x0883,0x0883,0x0883,0x0883,0x0883,0x0883,0x0883,0x0883,0x0883,0x0883,0x0883,0x0883,0x0883,
  0x0883,0x0883,0x0883,0x0883,0x0883,0x0883,0x0883,0x0882,0x0882,0x0882,0x0882,0x0882,0x0882,0x0882,0x0882,0x0882,
  0x0882,0x0882,0x0882,0x0882,0x0882,0x0882,0x0882,0x0882,0x0882,0x0882,0x0882,0x0882,0x0882,0x0882,0x0882,0x0882,
  0x0882,0x0882,0x0882,0x0882,0x0882,0x0882,0x0882,0x0882,0x0882,0x0882,0x0882,0x0882,0x0882,0x1146,0x08C3,0x0882,
  0x0882,0x19A7,0x08C3,0x0041,0x0041,0x0041,0x0041,0x2209,0x08A3,0x08A3,0x08A3,0x08A3,0x08A3,0x08A3,0x08A3,0x08A3,
  0x08A3,0x08A3,0x08A3,0x08A3,0x08A3,0x08A3,0x08A3,0x08A3,0x08A3,0x08A3,0x08A3,0x08A3,0x08A3,0x08A3,0x08A3,0x08A3,
  0x08A3,0x08A3,0x08A3,0x08A3,0x08A3,0x08A3,0x08A3,0x08A3,0x08A3,0x08A3,0x08A3,0x08A3,0x08A3,0x08A3,0x08A3,0x08A3,
  0x08A3,0x08A3,0x08A3,0x08A3,0x08A3,0x08A3,0x08A3,0x08A3,0x08A3,0x08A3,0x08A3,0x08A3,0x08A3,0x08A3,0x08A3,0x08A3,
  0x08A3,0x08A3,0x08A3,0x08A3,0x08A3,0x08A3,0x08A3,0x08A3,0x08A3,0x08A3,0x08A3,0x08A3,0x08A3,0x08A3,0x08A3,0x08A3,
  0x08A3,0x08A3,0x08A3,0x08A3,0x08A3,0x08A3,0x08A3,0x08A3,0x08A3,0x08A3,0x08A3,0x08A3,0x08A3,0x08A3,0x08A3,0x08A3,
  0x08A3,0x08A3,0x08A3,0x08A3,0x08A3,0x08A3,0x08A3,0x0883,0x0883,0x0883,0x0883,0x0883,0x0883,0x0883,0x0883,0x0883,
  0x0883,0x0883,0x0883,0x0883,0x0883,0x0883,0x0883,0x0883,0x0883,0x0883,0x0883,0x0883,0x0883,0x0883,0x0883,0x0883,
  0x0883,0x0883,0x0883,0x0883,0x0883,0x0883,0x0883,0x0883,0x0883,0x0883,0x0883,0x0883,0x0883,0x0883,0x0883,0x0883,
  0x0883,0x0883,0x0883,0x0883,0x0883,0x0883,0x0883,0x0883,0x0883,0x0883,0x0883,0x0883,0x0882,0x0882,0x0882,0x0882,
  0x0882,0x0882,0x0882,0x0882,0x0882,0x0882,0x19A7,0x08C3,0x0041,0x0041,0x0041,0x0041,0x0041,0x0041,0x0041,0x0041,
  0x0041,0x0041,0x0041,0x0041,0x0041,0x0041,0x0041,0x0041,0x0041,0x2209,0x08A3,0x08A3,0x08A3,0x1987,0x08A3,0x08A3,
  0x08A3,0x08A3,0x08A3,0x08A3,0x08A3,0x08A3,0x08A3,0x08A3,0x08A3,0x08A3,0x08A3,0x08A3,0x08A3,0x08A3,0x08A3,0x08A3,
  0x08A3,0x08A3,0x08A3,0x08A3,0x1125,0x21E8,0x1966,0x10E4,0x0882,0x0882,0x0882,0x0882,0x0882,0x0882,0x0882,0x0882,
  0x0882,0x0882,0x0882,0x0882,0x0882,0x0882,0x0882,0x0882,0x0882,0x0882,0x08A3,0x1946,0x21E8,0x1946,0x08A3,0x0883,
  0x0883,0x0883,0x0883,0x0883,0x0883,0x0883,0x0883,0x0883,0x0883,0x0883,0x0883,0x0883,0x0883,0x0883,0x0883,0x0883,
  0x0883,0x0883,0x0883,0x21A8,0x21A8,0x21A8,0x21A8,0x21A8,0x21A8,0x21A8,0x21A8,0x21A8,0x21A8,0x21A8,0x21A8,0x21A8,
  0x21A8,0x21A8,0x21A8,0x21A8,0x21A8,0x21A8,0x21A8,0x21A8,0x21A8,0x21A8,0x21A8,0x21A8,0x21A8,0x21A8,0x21A8,0x21A8,
  0x21A8,0x21A8,0x21A8,0x21A8,0x21A8,0x21A8,0x21A8,0x21A8,0x21A8,0x21A8,0x21A8,0x21A8,0x21A8,0x21A8,0x21A8,0x21A8,
  0x21A8,0x21A8,0x21A8,0x21A8,0x21A8,0x21A8,0x21A8,0x21A8,0x21A8,0x21A8,0x21A8,0x21A8,0x21A8,0x21A8,0x08C3,0x0882,
  0x0882,0x19A7,0x08C3,0x0041,0x0041,0x0041,0x0041,0x2209,0x08A3,0x08A3,0x08A3,0x08A3,0x08A3,0x08A3,0x08A3,0x08A3,
  0x08A3,0x08A3,0x08A3,0x08A3,0x08A3,0x08A3,0x08A3,0x08A3,0x08A3,0x08A3,0x08A3,0x08A3,0x08A3,0x08A3,0x08A3,0x08A3,
  0x08A3,0x08A3,0x08A3,0x08A3,0x08A3,0x08A3,0x08A3,0x08A3,0x08A3,0x08A3,0x08A3,0x08A3,0x08A3,0x08A3,0x08A3,0x08A3,
  0x08A3,0x08A3,0x08A3,0x08A3,0x08A3,0x08A3,0x08A3,0x08A3,0x08A3,0x08A3,0x08A3,0x08A3,0x08A3,0x08A3,0x08A3,0x08A3,
  0x08A3,0x08A3,0x08A3,0x08A3,0x08A3,0x08A3,0x08A3,0x08A3,0x08A3,0x08A3,0x08A3,0x08A3,0x08A3,0x08A3,0x08A3,0x08A3,
  0x08A3,0x08A3,0x08A3,0x08A3,0x08A3,0x08A3,0x08A3,0x08A3,0x08A3,0x08A3,0x08A3,0x08A3,0x08A3,0x08A3,0x08A3,0x08A3,
  0x08A3,0x08A3,0x08A3,0x08A3,0x08A3,0x0883,0x0883,0x0883,0x0883,0x0883,0x0883,0x0883,0x0883,0x0883,0x0883,0x0883,
  0x0883,0x0883,0x0883,0x0883,0x0883,0x0883,0x0883,0x0883,0x0883,0x0883,0x0883,0x0883,0x0883,0x0883,0x0883,0x0883,
  0x0883,0x0883,0x0883,0x0883,0x0883,0x0883,0x0883,0x0883,0x0883,0x0883,0x0883,0x0883,0x0883,0x0883,0x0883,0x0883,
  0x0883,0x0883,0x0883,0x0883,0x0883,0x0883,0x0883,0x0883,0x0883,0x0883,0x0882,0x0882,0x0882,0x0882,0x0882,0x0882,
  0x0882,0x0882,0x0882,0x0882,0x0882,0x0882,0x19A7,0x08C3,0x0041,0x0041,0x0041,0x0041,0x0041,0x0041,0x0041,0x0041,
  0x0041,0x0041,0x0041,0x0041,0x0041,0x0041,0x0041,0x0041,0x0041,0x2209,0x08A3,0x08A3,0x08A3,0x1987,0x08A3,0x08A3,
  0x08A3,0x08A3,0x08A3,0x08A3,0x08A3,0x08A3,0x08A3,0x08A3,0x08A3,0x08A3,0x08A3,0x08A3,0x08A3,0x08A3,0x08A3,0x08A3,
  0x08A3,0x08A3,0x08A3,0x08A3,0x08A3,0x08A3,0x1125,0x21C8,0x21A8,0x1125,0x08C3,0x0882,0x0882,0x0882,0x0882,0x0882,
  0x0882,0x0882,0x0882,0x0882,0x0882,0x0882,0x0882,0x08A3,0x1105,0x1987,0x21E8,0x1946,0x08C3,0x0883,0x0883,0x0883,
  0x0883,0x0883,0x0883,0x0883,0x0883,0x0883,0x0883,0x0883,0x0883,0x0883,0x0883,0x0883,0x0883,0x0883,0x0883,0x0883,
  0x0883,0x0883,0x0883,0x0883,0x0883,0x0883,0x0883,0x0883,0x0883,0x0883,0x0883,0x0883,0x0883,0x0883,0x0883,0x0883,
  0x0883,0x0883,0x0883,0x0883,0x0883,0x0883,0x0882,0x0882,0x0882,0x0882,0x0882,0x0882,0x0882,0x0882,0x0882,0x0882,
  0x0882,0x0882,0x0882,0x0882,0x0882,0x0882,0x0882,0x0882,0x0882,0x0882,0x0882,0x0882,0x0882,0x0882,0x0882,0x0882,
  0x0882,0x0882,0x0882,0x0882,0x0882,0x0882,0x0882,0x0882,0x0882,0x0882,0x0882,0x0882,0x0882,0x1146,0x08C3,0x0882,
  0x0882,0x19A7,0x08C3,0x0041,0x0041,0x0041,0x0041,0x2209,0x08A3,0x08A3,0x08A3,0x08A3,0x08A3,0x08A3,0x08A3,0x08A3,
  0x08A3,0x08A3,0x08A3,0x08A3,0x08A3,0x08A3,0x08A3,0x08A3,0x08A3,0x08A3,0x08A3,0x08A3,0x08A3,0x08A3,0x08A3,0x08A3,
  0x08A3,0x08A3,0x08A3,0x08A3,0x08A3,0x08A3,0x08A3,0x08A3,0x08A3,0x08A3,0x08A3,0x08A3,0x08A3,0x08A3,0x08A3,0x08A3,
  0x08A3,0x08A3,0x08A3,0x08A3,0x08A3,0x08A3,0x08A3,0x08A3,0x08A3,0x08A3,0x08A3,0x08A3,0x08A3,0x08A3,0x08A3,0x08A3,
  0x08A3,0x08A3,0x08A3,0x08A3,0x08A3,0x08A3,0x08A3,0x08A3,0x08A3,0x08A3,0x08A3,0x08A3,0x08A3,0x08A3,0x08A3,0x08A3,
  0x08A3,0x08A3,0x08A3,0x08A3,0x08A3,0x08A3,0x08A3,0x08A3,0x08A3,0x08A3,0x08A3,0x08A3,0x08A3,0x08A3,0x08A3,0x08A3,
  0x08A3,0x08A3,0x08A3,0x0883,0x0883,0x0883,0x0883,0x0883,0x0883,0x0883,0x0883,0x0883,0x0883,0x0883,0x0883,0x0883,
  0x0883,0x0883,0x0883,0x0883,0x0883,0x0883,0x0883,0x0883,0x0883,0x0883,0x0883,0x0883,0x0883,0x0883,0x0883,0x0883,
  0x0883,0x0883,0x0883,0x0883,0x0883,0x0883,0x0883,0x0883,0x0883,0x0883,0x0883,0x0883,0x0883,0x0883,0x0883,0x0883,
  0x0883,0x0883,0x0883,0x0883,0x0883,0x0883,0x0883,0x0883,0x0882,0x0882,0x0882,0x0882,0x0882,0x0882,0x0882,0x0882,
  0x0882,0x0882,0x0882,0x0882,0x0882,0x0882,0x19A7,0x08C3,0x0041,0x0041,0x0041,0x0041,0x0041,0x0041,0x0041,0x0041,
  0x0041,0x0041,0x0041,0x0041,0x0041,0x0041,0x0041,0x0041,0x0041,0x2209,0x08A3,0x08A3,0x08A3,0x1987,0x08A3,0x08A3,
  0x08A3,0x08A3,0x08A3,0x08A3,0x08A3,0x08A3,0x08A3,0x08A3,0x08A3,0x08A3,0x08A3,0x08A3,0x08A3,0x08A3,0x08A3,0x08A3,
  0x08A3,0x08A3,0x08A3,0x08A3,0x08A3,0x08A3,0x08A3,0x08A3,0x10E4,0x1966,0x21C8,0x21E8,0x1987,0x1946,0x1125,0x10E4,
  0x10E4,0x10E4,0x10E4,0x1105,0x1946,0x1966,0x21C8,0x21E8,0x1966,0x1105,0x0883,0x0883,0x0883,0x0883,0x0883,0x0883,
  0x0883,0x0883,0x0883,0x0883,0x0883,0x0883,0x0883,0x0883,0x0883,0x0883,0x0883,0x0883,0x0883,0x0883,0x0883,0x0883,
  0x0883,0x0883,0x0883,0x0883,0x0883,0x0883,0x0883,0x0883,0x0883,0x0883,0x0883,0x0883,0x0883,0x0883,0x0883,0x0883,
  0x0883,0x0883,0x0883,0x0883,0x0883,0x0882,0x0882,0x0882,0x0882,0x0882,0x0882,0x0882,0x0882,0x0882,0x0882,0x0882,
  0x0882,0x0882,0x0882,0x0882,0x0882,0x0882,0x0882,0x0882,0x0882,0x0882,0x0882,0x0882,0x0882,0x0882,0x0882,0x0882,
  0x0882,0x0882,0x0882,0x0882,0x0882,0x0882,0x0882,0x0882,0x0882,0x0882,0x0882,0x0882,0x0882,0x1146,0x08C3,0x0882,
  0x0882,0x19A7,0x08C3,0x0041,0x0041,0x0041,0x0041,0x2209,0x08A3,0x08A3,0x08A3,0x08A3,0x08A3,0x08A3,0x08A3,0x08A3,
  0x08A3,0x08A3,0x08A3,0x08A3,0x08A3,0x08A3,0x08A3,0x08A3,0x08A3,0x08A3,0x08A3,0x08A3,0x08A3,0x08A3,0x08A3,0x08A3,
  0x08A3,0x08A3,0x08A3,0x08A3,0x08A3,0x08A3,0x08A3,0x08A3,0x08A3,0x08A3,0x08A3,0x08A3,0x08A3,0x08A3,0x08A3,0x08A3,
  0x08A3,0x08A3,0x08A3,0x08A3,0x08A3,0x08A3,0x08A3,0x08A3,0x08A3,0x08A3,0x08A3,0x08A3,0x08A3,0x08A3,0x08A3,0x08A3,
  0x08A3,0x08A3,0x08A3,0x08A3,0x08A3,0x08A3,0x08A3,0x08A3,0x08A3,0x08A3,0x08A3,0x08A3,0x08A3,0x08A3,0x08A3,0x08A3,
  0x08A3,0x08A3,0x08A3,0x08A3,0x08A3,0x08A3,0x08A3,0x08A3,0x08A3,0x08A3,0x08A3,0x08A3,0x08A3,0x08A3,0x08A3,0x08A3,
  0x08A3,0x0883,0x0883,0x0883,0x0883,0x0883,0x0883,0x0883,0x0883,0x0883,0x0883,0x0883,0x0883,0x0883,0x0883,0x0883,
  0x0883,0x0883,0x0883,0x0883,0x0883,0x0883,0x0883,0x0883,0x0883,0x0883,0x0883,0x0883,0x0883,0x0883,0x0883,0x0883,
  0x0883,0x0883,0x0883,0x0883,0x0883,0x0883,0x0883,0x0883,0x0883,0x0883,0x0883,0x0883,0x0883,0x0883,0x0883,0x0883,
  0x0883,0x0883,0x0883,0x0883,0x0883,0x0883,0x0882,0x0882,0x0882,0x0882,0x0882,0x0882,0x0882,0x0882,0x0882,0x0882,
  0x0882,0x0882,0x0882,0x0882,0x0882,0x0882,0x19A7,0x08C3,0x0041,0x0041,0x0041,0x0041,0x0041,0x0041,0x0041,0x0041,
  0x0041,0x0041,0x0041,0x0041,0x0041,0x0041,0x0041,0x0041,0x0041,0x2209,0x08A3,0x08A3,0x08A3,0x1987,0x08A3,0x08A3,
  0x08A3,0x08A3,0x08A3,0x08A3,0x08A3,0x08A3,0x08A3,0x08A3,0x08A3,0x08A3,0x08A3,0x08A3,0x08A3,0x08A3,0x08A3,0x08A3,
  0x08A3,0x08A3,0x08A3,0x08A3,0x08A3,0x08A3,0x08A3,0x08A3,0x08A3,0x08A3,0x08A3,0x08C3,0x1105,0x1946,0x1966,0x19A7,
  0x19A7,0x19A7,0x19A7,0x1987,0x1946,0x1105,0x08C4,0x08A3,0x08A3,0x0883,0x0883,0x0883,0x0883,0x0883,0x0883,0x0883,
  0x0883,0x0883,0x0883,0x0883,0x0883,0x0883,0x0883,0x0883,0x0883,0x0883,0x0883,0x0883,0x0883,0x0883,0x0883,0x0883,
  0x0883,0x0883,0x0883,0x3208,0x638F,0x532D,0x428B,0x0883,0x42AB,0x5B4E,0x0883,0x3A6A,0x530D,0x0883,0x530D,0x0883,
  0x0883,0x0883,0x0883,0x0883,0x0882,0x0882,0x0882,0x0882,0x0882,0x0882,0x0882,0x0882,0x0882,0x0882,0x0882,0x0882,
  0x0882,0x0882,0x0882,0x0882,0x0882,0x0882,0x0882,0x0882,0x0882,0x0882,0x0882,0x0882,0x0882,0x0882,0x0882,0x0882,
  0x0882,0x0882,0x0882,0x0882,0x0882,0x0882,0x0882,0x0882,0x0882,0x0882,0x0882,0x0882,0x0882,0x1146,0x08C3,0x0882,
  0x0882,0x19A7,0x08C3,0x0041,0x0041,0x0041,0x0041,0x2209,0x08A3,0x08A3,0x08A3,0x08A3,0x08A3,0x08A3,0x08A3,0x08A3,
  0x08A3,0x08A3,0x08A3,0x08A3,0x08A3,0x08A3,0x08A3,0x08A3,0x08A3,0x08A3,0x08A3,0x08A3,0x08A3,0x08A3,0x08A3,0x08A3,
  0x08A3,0x08A3,0x08A3,0x08A3,0x08A3,0x08A3,0x08A3,0x08A3,0x08A3,0x08A3,0x08A3,0x08A3,0x08A3,0x08A3,0x08A3,0x08A3,
  0x08A3,0x08A3,0x08A3,0x08A3,0x08A3,0x08A3,0x08A3,0x08A3,0x08A3,0x08A3,0x08A3,0x08A3,0x08A3,0x08A3,0x08A3,0x08A3,
  0x08A3,0x08A3,0x08A3,0x08A3,0x08A3,0x08A3,0x08A3,0x08A3,0x08A3,0x08A3,0x08A3,0x08A3,0x08A3,0x08A3,0x08A3,0x08A3,
  0x08A3,0x08A3,0x08A3,0x08A3,0x08A3,0x08A3,0x08A3,0x08A3,0x08A3,0x08A3,0x08A3,0x08A3,0x08A3,0x08A3,0x08A3,0x0883,
  0x0883,0x0883,0x0883,0x0883,0x0883,0x0883,0x0883,0x0883,0x0883,0x0883,0x0883,0x0883,0x0883,0x0883,0x0883,0x0883,
  0x0883,0x0883,0x0883,0x0883,0x0883,0x0883,0x0883,0x0883,0x0883,0x0883,0x0883,0x0883,0x0883,0x0883,0x0883,0x0883,
  0x0883,0x0883,0x0883,0x0883,0x0883,0x0883,0x0883,0x0883,0x0883,0x0883,0x0883,0x0883,0x0883,0x0883,0x0883,0x0883,
  0x0883,0x0883,0x0883,0x0883,0x0882,0x0882,0x0882,0x0882,0x0882,0x0882,0x0882,0x0882,0x0882,0x0882,0x0882,0x0882,
  0x0882,0x0882,0x0882,0x0882,0x0882,0x0882,0x19A7,0x08C3,0x0041,0x0041,0x0041,0x0041,0x0041,0x0041,0x0041,0x0041,
  0x0041,0x0041,0x0041,0x0041,0x0041,0x0041,0x0041,0x0041,0x0041,0x2209,0x08A3,0x08A3,0x08A3,0x1987,0x08A3,0x08A3,
  0x08A3,0x08A3,0x08A3,0x08A3,0x08A3,0x08A3,0x08A3,0x08A3,0x08A3,0x08A3,0x08A3,0x08A3,0x08A3,0x08A3,0x08A3,0x08A3,
  0x08A3,0x08A3,0x08A3,0x08A3,0x08A3,0x08A3,0x08A3,0x08A3,0x08A3,0x08A3,0x08A3,0x08A3,0x08A3,0x08A3,0x08A3,0x08A3,
  0x08A3,0x08A3,0x08A3,0x08A3,0x08A3,0x08A3,0x08A3,0x08A3,0x0883,0x0883,0x0883,0x0883,0x0883,0x0883,0x0883,0x0883,
  0x0883,0x0883,0x0883,0x0883,0x0883,0x0883,0x0883,0x0883,0x0883,0x0883,0x0883,0x0883,0x0883,0x0883,0x0883,0x0883,
  0x0883,0x0883,0x0883,0x3A29,0x3A29,0x0883,0x0883,0x0883,0x638F,0x5B6E,0x10C4,0x428B,0x6BD0,0x10C4,0x5B4E,0x0883,
  0x0883,0x0883,0x0883,0x0882,0x0882,0x0882,0x0882,0x0882,0x0882,0x0882,0x0882,0x0882,0x0882,0x0882,0x0882,0x0882,
  0x0882,0x0882,0x0882,0x0882,0x0882,0x0882,0x0882,0x0882,0x0882,0x0882,0x0882,0x0882,0x0882,0x0882,0x0882,0x0882,
  0x0882,0x0882,0x0882,0x0882,0x0882,0x0882,0x0882,0x0882,0x0882,0x0882,0x0882,0x0882,0x0882,0x1146,0x08C3,0x0882,
  0x0882,0x19A7,0x08C3,0x0041,0x0041,0x0041,0x0041,0x2209,0x08A3,0x08A3,0x08A3,0x08A3,0x08A3,0x08A3,0x08A3,0x08A3,
  0x08A3,0x08A3,0x08A3,0x08A3,0x08A3,0x08A3,0x08A3,0x08A3,0x08A3,0x08A3,0x08A3,0x08A3,0x08A3,0x08A3,0x08A3,0x08A3,
  0x08A3,0x08A3,0x08A3,0x08A3,0x08A3,0x08A3,0x08A3,0x08A3,0x08A3,0x08A3,0x08A3,0x08A3,0x08A3,0x08A3,0x08A3,0x08A3,
  0x08A3,0x08A3,0x08A3,0x08A3,0x08A3,0x08A3,0x08A3,0x08A3,0x08A3,0x08A3,0x08A3,0x08A3,0x08A3,0x08A3,0x08A3,0x08A3,
  0x08A3,0x08A3,0x08A3,0x08A3,0x08A3,0x08A3,0x08A3,0x08A3,0x08A3,0x08A3,0x08A3,0x08A3,0x08A3,0x08A3,0x08A3,0x08A3,
  0x08A3,0x08A3,0x08A3,0x08A3,0x08A3,0x08A3,0x08A3,0x08A3,0x08A3,0x08A3,0x08A3,0x08A3,0x08A3,0x0883,0x0883,0x0883,
  0x0883,0x0883,0x0883,0x0883,0x0883,0x0883,0x0883,0x0883,0x0883,0x0883,0x0883,0x0883,0x0883,0x0883,0x0883,0x0883,
  0x0883,0x0883,0x0883,0x0883,0x0883,0x0883,0x0883,0x0883,0x0883,0x0883,0x0883,0x0883,0x0883,0x0883,0x0883,0x0883,
  0x0883,0x0883,0x0883,0x0883,0x0883,0x0883,0x0883,0x0883,0x0883,0x0883,0x0883,0x0883,0x0883,0x0883,0x0883,0x0883,
  0x0883,0x0883,0x0882,0x0882,0x0882,0x0882,0x0882,0x0882,0x0882,0x0882,0x0882,0x0882,0x0882,0x0882,0x0882,0x0882,
  0x0882,0x0882,0x0882,0x0882,0x0882,0x0882,0x19A7,0x08C3,0x0041,0x0041,0x0041,0x0041,0x0041,0x0041,0x0041,0x0041,
  0x0041,0x0041,0x0041,0x0041,0x0041,0x0041,0x0041,0x0041,0x0041,0x2209,0x08A3,0x08A3,0x08A3,0x1987,0x08A3,0x08A3,
  0x08A3,0x08A3,0x08A3,0x08A3,0x08A3,0x08A3,0x08A3,0x08A3,0x08A3,0x08A3,0x08A3,0x08A3,0x08A3,0x08A3,0x08A3,0x08A3,
  0x08A3,0x08A3,0x08A3,0x08A3,0x08A3,0x08A3,0x08A3,0x08A3,0x08A3,0x08A3,0x08A3,0x08A3,0x08A3,0x08A3,0x08A3,0x08A3,
  0x08A3,0x08A3,0x08A3,0x08A3,0x08A3,0x08A3,0x08A3,0x08A3,0x0883,0x0883,0x0883,0x0883,0x0883,0x0883,0x0883,0x0883,
  0x0883,0x0883,0x0883,0x0883,0x0883,0x0883,0x0883,0x0883,0x0883,0x0883,0x0883,0x0883,0x0883,0x0883,0x0883,0x0883,
  0x0883,0x0883,0x0883,0x3A29,0x63D0,0x532D,0x3208,0x1925,0x530D,0x3A4A,0x31E8,0x428B,0x426A,0x3A4A,0x5B4E,0x0883,
  0x0883,0x0883,0x0882,0x0882,0x0882,0x0882,0x0882,0x0882,0x0882,0x0882,0x0882,0x0882,0x0882,0x0882,0x0882,0x0882,
  0x0882,0x0882,0x0882,0x0882,0x0882,0x0882,0x0882,0x0882,0x0882,0x0882,0x0882,0x0882,0x0882,0x0882,0x0882,0x0882,
  0x0882,0x0882,0x0882,0x0882,0x0882,0x0882,0x0882,0x0882,0x0882,0x0882,0x0882,0x0882,0x0882,0x1146,0x08C3,0x0882,
  0x0882,0x19A7,0x08C3,0x0041,0x0041,0x0041,0x0041,0x2209,0x08A3,0x08A3,0x08A3,0x08A3,0x08A3,0x08A3,0x08A3,0x08A3,
  0x08A3,0x08A3,0x08A3,0x08A3,0x08A3,0x08A3,0x08A3,0x08A3,0x08A3,0x08A3,0x08A3,0x08A3,0x08A3,0x08A3,0x08A3,0x08A3,
  0x08A3,0x08A3,0x08A3,0x08A3,0x08A3,0x08A3,0x08A3,0x08A3,0x08A3,0x08A3,0x08A3,0x08A3,0x08A3,0x08A3,0x08A3,0x08A3,
  0x08A3,0x08A3,0x08A3,0x08A3,0x08A3,0x08A3,0x08A3,0x08A3,0x08A3,0x08A3,0x08A3,0x08A3,0x08A3,0x08A3,0x08A3,0x08A3,
  0x08A3,0x08A3,0x08A3,0x08A3,0x08A3,0x08A3,0x08A3,0x08A3,0x08A3,0x08A3,0x08A3,0x08A3,0x08A3,0x08A3,0x08A3,0x08A3,
  0x08A3,0x08A3,0x08A3,0x08A3,0x08A3,0x08A3,0x08A3,0x08A3,0x08A3,0x08A3,0x08A3,0x0883,0x0883,0x0883,0x0883,0x0883,
  0x0883,0x0883,0x0883,0x0883,0x0883,0x0883,0x0883,0x0883,0x0883,0x0883,0x0883,0x0883,0x0883,0x0883,0x0883,0x0883,
  0x0883,0x0883,0x0883,0x0883,0x0883,0x0883,0x0883,0x0883,0x0883,0x0883,0x0883,0x0883,0x0883,0x0883,0x0883,0x0883,
  0x0883,0x0883,0x0883,0x0883,0x0883,0x0883,0x0883,0x0883,0x0883,0x0883,0x0883,0x0883,0x0883,0x0883,0x0883,0x0883,
  0x0882,0x0882,0x0882,0x0882,0x0882,0x0882,0x0882,0x0882,0x0882,0x0882,0x0882,0x0882,0x0882,0x0882,0x0882,0x0882,
  0x0882,0x0882,0x0882,0x0882,0x0882,0x0882,0x19A7,0x08C3,0x0041,0x0041,0x0041,0x0041,0x0041,0x0041,0x0041,0x0041,
  0x0041,0x0041,0x0041,0x0041,0x0041,0x0041,0x0041,0x0041,0x0041,0x2209,0x08A3,0x08A3,0x08A3,0x1987,0x08A3,0x08A3,
  0x08A3,0x08A3,0x08A3,0x08A3,0x08A3,0x08A3,0x08A3,0x08A3,0x08A3,0x08A3,0x08A3,0x08A3,0x08A3,0x08A3,0x08A3,0x08A3,
  0x08A3,0x08A3,0x08A3,0x08A3,0x08A3,0x08A3,0x08A3,0x08A3,0x08A3,0x08A3,0x08A3,0x08A3,0x08A3,0x08A3,0x08A3,0x08A3,
  0x08A3,0x08A3,0x08A3,0x08A3,0x08A3,0x08A3,0x08A3,0x0883,0x0883,0x0883,0x0883,0x0883,0x0883,0x0883,0x0883,0x0883,
  0x0883,0x0883,0x0883,0x0883,0x0883,0x0883,0x0883,0x0883,0x0883,0x0883,0x0883,0x0883,0x0883,0x0883,0x0883,0x0883,
  0x0883,0x0883,0x0883,0x3A29,0x3A29,0x0883,0x0883,0x3A4A,0x63AF,0x5B6E,0x530D,0x428B,0x2146,0x5B4E,0x5B4E,0x0883,
  0x0883,0x0883,0x0882,0x0882,0x0882,0x0882,0x0882,0x0882,0x0882,0x0882,0x0882,0x0882,0x0882,0x0882,0x0882,0x0882,
  0x0882,0x0882,0x0882,0x0882,0x0882,0x0882,0x0882,0x0882,0x0882,0x0882,0x0882,0x0882,0x0882,0x0882,0x0882,0x0882,
  0x0882,0x0882,0x0882,0x0882,0x0882,0x0882,0x0882,0x0882,0x0882,0x0882,0x0882,0x0882,0x0882,0x1146,0x08C3,0x0882,
  0x0882,0x19A7,0x08C3,0x0041,0x0041,0x0041,0x0041,0x2209,0x08A3,0x08A3,0x08A3,0x08A3,0x08A3,0x08A3,0x08A3,0x08A3,
  0x08A3,0x08A3,0x08A3,0x08A3,0x08A3,0x08A3,0x08A3,0x08A3,0x08A3,0x08A3,0x08A3,0x08A3,0x08A3,0x08A3,0x08A3,0x08A3,
  0x08A3,0x08A3,0x08A3,0x08A3,0x08A3,0x08A3,0x08A3,0x08A3,0x08A3,0x08A3,0x08A3,0x08A3,0x08A3,0x08A3,0x08A3,0x08A3,
  0x08A3,0x08A3,0x08A3,0x08A3,0x08A3,0x08A3,0x08A3,0x08A3,0x08A3,0x08A3,0x08A3,0x08A3,0x08A3,0x08A3,0x08A3,0x08A3,
  0x08A3,0x08A3,0x08A3,0x08A3,0x08A3,0x08A3,0x08A3,0x08A3,0x08A3,0x08A3,0x08A3,0x08A3,0x08A3,0x08A3,0x08A3,0x08A3,
  0x08A3,0x08A3,0x08A3,0x08A3,0x08A3,0x08A3,0x08A3,0x08A3,0x08A3,0x0883,0x0883,0x0883,0x0883,0x0883,0x0883,0x0883,
  0x0883,0x0883,0x0883,0x0883,0x0883,0x0883,0x0883,0x0883,0x0883,0x0883,0x0883,0x0883,0x0883,0x0883,0x0883,0x0883,
  0x0883,0x0883,0x0883,0x0883,0x0883,0x0883,0x0883,0x0883,0x0883,0x0883,0x0883,0x0883,0x0883,0x0883,0x0883,0x0883,
  0x0883,0x0883,0x0883,0x0883,0x0883,0x0883,0x0883,0x0883,0x0883,0x0883,0x0883,0x0883,0x0883,0x0883,0x0882,0x0882,
  0x0882,0x0882,0x0882,0x0882,0x0882,0x0882,0x0882,0x0882,0x0882,0x0882,0x0882,0x0882,0x0882,0x0882,0x0882,0x0882,
  0x0882,0x0882,0x0882,0x0882,0x0882,0x0882,0x19A7,0x08C3,0x0041,0x0041,0x0041,0x0041,0x0041,0x0041,0x0041,0x0041,
  0x0041,0x0041,0x0041,0x0041,0x0041,0x0041,0x0041,0x0041,0x0041,0x2209,0x08A3,0x08A3,0x08A3,0x1987,0x08A3,0x08A3,
  0x08A3,0x08A3,0x08A3,0x08A3,0x08A3,0x08A3,0x08A3,0x08A3,0x08A3,0x08A3,0x08A3,0x08A3,0x08A3,0x08A3,0x08A3,0x08A3,
  0x08A3,0x08A3,0x08A3,0x08A3,0x08A3,0x08A3,0x08A3,0x08A3,0x08A3,0x08A3,0x08A3,0x08A3,0x08A3,0x08A3,0x08A3,0x08A3,
  0x08A3,0x08A3,0x08A3,0x08A3,0x08A3,0x08A3,0x0883,0x0883,0x0883,0x0883,0x0883,0x0883,0x0883,0x0883,0x0883,0x0883,
  0x0883,0x0883,0x0883,0x0883,0x0883,0x0883,0x0883,0x0883,0x0883,0x0883,0x0883,0x0883,0x0883,0x0883,0x0883,0x0883,
  0x0883,0x0883,0x0883,0x3A29,0x3A29,0x0883,0x0883,0x5B6E,0x10E4,0x0883,0x6BD0,0x428B,0x1946,0x428B,0x5B6E,0x0883,
  0x0883,0x0882,0x0882,0x0882,0x0882,0x0882,0x0882,0x0882,0x0882,0x0882,0x0882,0x0882,0x0882,0x0882,0x0882,0x0882,
  0x0882,0x0882,0x0882,0x0882,0x0882,0x0882,0x0882,0x0882,0x0882,0x0882,0x0882,0x0882,0x0882,0x0882,0x0882,0x0882,
  0x0882,0x0882,0x0882,0x0882,0x0882,0x0882,0x0882,0x0882,0x0882,0x0882,0x0882,0x0882,0x0882,0x1146,0x08C3,0x0882,
  0x0882,0x19A7,0x08C3,0x0041,0x0041,0x0041,0x0041,0x2209,0x08A3,0x08A3,0x08A3,0x08A3,0x08A3,0x08A3,0x08A3,0x08A3,
  0x08A3,0x08A3,0x08A3,0x08A3,0x08A3,0x08A3,0x08A3,0x08A3,0x08A3,0x08A3,0x08A3,0x08A3,0x08A3,0x08A3,0x08A3,0x08A3,
  0x08A3,0x08A3,0x08A3,0x08A3,0x08A3,0x08A3,0x08A3,0x08A3,0x08A3,0x08A3,0x08A3,0x08A3,0x08A3,0x08A3,0x08A3,0x08A3,
  0x08A3,0x08A3,0x08A3,0x08A3,0x08A3,0x08A3,0x08A3,0x08A3,0x08A3,0x08A3,0x08A3,0x08A3,0x08A3,0x08A3,0x08A3,0x08A3,
  0x08A3,0x08A3,0x08A3,0x08A3,0x08A3,0x08A3,0x08A3,0x08A3,0x08A3,0x08A3,0x08A3,0x08A3,0x08A3,0x08A3,0x08A3,0x08A3,
  0x08A3,0x08A3,0x08A3,0x08A3,0x08A3,0x08A3,0x0883,0x0883,0x0883,0x0883,0x0883,0x0883,0x0883,0x0883,0x0883,0x0883,
  0x0883,0x0883,0x0883,0x0883,0x0883,0x0883,0x0883,0x0883,0x0883,0x0883,0x0883,0x0883,0x0883,0x0883,0x0883,0x0883,
  0x0883,0x0883,0x0883,0x0883,0x0883,0x0883,0x0883,0x0883,0x0883,0x0883,0x0883,0x0883,0x0883,0x0883,0x0883,0x0883,
  0x0883,0x0883,0x0883,0x0883,0x0883,0x0883,0x0883,0x0883,0x0883,0x0883,0x0883,0x0883,0x0882,0x0882,0x0882,0x0882,
  0x0882,0x0882,0x0882,0x0882,0x0882,0x0882,0x0882,0x0882,0x0882,0x0882,0x0882,0x0882,0x0882,0x0882,0x0882,0x0882,
  0x0882,0x0882,0x0882,0x0882,0x0882,0x0882,0x19A7,0x08C3,0x0041,0x0041,0x0041,0x0041,0x0041,0x0041,0x0041,0x0041,
  0x0041,0x0041,0x0041,0x0041,0x0041,0x0041,0x0041,0x0041,0x0041,0x2209,0x08A3,0x08A3,0x08A3,0x1987,0x08A3,0x08A3,
  0x08A3,0x08A3,0x08A3,0x08A3,0x08A3,0x08A3,0x08A3,0x08A3,0x08A3,0x08A3,0x08A3,0x08A3,0x08A3,0x08A3,0x08A3,0x08A3,
  0x08A3,0x08A3,0x08A3,0x08A3,0x08A3,0x08A3,0x08A3,0x08A3,0x08A3,0x08A3,0x08A3,0x08A3,0x08A3,0x08A3,0x08A3,0x08A3,
  0x08A3,0x08A3,0x08A3,0x08A3,0x08A3,0x0883,0x0883,0x0883,0x0883,0x0883,0x0883,0x0883,0x0883,0x0883,0x0883,0x0883,
  0x0883,0x0883,0x0883,0x0883,0x0883,0x0883,0x0883,0x0883,0x0883,0x0883,0x0883,0x0883,0x0883,0x0883,0x0883,0x0883,
  0x0883,0x0883,0x0883,0x0883,0x0883,0x0883,0x0883,0x0883,0x0883,0x0883,0x0883,0x0883,0x0883,0x0883,0x0883,0x0883,
  0x0882,0x0882,0x0882,0x0882,0x0882,0x0882,0x0882,0x0882,0x0882,0x0882,0x0882,0x0882,0x0882,0x0882,0x0882,0x0882,
  0x0882,0x0882,0x0882,0x0882,0x0882,0x0882,0x0882,0x0882,0x0882,0x0882,0x0882,0x0882,0x0882,0x0882,0x0882,0x0882,
  0x0882,0x0882,0x0882,0x0882,0x0882,0x0882,0x0882,0x0882,0x0882,0x0882,0x0882,0x0882,0x0882,0x1146,0x08C3,0x0882,
  0x0082,0x19A7,0x08C3,0x0041,0x0041,0x0041,0x0041,0x2209,0x08A3,0x08A3,0x08A3,0x08A3,0x08A3,0x08A3,0x08A3,0x08A3,
  0x08A3,0x08A3,0x08A3,0x08A3,0x08A3,0x08A3,0x08A3,0x08A3,0x08A3,0x08A3,0x08A3,0x08A3,0x08A3,0x08A3,0x08A3,0x08A3,
  0x08A3,0x08A3,0x08A3,0x08A3,0x08A3,0x08A3,0x08A3,0x08A3,0x08A3,0x08A3,0x08A3,0x08A3,0x08A3,0x08A3,0x08A3,0x08A3,
  0x08A3,0x08A3,0x08A3,0x08A3,0x08A3,0x08A3,0x08A3,0x08A3,0x08A3,0x08A3,0x08A3,0x08A3,0x08A3,0x08A3,0x08A3,0x08A3,
  0x08A3,0x08A3,0x08A3,0x08A3,0x08A3,0x08A3,0x08A3,0x08A3,0x08A3,0x08A3,0x08A3,0x08A3,0x08A3,0x08A3,0x08A3,0x08A3,
  0x08A3,0x08A3,0x08A3,0x08A3,0x0883,0x0883,0x0883,0x0883,0x0883,0x0883,0x0883,0x0883,0x0883,0x0883,0x0883,0x0883,
  0x0883,0x0883,0x0883,0x0883,0x0883,0x0883,0x0883,0x0883,0x0883,0x0883,0x0883,0x0883,0x0883,0x0883,0x0883,0x0883,
  0x0883,0x0883,0x0883,0x0883,0x0883,0x0883,0x0883,0x0883,0x0883,0x0883,0x0883,0x0883,0x0883,0x0883,0x0883,0x0883,
  0x0883,0x0883,0x0883,0x0883,0x0883,0x0883,0x0883,0x0883,0x0883,0x0883,0x0882,0x0882,0x0882,0x0882,0x0882,0x0882,
  0x0882,0x0882,0x0882,0x0882,0x0882,0x0882,0x0882,0x0882,0x0882,0x0882,0x0882,0x0882,0x0882,0x0882,0x0882,0x0882,
  0x0882,0x0882,0x0882,0x0882,0x0882,0x0882,0x19A7,0x08C3,0x0041,0x0041,0x0041,0x0041,0x0041,0x0041,0x0041,0x0041,
  0x0041,0x0041,0x0041,0x0041,0x0041,0x0041,0x0041,0x0041,0x0041,0x2209,0x08A3,0x08A3,0x08A3,0x1987,0x08A3,0x08A3,
  0x08A3,0x08A3,0x08A3,0x08A3,0x08A3,0x08A3,0x08A3,0x08A3,0x08A3,0x08A3,0x08A3,0x08A3,0x08A3,0x08A3,0x08A3,0x08A3,
  0x08A3,0x08A3,0x08A3,0x08A3,0x08A3,0x08A3,0x08A3,0x08A3,0x08A3,0x08A3,0x08A3,0x08A3,0x08A3,0x08A3,0x08A3,0x08A3,
  0x08A3,0x08A3,0x08A3,0x08A3,0x0883,0x0883,0x0883,0x0883,0x0883,0x0883,0x0883,0x0883,0x0883,0x0883,0x0883,0x0883,
  0x0883,0x0883,0x0883,0x0883,0x0883,0x0883,0x0883,0x0883,0x0883,0x0883,0x0883,0x0883,0x0883,0x0883,0x0883,0x0883,
  0x0883,0x0883,0x0883,0x0883,0x0883,0x0883,0x0883,0x0883,0x0883,0x0883,0x0883,0x0883,0x0883,0x0883,0x0883,0x0882,
  0x0882,0x0882,0x0882,0x0882,0x0882,0x0882,0x0882,0x0882,0x0882,0x0882,0x0882,0x0882,0x0882,0x0882,0x0882,0x0882,
  0x0882,0x0882,0x0882,0x0882,0x0882,0x0882,0x0882,0x0882,0x0882,0x0882,0x0882,0x0882,0x0882,0x0882,0x0882,0x0882,
  0x0882,0x0882,0x0882,0x0882,0x0882,0x0882,0x0882,0x0882,0x0882,0x0882,0x0882,0x0882,0x0882,0x1146,0x08C3,0x0882,
  0x0082,0x19A7,0x08C3,0x0041,0x0041,0x0041,0x0041,0x2209,0x08A3,0x08A3,0x08A3,0x08A3,0x08A3,0x08A3,0x08A3,0x08A3,
  0x08A3,0x08A3,0x08A3,0x08A3,0x08A3,0x08A3,0x08A3,0x08A3,0x08A3,0x08A3,0x08A3,0x08A3,0x08A3,0x08A3,0x08A3,0x08A3,
  0x08A3,0x08A3,0x08A3,0x08A3,0x08A3,0x08A3,0x08A3,0x08A3,0x08A3,0x08A3,0x08A3,0x08A3,0x08A3,0x08A3,0x08A3,0x08A3,
  0x08A3,0x08A3,0x08A3,0x08A3,0x08A3,0x08A3,0x08A3,0x08A3,0x08A3,0x08A3,0x08A3,0x08A3,0x08A3,0x08A3,0x08A3,0x08A3,
  0x08A3,0x08A3,0x08A3,0x08A3,0x08A3,0x08A3,0x08A3,0x08A3,0x08A3,0x08A3,0x08A3,0x08A3,0x08A3,0x08A3,0x08A3,0x08A3,
  0x08A3,0x08A3,0x0883,0x0883,0x0883,0x0883,0x0883,0x0883,0x0883,0x0883,0x0883,0x0883,0x0883,0x0883,0x0883,0x0883,
  0x0883,0x0883,0x0883,0x0883,0x0883,0x0883,0x0883,0x0883,0x0883,0x0883,0x0883,0x0883,0x0883,0x0883,0x0883,0x0883,
  0x0883,0x0883,0x0883,0x0883,0x0883,0x0883,0x0883,0x0883,0x0883,0x0883,0x0883,0x0883,0x0883,0x0883,0x0883,0x0883,
  0x0883,0x0883,0x0883,0x0883,0x0883,0x0883,0x0883,0x0883,0x0882,0x0882,0x0882,0x0882,0x0882,0x0882,0x0882,0x0882,
  0x0882,0x0882,0x0882,0x0882,0x0882,0x0882,0x0882,0x0882,0x0882,0x0882,0x0882,0x0882,0x0882,0x0882,0x0882,0x0882,
  0x0882,0x0882,0x0882,0x0882,0x0882,0x0882,0x19A7,0x08C3,0x0041,0x0041,0x0041,0x0041,0x0041,0x0041,0x0041,0x0041,
  0x0041,0x0041,0x0041,0x0041,0x0041,0x0041,0x0041,0x0041,0x0041,0x2209,0x08A3,0x08A3,0x08A3,0x1987,0x08A3,0x08A3,
  0x08A3,0x08A3,0x08A3,0x08A3,0x08A3,0x08A3,0x08A3,0x08A3,0x08A3,0x08A3,0x08A3,0x08A3,0x08A3,0x08A3,0x08A3,0x08A3,
  0x08A3,0x08A3,0x08A3,0x08A3,0x08A3,0x08A3,0x08A3,0x08A3,0x08A3,0x08A3,0x08A3,0x08A3,0x08A3,0x08A3,0x08A3,0x08A3,
  0x08A3,0x08A3,0x08A3,0x0883,0x0883,0x0883,0x0883,0x0883,0x0883,0x0883,0x0883,0x0883,0x0883,0x0883,0x0883,0x0883,
  0x0883,0x0883,0x0883,0x0883,0x0883,0x0883,0x0883,0x0883,0x0883,0x0883,0x0883,0x0883,0x0883,0x0883,0x0883,0x0883,
  0x0883,0x0883,0x0883,0x0883,0x0883,0x0883,0x0883,0x0883,0x0883,0x0883,0x0883,0x0883,0x0883,0x0883,0x0882,0x0882,
  0x0882,0x0882,0x0882,0x0882,0x0882,0x0882,0x0882,0x0882,0x0882,0x0882,0x0882,0x0882,0x0882,0x0882,0x0882,0x0882,
  0x0882,0x0882,0x0882,0x0882,0x0882,0x0882,0x0882,0x0882,0x0882,0x0882,0x0882,0x0882,0x0882,0x0882,0x0882,0x0882,
  0x0882,0x0882,0x0882,0x0882,0x0882,0x0882,0x0882,0x0882,0x0882,0x0882,0x0882,0x0882,0x0882,0x1146,0x08C3,0x0082,
  0x0082,0x19A7,0x08C3,0x0041,0x0041,0x0041,0x0041,0x2209,0x08A3,0x08A3,0x08A3,0x08A3,0x08A3,0x08A3,0x08A3,0x08A3,
  0x08A3,0x08A3,0x08A3,0x08A3,0x08A3,0x08A3,0x08A3,0x08A3,0x08A3,0x08A3,0x08A3,0x08A3,0x08A3,0x08A3,0x08A3,0x08A3,
  0x08A3,0x08A3,0x08A3,0x08A3,0x08A3,0x08A3,0x08A3,0x08A3,0x08A3,0x08A3,0x08A3,0x08A3,0x08A3,0x08A3,0x08A3,0x08A3,
  0x08A3,0x08A3,0x08A3,0x08A3,0x08A3,0x08A3,0x08A3,0x08A3,0x08A3,0x08A3,0x08A3,0x08A3,0x08A3,0x08A3,0x08A3,0x08A3,
  0x08A3,0x08A3,0x08A3,0x08A3,0x08A3,0x08A3,0x08A3,0x08A3,0x08A3,0x08A3,0x08A3,0x08A3,0x08A3,0x08A3,0x08A3,0x08A3,
  0x0883,0x0883,0x0883,0x0883,0x0883,0x0883,0x0883,0x0883,0x0883,0x0883,0x0883,0x0883,0x0883,0x0883,0x0883,0x0883,
  0x0883,0x0883,0x0883,0x0883,0x0883,0x0883,0x0883,0x0883,0x0883,0x0883,0x0883,0x0883,0x0883,0x0883,0x0883,0x0883,
  0x0883,0x0883,0x0883,0x0883,0x0883,0x0883,0x0883,0x0883,0x0883,0x0883,0x0883,0x0883,0x0883,0x0883,0x0883,0x0883,
  0x0883,0x0883,0x0883,0x0883,0x0883,0x0883,0x0882,0x0882,0x0882,0x0882,0x0882,0x0882,0x0882,0x0882,0x0882,0x0882,
  0x0882,0x0882,0x0882,0x0882,0x0882,0x0882,0x0882,0x0882,0x0882,0x0882,0x0882,0x0882,0x0882,0x0882,0x0882,0x0882,
  0x0882,0x0882,0x0882,0x0882,0x0882,0x0882,0x19A7,0x08C3,0x0041,0x0041,0x0041,0x0041,0x0041,0x0041,0x0041,0x0041,
  0x0041,0x0041,0x0041,0x0041,0x0041,0x0041,0x0041,0x0041,0x0041,0x2209,0x08A3,0x08A3,0x08A3,0x1987,0x08A3,0x08A3,
  0x08A3,0x08A3,0x08A3,0x08A3,0x08A3,0x08A3,0x08A3,0x08A3,0x08A3,0x08A3,0x08A3,0x08A3,0x08A3,0x08A3,0x08A3,0x08A3,
  0x08A3,0x08A3,0x08A3,0x08A3,0x08A3,0x08A3,0x08A3,0x08A3,0x08A3,0x08A3,0x08A3,0x08A3,0x08A3,0x08A3,0x08A3,0x08A3,
  0x08A3,0x08A3,0x08A3,0x0883,0x0883,0x0883,0x0883,0x0883,0x0883,0x0883,0x0883,0x0883,0x0883,0x0883,0x0883,0x0883,
  0x0883,0x0883,0x0883,0x0883,0x0883,0x0883,0x0883,0x0883,0x0883,0x0883,0x0883,0x0883,0x0883,0x0883,0x0883,0x0883,
  0x0883,0x0883,0x0883,0x0883,0x0883,0x0883,0x0883,0x0883,0x0883,0x0883,0x0883,0x0883,0x0883,0x0882,0x0882,0x0882,
  0x0882,0x0882,0x0882,0x0882,0x0882,0x0882,0x0882,0x0882,0x0882,0x0882,0x0882,0x0882,0x0882,0x0882,0x0882,0x0882,
  0x0882,0x0882,0x0882,0x0882,0x0882,0x0882,0x0882,0x0882,0x0882,0x0882,0x0882,0x0882,0x0882,0x0882,0x0882,0x0882,
  0x0882,0x0882,0x0882,0x0882,0x0882,0x0882,0x0882,0x0882,0x0882,0x0882,0x0882,0x0882,0x0882,0x1146,0x08C3,0x0082,
  0x0082,0x19A7,0x08C3,0x0041,0x0041,0x0041,0x0041,0x2209,0x08A3,0x08A3,0x08A3,0x08A3,0x08A3,0x08A3,0x08A3,0x08A3,
  0x08A3,0x08A3,0x08A3,0x08A3,0x08A3,0x08A3,0x08A3,0x08A3,0x08A3,0x08A3,0x08A3,0x08A3,0x08A3,0x08A3,0x08A3,0x08A3,
  0x08A3,0x08A3,0x08A3,0x08A3,0x08A3,0x08A3,0x08A3,0x08A3,0x08A3,0x08A3,0x08A3,0x08A3,0x08A3,0x08A3,0x08A3,0x08A3,
  0x08A3,0x08A3,0x08A3,0x08A3,0x08A3,0x08A3,0x08A3,0x08A3,0x08A3,0x08A3,0x08A3,0x08A3,0x08A3,0x08A3,0x08A3,0x08A3,
  0x08A3,0x08A3,0x08A3,0x08A3,0x08A3,0x08A3,0x08A3,0x08A3,0x08A3,0x08A3,0x08A3,0x08A3,0x08A3,0x08A3,0x0883,0x0883,
  0x0883,0x0883,0x0883,0x0883,0x0883,0x0883,0x0883,0x0883,0x0883,0x0883,0x0883,0x0883,0x0883,0x0883,0x0883,0x0883,
  0x0883,0x0883,0x0883,0x0883,0x0883,0x0883,0x0883,0x0883,0x0883,0x0883,0x0883,0x0883,0x0883,0x0883,0x0883,0x0883,
  0x0883,0x0883,0x0883,0x0883,0x0883,0x0883,0x0883,0x0883,0x0883,0x0883,0x0883,0x0883,0x0883,0x0883,0x0883,0x0883,
  0x0883,0x0883,0x0883,0x0883,0x0882,0x0882,0x0882,0x0882,0x0882,0x0882,0x0882,0x0882,0x0882,0x0882,0x0882,0x0882,
  0x0882,0x0882,0x0882,0x0882,0x0882,0x0882,0x0882,0x0882,0x0882,0x0882,0x0882,0x0882,0x0882,0x0882,0x0882,0x0882,
  0x0882,0x0882,0x0882,0x0882,0x0882,0x0882,0x19A7,0x08C3,0x0041,0x0041,0x0041,0x0041,0x0041,0x0041,0x0041,0x0041,
  0x0041,0x0041,0x0041,0x0041,0x0041,0x0041,0x0041,0x0041,0x0041,0x2209,0x08A3,0x08A3,0x08A3,0x1987,0x08A3,0x08A3,
  0x08A3,0x08A3,0x08A3,0x08A3,0x08A3,0x08A3,0x08A3,0x08A3,0x08A3,0x08A3,0x08A3,0x08A3,0x08A3,0x08A3,0x08A3,0x08A3,
  0x08A3,0x08A3,0x08A3,0x08A3,0x08A3,0x08A3,0x08A3,0x08A3,0x08A3,0x08A3,0x08A3,0x08A3,0x08A3,0x08A3,0x08A3,0x08A3,
  0x08A3,0x08A3,0x0883,0x0883,0x0883,0x0883,0x0883,0x0883,0x0883,0x0883,0x0883,0x0883,0x0883,0x0883,0x0883,0x0883,
  0x0883,0x0883,0x0883,0x0883,0x0883,0x0883,0x0883,0x0883,0x0883,0x0883,0x0883,0x0883,0x0883,0x0883,0x0883,0x0883,
  0x0883,0x0883,0x0883,0x0883,0x0883,0x0883,0x0883,0x0883,0x0883,0x0883,0x0883,0x0883,0x0883,0x0882,0x0882,0x0882,
  0x0882,0x0882,0x0882,0x0882,0x0882,0x0882,0x0882,0x0882,0x0882,0x0882,0x0882,0x0882,0x0882,0x0882,0x0882,0x0882,
  0x0882,0x0882,0x0882,0x0882,0x0882,0x0882,0x0882,0x0882,0x0882,0x0882,0x0882,0x0882,0x0882,0x0882,0x0882,0x0882,
  0x0882,0x0882,0x0882,0x0882,0x0882,0x0882,0x0882,0x0882,0x0882,0x0882,0x0882,0x0882,0x0882,0x1146,0x08C3,0x0082,
  0x0082,0x19A7,0x08C3,0x0041,0x0041,0x0041,0x0041,0x2209,0x08A3,0x08A3,0x08A3,0x08A3,0x08A3,0x08A3,0x08A3,0x08A3,
  0x08A3,0x08A3,0x08A3,0x08A3,0x08A3,0x08A3,0x08A3,0x08A3,0x08A3,0x08A3,0x08A3,0x08A3,0x08A3,0x08A3,0x08A3,0x08A3,
  0x08A3,0x08A3,0x08A3,0x08A3,0x08A3,0x08A3,0x08A3,0x08A3,0x08A3,0x08A3,0x08A3,0x08A3,0x08A3,0x08A3,0x08A3,0x08A3,
  0x08A3,0x08A3,0x08A3,0x08A3,0x08A3,0x08A3,0x08A3,0x08A3,0x08A3,0x08A3,0x08A3,0x08A3,0x08A3,0x08A3,0x08A3,0x08A3,
  0x08A3,0x08A3,0x08A3,0x08A3,0x08A3,0x08A3,0x08A3,0x08A3,0x08A3,0x08A3,0x08A3,0x08A3,0x0883,0x0883,0x0883,0x0883,
  0x0883,0x0883,0x0883,0x0883,0x0883,0x0883,0x0883,0x0883,0x0883,0x0883,0x0883,0x0883,0x0883,0x0883,0x0883,0x0883,
  0x0883,0x0883,0x0883,0x0883,0x0883,0x0883,0x0883,0x0883,0x0883,0x0883,0x0883,0x0883,0x0883,0x0883,0x0883,0x0883,
  0x0883,0x0883,0x0883,0x0883,0x0883,0x0883,0x0883,0x0883,0x0883,0x0883,0x0883,0x0883,0x0883,0x0883,0x0883,0x0883,
  0x0883,0x0883,0x0882,0x0882,0x0882,0x0882,0x0882,0x0882,0x0882,0x0882,0x0882,0x0882,0x0882,0x0882,0x0882,0x0882,
  0x0882,0x0882,0x0882,0x0882,0x0882,0x0882,0x0882,0x0882,0x0882,0x0882,0x0882,0x0882,0x0882,0x0882,0x0882,0x0882,
  0x0882,0x0882,0x0882,0x0882,0x0882,0x0882,0x19A7,0x08C3,0x0041,0x0041,0x0041,0x0041,0x0041,0x0041,0x0041,0x0041,
  0x0041,0x0041,0x0041,0x0041,0x0041,0x0041,0x0041,0x0041,0x0041,0x2209,0x08A3,0x08A3,0x08A3,0x1987,0x08A3,0x08A3,
  0x08A3,0x08A3,0x08A3,0x08A3,0x08A3,0x08A3,0x08A3,0x08A3,0x08A3,0x08A3,0x08A3,0x08A3,0x08A3,0x08A3,0x08A3,0x08A3,
  0x08A3,0x08A3,0x08A3,0x08A3,0x08A3,0x08A3,0x08A3,0x08A3,0x08A3,0x08A3,0x08A3,0x08A3,0x08A3,0x08A3,0x08A3,0x08A3,
  0x08A3,0x0883,0x0883,0x0883,0x0883,0x0883,0x0883,0x0883,0x0883,0x0883,0x0883,0x0883,0x0883,0x0883,0x0883,0x0883,
  0x0883,0x0883,0x0883,0x0883,0x0883,0x0883,0x0883,0x0883,0x0883,0x0883,0x0883,0x0883,0x0883,0x0883,0x0883,0x0883,
  0x0883,0x0883,0x0883,0x0883,0x0883,0x0883,0x0883,0x0883,0x0883,0x0883,0x0883,0x0883,0x0882,0x0882,0x0882,0x0882,
  0x0882,0x0882,0x0882,0x0882,0x0882,0x0882,0x0882,0x0882,0x0882,0x0882,0x0882,0x0882,0x0882,0x0882,0x0882,0x0882,
  0x0882,0x0882,0x0882,0x0882,0x0882,0x0882,0x0882,0x0882,0x0882,0x0882,0x0882,0x0882,0x0882,0x0882,0x0882,0x0882,
  0x0882,0x0882,0x0882,0x0882,0x0882,0x0882,0x0882,0x0882,0x0882,0x0882,0x0882,0x0882,0x0082,0x1146,0x08C3,0x0082,
  0x0082,0x19A7,0x08C3,0x0041,0x0041,0x0041,0x0041,0x2209,0x08A3,0x08A3,0x08A3,0x08A3,0x08A3,0x08A3,0x08A3,0x08A3,
  0x08A3,0x08A3,0x08A3,0x08A3,0x08A3,0x08A3,0x08A3,0x08A3,0x08A3,0x08A3,0x08A3,0x08A3,0x08A3,0x08A3,0x08A3,0x08A3,
  0x08A3,0x08A3,0x08A3,0x08A3,0x08A3,0x08A3,0x08A3,0x08A3,0x08A3,0x08A3,0x08A3,0x08A3,0x08A3,0x08A3,0x08A3,0x08A3,
  0x08A3,0x08A3,0x08A3,0x08A3,0x08A3,0x08A3,0x08A3,0x08A3,0x08A3,0x08A3,0x08A3,0x08A3,0x08A3,0x08A3,0x08A3,0x08A3,
  0x08A3,0x08A3,0x08A3,0x08A3,0x08A3,0x08A3,0x08A3,0x08A3,0x08A3,0x08A3,0x0883,0x0883,0x0883,0x0883,0x0883,0x0883,
  0x0883,0x0883,0x0883,0x0883,0x0883,0x0883,0x0883,0x0883,0x0883,0x0883,0x0883,0x0883,0x0883,0x0883,0x0883,0x0883,
  0x0883,0x0883,0x0883,0x0883,0x0883,0x0883,0x0883,0x0883,0x0883,0x0883,0x0883,0x0883,0x0883,0x0883,0x0883,0x0883,
  0x0883,0x0883,0x0883,0x0883,0x0883,0x0883,0x0883,0x0883,0x0883,0x0883,0x0883,0x0883,0x0883,0x0883,0x0883,0x0883,
  0x0882,0x0882,0x0882,0x0882,0x0882,0x0882,0x0882,0x0882,0x0882,0x0882,0x0882,0x0882,0x0882,0x0882,0x0882,0x0882,
  0x0882,0x0882,0x0882,0x0882,0x0882,0x0882,0x0882,0x0882,0x0882,0x0882,0x0882,0x0882,0x0882,0x0882,0x0882,0x0882,
  0x0882,0x0882,0x0882,0x0882,0x0882,0x0882,0x19A7,0x08C3,0x0041,0x0041,0x0041,0x0041,0x0041,0x0041,0x0041,0x0041,
  0x0041,0x0041,0x0041,0x0041,0x0041,0x0041,0x0041,0x0041,0x0041,0x2209,0x08A3,0x08A3,0x08A3,0x1987,0x08A3,0x08A3,
  0x08A3,0x08A3,0x08A3,0x08A3,0x08A3,0x08A3,0x08A3,0x08A3,0x08A3,0x08A3,0x08A3,0x08A3,0x08A3,0x08A3,0x08A3,0x08A3,
  0x08A3,0x08A3,0x08A3,0x08A3,0x08A3,0x08A3,0x08A3,0x08A3,0x08A3,0x08A3,0x08A3,0x08A3,0x08A3,0x08A3,0x08A3,0x08A3,
  0x0883,0x0883,0x0883,0x0883,0x0883,0x0883,0x0883,0x0883,0x0883,0x0883,0x0883,0x0883,0x0883,0x0883,0x0883,0x0883,
  0x0883,0x0883,0x0883,0x0883,0x0883,0x0883,0x0883,0x0883,0x0883,0x0883,0x0883,0x0883,0x0883,0x0883,0x0883,0x0883,
  0x0883,0x0883,0x0883,0x0883,0x0883,0x0883,0x0883,0x0883,0x0883,0x0883,0x0883,0x0882,0x0882,0x0882,0x0882,0x0882,
  0x0882,0x0882,0x0882,0x0882,0x0882,0x0882,0x0882,0x0882,0x0882,0x0882,0x0882,0x0882,0x0882,0x0882,0x0882,0x0882,
  0x0882,0x0882,0x0882,0x0882,0x0882,0x0882,0x0882,0x0882,0x0882,0x0882,0x0882,0x0882,0x0882,0x0882,0x0882,0x0882,
  0x0882,0x0882,0x0882,0x0882,0x0882,0x0882,0x0882,0x0882,0x0882,0x0882,0x0882,0x0082,0x0082,0x1146,0x08C3,0x0082,
  0x0082,0x19A7,0x08C3,0x0041,0x0041,0x0041,0x0041,0x2209,0x08A3,0x08A3,0x08A3,0x08A3,0x08A3,0x08A3,0x08A3,0x08A3,
  0x08A3,0x08A3,0x08A3,0x08A3,0x08A3,0x08A3,0x08A3,0x08A3,0x08A3,0x08A3,0x08A3,0x08A3,0x08A3,0x08A3,0x08A3,0x08A3,
  0x08A3,0x08A3,0x08A3,0x08A3,0x08A3,0x08A3,0x08A3,0x08A3,0x08A3,0x08A3,0x08A3,0x08A3,0x08A3,0x08A3,0x08A3,0x08A3,
  0x08A3,0x08A3,0x08A3,0x08A3,0x08A3,0x08A3,0x08A3,0x08A3,0x08A3,0x08A3,0x08A3,0x08A3,0x08A3,0x08A3,0x08A3,0x08A3,
  0x08A3,0x08A3,0x08A3,0x08A3,0x08A3,0x08A3,0x08A3,0x08A3,0x0883,0x0883,0x0883,0x0883,0x0883,0x0883,0x0883,0x0883,
  0x0883,0x0883,0x0883,0x0883,0x0883,0x0883,0x0883,0x0883,0x0883,0x0883,0x0883,0x0883,0x0883,0x0883,0x0883,0x0883,
  0x0883,0x0883,0x0883,0x0883,0x0883,0x0883,0x0883,0x0883,0x0883,0x0883,0x0883,0x0883,0x0883,0x0883,0x0883,0x0883,
  0x0883,0x0883,0x0883,0x0883,0x0883,0x0883,0x0883,0x0883,0x0883,0x0883,0x0883,0x0883,0x0883,0x0883,0x0882,0x0882,
  0x0882,0x0882,0x0882,0x0882,0x0882,0x0882,0x0882,0x0882,0x0882,0x0882,0x0882,0x0882,0x0882,0x0882,0x0882,0x0882,
  0x0882,0x0882,0x0882,0x0882,0x0882,0x0882,0x0882,0x0882,0x0882,0x0882,0x0882,0x0882,0x0882,0x0882,0x0882,0x0882,
  0x0882,0x0882,0x0882,0x0882,0x0882,0x0882,0x19A7,0x08C3,0x0041,0x0041,0x0041,0x0041,0x0041,0x0041,0x0041,0x0041,
  0x0041,0x0041,0x0041,0x0041,0x0041,0x0041,0x0041,0x0041,0x0041,0x2209,0x08A3,0x08A3,0x08A3,0x1987,0x08A3,0x08A3,
  0x08A3,0x08A3,0x08A3,0x08A3,0x08A3,0x08A3,0x08A3,0x08A3,0x08A3,0x08A3,0x08A3,0x08A3,0x08A3,0x08A3,0x08A3,0x08A3,
  0x08A3,0x08A3,0x08A3,0x08A3,0x08A3,0x08A3,0x08A3,0x08A3,0x08A3,0x08A3,0x08A3,0x08A3,0x08A3,0x08A3,0x08A3,0x0883,
  0x0883,0x0883,0x0883,0x0883,0x0883,0x0883,0x0883,0x0883,0x0883,0x0883,0x0883,0x0883,0x0883,0x0883,0x0883,0x0883,
  0x0883,0x0883,0x0883,0x0883,0x0883,0x0883,0x0883,0x0883,0x0883,0x0883,0x0883,0x0883,0x0883,0x0883,0x0883,0x0883,
  0x0883,0x0883,0x0883,0x0883,0x0883,0x0883,0x0883,0x0883,0x0883,0x0883,0x0882,0x0882,0x0882,0x0882,0x0882,0x0882,
  0x0882,0x0882,0x0882,0x0882,0x0882,0x0882,0x0882,0x0882,0x0882,0x0882,0x0882,0x0882,0x0882,0x0882,0x0882,0x0882,
  0x0882,0x0882,0x0882,0x0882,0x0882,0x0882,0x0882,0x0882,0x0882,0x0882,0x0882,0x0882,0x0882,0x0882,0x0882,0x0882,
  0x0882,0x0882,0x0882,0x0882,0x0882,0x0882,0x0882,0x0882,0x0882,0x0882,0x0882,0x0082,0x0082,0x1146,0x08C3,0x0082,
  0x0082,0x19A7,0x08C3,0x0041,0x0041,0x0041,0x0041,0x2209,0x08A3,0x08A3,0x08A3,0x08A3,0x08A3,0x08A3,0x08A3,0x08A3,
  0x08A3,0x08A3,0x08A3,0x08A3,0x08A3,0x08A3,0x08A3,0x08A3,0x08A3,0x08A3,0x08A3,0x08A3,0x08A3,0x08A3,0x08A3,0x08A3,
  0x08A3,0x08A3,0x08A3,0x08A3,0x08A3,0x08A3,0x08A3,0x08A3,0x08A3,0x08A3,0x08A3,0x08A3,0x08A3,0x08A3,0x08A3,0x08A3,
  0x08A3,0x08A3,0x08A3,0x08A3,0x08A3,0x08A3,0x08A3,0x08A3,0x08A3,0x08A3,0x08A3,0x08A3,0x08A3,0x08A3,0x08A3,0x08A3,
  0x08A3,0x08A3,0x08A3,0x08A3,0x08A3,0x08A3,0x0883,0x0883,0x0883,0x0883,0x0883,0x0883,0x0883,0x0883,0x0883,0x0883,
  0x0883,0x0883,0x0883,0x0883,0x0883,0x0883,0x0883,0x0883,0x0883,0x0883,0x0883,0x0883,0x0883,0x0883,0x0883,0x0883,
  0x0883,0x0883,0x0883,0x0883,0x0883,0x0883,0x0883,0x0883,0x0883,0x0883,0x0883,0x0883,0x0883,0x0883,0x0883,0x0883,
  0x0883,0x0883,0x0883,0x0883,0x0883,0x0883,0x0883,0x0883,0x0883,0x0883,0x0883,0x0883,0x0882,0x0882,0x0882,0x0882,
  0x0882,0x0882,0x0882,0x0882,0x0882,0x0882,0x0882,0x0882,0x0882,0x0882,0x0882,0x0882,0x0882,0x0882,0x0882,0x0882,
  0x0882,0x0882,0x0882,0x0882,0x0882,0x0882,0x0882,0x0882,0x0882,0x0882,0x0882,0x0882,0x0882,0x0882,0x0882,0x0882,
  0x0882,0x0882,0x0882,0x0882,0x0882,0x0882,0x19A7,0x08C3,0x0041,0x0041,0x0041,0x0041,0x0041,0x0041,0x0041,0x0041,
  0x0041,0x0041,0x0041,0x0041,0x0041,0x0041,0x0041,0x0041,0x0041,0x2209,0x08A3,0x08A3,0x08A3,0x1987,0x08A3,0x08A3,
  0x08A3,0x08A3,0x08A3,0x08A3,0x08A3,0x08A3,0x08A3,0x08A3,0x08A3,0x08A3,0x08A3,0x08A3,0x08A3,0x08A3,0x08A3,0x08A3,
  0x08A3,0x08A3,0x08A3,0x08A3,0x08A3,0x08A3,0x08A3,0x08A3,0x08A3,0x08A3,0x08A3,0x08A3,0x08A3,0x08A3,0x0883,0x0883,
  0x0883,0x0883,0x0883,0x0883,0x0883,0x0883,0x0883,0x0883,0x0883,0x0883,0x0883,0x0883,0x0883,0x0883,0x0883,0x0883,
  0x0883,0x0883,0x0883,0x0883,0x0883,0x0883,0x0883,0x0883,0x0883,0x0883,0x0883,0x0883,0x0883,0x0883,0x0883,0x0883,
  0x0883,0x0883,0x0883,0x0883,0x0883,0x0883,0x0883,0x0883,0x0883,0x0882,0x0882,0x0882,0x0882,0x0882,0x0882,0x0882,
  0x0882,0x0882,0x0882,0x0882,0x0882,0x0882,0x0882,0x0882,0x0882,0x0882,0x0882,0x0882,0x0882,0x0882,0x0882,0x0882,
  0x0882,0x0882,0x0882,0x0882,0x0882,0x0882,0x0882,0x0882,0x0882,0x0882,0x0882,0x0882,0x0882,0x0882,0x0882,0x0882,
  0x0882,0x0882,0x0882,0x0882,0x0882,0x0882,0x0882,0x0882,0x0882,0x0882,0x0082,0x0082,0x0082,0x1146,0x08C3,0x0082,
  0x0082,0x19A7,0x08C3,0x0041,0x0041,0x0041,0x0041,0x2209,0x08A3,0x08A3,0x08A3,0x08A3,0x08A3,0x08A3,0x08A3,0x08A3,
  0x08A3,0x08A3,0x08A3,0x08A3,0x08A3,0x08A3,0x08A3,0x08A3,0x08A3,0x08A3,0x08A3,0x08A3,0x08A3,0x08A3,0x08A3,0x08A3,
  0x08A3,0x08A3,0x08A3,0x08A3,0x08A3,0x08A3,0x08A3,0x08A3,0x08A3,0x08A3,0x08A3,0x08A3,0x08A3,0x08A3,0x08A3,0x08A3,
  0x08A3,0x08A3,0x08A3,0x08A3,0x08A3,0x08A3,0x08A3,0x08A3,0x08A3,0x08A3,0x08A3,0x08A3,0x08A3,0x08A3,0x08A3,0x08A3,
  0x08A3,0x08A3,0x08A3,0x08A3,0x0883,0x0883,0x0883,0x0883,0x0883,0x0883,0x0883,0x0883,0x0883,0x0883,0x0883,0x0883,
  0x0883,0x0883,0x0883,0x0883,0x0883,0x0883,0x0883,0x0883,0x0883,0x0883,0x0883,0x0883,0x0883,0x0883,0x0883,0x0883,
  0x0883,0x0883,0x0883,0x0883,0x0883,0x0883,0x0883,0x0883,0x0883,0x0883,0x0883,0x0883,0x0883,0x0883,0x0883,0x0883,
  0x0883,0x0883,0x0883,0x0883,0x0883,0x0883,0x0883,0x0883,0x0883,0x0883,0x0882,0x0882,0x0882,0x0882,0x0882,0x0882,
  0x0882,0x0882,0x0882,0x0882,0x0882,0x0882,0x0882,0x0882,0x0882,0x0882,0x0882,0x0882,0x0882,0x0882,0x0882,0x0882,
  0x0882,0x0882,0x0882,0x0882,0x0882,0x0882,0x0882,0x0882,0x0882,0x0882,0x0882,0x0882,0x0882,0x0882,0x0882,0x0882,
  0x0882,0x0882,0x0882,0x0882,0x0882,0x0882,0x19A7,0x08C3,0x0041,0x0041,0x0041,0x0041,0x0041,0x0041,0x0041,0x0041,
  0x0041,0x0041,0x0041,0x0041,0x0041,0x0041,0x0041,0x0041,0x0041,0x2209,0x08A3,0x08A3,0x08A3,0x1987,0x08A3,0x08A3,
  0x08A3,0x08A3,0x08A3,0x08A3,0x08A3,0x08A3,0x08A3,0x08A3,0x08A3,0x08A3,0x08A3,0x08A3,0x08A3,0x08A3,0x08A3,0x08A3,
  0x08A3,0x08A3,0x08A3,0x08A3,0x08A3,0x08A3,0x08A3,0x08A3,0x08A3,0x08A3,0x08A3,0x08A3,0x08A3,0x08A3,0x0883,0x0883,
  0x0883,0x0883,0x0883,0x0883,0x0883,0x0883,0x0883,0x0883,0x0883,0x0883,0x0883,0x0883,0x0883,0x0883,0x0883,0x0883,
  0x0883,0x0883,0x0883,0x0883,0x0883,0x0883,0x0883,0x0883,0x0883,0x0883,0x0883,0x0883,0x0883,0x0883,0x0883,0x0883,
  0x0883,0x0883,0x0883,0x0883,0x0883,0x0883,0x0883,0x0883,0x0882,0x0882,0x0882,0x0882,0x0882,0x0882,0x0882,0x0882,
  0x0882,0x0882,0x0882,0x0882,0x0882,0x0882,0x0882,0x0882,0x0882,0x0882,0x0882,0x0882,0x0882,0x0882,0x0882,0x0882,
  0x0882,0x0882,0x0882,0x0882,0x0882,0x0882,0x0882,0x0882,0x0882,0x0882,0x0882,0x0882,0x0882,0x0882,0x0882,0x0882,
  0x0882,0x0882,0x0882,0x0882,0x0882,0x0882,0x0882,0x0882,0x0882,0x0082,0x0082,0x0082,0x0082,0x1146,0x08C3,0x0082,
  0x0082,0x19A7,0x08C3,0x0041,0x0041,0x0041,0x0041,0x2209,0x08A3,0x08A3,0x08A3,0x08A3,0x08A3,0x08A3,0x08A3,0x08A3,
  0x08A3,0x08A3,0x08A3,0x08A3,0x08A3,0x08A3,0x08A3,0x08A3,0x08A3,0x08A3,0x08A3,0x08A3,0x08A3,0x08A3,0x08A3,0x08A3,
  0x08A3,0x08A3,0x08A3,0x08A3,0x08A3,0x08A3,0x08A3,0x08A3,0x08A3,0x08A3,0x08A3,0x08A3,0x08A3,0x08A3,0x08A3,0x08A3,
  0x08A3,0x08A3,0x08A3,0x08A3,0x08A3,0x08A3,0x08A3,0x08A3,0x08A3,0x08A3,0x08A3,0x08A3,0x08A3,0x08A3,0x08A3,0x08A3,
  0x08A3,0x08A3,0x0883,0x0883,0x0883,0x0883,0x0883,0x0883,0x0883,0x0883,0x0883,0x0883,0x0883,0x0883,0x0883,0x0883,
  0x0883,0x0883,0x0883,0x0883,0x0883,0x0883,0x0883,0x0883,0x0883,0x0883,0x0883,0x0883,0x0883,0x0883,0x0883,0x0883,
  0x0883,0x0883,0x0883,0x0883,0x0883,0x0883,0x0883,0x0883,0x0883,0x0883,0x0883,0x0883,0x0883,0x0883,0x0883,0x0883,
  0x0883,0x0883,0x0883,0x0883,0x0883,0x0883,0x0883,0x0883,0x0882,0x0882,0x0882,0x0882,0x0882,0x0882,0x0882,0x0882,
  0x0882,0x0882,0x0882,0x0882,0x0882,0x0882,0x0882,0x0882,0x0882,0x0882,0x0882,0x0882,0x0882,0x0882,0x0882,0x0882,
  0x0882,0x0882,0x0882,0x0882,0x0882,0x0882,0x0882,0x0882,0x0882,0x0882,0x0882,0x0882,0x0882,0x0882,0x0882,0x0882,
  0x0882,0x0882,0x0882,0x0882,0x0882,0x0882,0x19A7,0x08C3,0x0041,0x0041,0x0041,0x0041,0x0041,0x0041,0x0041,0x0041,
  0x0041,0x0041,0x0041,0x0041,0x0041,0x0041,0x0041,0x0041,0x0041,0x2209,0x08A3,0x08A3,0x08A3,0x1987,0x08A3,0x08A3,
  0x08A3,0x08A3,0x08A3,0x08A3,0x08A3,0x08A3,0x08A3,0x08A3,0x08A3,0x08A3,0x08A3,0x08A3,0x08A3,0x08A3,0x08A3,0x08A3,
  0x08A3,0x08A3,0x08A3,0x08A3,0x08A3,0x08A3,0x08A3,0x08A3,0x08A3,0x08A3,0x08A3,0x08A3,0x08A3,0x0883,0x0883,0x0883,
  0x0883,0x0883,0x0883,0x0883,0x0883,0x0883,0x0883,0x0883,0x0883,0x0883,0x0883,0x0883,0x0883,0x0883,0x0883,0x0883,
  0x0883,0x0883,0x0883,0x0883,0x0883,0x0883,0x0883,0x0883,0x0883,0x0883,0x0883,0x0883,0x0883,0x0883,0x0883,0x0883,
  0x0883,0x0883,0x0883,0x0883,0x0883,0x0883,0x0883,0x0883,0x0882,0x0882,0x0882,0x0882,0x0882,0x0882,0x0882,0x0882,
  0x0882,0x0882,0x0882,0x0882,0x0882,0x0882,0x0882,0x0882,0x0882,0x0882,0x0882,0x0882,0x0882,0x0882,0x0882,0x0882,
  0x0882,0x0882,0x0882,0x0882,0x0882,0x0882,0x0882,0x0882,0x0882,0x0882,0x0882,0x0882,0x0882,0x0882,0x0882,0x0882,
  0x0882,0x0882,0x0882,0x0882,0x0882,0x0882,0x0882,0x0882,0x0082,0x0082,0x0082,0x0082,0x0082,0x1146,0x08C3,0x0082,
  0x0082,0x19A7,0x08C3,0x0041,0x0041,0x0041,0x0041,0x2209,0x08A3,0x08A3,0x08A3,0x08A3,0x08A3,0x08A3,0x08A3,0x08A3,
  0x08A3,0x08A3,0x08A3,0x08A3,0x08A3,0x08A3,0x08A3,0x08A3,0x08A3,0x08A3,0x08A3,0x08A3,0x08A3,0x08A3,0x08A3,0x08A3,
  0x08A3,0x08A3,0x08A3,0x08A3,0x08A3,0x08A3,0x08A3,0x08A3,0x08A3,0x08A3,0x08A3,0x08A3,0x08A3,0x08A3,0x08A3,0x08A3,
  0x08A3,0x08A3,0x08A3,0x08A3,0x08A3,0x08A3,0x08A3,0x08A3,0x08A3,0x08A3,0x08A3,0x08A3,0x08A3,0x08A3,0x08A3,0x08A3,
  0x0883,0x0883,0x0883,0x0883,0x0883,0x0883,0x0883,0x0883,0x0883,0x0883,0x0883,0x0883,0x0883,0x0883,0x0883,0x0883,
  0x0883,0x0883,0x0883,0x0883,0x0883,0x0883,0x0883,0x0883,0x0883,0x0883,0x0883,0x0883,0x0883,0x0883,0x0883,0x0883,
  0x0883,0x0883,0x0883,0x0883,0x0883,0x0883,0x0883,0x0883,0x0883,0x0883,0x0883,0x0883,0x0883,0x0883,0x0883,0x0883,
  0x0883,0x0883,0x0883,0x0883,0x0883,0x0883,0x0882,0x0882,0x0882,0x0882,0x0882,0x0882,0x0882,0x0882,0x0882,0x0882,
  0x0882,0x0882,0x0882,0x0882,0x0882,0x0882,0x0882,0x0882,0x0882,0x0882,0x0882,0x0882,0x0882,0x0882,0x0882,0x0882,
  0x0882,0x0882,0x0882,0x0882,0x0882,0x0882,0x0882,0x0882,0x0882,0x0882,0x0882,0x0882,0x0882,0x0882,0x0882,0x0882,
  0x0882,0x0882,0x0882,0x0882,0x0882,0x0882,0x19A7,0x08C3,0x0041,0x0041,0x0041,0x0041,0x0041,0x0041,0x0041,0x0041,
  0x0041,0x0041,0x0041,0x0041,0x0041,0x0041,0x0041,0x0041,0x0041,0x2209,0x08A3,0x08A3,0x08A3,0x1987,0x08A3,0x08A3,
  0x08A3,0x08A3,0x08A3,0x08A3,0x08A3,0x08A3,0x08A3,0x08A3,0x08A3,0x08A3,0x08A3,0x08A3,0x08A3,0x08A3,0x08A3,0x08A3,
  0x08A3,0x08A3,0x08A3,0x08A3,0x08A3,0x08A3,0x08A3,0x08A3,0x08A3,0x08A3,0x08A3,0x08A3,0x0883,0x0883,0x0883,0x0883,
  0x0883,0x0883,0x0883,0x0883,0x0883,0x0883,0x0883,0x0883,0x0883,0x0883,0x0883,0x0883,0x0883,0x0883,0x0883,0x0883,
  0x0883,0x0883,0x0883,0x0883,0x0883,0x0883,0x0883,0x0883,0x0883,0x0883,0x0883,0x0883,0x0883,0x0883,0x0883,0x0883,
  0x0883,0x0883,0x0883,0x0883,0x0883,0x0883,0x0883,0x0882,0x0882,0x0882,0x0882,0x0882,0x0882,0x0882,0x0882,0x0882,
  0x0882,0x0882,0x0882,0x0882,0x0882,0x0882,0x0882,0x0882,0x0882,0x0882,0x0882,0x0882,0x0882,0x0882,0x0882,0x0882,
  0x0882,0x0882,0x0882,0x0882,0x0882,0x0882,0x0882,0x0882,0x0882,0x0882,0x0882,0x0882,0x0882,0x0882,0x0882,0x0882,
  0x0882,0x0882,0x0882,0x0882,0x0882,0x0882,0x0882,0x0082,0x0082,0x0082,0x0082,0x0082,0x0082,0x1146,0x08C3,0x0082,
  0x0082,0x19A7,0x08C3,0x0041,0x0041,0x0041,0x0041,0x2209,0x08A3,0x08A3,0x08A3,0x08A3,0x08A3,0x08A3,0x08A3,0x08A3,
  0x08A3,0x08A3,0x08A3,0x08A3,0x08A3,0x08A3,0x08A3,0x08A3,0x08A3,0x08A3,0x08A3,0x08A3,0x08A3,0x08A3,0x08A3,0x08A3,
  0x08A3,0x08A3,0x08A3,0x08A3,0x08A3,0x08A3,0x08A3,0x08A3,0x08A3,0x08A3,0x08A3,0x08A3,0x08A3,0x08A3,0x08A3,0x08A3,
  0x08A3,0x08A3,0x08A3,0x08A3,0x08A3,0x08A3,0x08A3,0x08A3,0x08A3,0x08A3,0x08A3,0x08A3,0x08A3,0x08A3,0x0883,0x0883,
  0x0883,0x0883,0x0883,0x0883,0x0883,0x0883,0x0883,0x0883,0x0883,0x0883,0x0883,0x0883,0x0883,0x0883,0x0883,0x0883,
  0x0883,0x0883,0x0883,0x0883,0x0883,0x0883,0x0883,0x0883,0x0883,0x0883,0x0883,0x0883,0x0883,0x0883,0x0883,0x0883,
  0x0883,0x0883,0x0883,0x0883,0x0883,0x0883,0x0883,0x0883,0x0883,0x0883,0x0883,0x0883,0x0883,0x0883,0x0883,0x0883,
  0x0883,0x0883,0x0883,0x0883,0x0882,0x0882,0x0882,0x0882,0x0882,0x0882,0x0882,0x0882,0x0882,0x0882,0x0882,0x0882,
  0x0882,0x0882,0x0882,0x0882,0x0882,0x0882,0x0882,0x0882,0x0882,0x0882,0x0882,0x0882,0x0882,0x0882,0x0882,0x0882,
  0x0882,0x0882,0x0882,0x0882,0x0882,0x0882,0x0882,0x0882,0x0882,0x0882,0x0882,0x0882,0x0882,0x0882,0x0882,0x0882,
  0x0882,0x0882,0x0882,0x0882,0x0882,0x0882,0x19A7,0x08C3,0x0041,0x0041,0x0041,0x0041,0x0041,0x0041,0x0041,0x0041,
  0x0041,0x0041,0x0041,0x0041,0x0041,0x0041,0x0041,0x0041,0x0041,0x2209,0x08A3,0x08A3,0x08A3,0x1987,0x08A3,0x08A3,
  0x08A3,0x08A3,0x08A3,0x08A3,0x08A3,0x08A3,0x08A3,0x08A3,0x08A3,0x08A3,0x08A3,0x08A3,0x08A3,0x08A3,0x08A3,0x08A3,
  0x08A3,0x08A3,0x08A3,0x08A3,0x08A3,0x08A3,0x08A3,0x08A3,0x08A3,0x08A3,0x08A3,0x0883,0x0883,0x0883,0x0883,0x0883,
  0x0883,0x0883,0x0883,0x0883,0x0883,0x0883,0x0883,0x0883,0x0883,0x0883,0x0883,0x0883,0x0883,0x0883,0x0883,0x0883,
  0x0883,0x0883,0x0883,0x0883,0x0883,0x0883,0x0883,0x0883,0x0883,0x0883,0x0883,0x0883,0x0883,0x0883,0x0883,0x0883,
  0x0883,0x0883,0x0883,0x0883,0x0883,0x0883,0x0882,0x0882,0x0882,0x0882,0x0882,0x0882,0x0882,0x0882,0x0882,0x0882,
  0x0882,0x0882,0x0882,0x0882,0x0882,0x0882,0x0882,0x0882,0x0882,0x0882,0x0882,0x0882,0x0882,0x0882,0x0882,0x0882,
  0x0882,0x0882,0x0882,0x0882,0x0882,0x0882,0x0882,0x0882,0x0882,0x0882,0x0882,0x0882,0x0882,0x0882,0x0882,0x0882,
  0x0882,0x0882,0x0882,0x0882,0x0882,0x0882,0x0082,0x0082,0x0082,0x0082,0x0082,0x0082,0x08A3,0x1167,0x08A3,0x0082,
  0x0082,0x19A7,0x08C3,0x0041,0x0041,0x0041,0x0041,0x2209,0x08A3,0x08A3,0x08A3,0x08A3,0x08A3,0x08A3,0x08A3,0x08A3,
  0x08A3,0x08A3,0x08A3,0x08A3,0x08A3,0x08A3,0x08A3,0x08A3,0x08A3,0x08A3,0x08A3,0x08A3,0x08A3,0x08A3,0x08A3,0x08A3,
  0x08A3,0x08A3,0x08A3,0x08A3,0x08A3,0x08A3,0x08A3,0x08A3,0x08A3,0x08A3,0x08A3,0x08A3,0x08A3,0x08A3,0x08A3,0x08A3,
  0x08A3,0x08A3,0x08A3,0x08A3,0x08A3,0x08A3,0x08A3,0x08A3,0x08A3,0x08A3,0x08A3,0x08A3,0x0883,0x0883,0x0883,0x0883,
  0x0883,0x0883,0x0883,0x0883,0x0883,0x0883,0x0883,0x0883,0x0883,0x0883,0x0883,0x0883,0x0883,0x0883,0x0883,0x0883,
  0x0883,0x0883,0x0883,0x0883,0x0883,0x0883,0x0883,0x0883,0x0883,0x0883,0x0883,0x0883,0x0883,0x0883,0x0883,0x0883,
  0x0883,0x0883,0x0883,0x0883,0x0883,0x0883,0x0883,0x0883,0x0883,0x0883,0x0883,0x0883,0x0883,0x0883,0x0883,0x0883,
  0x0883,0x0883,0x0882,0x0882,0x0882,0x0882,0x0882,0x0882,0x0882,0x0882,0x0882,0x0882,0x0882,0x0882,0x0882,0x0882,
  0x0882,0x0882,0x0882,0x0882,0x0882,0x0882,0x0882,0x0882,0x0882,0x0882,0x0882,0x0882,0x0882,0x0882,0x0882,0x0882,
  0x0882,0x0882,0x0882,0x0882,0x0882,0x0882,0x0882,0x0882,0x0882,0x0882,0x0882,0x0882,0x0882,0x0882,0x0882,0x0882,
  0x0882,0x0882,0x0882,0x0882,0x0882,0x0882,0x19A7,0x08C3,0x0041,0x0041,0x0041,0x0041,0x0041,0x0041,0x0041,0x0041,
  0x0041,0x0041,0x0041,0x0041,0x0041,0x0041,0x0041,0x0041,0x0041,0x2209,0x08A3,0x08A3,0x08A3,0x1987,0x08A3,0x08A3,
  0x08A3,0x08A3,0x08A3,0x08A3,0x08A3,0x08A3,0x08A3,0x08A3,0x08A3,0x08A3,0x08A3,0x08A3,0x08A3,0x08A3,0x08A3,0x08A3,
  0x08A3,0x08A3,0x08A3,0x08A3,0x08A3,0x08A3,0x08A3,0x08A3,0x08A3,0x08A3,0x0883,0x0883,0x0883,0x0883,0x0883,0x0883,
  0x0883,0x0883,0x0883,0x0883,0x0883,0x0883,0x0883,0x0883,0x0883,0x0883,0x0883,0x0883,0x0883,0x0883,0x0883,0x0883,
  0x0883,0x0883,0x0883,0x0883,0x0883,0x0883,0x0883,0x0883,0x0883,0x0883,0x0883,0x0883,0x0883,0x0883,0x0883,0x0883,
  0x0883,0x0883,0x0883,0x0883,0x0883,0x0882,0x0882,0x0882,0x0882,0x0882,0x0882,0x0882,0x0882,0x0882,0x0882,0x0882,
  0x0882,0x0882,0x0882,0x0882,0x0882,0x0882,0x0882,0x0882,0x0882,0x0882,0x0882,0x0882,0x0882,0x0882,0x0882,0x0882,
  0x0882,0x0882,0x0882,0x0882,0x0882,0x0882,0x0882,0x0882,0x0882,0x0882,0x0882,0x0882,0x0882,0x0882,0x0882,0x0882,
  0x0882,0x0882,0x0882,0x0882,0x0882,0x0882,0x0082,0x0082,0x0082,0x0082,0x0082,0x0883,0x1146,0x1105,0x0082,0x0082,
  0x0082,0x19A7,0x08C3,0x0041,0x0041,0x0041,0x0041,0x2209,0x08A3,0x08A3,0x08A3,0x08A3,0x08A3,0x08A3,0x08A3,0x08A3,
  0x08A3,0x08A3,0x08A3,0x08A3,0x08A3,0x08A3,0x08A3,0x08A3,0x08A3,0x08A3,0x08A3,0x08A3,0x08A3,0x08A3,0x08A3,0x08A3,
  0x08A3,0x08A3,0x08A3,0x08A3,0x08A3,0x08A3,0x08A3,0x08A3,0x08A3,0x08A3,0x08A3,0x08A3,0x08A3,0x08A3,0x08A3,0x08A3,
  0x08A3,0x08A3,0x08A3,0x08A3,0x08A3,0x08A3,0x08A3,0x08A3,0x08A3,0x08A3,0x0883,0x0883,0x0883,0x0883,0x0883,0x0883,
  0x0883,0x0883,0x0883,0x0883,0x0883,0x0883,0x0883,0x0883,0x0883,0x0883,0x0883,0x0883,0x0883,0x0883,0x0883,0x0883,
  0x0883,0x0883,0x0883,0x0883,0x0883,0x0883,0x0883,0x0883,0x0883,0x0883,0x0883,0x0883,0x0883,0x0883,0x0883,0x0883,
  0x0883,0x0883,0x0883,0x0883,0x0883,0x0883,0x0883,0x0883,0x0883,0x0883,0x0883,0x0883,0x0883,0x0883,0x0883,0x0883,
  0x0882,0x0882,0x0882,0x0882,0x0882,0x0882,0x0882,0x0882,0x0882,0x0882,0x0882,0x0882,0x0882,0x0882,0x0882,0x0882,
  0x0882,0x0882,0x0882,0x0882,0x0882,0x0882,0x0882,0x0882,0x0882,0x0882,0x0882,0x0882,0x0882,0x0882,0x0882,0x0882,
  0x0882,0x0882,0x0882,0x0882,0x0882,0x0882,0x0882,0x0882,0x0882,0x0882,0x0882,0x0882,0x0882,0x0882,0x0882,0x0882,
  0x0882,0x0882,0x0882,0x0882,0x0882,0x0882,0x19A7,0x08C3,0x0041,0x0041,0x0041,0x0041,0x0041,0x0041,0x0041,0x0041,
  0x0041,0x0041,0x0041,0x0041,0x0041,0x0041,0x0041,0x0041,0x0041,0x2209,0x08A3,0x08A3,0x08A3,0x1987,0x08A3,0x08A3,
  0x08A3,0x08A3,0x08A3,0x08A3,0x08A3,0x08A3,0x08A3,0x08A3,0x08A3,0x08A3,0x08A3,0x08A3,0x08A3,0x08A3,0x08A3,0x08A3,
  0x08A3,0x08A3,0x08A3,0x08A3,0x08A3,0x08A3,0x08A3,0x08A3,0x08A3,0x0883,0x0883,0x0883,0x0883,0x0883,0x0883,0x0883,
  0x0883,0x0883,0x0883,0x0883,0x0883,0x0883,0x0883,0x0883,0x0883,0x0883,0x0883,0x0883,0x0883,0x0883,0x0883,0x0883,
  0x0883,0x0883,0x0883,0x0883,0x0883,0x0883,0x0883,0x0883,0x0883,0x0883,0x0883,0x0883,0x0883,0x0883,0x0883,0x0883,
  0x0883,0x0883,0x0883,0x0883,0x0882,0x0882,0x0882,0x0882,0x0882,0x0882,0x0882,0x0882,0x0882,0x0882,0x0882,0x0882,
  0x0882,0x0882,0x0882,0x0882,0x0882,0x0882,0x0882,0x0882,0x0882,0x0882,0x0882,0x0882,0x0882,0x0882,0x0882,0x0882,
  0x0882,0x0882,0x0882,0x0882,0x0882,0x0882,0x0882,0x0882,0x0882,0x0882,0x0882,0x0882,0x0882,0x0882,0x0882,0x0882,
  0x0882,0x0882,0x0882,0x0882,0x0882,0x0082,0x0082,0x0082,0x0082,0x0082,0x0082,0x1125,0x1146,0x0082,0x0082,0x0082,
  0x0082,0x19A7,0x08C3,0x0041,0x0041,0x0041,0x0041,0x2209,0x08A3,0x08A3,0x08A3,0x08A3,0x08A3,0x08A3,0x08A3,0x08A3,
  0x08A3,0x08A3,0x08A3,0x08A3,0x08A3,0x08A3,0x08A3,0x08A3,0x08A3,0x08A3,0x08A3,0x08A3,0x08A3,0x08A3,0x08A3,0x08A3,
  0x08A3,0x08A3,0x08A3,0x08A3,0x08A3,0x08A3,0x08A3,0x08A3,0x08A3,0x08A3,0x08A3,0x08A3,0x08A3,0x08A3,0x08A3,0x08A3,
  0x08A3,0x08A3,0x08A3,0x08A3,0x08A3,0x08A3,0x08A3,0x08A3,0x0883,0x0883,0x0883,0x0883,0x0883,0x0883,0x0883,0x0883,
  0x0883,0x0883,0x0883,0x0883,0x0883,0x0883,0x0883,0x0883,0x0883,0x0883,0x0883,0x0883,0x0883,0x0883,0x0883,0x0883,
  0x0883,0x0883,0x0883,0x0883,0x0883,0x0883,0x0883,0x0883,0x0883,0x0883,0x0883,0x0883,0x0883,0x0883,0x0883,0x0883,
  0x0883,0x0883,0x0883,0x0883,0x0883,0x0883,0x0883,0x0883,0x0883,0x0883,0x0883,0x0883,0x0883,0x0883,0x0882,0x0882,
  0x0882,0x0882,0x0882,0x0882,0x0882,0x0882,0x0882,0x0882,0x0882,0x0882,0x0882,0x0882,0x0882,0x0882,0x0882,0x0882,
  0x0882,0x0882,0x0882,0x0882,0x0882,0x0882,0x0882,0x0882,0x0882,0x0882,0x0882,0x0882,0x0882,0x0882,0x0882,0x0882,
  0x0882,0x0882,0x0882,0x0882,0x0882,0x0882,0x0882,0x0882,0x0882,0x0882,0x0882,0x0882,0x0882,0x0882,0x0882,0x0882,
  0x0882,0x0882,0x0882,0x0882,0x0882,0x0882,0x19A7,0x08C3,0x0041,0x0041,0x0041,0x0041,0x0041,0x0041,0x0041,0x0041,
  0x0041,0x0041,0x0041,0x0041,0x0041,0x0041,0x0041,0x0041,0x0041,0x2209,0x08A3,0x08A3,0x08A3,0x1987,0x08A3,0x08A3,
  0x08A3,0x08A3,0x08A3,0x08A3,0x08A3,0x08A3,0x08A3,0x08A3,0x08A3,0x08A3,0x08A3,0x08A3,0x08A3,0x08A3,0x08A3,0x08A3,
  0x08A3,0x08A3,0x08A3,0x08A3,0x08A3,0x08A3,0x08A3,0x08A3,0x08A3,0x0883,0x0883,0x0883,0x0883,0x0883,0x0883,0x0883,
  0x0883,0x0883,0x0883,0x0883,0x0883,0x0883,0x0883,0x0883,0x0883,0x0883,0x0883,0x0883,0x0883,0x0883,0x0883,0x0883,
  0x0883,0x0883,0x0883,0x0883,0x0883,0x0883,0x0883,0x0883,0x0883,0x0883,0x0883,0x0883,0x0883,0x0883,0x0883,0x0883,
  0x0883,0x0883,0x0883,0x0882,0x0882,0x0882,0x0882,0x0882,0x0882,0x0882,0x0882,0x0882,0x0882,0x0882,0x0882,0x0882,
  0x0882,0x0882,0x0882,0x0882,0x0882,0x0882,0x0882,0x0882,0x0882,0x0882,0x0882,0x0882,0x0882,0x0882,0x0882,0x0882,
  0x0882,0x0882,0x0882,0x0882,0x0882,0x0882,0x0882,0x0882,0x0882,0x0882,0x0882,0x0882,0x0882,0x0882,0x0882,0x0882,
  0x0882,0x0882,0x0882,0x0882,0x0082,0x0082,0x0082,0x0082,0x0082,0x0082,0x08E4,0x1167,0x0883,0x0082,0x0082,0x0082,
  0x0082,0x19C8,0x08C3,0x0041,0x0041,0x0041,0x0041,0x2209,0x08A3,0x08A3,0x08A3,0x08A3,0x08A3,0x08A3,0x08A3,0x08A3,
  0x08A3,0x08A3,0x08A3,0x08A3,0x08A3,0x08A3,0x08A3,0x08A3,0x08A3,0x08A3,0x08A3,0x08A3,0x08A3,0x08A3,0x08A3,0x08A3,
  0x08A3,0x08A3,0x08A3,0x08A3,0x08A3,0x08A3,0x08A3,0x08A3,0x08A3,0x08A3,0x08A3,0x08A3,0x08A3,0x08A3,0x08A3,0x08A3,
  0x08A3,0x08A3,0x08A3,0x08A3,0x08A3,0x08A3,0x0883,0x0883,0x0883,0x0883,0x0883,0x0883,0x0883,0x0883,0x0883,0x0883,
  0x0883,0x0883,0x0883,0x0883,0x0883,0x0883,0x0883,0x0883,0x0883,0x0883,0x0883,0x0883,0x0883,0x0883,0x0883,0x0883,
  0x0883,0x0883,0x0883,0x0883,0x0883,0x0883,0x0883,0x0883,0x0883,0x0883,0x0883,0x0883,0x0883,0x0883,0x0883,0x0883,
  0x0883,0x0883,0x0883,0x0883,0x0883,0x0883,0x0883,0x0883,0x0883,0x0883,0x0883,0x0883,0x0882,0x0882,0x0882,0x0882,
  0x0882,0x0882,0x0882,0x0882,0x0882,0x0882,0x0882,0x0882,0x0882,0x0882,0x0882,0x0882,0x0882,0x0882,0x0882,0x0882,
  0x0882,0x0882,0x0882,0x0882,0x0882,0x0882,0x0882,0x0882,0x0882,0x0882,0x0882,0x0882,0x0882,0x0882,0x0882,0x0882,
  0x0882,0x0882,0x0882,0x0882,0x0882,0x0882,0x0882,0x0882,0x0882,0x0882,0x0882,0x0882,0x0882,0x0882,0x0882,0x0882,
  0x0882,0x0882,0x0882,0x0882,0x0882,0x0882,0x19A7,0x08C3,0x0041,0x0041,0x0041,0x0041,0x0041,0x0041,0x0041,0x0041,
  0x0041,0x0041,0x0041,0x0041,0x0041,0x0041,0x0041,0x0041,0x0041,0x2209,0x08A3,0x08A3,0x08A3,0x1987,0x08A3,0x08A3,
  0x08A3,0x08A3,0x08A3,0x08A3,0x08A3,0x08A3,0x08A3,0x08A3,0x08A3,0x08A3,0x08A3,0x08A3,0x08A3,0x08A3,0x08A3,0x08A3,
  0x08A3,0x08A3,0x08A3,0x08A3,0x08A3,0x08A3,0x08A3,0x08A3,0x0883,0x0883,0x0883,0x0883,0x0883,0x0883,0x0883,0x0883,
  0x0883,0x0883,0x0883,0x0883,0x0883,0x0883,0x0883,0x0883,0x0883,0x0883,0x0883,0x0883,0x0883,0x0883,0x0883,0x0883,
  0x0883,0x0883,0x0883,0x0883,0x0883,0x0883,0x0883,0x0883,0x0883,0x0883,0x0883,0x0883,0x0883,0x0883,0x0883,0x0883,
  0x0883,0x0883,0x0883,0x0882,0x0882,0x0882,0x0882,0x0882,0x0882,0x0882,0x0882,0x0882,0x0882,0x0882,0x0882,0x0882,
  0x0882,0x0882,0x0882,0x0882,0x0882,0x0882,0x0882,0x0882,0x0882,0x0882,0x0882,0x0882,0x0882,0x0882,0x0882,0x0882,
  0x0882,0x0882,0x0882,0x0882,0x0882,0x0882,0x0882,0x0882,0x0882,0x0882,0x0882,0x0882,0x0882,0x0882,0x0882,0x0882,
  0x0882,0x0882,0x0882,0x0082,0x0082,0x0082,0x0082,0x0082,0x0082,0x08A3,0x1987,0x08A3,0x0082,0x0082,0x0082,0x0082,
  0x1125,0x21C8,0x0862,0x0041,0x0041,0x0041,0x0041,0x2209,0x08A3,0x08A3,0x08A3,0x08A3,0x08A3,0x08A3,0x08A3,0x08A3,
  0x08A3,0x08A3,0x08A3,0x08A3,0x08A3,0x08A3,0x08A3,0x08A3,0x08A3,0x08A3,0x08A3,0x08A3,0x08A3,0x08A3,0x08A3,0x08A3,
  0x08A3,0x08A3,0x08A3,0x08A3,0x08A3,0x08A3,0x08A3,0x08A3,0x08A3,0x08A3,0x08A3,0x08A3,0x08A3,0x08A3,0x08A3,0x08A3,
  0x08A3,0x08A3,0x08A3,0x08A3,0x0883,0x0883,0x0883,0x0883,0x0883,0x0883,0x0883,0x0883,0x0883,0x0883,0x0883,0x0883,
  0x0883,0x0883,0x0883,0x0883,0x0883,0x0883,0x0883,0x0883,0x0883,0x0883,0x0883,0x0883,0x0883,0x0883,0x0883,0x0883,
  0x0883,0x0883,0x0883,0x0883,0x0883,0x0883,0x0883,0x0883,0x0883,0x0883,0x0883,0x0883,0x0883,0x0883,0x0883,0x0883,
  0x0883,0x0883,0x0883,0x0883,0x0883,0x0883,0x0883,0x0883,0x0883,0x0883,0x0882,0x0882,0x0882,0x0882,0x0882,0x0882,
  0x0882,0x0882,0x0882,0x0882,0x0882,0x0882,0x0882,0x0882,0x0882,0x0882,0x0882,0x0882,0x0882,0x0882,0x0882,0x0882,
  0x0882,0x0882,0x0882,0x0882,0x0882,0x0882,0x0882,0x0882,0x0882,0x0882,0x0882,0x0882,0x0882,0x0882,0x0882,0x0882,
  0x0882,0x0882,0x0882,0x0882,0x0882,0x0882,0x0882,0x0882,0x0882,0x0882,0x0882,0x0882,0x0882,0x0882,0x0882,0x0882,
  0x0882,0x0882,0x0882,0x0882,0x0882,0xC425,0xC467,0x08C3,0x0041,0x0041,0x0041,0x0041,0x0041,0x0041,0x0041,0x0041,
  0x0041,0x0041,0x0041,0x0041,0x0041,0x0041,0x0041,0x0041,0x0041,0x2209,0x08A3,0x08A3,0x08A3,0x1987,0x08A3,0x08A3,
  0x08A3,0x08A3,0x08A3,0x08A3,0x08A3,0x08A3,0x08A3,0x08A3,0x08A3,0x08A3,0x08A3,0x08A3,0x08A3,0x08A3,0x08A3,0x08A3,
  0x08A3,0x08A3,0x08A3,0x08A3,0x08A3,0x08A3,0x08A3,0x0883,0x0883,0x0883,0x0883,0x0883,0x0883,0x0883,0x0883,0x0883,
  0x0883,0x0883,0x0883,0x0883,0x0883,0x0883,0x0883,0x0883,0x0883,0x0883,0x0883,0x0883,0x0883,0x0883,0x0883,0x0883,
  0x0883,0x0883,0x0883,0x0883,0x0883,0x0883,0x0883,0x0883,0x0883,0x0883,0x0883,0x0883,0x0883,0x0883,0x0883,0x0883,
  0x0883,0x0883,0x0882,0x0882,0x0882,0x0882,0x0882,0x0882,0x0882,0x0882,0x0882,0x0882,0x0882,0x0882,0x0882,0x0882,
  0x0882,0x0882,0x0882,0x0882,0x0882,0x0882,0x0882,0x0882,0x0882,0x0882,0x0882,0x0882,0x0882,0x0882,0x0882,0x0882,
  0x0882,0x0882,0x0882,0x0882,0x0882,0x0882,0x0882,0x0882,0x0882,0x0882,0x0882,0x0882,0x0882,0x0882,0x0882,0x0882,
  0x0882,0x0882,0x0082,0x0082,0x0082,0x0082,0x0082,0x0082,0x0883,0x1167,0x08E4,0x0082,0x0082,0x0082,0x0082,0x08E4,
  0x21E9,0x08A3,0x0041,0x0041,0x0041,0x0041,0x0041,0x2209,0x08A3,0x08A3,0x08A3,0x08A3,0x08A3,0x08A3,0x08A3,0x08A3,
  0x08A3,0x08A3,0x08A3,0x08A3,0x08A3,0x08A3,0x08A3,0x08A3,0x08A3,0x08A3,0x08A3,0x08A3,0x08A3,0x08A3,0x08A3,0x08A3,
  0x08A3,0x08A3,0x08A3,0x08A3,0x08A3,0x08A3,0x08A3,0x08A3,0x08A3,0x08A3,0x08A3,0x08A3,0x08A3,0x08A3,0x08A3,0x08A3,
  0x08A3,0x08A3,0x0883,0x0883,0x0883,0x0883,0x0883,0x0883,0x0883,0x0883,0x0883,0x0883,0x0883,0x0883,0x0883,0x0883,
  0x0883,0x0883,0x0883,0x0883,0x0883,0x0883,0x0883,0x0883,0x0883,0x0883,0x0883,0x0883,0x0883,0x0883,0x0883,0x0883,
  0x0883,0x0883,0x0883,0x0883,0x0883,0x0883,0x0883,0x0883,0x0883,0x0883,0x0883,0x0883,0x0883,0x0883,0x0883,0x0883,
  0x0883,0x0883,0x0883,0x0883,0x0883,0x0883,0x0883,0x0883,0x0882,0x0882,0x0882,0x0882,0x0882,0x0882,0x0882,0x0882,
  0x0882,0x0882,0x0882,0x0882,0x0882,0x0882,0x0882,0x0882,0x0882,0x0882,0x0882,0x0882,0x0882,0x0882,0x0882,0x0882,
  0x0882,0x0882,0x0882,0x0882,0x0882,0x0882,0x0882,0x0882,0x0882,0x0882,0x0882,0x0882,0x0882,0x0882,0x0882,0x0882,
  0x0882,0x0882,0x0882,0x0882,0x0882,0x0882,0x0882,0x0882,0x0882,0x0882,0x0882,0x0882,0x0882,0x0882,0x0882,0x0882,
  0x0882,0x0882,0x0882,0x0882,0x0882,0xC425,0xC467,0x08C3,0x0041,0x0041,0x0041,0x0041,0x0041,0x0041,0x0041,0x0041,
  0x0041,0x0041,0x0041,0x0041,0x0041,0x0041,0x0041,0x0041,0x0041,0x2209,0x08A3,0x08A3,0x08A3,0x1987,0x08A3,0x08A3,
  0x08A3,0x08A3,0x08A3,0x08A3,0x08A3,0x08A3,0x08A3,0x08A3,0x08A3,0x08A3,0x08A3,0x08A3,0x08A3,0x08A3,0x08A3,0x08A3,
  0x08A3,0x08A3,0x08A3,0x08A3,0x08A3,0x08A3,0x0883,0x0883,0x0883,0x0883,0x0883,0x0883,0x0883,0x0883,0x0883,0x0883,
  0x0883,0x0883,0x0883,0x0883,0x0883,0x0883,0x0883,0x0883,0x0883,0x0883,0x0883,0x0883,0x0883,0x0883,0x0883,0x0883,
  0x0883,0x0883,0x0883,0x0883,0x0883,0x0883,0x0883,0x0883,0x0883,0x0883,0x0883,0x0883,0x0883,0x0883,0x0883,0x0883,
  0x0883,0x0882,0x0882,0x0882,0x0882,0x0882,0x0882,0x0882,0x0882,0x0882,0x0882,0x0882,0x0882,0x0882,0x0882,0x0882,
  0x0882,0x0882,0x0882,0x0882,0x0882,0x0882,0x0882,0x0882,0x0882,0x0882,0x0882,0x0882,0x0882,0x0882,0x0882,0x0882,
  0x0882,0x0882,0x0882,0x0882,0x0882,0x0882,0x0882,0x0882,0x0882,0x0882,0x0882,0x0882,0x0882,0x0882,0x0882,0x0882,
  0x0882,0x0082,0x0082,0x0082,0x0082,0x0082,0x0082,0x0082,0x1146,0x1125,0x0082,0x0082,0x0082,0x0082,0x08A3,0x21E9,
  0x1104,0x0041,0x0041,0x0041,0x0041,0x0041,0x0041,0x2209,0x08A3,0x08A3,0x08A3,0x08A3,0x08A3,0x08A3,0x08A3,0x08A3,
  0x08A3,0x08A3,0x08A3,0x08A3,0x08A3,0x08A3,0x08A3,0x08A3,0x08A3,0x08A3,0x08A3,0x08A3,0x08A3,0x08A3,0x08A3,0x08A3,
  0x08A3,0x08A3,0x08A3,0x08A3,0x08A3,0x08A3,0x08A3,0x08A3,0x08A3,0x08A3,0x08A3,0x08A3,0x08A3,0x08A3,0x08A3,0x08A3,
  0x0883,0x0883,0x0883,0x0883,0x0883,0x0883,0x0883,0x0883,0x0883,0x0883,0x0883,0x0883,0x0883,0x0883,0x0883,0x0883,
  0x0883,0x0883,0x0883,0x0883,0x0883,0x0883,0x0883,0x0883,0x0883,0x0883,0x0883,0x0883,0x0883,0x0883,0x0883,0x0883,
  0x0883,0x0883,0x0883,0x0883,0x0883,0x0883,0x0883,0x0883,0x0883,0x0883,0x0883,0x0883,0x0883,0x0883,0x0883,0x0883,
  0x0883,0x0883,0x0883,0x0883,0x0883,0x0883,0x0882,0x0882,0x0882,0x0882,0x0882,0x0882,0x0882,0x0882,0x0882,0x0882,
  0x0882,0x0882,0x0882,0x0882,0x0882,0x0882,0x0882,0x0882,0x0882,0x0882,0x0882,0x0882,0x0882,0x0882,0x0882,0x0882,
  0x0882,0x0882,0x0882,0x0882,0x0882,0x0882,0x0882,0x0882,0x0882,0x0882,0x0882,0x0882,0x0882,0x0882,0x0882,0x0882,
  0x0882,0x0882,0x0882,0x0882,0x0882,0x0882,0x0882,0x0882,0x0882,0x0882,0x0882,0x0882,0x0882,0x0882,0x0882,0x0882,
  0x0882,0x0882,0x0882,0x0882,0x0882,0xC425,0xC467,0x08C3,0x0041,0x0041,0x0041,0x0041,0x0041,0x0041,0x0041,0x0041,
  0x0041,0x0041,0x0041,0x0041,0x0041,0x0041,0x0041,0x0041,0x0041,0x2209,0x08A3,0x08A3,0x08A3,0x1987,0x08A3,0x08A3,
  0x08A3,0x08A3,0x08A3,0x08A3,0x08A3,0x08A3,0x08A3,0x08A3,0x08A3,0x08A3,0x08A3,0x08A3,0x08A3,0x08A3,0x08A3,0x08A3,
  0x08A3,0x08A3,0x08A3,0x08A3,0x08A3,0x0883,0x0883,0x0883,0x0883,0x0883,0x0883,0x0883,0x0883,0x0883,0x0883,0x0883,
  0x0883,0x0883,0x0883,0x0883,0x0883,0x0883,0x0883,0x0883,0x0883,0x0883,0x0883,0x0883,0x0883,0x0883,0x0883,0x0883,
  0x0883,0x0883,0x0883,0x0883,0x0883,0x0883,0x0883,0x0883,0x0883,0x0883,0x0883,0x0883,0x0883,0x0883,0x0883,0x0883,
  0x0882,0x0882,0x0882,0x0882,0x0882,0x0882,0x0882,0x0882,0x0882,0x0882,0x0882,0x0882,0x0882,0x0882,0x0882,0x0882,
  0x0882,0x0882,0x0882,0x0882,0x0882,0x0882,0x0882,0x0882,0x0882,0x0882,0x0882,0x0882,0x0882,0x0882,0x0882,0x0882,
  0x0882,0x0882,0x0882,0x0882,0x0882,0x0882,0x0882,0x0882,0x0882,0x0882,0x0882,0x0882,0x0882,0x0882,0x0882,0x0882,
  0x0882,0x0082,0x0082,0x0082,0x0082,0x0082,0x0082,0x1105,0x1146,0x0883,0x0082,0x0082,0x0082,0x0883,0x19C8,0x1946,
  0x0041,0x0041,0x0041,0x0041,0x0041,0x0041,0x0041,0x2209,0x08A3,0x08A3,0x08A3,0x08A3,0x08A3,0x08A3,0x08A3,0x08A3,
  0x08A3,0x08A3,0x08A3,0x08A3,0x08A3,0x08A3,0x08A3,0x08A3,0x08A3,0x08A3,0x08A3,0x08A3,0x08A3,0x08A3,0x08A3,0x08A3,
  0x08A3,0x08A3,0x08A3,0x08A3,0x08A3,0x08A3,0x08A3,0x08A3,0x08A3,0x08A3,0x08A3,0x08A3,0x08A3,0x08A3,0x0883,0x0883,
  0x0883,0x0883,0x0883,0x0883,0x0883,0x0883,0x0883,0x0883,0x0883,0x0883,0x0883,0x0883,0x0883,0x0883,0x0883,0x0883,
  0x0883,0x0883,0x0883,0x0883,0x0883,0x0883,0x0883,0x0883,0x0883,0x0883,0x0883,0x0883,0x0883,0x0883,0x0883,0x0883,
  0x0883,0x0883,0x0883,0x0883,0x0883,0x0883,0x0883,0x0883,0x0883,0x0883,0x0883,0x0883,0x0883,0x0883,0x0883,0x0883,
  0x0883,0x0883,0x0883,0x0883,0x0882,0x0882,0x0882,0x0882,0x0882,0x0882,0x0882,0x0882,0x0882,0x0882,0x0882,0x0882,
  0x0882,0x0882,0x0882,0x0882,0x0882,0x0882,0x0882,0x0882,0x0882,0x0882,0x0882,0x0882,0x0882,0x0882,0x0882,0x0882,
  0x0882,0x0882,0x0882,0x0882,0x0882,0x0882,0x0882,0x0882,0x0882,0x0882,0x0882,0x0882,0x0882,0x0882,0x0882,0x0882,
  0x0882,0x0882,0x0882,0x0882,0x0882,0x0882,0x0882,0x0882,0x0882,0x0882,0x0882,0x0882,0x0882,0x0882,0x0882,0x0882,
  0x0882,0x0882,0x0882,0x0882,0x0882,0xC425,0xC467,0x08C3,0x0041,0x0041,0x0041,0x0041,0x0041,0x0041,0x0041,0x0041,
  0x0041,0x0041,0x0041,0x0041,0x0041,0x0041,0x0041,0x0041,0x0041,0x2209,0x08A3,0x08A3,0x08A3,0x1166,0x1987,0x1987,
  0x1987,0x1987,0x1987,0x1987,0x1987,0x1987,0x1987,0x1987,0x1987,0x1987,0x1987,0x1987,0x1987,0x1987,0x1987,0x1987,
  0x1987,0x1987,0x1987,0x1987,0x1987,0x1987,0x1987,0x1987,0x1987,0x1987,0x1987,0x1987,0x1987,0x1987,0x1987,0x1987,
  0x1987,0x1987,0x1987,0x1987,0x1987,0x1987,0x1987,0x1987,0x1987,0x1987,0x1987,0x1987,0x1987,0x1987,0x1987,0x1987,
  0x1987,0x1987,0x1987,0x1987,0x1987,0x1987,0x1987,0x1987,0x1987,0x1987,0x1987,0x1987,0x1987,0x1987,0x1987,0x1987,
  0x1987,0x1987,0x1987,0x1987,0x1987,0x1987,0x1987,0x1987,0x1987,0x1987,0x1987,0x1987,0x1987,0x1987,0x1987,0x1987,
  0x1987,0x1987,0x1987,0x1987,0x1987,0x1987,0x1987,0x1987,0x1987,0x1987,0x1987,0x1987,0x1987,0x1987,0x1987,0x1987,
  0x1987,0x1987,0x1987,0x1987,0x1987,0x1987,0x1987,0x1987,0x1987,0x1987,0x1987,0x1987,0x1987,0x1987,0x1987,0x1987,
  0x1987,0x1987,0x1987,0x1987,0x1987,0x1987,0x1987,0x1166,0x08A3,0x0082,0x0082,0x0082,0x0082,0x1966,0x19A7,0x0041,
  0x0041,0x0041,0x0041,0x0041,0x0041,0x0041,0x0041,0x2209,0x08A3,0x08A3,0x08A3,0x08A3,0x08A3,0x08A3,0x08A3,0x08A3,
  0x08A3,0x08A3,0x08A3,0x08A3,0x08A3,0x08A3,0x08A3,0x08A3,0x08A3,0x08A3,0x08A3,0x08A3,0x08A3,0x08A3,0x08A3,0x08A3,
  0x08A3,0x08A3,0x08A3,0x08A3,0x08A3,0x08A3,0x08A3,0x08A3,0x08A3,0x08A3,0x08A3,0x08A3,0x0883,0x0883,0x0883,0x0883,
  0x0883,0x0883,0x0883,0x0883,0x0883,0x0883,0x0883,0x0883,0x0883,0x0883,0x0883,0x0883,0x0883,0x0883,0x0883,0x0883,
  0x0883,0x0883,0x0883,0x0883,0x0883,0x0883,0x0883,0x0883,0x0883,0x0883,0x0883,0x0883,0x0883,0x0883,0x0883,0x0883,
  0x0883,0x0883,0x0883,0x0883,0x0883,0x0883,0x0883,0x0883,0x0883,0x0883,0x0883,0x0883,0x0883,0x0883,0x0883,0x0883,
  0x0883,0x0883,0x0882,0x0882,0x0882,0x0882,0x0882,0x0882,0x0882,0x0882,0x0882,0x0882,0x0882,0x0882,0x0882,0x0882,
  0x0882,0x0882,0x0882,0x0882,0x0882,0x0882,0x0882,0x0882,0x0882,0x0882,0x0882,0x0882,0x0882,0x0882,0x0882,0x0882,
  0x0882,0x0882,0x0882,0x0882,0x0882,0x0882,0x0882,0x0882,0x0882,0x0882,0x0882,0x0882,0x0882,0x0882,0x0882,0x0882,
  0x0882,0x0882,0x0882,0x0882,0x0882,0x0882,0x0882,0x0882,0x0882,0x0882,0x0882,0x0882,0x0882,0x0882,0x0882,0x0882,
  0x0882,0x0882,0x0882,0x0882,0x0882,0xC425,0xC467,0x08C3,0x0041,0x0041,0x0041,0x0041,0x0041,0x0041,0x0041,0x0041,
  0x0041,0x0041,0x0041,0x0041,0x0041,0x0041,0x0041,0x0041,0x0041,0x2209,0x08A3,0x08A3,0x08A3,0x08A3,0x08A3,0x08A3,
  0x08A3,0x08A3,0x08A3,0x08A3,0x08A3,0x08A3,0x08A3,0x08A3,0x08A3,0x08A3,0x08A3,0x08A3,0x08A3,0x08A3,0x08A3,0x08A3,
  0x08A3,0x08A3,0x08A3,0x08A3,0x0883,0x0883,0x0883,0x0883,0x0883,0x0883,0x0883,0x0883,0x0883,0x0883,0x0883,0x0883,
  0x0883,0x0883,0x0883,0x0883,0x0883,0x0883,0x0883,0x0883,0x0883,0x0883,0x0883,0x0883,0x0883,0x0883,0x0883,0x0883,
  0x0883,0x0883,0x0883,0x0883,0x0883,0x0883,0x0883,0x0883,0x0883,0x0883,0x0883,0x0883,0x0883,0x0883,0x0882,0x0882,
  0x0882,0x0882,0x0882,0x0882,0x0882,0x0882,0x0882,0x0882,0x0882,0x0882,0x0882,0x0882,0x0882,0x0882,0x0882,0x0882,
  0x0882,0x0882,0x0882,0x0882,0x0882,0x0882,0x0882,0x0882,0x0882,0x0882,0x0882,0x0882,0x0882,0x0882,0x0882,0x0882,
  0x0882,0x0882,0x0882,0x0882,0x0882,0x0882,0x0882,0x0882,0x0882,0x0882,0x0882,0x0882,0x0882,0x0882,0x0882,0x0082,
  0x0082,0x0082,0x0082,0x0082,0x0082,0x0082,0x0082,0x0082,0x0082,0x0082,0x0082,0x0082,0x1125,0x21C8,0x0862,0x0041,
  0x0041,0x0041,0x0041,0x0041,0x0041,0x0041,0x0041,0x2209,0x08A3,0x08A3,0x08A3,0x08A3,0x08A3,0x08A3,0x08A3,0x08A3,
  0x08A3,0x08A3,0x08A3,0x08A3,0x08A3,0x08A3,0x08A3,0x08A3,0x08A3,0x08A3,0x08A3,0x08A3,0x08A3,0x08A3,0x08A3,0x08A3,
  0x08A3,0x08A3,0x08A3,0x08A3,0x08A3,0x08A3,0x08A3,0x08A3,0x08A3,0x08A3,0x0883,0x0883,0x0883,0x0883,0x0883,0x0883,
  0x0883,0x0883,0x0883,0x0883,0x0883,0x0883,0x0883,0x0883,0x0883,0x0883,0x0883,0x0883,0x0883,0x0883,0x0883,0x0883,
  0x0883,0x0883,0x0883,0x0883,0x0883,0x0883,0x0883,0x0883,0x0883,0x0883,0x0883,0x0883,0x0883,0x0883,0x0883,0x0883,
  0x0883,0x0883,0x0883,0x0883,0x0883,0x0883,0x0883,0x0883,0x0883,0x0883,0x0883,0x0883,0x0883,0x0883,0x0883,0x0883,
  0x0882,0x0882,0x0882,0x0882,0x0882,0x0882,0x0882,0x0882,0x0882,0x0882,0x0882,0x0882,0x0882,0x0882,0x0882,0x0882,
  0x0882,0x0882,0x0882,0x0882,0x0882,0x0882,0x0882,0x0882,0x0882,0x0882,0x0882,0x0882,0x0882,0x0882,0x0882,0x0882,
  0x0882,0x0882,0x0882,0x0882,0x0882,0x0882,0x0882,0x0882,0x0882,0x0882,0x0882,0x0882,0x0882,0x0882,0x0882,0x0882,
  0x0882,0x0882,0x0882,0x0882,0x0882,0x0882,0x0882,0x0882,0x0882,0x0882,0x0882,0x0882,0x0882,0x0882,0x0882,0x0882,
  0x0882,0x0882,0x0882,0x0882,0x0882,0xC425,0xC467,0x08C3,0x0041,0x0041,0x0041,0x0041,0x0041,0x0041,0x0041,0x0041,
  0x0041,0x0041,0x0041,0x0041,0x0041,0x0041,0x0041,0x0041,0x0041,0x2209,0x08A3,0x08A3,0x08A3,0x08A3,0x08A3,0x08A3,
  0x08A3,0x08A3,0x08A3,0x08A3,0x08A3,0x08A3,0x08A3,0x08A3,0x08A3,0x08A3,0x08A3,0x08A3,0x08A3,0x08A3,0x08A3,0x08A3,
  0x08A3,0x08A3,0x08A3,0x0883,0x0883,0x0883,0x0883,0x0883,0x0883,0x0883,0x0883,0x0883,0x0883,0x0883,0x0883,0x0883,
  0x0883,0x0883,0x0883,0x0883,0x0883,0x0883,0x0883,0x0883,0x0883,0x0883,0x0883,0x0883,0x0883,0x0883,0x0883,0x0883,
  0x0883,0x0883,0x0883,0x0883,0x0883,0x0883,0x0883,0x0883,0x0883,0x0883,0x0883,0x0883,0x0883,0x0883,0x0882,0x0882,
  0x0882,0x0882,0x0882,0x0882,0x0882,0x0882,0x0882,0x0882,0x0882,0x0882,0x0882,0x0882,0x0882,0x0882,0x0882,0x0882,
  0x0882,0x0882,0x0882,0x0882,0x0882,0x0882,0x0882,0x0882,0x0882,0x0882,0x0882,0x0882,0x0882,0x0882,0x0882,0x0882,
  0x0882,0x0882,0x0882,0x0882,0x0882,0x0882,0x0882,0x0882,0x0882,0x0882,0x0882,0x0882,0x0882,0x0882,0x0082,0x0082,
  0x0082,0x0082,0x0082,0x0082,0x0082,0x0082,0x0082,0x0082,0x0082,0x0082,0x0082,0x08E4,0x21E9,0x08A3,0x0041,0x0041,
  0x0041,0x0041,0x0041,0x0041,0x0041,0x0041,0x0041,0x2209,0x08A3,0x08A3,0x08A3,0x08A3,0x08A3,0x08A3,0x08A3,0x08A3,
  0x08A3,0x08A3,0x08A3,0x08A3,0x08A3,0x08A3,0x08A3,0x08A3,0x08A3,0x08A3,0x08A3,0x08A3,0x08A3,0x08A3,0x08A3,0x08A3,
  0x08A3,0x08A3,0x08A3,0x08A3,0x08A3,0x08A3,0x08A3,0x08A3,0x0883,0x0883,0x0883,0x0883,0x0883,0x0883,0x0883,0x0883,
  0x0883,0x0883,0x0883,0x0883,0x0883,0x0883,0x0883,0x0883,0x0883,0x0883,0x0883,0x0883,0x0883,0x0883,0x0883,0x0883,
  0x0883,0x0883,0x0883,0x0883,0x0883,0x0883,0x0883,0x0883,0x0883,0x0883,0x0883,0x0883,0x0883,0x0883,0x0883,0x0883,
  0x0883,0x0883,0x0883,0x0883,0x0883,0x0883,0x0883,0x0883,0x0883,0x0883,0x0883,0x0883,0x0883,0x0883,0x0882,0x0882,
  0x0882,0x0882,0x0882,0x0882,0x0882,0x0882,0x0882,0x0882,0x0882,0x0882,0x0882,0x0882,0x0882,0x0882,0x0882,0x0882,
  0x0882,0x0882,0x0882,0x0882,0x0882,0x0882,0x0882,0x0882,0x0882,0x0882,0x0882,0x0882,0x0882,0x0882,0x0882,0x0882,
  0x0882,0x0882,0x0882,0x0882,0x0882,0x0882,0x0882,0x0882,0x0882,0x0882,0x0882,0x0882,0x0882,0x0882,0x0882,0x0882,
  0x0882,0x0882,0x0882,0x0882,0x0882,0x0882,0x0882,0x0882,0x0882,0x0882,0x0882,0x0882,0x0882,0x0882,0x0882,0x0882,
  0x0882,0x0882,0x0882,0x0882,0x0882,0xC425,0xC467,0x08C3,0x0041,0x0041,0x0041,0x0041,0x0041,0x0041,0x0041,0x0041,
  0x0041,0x0041,0x0041,0x0041,0x0041,0x0041,0x0041,0x0041,0x0041,0x2209,0x08A3,0x08A3,0x08A3,0x08A3,0x08A3,0x08A3,
  0x08A3,0x08A3,0x08A3,0x08A3,0x08A3,0x08A3,0x08A3,0x08A3,0x08A3,0x08A3,0x08A3,0x08A3,0x08A3,0x08A3,0x08A3,0x08A3,
  0x08A3,0x08A3,0x0883,0x0883,0x0883,0x0883,0x0883,0x0883,0x0883,0x0883,0x0883,0x0883,0x0883,0x0883,0x0883,0x0883,
  0x0883,0x0883,0x0883,0x0883,0x0883,0x0883,0x0883,0x0883,0x0883,0x0883,0x0883,0x0883,0x0883,0x0883,0x0883,0x0883,
  0x0883,0x0883,0x0883,0x0883,0x0883,0x0883,0x0883,0x0883,0x0883,0x0883,0x0883,0x0883,0x0883,0x0882,0x0882,0x0882,
  0x0882,0x0882,0x0882,0x0882,0x0882,0x0882,0x0882,0x0882,0x0882,0x0882,0x0882,0x0882,0x0882,0x0882,0x0882,0x0882,
  0x0882,0x0882,0x0882,0x0882,0x0882,0x0882,0x0882,0x0882,0x0882,0x0882,0x0882,0x0882,0x0882,0x0882,0x0882,0x0882,
  0x0882,0x0882,0x0882,0x0882,0x0882,0x0882,0x0882,0x0882,0x0882,0x0882,0x0882,0x0882,0x0882,0x0082,0x0082,0x0082,
  0x0082,0x0082,0x0082,0x0082,0x0082,0x0082,0x0082,0x0082,0x0082,0x0082,0x08A3,0x21E9,0x1104,0x0041,0x0041,0x0041,
  0x0041,0x0041,0x0041,0x0041,0x0041,0x0041,0x0041,0x2209,0x08A3,0x08A3,0x08A3,0x08A3,0x08A3,0x08A3,0x08A3,0x08A3,
  0x08A3,0x08A3,0x08A3,0x08A3,0x08A3,0x08A3,0x08A3,0x08A3,0x08A3,0x08A3,0x08A3,0x08A3,0x08A3,0x08A3,0x08A3,0x08A3,
  0x08A3,0x08A3,0x08A3,0x08A3,0x08A3,0x08A3,0x0883,0x0883,0x0883,0x0883,0x0883,0x0883,0x0883,0x0883,0x0883,0x0883,
  0x0883,0x0883,0x0883,0x0883,0x0883,0x0883,0x0883,0x0883,0x0883,0x0883,0x0883,0x0883,0x0883,0x0883,0x0883,0x0883,
  0x0883,0x0883,0x0883,0x0883,0x0883,0x0883,0x0883,0x0883,0x0883,0x0883,0x0883,0x0883,0x0883,0x0883,0x0883,0x0883,
  0x0883,0x0883,0x0883,0x0883,0x0883,0x0883,0x0883,0x0883,0x0883,0x0883,0x0883,0x0883,0x0882,0x0882,0x0882,0x0882,
  0x0882,0x0882,0x0882,0x0882,0x0882,0x0882,0x0882,0x0882,0x0882,0x0882,0x0882,0x0882,0x0882,0x0882,0x0882,0x0882,
  0x0882,0x0882,0x0882,0x0882,0x0882,0x0882,0x0882,0x0882,0x0882,0x0882,0x0882,0x0882,0x0882,0x0882,0x0882,0x0882,
  0x0882,0x0882,0x0882,0x0882,0x0882,0x0882,0x0882,0x0882,0x0882,0x0882,0x0882,0x0882,0x0882,0x0882,0x0882,0x0882,
  0x0882,0x0882,0x0882,0x0882,0x0882,0x0882,0x0882,0x0882,0x0882,0x0882,0x0882,0x0882,0x0882,0x0882,0xC425,0xC425,
  0xC425,0xC425,0xC425,0xC425,0xC425,0xC425,0xC467,0x08C3,0x0041,0x0041,0x0041,0x0041,0x0041,0x0041,0x0041,0x0041,
  0x0041,0x0041,0x0041,0x0041,0x0041,0x0041,0x0041,0x0041,0x0041,0x21C8,0x2209,0x2209,0x2209,0x2209,0x2209,0x2209,
  0x2209,0x2209,0x2209,0x2209,0x2209,0x2209,0x2209,0x2209,0x2209,0x2209,0x2209,0x2209,0x2209,0x2209,0x2209,0x2209,
  0x2209,0x2209,0x2209,0x2209,0x2209,0x2209,0x2209,0x2209,0x2209,0x2209,0x2209,0x2209,0x2209,0x2209,0x2209,0x2209,
  0x2209,0x2209,0x2209,0x2209,0x2209,0x2209,0x2209,0x2209,0x2209,0x2209,0x2209,0x2209,0x2209,0x2209,0x2209,0x2209,
  0x2209,0x2209,0x2209,0x2209,0x2209,0x2209,0x2209,0x2209,0x2209,0x2209,0x2209,0x2209,0x2209,0x2209,0x2209,0x2209,
  0x2209,0x2209,0x2209,0x2209,0x2209,0x2209,0x2209,0x2209,0x2209,0x2209,0x2209,0x2209,0x2209,0x2209,0x2209,0x2209,
  0x2209,0x2209,0x2209,0x2209,0x2209,0x2209,0x2209,0x2209,0x2209,0x2209,0x2209,0x2209,0x2209,0x2209,0x2209,0x2209,
  0x2209,0x2209,0x2209,0x2209,0x2209,0x2209,0x2209,0x2209,0x2209,0x2209,0x2209,0x2209,0x2209,0x2209,0x2209,0x2209,
  0x2209,0x2209,0x2209,0x2209,0x2209,0x2209,0x2209,0x2209,0x2209,0x2209,0x21E9,0x1946,0x0041,0x0041,0x0041,0x0041,
  0x0041,0x0041,0x0041,0x0041,0x0041,0x0041,0x0041,0x21C8,0x2209,0x2209,0x2209,0x2209,0x2209,0x2209,0x2209,0x2209,
  0x2209,0x2209,0x2209,0x2209,0x2209,0x2209,0x2209,0x2209,0x2209,0x2209,0x2209,0x2209,0x2209,0x2209,0x2209,0x2209,
  0x2209,0x2209,0x2209,0x2209,0x2209,0x2209,0x2209,0x2209,0x2209,0x2209,0x2209,0x2209,0x2209,0x2209,0x2209,0x2209,
  0x2209,0x2209,0x2209,0x2209,0x2209,0x2209,0x2209,0x2209,0x2209,0x2209,0x2209,0x2209,0x2209,0x2209,0x2209,0x2209,
  0x2209,0x2209,0x2209,0x2209,0x2209,0x2209,0x2209,0x2209,0x2209,0x2209,0x2209,0x2209,0x2209,0x2209,0x2209,0x2209,
  0x2209,0x2209,0x2209,0x2209,0x2209,0x2209,0x2209,0x2209,0x2209,0x2209,0x2209,0x2209,0x2209,0x2209,0x2209,0x2209,
  0x2209,0x2209,0x2209,0x2209,0x2209,0x2209,0x2209,0x2209,0x2209,0x2209,0x2209,0x2209,0x2209,0x2209,0x2209,0x2209,
  0x2209,0x2209,0x2209,0x2209,0x2209,0x2209,0x2209,0x2209,0x2209,0x2209,0x2209,0x2209,0x2209,0x2209,0x2209,0x2209,
  0x2209,0x2209,0x2209,0x2209,0x2209,0x2209,0x2209,0x2209,0x2209,0x2209,0x2209,0x2209,0x2209,0x2209,0x2209,0x2209,
  0x2209,0x2209,0x2209,0x2209,0x2209,0x2209,0x2209,0x2209,0x2209,0x2209,0x2209,0x2209,0x2209,0x2209,0xCC87,0xCC87,
  0xCC87,0xCC87,0xCC87,0xCC87,0xCC87,0xCC87,0xCC87,0x08A3,0x0041,0x0041,0x0041,0x0041,0x0041,0x0041,0x0041,0x0041,
  0x0041,0x0041,0x0041,0x0041,0x0041,0x0041,0x0041,0x0041,0x0041,0x0062,0x0062,0x0062,0x0062,0x0062,0x0062,0x0062,
  0x0062,0x0062,0x0062,0x0062,0x0062,0x0062,0x0062,0x0062,0x0062,0x0062,0x0062,0x0062,0x0062,0x0062,0x0062,0x0062,
  0x0062,0x0062,0x0062,0x0062,0x0062,0x0062,0x0062,0x0062,0x0062,0x0062,0x0062,0x0062,0x0062,0x0062,0x0062,0x0062,
  0x0062,0x0062,0x0062,0x0062,0x0062,0x0062,0x0062,0x0062,0x0062,0x0062,0x0062,0x0062,0x0062,0x0062,0x0062,0x0062,
  0x0062,0x0062,0x0062,0x0062,0x0062,0x0062,0x0062,0x0062,0x0062,0x0062,0x0062,0x0062,0x0062,0x0062,0x0062,0x0062,
  0x0062,0x0062,0x0062,0x0062,0x0062,0x0062,0x0062,0x0062,0x0062,0x0062,0x0062,0x0061,0x0061,0x0061,0x0061,0x0061,
  0x0061,0x0061,0x0061,0x0061,0x0061,0x0061,0x0061,0x0061,0x0061,0x0061,0x0061,0x0061,0x0061,0x0061,0x0061,0x0061,
  0x0061,0x0061,0x0061,0x0061,0x0061,0x0061,0x0061,0x0061,0x0061,0x0061,0x0061,0x0061,0x0061,0x0061,0x0061,0x0061,
  0x0061,0x0061,0x0061,0x0061,0x0061,0x0061,0x0061,0x0061,0x0061,0x0061,0x0061,0x0041,0x0041,0x0041,0x0041,0x0041,
  0x0041,0x0041,0x0041,0x0041,0x0041,0x0041,0x0041,0x0062,0x0062,0x0062,0x0062,0x0062,0x0062,0x0062,0x0062,0x0062,
  0x0062,0x0062,0x0062,0x0062,0x0062,0x0062,0x0062,0x0062,0x0062,0x0062,0x0062,0x0062,0x0062,0x0062,0x0062,0x0062,
  0x0062,0x0062,0x0062,0x0062,0x0062,0x0062,0x0062,0x0062,0x0062,0x0062,0x0062,0x0062,0x0062,0x0062,0x0062,0x0062,
  0x0062,0x0062,0x0062,0x0062,0x0062,0x0062,0x0062,0x0062,0x0062,0x0062,0x0062,0x0062,0x0062,0x0062,0x0062,0x0062,
  0x0062,0x0062,0x0062,0x0062,0x0062,0x0062,0x0062,0x0062,0x0062,0x0062,0x0062,0x0062,0x0062,0x0062,0x0062,0x0062,
  0x0062,0x0062,0x0062,0x0062,0x0062,0x0062,0x0062,0x0062,0x0062,0x0062,0x0062,0x0062,0x0062,0x0062,0x0062,0x0062,
  0x0062,0x0062,0x0062,0x0062,0x0062,0x0062,0x0062,0x0062,0x0062,0x0062,0x0062,0x0062,0x0062,0x0062,0x0062,0x0062,
  0x0062,0x0062,0x0062,0x0062,0x0061,0x0061,0x0061,0x0061,0x0061,0x0061,0x0061,0x0061,0x0061,0x0061,0x0061,0x0061,
  0x0061,0x0061,0x0061,0x0061,0x0061,0x0061,0x0061,0x0061,0x0061,0x0061,0x0061,0x0061,0x0061,0x0061,0x0061,0x0061,
  0x0061,0x0061,0x0061,0x0061,0x0061,0x0061,0x0061,0x0061,0x0061,0x0061,0x0061,0x0061,0x0061,0x0061,0x0061,0x0061,
  0x0061,0x0061,0x0061,0x0061,0x0061,0x0061,0x0061,0x0041,0x0041,0x0041,0x0041,0x0041,0x0041,0x0041,0x0041,0x0041,
  0x0041,0x0041,0x0041,0x0041,0x0041,0x0041,0x0041,0x0041,0x0041,0x0041,0x0041,0x0041,0x0041,0x0041,0x0041,0x0041,
  0x0041,0x0041,0x0041,0x0041,0x0041,0x0041,0x0041,0x0041,0x0041,0x0041,0x0041,0x0041,0x0041,0x0041,0x0041,0x0041,
  0x0041,0x0041,0x0041,0x0041,0x0041,0x0041,0x0041,0x0041,0x0041,0x0041,0x0041,0x0041,0x0041,0x0041,0x0041,0x0041,
  0x0041,0x0041,0x0041,0x0041,0x0041,0x0041,0x0041,0x0041,0x0041,0x0041,0x0041,0x0041,0x0041,0x0041,0x0041,0x0041,
  0x0041,0x0041,0x0041,0x0041,0x0041,0x0041,0x0041,0x0041,0x0041,0x0041,0x0041,0x0041,0x0041,0x0041,0x0041,0x0041,
  0x0041,0x0041,0x0041,0x0041,0x0041,0x0041,0x0041,0x0041,0x0041,0x0041,0x0041,0x0041,0x0041,0x0041,0x0041,0x0041,
  0x0041,0x0041,0x0041,0x0041,0x0041,0x0041,0x0041,0x0041,0x0041,0x0041,0x0041,0x0041,0x0041,0x0041,0x0041,0x0041,
  0x0041,0x0041,0x0041,0x0041,0x0041,0x0041,0x0041,0x0041,0x0041,0x0041,0x0041,0x0041,0x0041,0x0041,0x0041,0x0041,
  0x0041,0x0041,0x0041,0x0041,0x0041,0x0041,0x0041,0x0041,0x0041,0x0041,0x0041,0x0041,0x0041,0x0041,0x0041,0x0041,
  0x0041,0x0041,0x0041,0x0041,0x0041,0x0041,0x0041,0x0041,0x0041,0x0041,0x0041,0x0041,0x0041,0x0041,0x0041,0x0041,
  0x0041,0x0041,0x0041,0x0041,0x0041,0x0041,0x0041,0x0041,0x0041,0x0041,0x0041,0x0041,0x0041,0x0041,0x0041,0x0041,
  0x0041,0x0041,0x0041,0x0041,0x0041,0x0041,0x0041,0x0041,0x0041,0x0041,0x0041,0x0041,0x0041,0x0041,0x0041,0x0041,
  0x0041,0x0041,0x0041,0x0041,0x0041,0x0041,0x0041,0x0041,0x0041,0x0041,0x0041,0x0041,0x0041,0x0041,0x0041,0x0041,
  0x0041,0x0041,0x0041,0x0041,0x0041,0x0041,0x0041,0x0041,0x0041,0x0041,0x0041,0x0041,0x0041,0x0041,0x0041,0x0041,
  0x0041,0x0041,0x0041,0x0041,0x0041,0x0041,0x0041,0x0041,0x0041,0x0041,0x0041,0x0041,0x0041,0x0041,0x0041,0x0041,
  0x0041,0x0041,0x0041,0x0041,0x0041,0x0041,0x0041,0x0041,0x0041,0x0041,0x0041,0x0041,0x0041,0x0041,0x0041,0x0041,
  0x0041,0x0041,0x0041,0x0041,0x0041,0x0041,0x0041,0x0041,0x0041,0x0041,0x0041,0x0041,0x0041,0x0041,0x0041,0x0041,
  0x0041,0x0041,0x0041,0x0041,0x0041,0x0041,0x0041,0x0041,0x0041,0x0041,0x0041,0x0041,0x0041,0x0041,0x0041,0x0041,
  0x0041,0x0041,0x0041,0x0041,0x0041,0x0041,0x0041,0x0041,0x0041,0x0041,0x0041,0x0041,0x0041,0x0041,0x0041,0x0041,
  0x0041,0x0041,0x0041,0x0041,0x0041,0x0041,0x0041,0x0041,0x0041,0x0041,0x0041,0x0041,0x0041,0x0041,0x0041,0x0041,
  0x0041,0x0041,0x0041,0x0041,0x0041,0x0041,0x0041,0x0041,0x0041,0x0041,0x0041,0x0041,0x0041,0x0041,0x0041,0x0041,
  0x0041,0x0041,0x0041,0x0041,0x0041,0x0041,0x0041,0x0041,0x0041,0x0041,0x0041,0x0041,0x0041,0x0041,0x0041,0x0041,
  0x0041,0x0041,0x0041,0x0041,0x0041,0x0041,0x0041,0x0041,0x0041,0x0041,0x0041,0x0041,0x0041,0x0041,0x0041,0x0041,
  0x0041,0x0041,0x0041,0x0041,0x0041,0x0041,0x0041,0x0041,0x0041,0x0041,0x0041,0x0041,0x0041,0x0041,0x0041,0x0041,
  0x0041,0x0041,0x0041,0x0041,0x0041,0x0041,0x0041,0x0041,0x0041,0x0041,0x0041,0x0041,0x0041,0x0041,0x0041,0x0041,
  0x0041,0x0041,0x0041,0x0041,0x0041,0x0041,0x0041,0x0041,0x0041,0x0041,0x0041,0x0041,0x0041,0x0041,0x0041,0x0041,
  0x0041,0x0041,0x0041,0x0041,0x0041,0x0041,0x0041,0x0041,0x0041,0x0041,0x0041,0x0041,0x0041,0x0041,0x0041,0x0041,
  0x0041,0x0041,0x0041,0x0041,0x0041,0x0041,0x0041,0x0041,0x0041,0x0041,0x0041,0x0041,0x0041,0x0041,0x0041,0x0041,
  0x0041,0x0041,0x0041,0x0041,0x0041,0x0041,0x0041,0x0041,0x0041,0x0041,0x0041,0x0041,0x0041,0x0041,0x0041,0x0041,
  0x0041,0x0041,0x0041,0x0041,0x0041,0x0041,0x0041,0x0041,0x0041,0x0041,0x0041,0x0041,0x0041,0x0041,0x0041,0x0041,
  0x0041,0x0041,0x0041,0x0041,0x0041,0x0041,0x0041,0x0041,0x0041,0x0041,0x0041,0x0041,0x0041,0x0041,0x0041,0x0041,
  0x0041,0x0041,0x0041,0x0041,0x0041,0x0041,0x0041,0x0041,0x0041,0x0041,0x0041,0x0041,0x0041,0x0041,0x0041,0x0041,
  0x0041,0x0041,0x0041,0x0041,0x0041,0x0041,0x0041,0x0041,0x0041,0x0041,0x0041,0x0041,0x0041,0x0041,0x0041,0x0041,
  0x0041,0x0041,0x0041,0x0041,0x0041,0x0041,0x0041,0x0041,0x0041,0x0041,0x0041,0x0041,0x0041,0x0041,0x0041,0x0041,
  0x0041,0x0041,0x0041,0x0041,0x0041,0x0041,0x0041,0x0041,0x0041,0x0041,0x0041,0x0041,0x0041,0x0041,0x0041,0x0041,
  0x0041,0x0041,0x0041,0x0041,0x0041,0x0041,0x0041,0x0041,0x0041,0x0041,0x0041,0x0041,0x0041,0x0041,0x0041,0x0041,
  0x0041,0x0041,0x0041,0x0041,0x0041,0x0041,0x0041,0x0041,0x0041,0x0041,0x0041,0x0041,0x0041,0x0041,0x0041,0x0041,
  0x0041,0x0041,0x0041,0x0041,0x0041,0x0041,0x0041,0x0041,0x0041,0x0041,0x0041,0x0041,0x0041,0x0041,0x0041,0x0041,
  0x0041,0x0041,0x0041,0x0041,0x0041,0x0041,0x0041,0x0041,0x0041,0x0041,0x0041,0x0041,0x0041,0x0041,0x0041,0x0041,
  0x0041,0x0041,0x0041,0x0041,0x0041,0x0041,0x0041,0x0041,0x0041,0x0041,0x0041,0x0041,0x0041,0x0041,0x0041,0x0041,
  0x0041,0x0041,0x0041,0x0041,0x0041,0x0041,0x0041,0x0041,0x0041,0x0041,0x0041,0x0041,0x0041,0x0041,0x0041,0x0041,
  0x0041,0x0041,0x0041,0x0041,0x0041,0x0041,0x0041,0x0041,0x0041,0x0041,0x0041,0x0041,0x0041,0x0041,0x0041,0x0041,
  0x0041,0x0041,0x0041,0x0041,0x0041,0x0041,0x0041,0x0041,0x0041,0x0041,0x0041,0x0041,0x0041,0x0041,0x0041,0x0041,
  0x0041,0x0041,0x0041,0x0041,0x0041,0x0041,0x0041,0x0041,0x0041,0x0041,0x0041,0x0041,0x0041,0x0041,0x0041,0x0041,
  0x0041,0x0041,0x0041,0x0041,0x0041,0x0041,0x0041,0x0041,0x0041,0x0041,0x0041,0x0041,0x0041,0x0041,0x0041,0x0041,
  0x0041,0x0041,0x0041,0x0041,0x0041,0x0041,0x0041,0x0041,0x0041,0x0041,0x0041,0x0041,0x0041,0x0041,0x0041,0x0041,
  0x0041,0x0041,0x0041,0x0041,0x0041,0x0041,0x0041,0x0041,0x0041,0x0041,0x0041,0x0041,0x0041,0x0041,0x0041,0x0041,
  0x0041,0x0041,0x0041,0x0041,0x0041,0x0041,0x0041,0x0041,0x0041,0x0041,0x0041,0x0041,0x0041,0x0041,0x0041,0x0041,
  0x0041,0x0041,0x0041,0x0041,0x0041,0x0041,0x0041,0x0041,0x0041,0x0041,0x0041,0x0041,0x0041,0x0041,0x0041,0x0041,
  0x0041,0x0041,0x0041,0x0041,0x0041,0x0041,0x0041,0x0041,0x0041,0x0041,0x0041,0x0041,0x0041,0x0041,0x0041,0x0041,
  0x0041,0x0041,0x0041,0x0041,0x0041,0x0041,0x0041,0x0041,0x0041,0x0041,0x0041,0x0041,0x0041,0x0041,0x0041,0x0041,
  0x0041,0x0041,0x0041,0x0041,0x0041,0x0041,0x0041,0x0041,0x0041,0x0041,0x0041,0x0041,0x0041,0x0041,0x0041,0x0041,
  0x0041,0x0041,0x0041,0x0041,0x0041,0x0041,0x0041,0x0041,0x0041,0x0041,0x0041,0x0041,0x0041,0x0041,0x0041,0x0041,
  0x0041,0x0041,0x0041,0x0041,0x0041,0x0041,0x0041,0x0041,0x0041,0x0041,0x0041,0x0041,0x0041,0x0041,0x0041,0x0041,
  0x0041,0x0041,0x0041,0x0041,0x0041,0x0041,0x0041,0x0041,0x0041,0x0041,0x0041,0x0041,0x0041,0x0041,0x0041,0x0041,
  0x0041,0x0041,0x0041,0x0041,0x0041,0x0041,0x0041,0x0041,0x0041,0x0041,0x0041,0x0041,0x0041,0x0041,0x0041,0x0041,
  0x0041,0x0041,0x0041,0x0041,0x0041,0x0041,0x0041,0x0041,0x0041,0x0041,0x0041,0x0041,0x0041,0x0041,0x0041,0x0041,
  0x0041,0x0041,0x0041,0x0041,0x0041,0x0041,0x0041,0x0041,0x0041,0x0041,0x0041,0x0041,0x0041,0x0041,0x0041,0x0041,
  0x0041,0x0041,0x0041,0x0041,0x0041,0x0041,0x0041,0x0041,0x0041,0x0041,0x0041,0x0041,0x0041,0x0041,0x0041,0x0041,
  0x0041,0x0041,0x0041,0x0041,0x0041,0x0041,0x0041,0x0041,0x0041,0x0041,0x0041,0x0041,0x0041,0x0041,0x0041,0x0041,
  0x0041,0x0041,0x0041,0x0041,0x0041,0x0041,0x0041,0x0041,0x0041,0x0041,0x0041,0x0041,0x0041,0x0041,0x0041,0x0041,
  0x0041,0x0041,0x0041,0x0041,0x0041,0x0041,0x0041,0x0041,0x0041,0x0041,0x0041,0x0041,0x0041,0x0041,0x0041,0x0041,
  0x0041,0x0041,0x0041,0x0041,0x0041,0x0041,0x0041,0x0041,0x0041,0x0041,0x0041,0x0041,0x0041,0x0041,0x0041,0x0041,
  0x0041,0x0041,0x0041,0x0041,0x0041,0x0041,0x0041,0x0041,0x0041,0x0041,0x0041,0x0041,0x0041,0x0041,0x0041,0x0041,
  0x0041,0x0041,0x0041,0x0041,0x0041,0x0041,0x0041,0x0041,0x0041,0x0041,0x0041,0x0041,0x0041,0x0041,0x0041,0x0041,
  0x0041,0x0041,0x0041,0x0041,0x0041,0x0041,0x0041,0x0041,0x0041,0x0041,0x0041,0x0041,0x0041,0x0041,0x0041,0x0041,
  0x0041,0x0041,0x0041,0x0041,0x0041,0x0041,0x0041,0x0041,0x0041,0x0041,0x0041,0x0041,0x0041,0x0041,0x0041,0x0041,
  0x0041,0x0041,0x0041,0x0041,0x0041,0x0041,0x0041,0x0041,0x0041,0x0041,0x0041,0x0041,0x0041,0x0041,0x0041,0x0041,
  0x0041,0x0041,0x0041,0x0041,0x0041,0x0041,0x0041,0x0041,0x0041,0x0041,0x0041,0x0041,0x0041,0x0041,0x0041,0x0041,
  0x0041,0x0041,0x0041,0x0041,0x0041,0x0041,0x0041,0x0041,0x0041,0x0041,0x0041,0x0041,0x0041,0x0041,0x0041,0x0041,
  0x0041,0x0041,0x0041,0x0041,0x0041,0x0041,0x0041,0x0041,0x0041,0x0041,0x0041,0x0041,0x0041,0x0041,0x0041,0x0041,
  0x0041,0x0041,0x0041,0x0041,0x0041,0x0041,0x0041,0x0041,0x0041,0x0041,0x0041,0x0041,0x0041,0x0041,0x0041,0x0041,
  0x0041,0x0041,0x0041,0x0041,0x0041,0x0041,0x0041,0x0041,0x0041,0x0041,0x0041,0x0041,0x0041,0x0041,0x0041,0x0041,
  0x0041,0x0041,0x0041,0x0041,0x0041,0x0041,0x0041,0x0041,0x0041,0x0041,0x0041,0x0041,0x0041,0x0041,0x0041,0x0041,
  0x0041,0x0041,0x0041,0x0041,0x0041,0x0041,0x0041,0x0041,0x0041,0x0041,0x0041,0x0041,0x0041,0x0041,0x0041,0x0041,
  0x0041,0x0041,0x0041,0x0041,0x0041,0x0041,0x0041,0x0041,0x0041,0x0041,0x0041,0x0041,0x0041,0x0041,0x0041,0x0041,
  0x0041,0x0041,0x0041,0x0041,0x0041,0x0041,0x0041,0x0041,0x0041,0x0041,0x0041,0x0041,0x0041,0x0041,0x0041,0x0041,
  0x0041,0x0041,0x0041,0x0041,0x0041,0x0041,0x0041,0x0041,0x0041,0x0041,0x0041,0x0041,0x0041,0x0041,0x0041,0x0041,
  0x0041,0x0041,0x0041,0x0041,0x0041,0x0041,0x0041,0x0041,0x0041,0x0041,0x0041,0x0041,0x0041,0x0041,0x0041,0x0041,
  0x0041,0x0041,0x0041,0x0041,0x0041,0x0041,0x0041,0x0041,0x0041,0x0041,0x0041,0x0041,0x0041,0x0041,0x0041,0x0041,
  0x0041,0x0041,0x0041,0x0041,0x0041,0x0041,0x0041,0x0041,0x0041,0x0041,0x0041,0x0041,0x0041,0x0041,0x0041,0x0041,
  0x0041,0x0041,0x0041,0x0041,0x0041,0x0041,0x0041,0x0041,0x0041,0x0041,0x0041,0x0041,0x0041,0x0041,0x0041,0x0041,
  0x0041,0x0041,0x0041,0x0041,0x0041,0x0041,0x0041,0x0041,0x0041,0x0041,0x0041,0x0041,0x0041,0x0041,0x0041,0x0041,
  0x0041,0x0041,0x0041,0x0041,0x0041,0x0041,0x0041,0x0041,0x0041,0x0041,0x0041,0x0041,0x0041,0x0041,0x0041,0x0041,
  0x0041,0x0041,0x0041,0x0041,0x0041,0x0041,0x0041,0x0041,0x0041,0x0041,0x0041,0x0041,0x0041,0x0041,0x0041,0x0041,
  0x0041,0x0041,0x0041,0x0041,0x0041,0x0041,0x0041,0x0041,0x0041,0x0041,0x0041,0x0041,0x0041,0x0041,0x0041,0x0041,
  0x0041,0x0041,0x0041,0x0041,0x0041,0x0041,0x0041,0x0041,0x0041,0x0041,0x0041,0x0041,0x0041,0x0041,0x0041,0x0041,
  0x0041,0x0041,0x0041,0x0041,0x0041,0x0041,0x0041,0x0041,0x0041,0x0041,0x0041,0x0041,0x0041,0x0041,0x0041,0x0041,
  0x0041,0x0041,0x0041,0x0041,0x0041,0x0041,0x0041,0x0041,0x0041,0x0041,0x0041,0x0041,0x0041,0x0041,0x0041,0x0041,
  0x0041,0x0041,0x0041,0x0041,0x0041,0x0041,0x0041,0x0041,0x0041,0x0041,0x0041,0x0041,0x0041,0x0041,0x0041,0x0041,
  0x0041,0x0041,0x0041,0x0041,0x0041,0x0041,0x0041,0x0041,0x0041,0x0041,0x0041,0x0041,0x0041,0x0041,0x0041,0x0041,
  0x0041,0x0041,0x0041,0x0041,0x0041,0x0041,0x0041,0x0041,0x0041,0x0041,0x0041,0x0041,0x0041,0x0041,0x0041,0x0041,
  0x0041,0x0041,0x0041,0x0041,0x0041,0x0041,0x0041,0x0041,0x0041,0x0041,0x0041,0x0041,0x0041,0x0041,0x0041,0x0041,
  0x0041,0x0041,0x0041,0x0041,0x0041,0x0041,0x0041,0x0041,0x0041,0x0041,0x0041,0x0041,0x0041,0x0041,0x0041,0x0041,
  0x0041,0x0041,0x0041,0x0041,0x0041,0x0041,0x0041,0x0041,0x0041,0x0041,0x0041,0x0041,0x0041,0x0041,0x0041,0x0041,
  0x0041,0x0041,0x0041,0x0041,0x0041,0x0041,0x0041,0x0041,0x0041,0x0041,0x0041,0x0041,0x0041,0x0041,0x0041,0x0041,
  0x0041,0x0041,0x0041,0x0041,0x0041,0x0041,0x0041,0x0041,0x0041,0x0041,0x0041,0x0041,0x0041,0x0041,0x0041,0x0041,
  0x0041,0x0041,0x0041,0x0041,0x0041,0x0041,0x0041,0x0041,0x0041,0x0041,0x0041,0x0041,0x0041,0x0041,0x0041,0x0041,
  0x0041,0x0041,0x0041,0x0041,0x0041,0x0041,0x0041,0x0041,0x0041,0x0041,0x0041,0x0041,0x0041,0x0041,0x0041,0x0041,
  0x0041,0x0041,0x0041,0x0041,0x0041,0x0041,0x0041,0x0041,0x0041,0x0041,0x0041,0x0041,0x0041,0x0041,0x0041,0x0041,
  0x0041,0x0041,0x0041,0x0041,0x0041,0x0041,0x0041,0x0041,0x0041,0x0041,0x0041,0x0041,0x0041,0x0041,0x0041,0x0041,
  0x0041,0x0041,0x0041,0x0041,0x0041,0x0041,0x0041,0x0041,0x0041,0x0041,0x0041,0x0041,0x0041,0x0041,0x0041,0x0041,
  0x0041,0x0041,0x0041,0x0041,0x0041,0x0041,0x0041,0x0041,0x0041,0x0041,0x0041,0x0041,0x0041,0x0041,0x0041,0x0041,
  0x0041,0x0041,0x0041,0x0041,0x0041,0x0041,0x0041,0x0041,0x0041,0x0041,0x0041,0x0041,0x0041,0x0041,0x0041,0x0041,
  0x0041,0x0041,0x0041,0x0041,0x0041,0x0041,0x0041,0x0041,0x0041,0x0041,0x0041,0x0041,0x0041,0x0041,0x0041,0x0041,
  0x0041,0x0041,0x0041,0x0041,0x0041,0x0041,0x0041,0x0041,0x0041,0x0041,0x0041,0x0041,0x0041,0x0041,0x0041,0x0041,
  0x0041,0x0041,0x0041,0x0041,0x0041,0x0041,0x0041,0x0041,0x0041,0x0041,0x0041,0x0041,0x0041,0x0041,0x0041,0x0041,
  0x0041,0x0041,0x0041,0x0041,0x0041,0x0041,0x0041,0x0041,0x0041,0x0041,0x0041,0x0041,0x0041,0x0041,0x0041,0x0041,
  0x0041,0x0041,0x0041,0x0041,0x0041,0x0041,0x0041,0x0041,0x0041,0x0041,0x0041,0x0041,0x0041,0x0041,0x0041,0x0041,
  0x0041,0x0041,0x0041,0x0041,0x0041,0x0041,0x0041,0x0041,0x0041,0x0041,0x0041,0x0041,0x0041,0x0041,0x0041,0x0041,
  0x0041,0x0041,0x0041,0x0041,0x0041,0x0041,0x0041,0x0041,0x0041,0x0041,0x0041,0x0041,0x0041,0x0041,0x0041,0x0041,
  0x0041,0x0041,0x0041,0x0041,0x0041,0x0041,0x0041,0x0041,0x0041,0x0041,0x0041,0x0041,0x0041,0x0041,0x0041,0x0041,
  0x0041,0x0041,0x0041,0x0041,0x0041,0x0041,0x0041,0x0041,0x0041,0x0041,0x0041,0x0041,0x0041,0x0041,0x0041,0x0041,
  0x0041,0x0041,0x0041,0x0041,0x0041,0x0041,0x0041,0x0041,0x0041,0x0041,0x0041,0x0041,0x0041,0x0041,0x0041,0x0041,
  0x0041,0x0041,0x0041,0x0041,0x0041,0x0041,0x0041,0x0041,0x0041,0x0041,0x0041,0x0041,0x0041,0x0041,0x0041,0x0041,
  0x0041,0x0041,0x0041,0x0041,0x0041,0x0041,0x0041,0x0041,0x0041,0x0041,0x0041,0x0041,0x0041,0x0041,0x0041,0x0041,
  0x0041,0x0041,0x0041,0x0041,0x0041,0x0041,0x0041,0x0041,0x0041,0x0041,0x0041,0x0041,0x0041,0x0041,0x0041,0x0041,
  0x0041,0x0041,0x0041,0x0041,0x0041,0x0041,0x0041,0x0041,0x0041,0x0041,0x0041,0x0041,0x0041,0x0041,0x0041,0x0041,
  0x0041,0x0041,0x0041,0x0041,0x0041,0x0041,0x0041,0x0041,0x0041,0x0041,0x0041,0x0041,0x0041,0x0041,0x0041,0x0041,
  0x0041,0x0041,0x0041,0x0041,0x0041,0x0041,0x0041,0x0041,0x0041,0x0041,0x0041,0x0041,0x0041,0x0041,0x0041,0x0041,
  0x0041,0x0041,0x0041,0x0041,0x0041,0x0041,0x0041,0x0041,0x0041,0xC467,0xC467,0xC467,0xC467,0xC467,0xC467,0xC467,
  0xC467,0xC467,0x19A7,0x19A7,0x19A7,0x19A7,0x19A7,0x19A7,0x19A7,0x19A7,0x19A7,0x19A7,0x19A7,0x19A7,0x19A7,0x19A7,
  0x19A7,0x19A7,0x19A7,0x19A7,0x19A7,0x19A7,0x19A7,0x19A7,0x19A7,0x19A7,0x19A7,0x19A7,0x19A7,0x19A7,0x19A7,0x19A7,
  0x19A7,0x19A7,0x19A7,0x19A7,0x19A7,0x19A7,0x19A7,0x19A7,0x19A7,0x19A7,0x19A7,0x19A7,0x19A7,0x19A7,0x19A7,0x19A7,
  0x19A7,0x19A7,0x19A7,0x19A7,0x19A7,0x19A7,0x19A7,0x19A7,0x19A7,0x19A7,0x19A7,0x19A7,0x19A7,0x19A7,0x19A7,0x19A7,
  0x19A7,0x19A7,0x19A7,0x19A7,0x19A7,0x19A7,0x19A7,0x19A7,0x19A7,0x19A7,0x19A7,0x19A7,0x19A7,0x19A7,0x19A7,0x19A7,
  0x19A7,0x19A7,0x19A7,0x19A7,0x19A7,0x19A7,0x19A7,0x19A7,0x19A7,0x19A7,0x19A7,0x19A7,0x19A7,0x19A7,0x19A7,0x19A7,
  0x19A7,0x19A7,0x19A7,0x19A7,0x19A7,0x19A7,0x19A7,0x19A7,0x19A7,0x19A7,0x19A7,0x19A7,0x19A7,0x19A7,0x19A7,0x19A7,
  0x19A7,0x19A7,0x19A7,0x19A7,0x19A7,0x19A7,0x19A7,0x19A7,0x19A7,0x19A7,0x19A7,0x19A7,0x19A7,0x19A7,0x19A7,0x19A7,
  0x19A7,0x19A7,0x19A7,0x19A7,0x19A7,0x19A7,0x19A7,0x19A7,0x19A7,0x19A7,0x19A7,0x19A7,0x19A7,0x19A7,0x19A7,0x19A7,
  0x19A7,0x19A7,0x19A7,0x19A7,0x19A7,0x19A7,0x19A7,0x19A7,0x19A7,0x19A7,0x19A7,0x19A7,0x19A7,0x19A7,0x19A7,0x19A7,
  0x19A7,0x19A7,0x19A7,0x19A7,0x19A7,0x19A7,0x19A7,0x19A7,0x19A7,0x19A7,0x19A7,0x19A7,0x19A7,0x19A7,0x19A7,0x19A7,
  0x19A7,0x19A7,0x19A7,0x19A7,0x19A7,0x19A7,0x19A7,0x19A7,0x19A7,0x19A7,0x19A7,0x19A7,0x19A7,0x19A7,0x19A7,0x19A7,
  0x19A7,0x19A7,0x19A7,0x19A7,0x19A7,0x19A7,0x19A7,0x19A7,0x19A7,0x19A7,0x19A7,0x19A7,0x19A7,0x19A7,0x19A7,0x19A7,
  0x19A7,0x19A7,0x19A7,0x19A7,0x19A7,0x19A7,0x19A7,0x19A7,0x19A7,0x19A7,0x19A7,0x19A7,0x19A7,0x19A7,0x19A7,0x19A7,
  0x19A7,0x19A7,0x19A7,0x19A7,0x19A7,0x19A7,0x19A7,0x19A7,0x19A7,0x19A7,0x19A7,0x19A7,0x19A7,0x19A7,0x19A7,0x19A7,
  0x19A7,0x19A7,0x19A7,0x19A7,0x19A7,0x19A7,0x19A7,0x19A7,0x19A7,0x19A7,0x19A7,0x19A7,0x19A7,0x19A7,0x19A7,0x19A7,
  0x19A7,0x19A7,0x19A7,0x19A7,0x19A7,0x19A7,0x19A7,0x19A7,0x19A7,0x19A7,0x19A7,0x19A7,0x19A7,0x19A7,0x19A7,0x19A7,
  0x19A7,0x19A7,0x19A7,0x19A7,0x19A7,0x19A7,0x19A7,0x19A7,0x19A7,0x19A7,0x19A7,0x19A7,0x19A7,0x19A7,0x19A7,0x19A7,
  0x19A7,0x19A7,0x19A7,0x19A7,0x19A7,0x19A7,0x1987,0x0882,0x0041,0x0041,0x0041,0x0041,0x0041,0x0041,0x0041,0x0041,
  0x0041,0x0041,0x0041,0x0041,0x0041,0x0041,0x0041,0x0041,0x0041,0xCC87,0xC446,0xC446,0xC446,0xC446,0xC446,0xC446,
  0xC446,0xC446,0x1105,0x1105,0x1105,0x1105,0x1105,0x1105,0x1105,0x1105,0x1105,0x1105,0x1105,0x1105,0x1105,0x1105,
  0x1105,0x1105,0x1105,0x1105,0x1105,0x1105,0x1105,0x1105,0x1105,0x1105,0x1105,0x1105,0x1105,0x1105,0x1105,0x1105,
  0x1105,0x1105,0x1105,0x1105,0x1105,0x1105,0x1105,0x1105,0x1105,0x1105,0x1105,0x1105,0x1105,0x1105,0x1105,0x1105,
  0x1105,0x1105,0x1105,0x1105,0x1105,0x1105,0x1105,0x1105,0x1105,0x1105,0x1105,0x1105,0x1105,0x1105,0x1105,0x1105,
  0x1105,0x1105,0x1105,0x1105,0x1105,0x1105,0x1105,0x1105,0x1105,0x1105,0x1105,0x1105,0x1105,0x1105,0x1105,0x1105,
  0x1105,0x1105,0x1105,0x1105,0x1105,0x1105,0x1105,0x1105,0x1105,0x1105,0x1105,0x1104,0x1104,0x1104,0x1104,0x1104,
  0x1104,0x1104,0x1104,0x1104,0x1104,0x1104,0x1104,0x1104,0x1104,0x1104,0x1104,0x1104,0x1104,0x1104,0x1104,0x1104,
  0x1104,0x1104,0x1104,0x1104,0x1104,0x1104,0x1104,0x1104,0x1104,0x1104,0x1104,0x1104,0x1104,0x1104,0x1104,0x1104,
  0x1104,0x1104,0x1104,0x1104,0x1104,0x1104,0x1104,0x1104,0x1104,0x1104,0x1104,0x1104,0x1104,0x1104,0x1104,0x1104,
  0x1104,0x1104,0x1104,0x1104,0x1104,0x1104,0x1104,0x1104,0x1104,0x1104,0x1104,0x1104,0x1104,0x1104,0x1104,0x1104,
  0x1104,0x1104,0x1104,0x1104,0x1104,0x1104,0x1104,0x1104,0x1104,0x1104,0x1104,0x1104,0x1104,0x1104,0x1104,0x1104,
  0x1104,0x1104,0x1104,0x1104,0x1104,0x1104,0x1104,0x1104,0x1104,0x1104,0x1104,0x1104,0x1104,0x1104,0x1104,0x1104,
  0x1104,0x1104,0x1104,0x1104,0x1104,0x1104,0x1104,0x1104,0x1104,0x1104,0x1104,0x1104,0x1104,0x1104,0x1104,0x1104,
  0x1104,0x1104,0x1104,0x1104,0x1104,0x1104,0x1104,0x1104,0x1104,0x1104,0x1104,0x1104,0x1104,0x1104,0x1104,0x1104,
  0x1104,0x1104,0x1104,0x1104,0x1104,0x1104,0x1104,0x1104,0x1104,0x1104,0x1104,0x1104,0x1104,0x1104,0x1104,0x1104,
  0x1104,0x1104,0x1104,0x1104,0x1104,0x1104,0x1104,0x1104,0x1104,0x1104,0x1104,0x1104,0x1104,0x1104,0x1104,0x1104,
  0x1104,0x1104,0x10E4,0x10E4,0x10E4,0x10E4,0x10E4,0x10E4,0x10E4,0x10E4,0x10E4,0x10E4,0x10E4,0x10E4,0x10E4,0x10E4,
  0x10E4,0x10E4,0x10E4,0x10E4,0x10E4,0x10E4,0x10E4,0x10E4,0x10E4,0x10E4,0x10E4,0x10E4,0x10E4,0x10E4,0x10E4,0x10E4,
  0x10E4,0x10E4,0x10E4,0x10E4,0x10E4,0x10E4,0x21C8,0x08C3,0x0041,0x0041,0x0041,0x0041,0x0041,0x0041,0x0041,0x0041,
  0x0041,0x0041,0x0041,0x0041,0x0041,0x0041,0x0041,0x0041,0x0041,0xCC87,0xC426,0x08C3,0x08C3,0x08C3,0x08C3,0x08C3,
  0x08C3,0x08C3,0x08C3,0x08C3,0x08C3,0x08C3,0x08C3,0x08C3,0x08C3,0x08C3,0x08C3,0x08C3,0x08C3,0x08C3,0x08C3,0x08C3,
  0x08C3,0x08C3,0x08C3,0x08C3,0x08C3,0x08C3,0x08C3,0x08A3,0x08A3,0x08A3,0x08A3,0x08A3,0x08A3,0x08A3,0x08A3,0x08A3,
  0x08A3,0x08A3,0x08A3,0x08A3,0x08A3,0x08A3,0x08A3,0x08A3,0x08A3,0x08A3,0x08A3,0x08A3,0x08A3,0x08A3,0x08A3,0x08A3,
  0x08A3,0x08A3,0x08A3,0x08A3,0x08A3,0x08A3,0x08A3,0x08A3,0x08A3,0x08A3,0x08A3,0x08A3,0x08A3,0x08A3,0x08A3,0x08A3,
  0x08A3,0x08A3,0x08A3,0x08A3,0x08A3,0x08A3,0x08A3,0x08A3,0x08A3,0x08A3,0x08A3,0x08A3,0x08A3,0x08A3,0x08A3,0x08A3,
  0x08A3,0x08A3,0x08A3,0x08A3,0x08A3,0x08A3,0x08A3,0x08A3,0x08A3,0x08A3,0x08A3,0x08A3,0x08A3,0x08A3,0x08A3,0x08A3,
  0x08A3,0x08A3,0x08A3,0x08A3,0x08A3,0x08A3,0x08A3,0x08A3,0x08A3,0x08A3,0x08A3,0x08A3,0x08A3,0x08A3,0x08A3,0x08A3,
  0x08A3,0x08A3,0x08A3,0x08A3,0x08A3,0x08A3,0x08A3,0x08A3,0x08A3,0x08A3,0x08A3,0x08A3,0x08A3,0x08A3,0x08A3,0x08A3,
  0x08A3,0x08A3,0x08A3,0x08A3,0x08A3,0x08A3,0x08A3,0x08A3,0x08A3,0x08A3,0x08A3,0x08A3,0x08A3,0x08A3,0x08A3,0x08A3,
  0x08A3,0x08A3,0x08A3,0x08A3,0x08A3,0x08A3,0x08A3,0x08A3,0x08A3,0x08A3,0x08A3,0x08A3,0x08A3,0x08A3,0x08A3,0x08A3,
  0x08A3,0x08A3,0x08A3,0x08A3,0x08A3,0x08A3,0x08A3,0x08A3,0x08A3,0x08A3,0x08A3,0x08A3,0x08A3,0x08A3,0x08A3,0x08A3,
  0x08A3,0x08A3,0x08A3,0x08A3,0x08A3,0x08A3,0x08A3,0x08A3,0x08A3,0x08A3,0x08A3,0x08A3,0x08A3,0x08A3,0x08A3,0x08A3,
  0x08A3,0x08A3,0x08A3,0x08A3,0x08A3,0x08A3,0x08A3,0x08A3,0x08A3,0x08A3,0x08A3,0x08A3,0x08A3,0x08A3,0x08A3,0x08A3,
  0x08A3,0x08A3,0x08A3,0x08A3,0x08A3,0x08A3,0x08A3,0x08A3,0x08A3,0x08A3,0x08A3,0x08A3,0x08A3,0x08A3,0x08A3,0x08A3,
  0x08A3,0x08A3,0x08A3,0x08A3,0x08A3,0x08A3,0x08A3,0x08A3,0x08A3,0x08A3,0x08A3,0x08A3,0x08A3,0x08A3,0x08A3,0x08A3,
  0x08A3,0x08A3,0x08A3,0x08A3,0x08A3,0x08A3,0x08A3,0x08A3,0x08A3,0x08A3,0x08A3,0x08A3,0x08A3,0x08A3,0x08A3,0x08A3,
  0x08A3,0x08A3,0x08A3,0x08A3,0x08A3,0x08A3,0x08A3,0x08A3,0x08A3,0x08A3,0x08A3,0x08A3,0x08A3,0x08A3,0x08A3,0x08A3,
  0x08A3,0x08A3,0x08A3,0x08A3,0x08A3,0x08A3,0x08A3,0x08A3,0x08A3,0x08A3,0x08A3,0x08A3,0x08A3,0x08A3,0x08A3,0x08A3,
  0x08A3,0x08A3,0x08A3,0x08A3,0x08A3,0x08A3,0x19A7,0x08C3,0x0041,0x0041,0x0041,0x0041,0x0041,0x0041,0x0041,0x0041,
  0x0041,0x0041,0x0041,0x0041,0x0041,0x0041,0x0041,0x0041,0x0041,0xCC87,0xC426,0x08C3,0x08C3,0x08C3,0x08C3,0x08C3,
  0x08C3,0x08C3,0x08C3,0x08C3,0x08C3,0x08C3,0x08C3,0x08C3,0x08C3,0x08C3,0x08C3,0x08C3,0x08C3,0x08C3,0x08C3,0x08C3,
  0x08C3,0x08C3,0x08C3,0x08C3,0x08A3,0x08A3,0x08A3,0x08A3,0x08A3,0x08A3,0x08A3,0x08A3,0x08A3,0x08A3,0x08A3,0x08A3,
  0x08A3,0x08A3,0x08A3,0x08A3,0x08A3,0x08A3,0x08A3,0x08A3,0x08A3,0x08A3,0x08A3,0x08A3,0x08A3,0x08A3,0x08A3,0x08A3,
  0x08A3,0x08A3,0x08A3,0x08A3,0x08A3,0x08A3,0x08A3,0x08A3,0x08A3,0x08A3,0x08A3,0x08A3,0x08A3,0x08A3,0x08A3,0x08A3,
  0x08A3,0x08A3,0x08A3,0x08A3,0x08A3,0x08A3,0x08A3,0x08A3,0x08A3,0x08A3,0x08A3,0x08A3,0x08A3,0x08A3,0x08A3,0x08A3,
  0x08A3,0x08A3,0x08A3,0x08A3,0x08A3,0x08A3,0x08A3,0x08A3,0x08A3,0x08A3,0x08A3,0x08A3,0x08A3,0x08A3,0x08A3,0x08A3,
  0x08A3,0x08A3,0x08A3,0x08A3,0x08A3,0x08A3,0x08A3,0x08A3,0x08A3,0x08A3,0x08A3,0x08A3,0x08A3,0x08A3,0x08A3,0x08A3,
  0x08A3,0x08A3,0x08A3,0x08A3,0x08A3,0x08A3,0x08A3,0x08A3,0x08A3,0x08A3,0x08A3,0x08A3,0x08A3,0x08A3,0x08A3,0x08A3,
  0x08A3,0x08A3,0x08A3,0x08A3,0x08A3,0x08A3,0x08A3,0x08A3,0x08A3,0x08A3,0x08A3,0x08A3,0x08A3,0x08A3,0x08A3,0x08A3,
  0x08A3,0x08A3,0x08A3,0x08A3,0x08A3,0x08A3,0x08A3,0x08A3,0x08A3,0x08A3,0x08A3,0x08A3,0x08A3,0x08A3,0x08A3,0x08A3,
  0x08A3,0x08A3,0x08A3,0x08A3,0x08A3,0x08A3,0x08A3,0x08A3,0x08A3,0x08A3,0x08A3,0x08A3,0x08A3,0x08A3,0x08A3,0x08A3,
  0x08A3,0x08A3,0x08A3,0x08A3,0x08A3,0x08A3,0x08A3,0x08A3,0x08A3,0x08A3,0x08A3,0x08A3,0x08A3,0x08A3,0x08A3,0x08A3,
  0x08A3,0x08A3,0x08A3,0x08A3,0x08A3,0x08A3,0x08A3,0x08A3,0x08A3,0x08A3,0x08A3,0x08A3,0x08A3,0x08A3,0x08A3,0x08A3,
  0x08A3,0x08A3,0x08A3,0x08A3,0x08A3,0x08A3,0x08A3,0x08A3,0x08A3,0x08A3,0x08A3,0x08A3,0x08A3,0x08A3,0x08A3,0x08A3,
  0x08A3,0x08A3,0x08A3,0x08A3,0x08A3,0x08A3,0x08A3,0x08A3,0x08A3,0x08A3,0x08A3,0x08A3,0x08A3,0x08A3,0x08A3,0x08A3,
  0x08A3,0x08A3,0x08A3,0x08A3,0x08A3,0x08A3,0x08A3,0x08A3,0x08A3,0x08A3,0x08A3,0x08A3,0x08A3,0x08A3,0x08A3,0x08A3,
  0x08A3,0x08A3,0x08A3,0x08A3,0x08A3,0x08A3,0x08A3,0x08A3,0x08A3,0x08A3,0x08A3,0x08A3,0x08A3,0x08A3,0x08A3,0x08A3,
  0x08A3,0x08A3,0x08A3,0x08A3,0x08A3,0x08A3,0x08A3,0x08A3,0x08A3,0x08A3,0x08A3,0x08A3,0x08A3,0x08A3,0x08A3,0x08A3,
  0x08A3,0x08A3,0x08A3,0x08A3,0x08A3,0x08A3,0x19A7,0x08C3,0x0041,0x0041,0x0041,0x0041,0x0041,0x0041,0x0041,0x0041,
  0x0041,0x0041,0x0041,0x0041,0x0041,0x0041,0x0041,0x0041,0x0041,0xCC87,0xC426,0x08C3,0x08C3,0x08C3,0x08C3,0x08C3,
  0x08C3,0x93E9,0xFE6F,0x2964,0xB4CB,0xB4CB,0x08C3,0xB4CB,0xD56C,0x08C3,0xE5CD,0x9C0A,0x08C3,0x9C2A,0xF62E,0x1924,
  0x93E9,0xFE8F,0x1904,0x08A3,0x08A3,0x08A3,0x08A3,0x08A3,0x08A3,0x08A3,0x3185,0xD58D,0xF62E,0x7328,0x08A3,0x3185,
  0xD58D,0xF62E,0x7328,0x08A3,0x93E9,0xFE8F,0xF64E,0x9C2A,0x08A3,0x08A3,0x08A3,0x08A3,0x08A3,0x08A3,0x08A3,0x08A3,
  0x08A3,0x08A3,0x08A3,0x08A3,0x08A3,0x08A3,0x08A3,0x08A3,0x08A3,0x08A3,0x08A3,0x08A3,0x08A3,0x08A3,0x08A3,0x08A3,
  0x08A3,0x08A3,0x08A3,0x08A3,0x08A3,0x08A3,0x08A3,0x08A3,0x08A3,0x08A3,0x08A3,0x08A3,0x08A3,0x08A3,0x08A3,0x08A3,
  0x08A3,0x08A3,0x08A3,0x08A3,0x08A3,0x08A3,0x08A3,0x08A3,0x08A3,0x08A3,0x08A3,0x08A3,0x08A3,0x08A3,0x08A3,0x08A3,
  0x08A3,0x08A3,0x08A3,0x08A3,0x08A3,0x08A3,0x08A3,0x08A3,0x08A3,0x08A3,0x08A3,0x08A3,0x08A3,0x08A3,0x08A3,0x08A3,
  0x08A3,0x08A3,0x08A3,0x08A3,0x08A3,0x08A3,0x08A3,0x08A3,0x08A3,0x08A3,0x08A3,0x08A3,0x08A3,0x08A3,0x08A3,0x08A3,
  0x08A3,0x08A3,0x08A3,0x08A3,0x08A3,0x08A3,0x08A3,0x08A3,0x08A3,0x08A3,0x08A3,0x08A3,0x08A3,0x08A3,0x08A3,0x08A3,
  0x08A3,0x08A3,0x08A3,0x08A3,0x08A3,0x08A3,0x08A3,0x08A3,0x08A3,0x08A3,0x08A3,0x08A3,0x08A3,0x08A3,0x08A3,0x08A3,
  0x08A3,0x08A3,0x08A3,0x08A3,0x08A3,0x08A3,0x08A3,0x08A3,0x08A3,0x08A3,0x08A3,0x08A3,0x08A3,0x08A3,0x08A3,0x08A3,
  0x08A3,0x08A3,0x08A3,0x08A3,0x08A3,0x08A3,0x08A3,0x08A3,0x08A3,0x08A3,0x08A3,0x08A3,0x08A3,0x08A3,0x08A3,0x08A3,
  0x08A3,0x08A3,0x08A3,0x08A3,0x08A3,0x08A3,0x08A3,0x08A3,0x08A3,0x08A3,0x08A3,0x08A3,0x08A3,0x08A3,0x08A3,0x08A3,
  0x08A3,0x08A3,0x08A3,0x08A3,0x08A3,0x08A3,0x08A3,0x08A3,0x08A3,0x08A3,0x08A3,0x08A3,0x08A3,0x08A3,0x08A3,0x08A3,
  0x08A3,0x08A3,0x08A3,0x08A3,0x08A3,0x08A3,0x08A3,0x08A3,0x08A3,0x08A3,0x08A3,0x08A3,0x08A3,0x08A3,0x08A3,0x08A3,
  0x08A3,0x08A3,0x08A3,0x08A3,0x08A3,0x08A3,0x08A3,0x08A3,0x08A3,0x08A3,0x08A3,0x08A3,0x08A3,0x08A3,0x08A3,0x08A3,
  0x08A3,0x08A3,0x08A3,0x08A3,0x08A3,0x08A3,0x08A3,0x08A3,0x08A3,0x08A3,0x08A3,0x08A3,0x08A3,0x08A3,0x08A3,0x08A3,
  0x08A3,0x08A3,0x08A3,0x08A3,0x08A3,0x08A3,0x08A3,0x08A3,0x08A3,0x08A3,0x08A3,0x08A3,0x08A3,0x08A3,0x08A3,0x08A3,
  0x08A3,0x08A3,0x08A3,0x08A3,0x08A3,0x08A3,0x19A7,0x08C3,0x0041,0x0041,0x0041,0x0041,0x0041,0x0041,0x0041,0x0041,
  0x0041,0x0041,0x0041,0x0041,0x0041,0x0041,0x0041,0x0041,0x0041,0xCC87,0xC426,0x08C3,0x08C3,0x08C3,0x08C3,0x08C3,
  0x08C3,0x940A,0xFE8F,0x6AE8,0xB4CB,0xBCCB,0x08C3,0x8BC9,0xF64E,0x1904,0xFE6F,0x6B08,0x08C3,0x9C2A,0xFE8F,0x93E9,
  0xF62E,0xFE8F,0x1904,0x08A3,0x08A3,0x08A3,0x08A3,0x08A3,0x08A3,0x08A3,0xA46A,0xE5CD,0xAC6B,0xFE6E,0x1104,0xA46A,
  0xE5CD,0xAC6B,0xFE6E,0x1104,0x93EA,0xEDEE,0x93C9,0xFE8F,0x4226,0x08A3,0x08A3,0x08A3,0x08A3,0x08A3,0x08A3,0x08A3,
  0x08A3,0x08A3,0x08A3,0x08A3,0x08A3,0x08A3,0x08A3,0x08A3,0x08A3,0x08A3,0x08A3,0x08A3,0x08A3,0x08A3,0x08A3,0x08A3,
  0x08A3,0x08A3,0x08A3,0x08A3,0x08A3,0x08A3,0x08A3,0x08A3,0x08A3,0x08A3,0x08A3,0x08A3,0x08A3,0x08A3,0x08A3,0x08A3,
  0x08A3,0x08A3,0x08A3,0x08A3,0x08A3,0x08A3,0x08A3,0x08A3,0x08A3,0x08A3,0x08A3,0x08A3,0x08A3,0x08A3,0x08A3,0x08A3,
  0x08A3,0x08A3,0x08A3,0x08A3,0x08A3,0x08A3,0x08A3,0x08A3,0x08A3,0x08A3,0x08A3,0x08A3,0x08A3,0x08A3,0x08A3,0x08A3,
  0x08A3,0x08A3,0x08A3,0x08A3,0x08A3,0x08A3,0x08A3,0x08A3,0x08A3,0x08A3,0x08A3,0x08A3,0x08A3,0x08A3,0x08A3,0x08A3,
  0x08A3,0x08A3,0x08A3,0x08A3,0x08A3,0x08A3,0x08A3,0x08A3,0x08A3,0x08A3,0x08A3,0x08A3,0x08A3,0x08A3,0x08A3,0x08A3,
  0x08A3,0x08A3,0x08A3,0x08A3,0x08A3,0x08A3,0x08A3,0x08A3,0x08A3,0x08A3,0x08A3,0x08A3,0x08A3,0x08A3,0x08A3,0x08A3,
  0x08A3,0x08A3,0x08A3,0x08A3,0x08A3,0x08A3,0x08A3,0x08A3,0x08A3,0x08A3,0x08A3,0x08A3,0x08A3,0x08A3,0x08A3,0x08A3,
  0x08A3,0x08A3,0x08A3,0x08A3,0x08A3,0x08A3,0x08A3,0x08A3,0x08A3,0x08A3,0x08A3,0x08A3,0x08A3,0x08A3,0x08A3,0x08A3,
  0x08A3,0x08A3,0x08A3,0x08A3,0x08A3,0x08A3,0x08A3,0x08A3,0x08A3,0x08A3,0x08A3,0x08A3,0x08A3,0x08A3,0x08A3,0x08A3,
  0x08A3,0x08A3,0x08A3,0x08A3,0x08A3,0x08A3,0x08A3,0x08A3,0x08A3,0x08A3,0x08A3,0x08A3,0x08A3,0x08A3,0x08A3,0x08A3,
  0x08A3,0x08A3,0x08A3,0x08A3,0x08A3,0x08A3,0x08A3,0x08A3,0x08A3,0x08A3,0x08A3,0x08A3,0x08A3,0x08A3,0x08A3,0x08A3,
  0x08A3,0x08A3,0x08A3,0x08A3,0x08A3,0x08A3,0x08A3,0x08A3,0x08A3,0x08A3,0x08A3,0x08A3,0x08A3,0x08A3,0x08A3,0x08A3,
  0x08A3,0x08A3,0x08A3,0x08A3,0x08A3,0x08A3,0x08A3,0x08A3,0x08A3,0x08A3,0x08A3,0x08A3,0x08A3,0x08A3,0x08A3,0x08A3,
  0x08A3,0x08A3,0x08A3,0x08A3,0x08A3,0x08A3,0x08A3,0x08A3,0x08A3,0x08A3,0x08A3,0x08A3,0x08A3,0x08A3,0x08A3,0x08A3,
  0x08A3,0x08A3,0x08A3,0x08A3,0x08A3,0x08A3,0x19A7,0x08C3,0x0041,0x0041,0x0041,0x0041,0x0041,0x0041,0x0041,0x0041,
  0x0041,0x0041,0x0041,0x0041,0x0041,0x0041,0x0041,0x0041,0x0041,0xCC87,0xC426,0x08C3,0x08C3,0x08C3,0x08C3,0x08C3,
  0x08C3,0x940A,0xFE8F,0xAC8B,0xB4CB,0xBCCB,0x08C3,0x5AA7,0xFE8F,0x5A87,0xFE8F,0x41E5,0x08A3,0x9C2A,0xFE4E,0xFE8F,
  0xFE4E,0xFE8F,0x41E6,0xDD8D,0xF62E,0x8389,0x08A3,0x08A3,0x08A3,0x08A3,0xAC6B,0xCD6C,0x3185,0xA44A,0x2124,0xAC6B,
  0xCD6C,0x3185,0xA44A,0x2124,0x93EA,0xDDAD,0x10E4,0xFE8F,0x62E7,0x08A3,0x08A3,0x08A3,0x08A3,0x08A3,0x08A3,0x08A3,
  0x08A3,0x08A3,0x08A3,0x08A3,0x08A3,0x08A3,0x08A3,0x08A3,0x08A3,0x08A3,0x08A3,0x08A3,0x08A3,0x08A3,0x08A3,0x08A3,
  0x08A3,0x08A3,0x08A3,0x08A3,0x08A3,0x08A3,0x08A3,0x08A3,0x08A3,0x08A3,0x08A3,0x08A3,0x08A3,0x08A3,0x08A3,0x08A3,
  0x08A3,0x08A3,0x08A3,0x08A3,0x08A3,0x08A3,0x08A3,0x08A3,0x08A3,0x08A3,0x08A3,0x08A3,0x08A3,0x08A3,0x08A3,0x08A3,
  0x08A3,0x08A3,0x08A3,0x08A3,0x08A3,0x08A3,0x08A3,0x08A3,0x08A3,0x08A3,0x08A3,0x08A3,0x08A3,0x08A3,0x08A3,0x08A3,
  0x08A3,0x08A3,0x08A3,0x08A3,0x08A3,0x08A3,0x08A3,0x08A3,0x08A3,0x08A3,0x08A3,0x08A3,0x08A3,0x08A3,0x08A3,0x08A3,
  0x08A3,0x08A3,0x08A3,0x08A3,0x08A3,0x08A3,0x08A3,0x08A3,0x08A3,0x08A3,0x08A3,0x08A3,0x08A3,0x08A3,0x08A3,0x08A3,
  0x08A3,0x08A3,0x08A3,0x08A3,0x08A3,0x08A3,0x08A3,0x08A3,0x08A3,0x08A3,0x08A3,0x08A3,0x08A3,0x08A3,0x08A3,0x08A3,
  0x08A3,0x08A3,0x08A3,0x08A3,0x08A3,0x08A3,0x08A3,0x08A3,0x08A3,0x08A3,0x08A3,0x08A3,0x08A3,0x08A3,0x08A3,0x08A3,
  0x08A3,0x08A3,0x08A3,0x08A3,0x08A3,0x08A3,0x08A3,0x08A3,0x08A3,0x08A3,0x08A3,0x08A3,0x08A3,0x08A3,0x08A3,0x08A3,
  0x08A3,0x08A3,0x08A3,0x08A3,0x08A3,0x08A3,0x08A3,0x08A3,0x08A3,0x08A3,0x08A3,0x08A3,0x08A3,0x08A3,0x08A3,0x08A3,
  0x08A3,0x08A3,0x08A3,0x08A3,0x08A3,0x08A3,0x08A3,0x08A3,0x08A3,0x08A3,0x08A3,0x08A3,0x08A3,0x08A3,0x08A3,0x08A3,
  0x08A3,0x08A3,0x08A3,0x08A3,0x08A3,0x08A3,0x08A3,0x08A3,0x08A3,0x08A3,0x08A3,0x08A3,0x08A3,0x08A3,0x08A3,0x08A3,
  0x08A3,0x08A3,0x08A3,0x08A3,0x08A3,0x08A3,0x08A3,0x08A3,0x08A3,0x08A3,0x08A3,0x08A3,0x08A3,0x08A3,0x08A3,0x08A3,
  0x08A3,0x08A3,0x08A3,0x08A3,0x08A3,0x08A3,0x08A3,0x08A3,0x08A3,0x08A3,0x08A3,0x08A3,0x08A3,0x08A3,0x08A3,0x08A3,
  0x08A3,0x08A3,0x08A3,0x08A3,0x08A3,0x08A3,0x08A3,0x08A3,0x08A3,0x08A3,0x08A3,0x08A3,0x08A3,0x08A3,0x08A3,0x08A3,
  0x08A3,0x08A3,0x08A3,0x08A3,0x08A3,0x08A3,0x19A7,0x08C3,0x0041,0x0041,0x0041,0x0041,0x0041,0x0041,0x0041,0x0041,
  0x0041,0x0041,0x0041,0x0041,0x0041,0x0041,0x0041,0x0041,0x0041,0xCC87,0xC426,0x08C3,0x08C3,0x08C3,0x08C3,0x08C3,
  0x08C3,0x940A,0xF62E,0xF62E,0xBCCB,0xBCCB,0x08C3,0x3185,0xFE8F,0xA44A,0xFE6E,0x10E3,0x08A3,0x9C2A,0xD56C,0xC52C,
  0x940A,0xFE8F,0xAC6A,0xE5CD,0xAC8B,0xFE6F,0x1104,0x08A3,0x08A3,0x08A3,0x4A46,0xFE6F,0xAC8B,0x10E3,0x08A3,0x4A46,
  0xFE6F,0xAC8B,0x10E3,0x08A3,0x93EA,0xDDAD,0x10E3,0xFE8F,0x62E7,0x08A3,0x08A3,0x08A3,0x08A3,0x08A3,0x08A3,0x08A3,
  0x08A3,0x08A3,0x08A3,0x08A3,0x08A3,0x08A3,0x08A3,0x08A3,0x08A3,0x08A3,0x08A3,0x08A3,0x08A3,0x08A3,0x08A3,0x08A3,
  0x08A3,0x08A3,0x08A3,0x08A3,0x08A3,0x08A3,0x08A3,0x08A3,0x08A3,0x08A3,0x08A3,0x08A3,0x08A3,0x08A3,0x08A3,0x08A3,
  0x08A3,0x08A3,0x08A3,0x08A3,0x08A3,0x08A3,0x08A3,0x08A3,0x08A3,0x08A3,0x08A3,0x08A3,0x08A3,0x08A3,0x08A3,0x08A3,
  0x08A3,0x08A3,0x08A3,0x08A3,0x08A3,0x08A3,0x08A3,0x08A3,0x08A3,0x08A3,0x08A3,0x08A3,0x08A3,0x08A3,0x08A3,0x08A3,
  0x08A3,0x08A3,0x08A3,0x08A3,0x08A3,0x08A3,0x08A3,0x08A3,0x08A3,0x08A3,0x08A3,0x08A3,0x08A3,0x08A3,0x08A3,0x08A3,
  0x08A3,0x08A3,0x08A3,0x08A3,0x08A3,0x08A3,0x08A3,0x08A3,0x08A3,0x08A3,0x08A3,0x08A3,0x08A3,0x08A3,0x08A3,0x08A3,
  0x08A3,0x08A3,0x08A3,0x08A3,0x08A3,0x08A3,0x08A3,0x08A3,0x08A3,0x08A3,0x08A3,0x08A3,0x08A3,0x08A3,0x08A3,0x08A3,
  0x08A3,0x08A3,0x08A3,0x08A3,0x08A3,0x08A3,0x08A3,0x08A3,0x08A3,0x08A3,0x08A3,0x08A3,0x08A3,0x08A3,0x08A3,0x08A3,
  0x08A3,0x08A3,0x08A3,0x08A3,0x08A3,0x08A3,0x08A3,0x08A3,0x08A3,0x08A3,0x08A3,0x08A3,0x08A3,0x08A3,0x08A3,0x08A3,
  0x08A3,0x08A3,0x08A3,0x08A3,0x08A3,0x08A3,0x08A3,0x08A3,0x08A3,0x08A3,0x08A3,0x08A3,0x08A3,0x08A3,0x08A3,0x08A3,
  0x08A3,0x08A3,0x08A3,0x08A3,0x08A3,0x08A3,0x08A3,0x08A3,0x08A3,0x08A3,0x08A3,0x08A3,0x08A3,0x08A3,0x08A3,0x08A3,
  0x08A3,0x08A3,0x08A3,0x08A3,0x08A3,0x08A3,0x08A3,0x08A3,0x08A3,0x08A3,0x08A3,0x08A3,0x08A3,0x08A3,0x08A3,0x08A3,
  0x08A3,0x08A3,0x08A3,0x08A3,0x08A3,0x08A3,0x08A3,0x08A3,0x08A3,0x08A3,0x08A3,0x08A3,0x08A3,0x08A3,0x08A3,0x08A3,
  0x08A3,0x08A3,0x08A3,0x08A3,0x08A3,0x08A3,0x08A3,0x08A3,0x08A3,0x08A3,0x08A3,0x08A3,0x08A3,0x08A3,0x08A3,0x08A3,
  0x08A3,0x08A3,0x08A3,0x08A3,0x08A3,0x08A3,0x08A3,0x08A3,0x08A3,0x08A3,0x08A3,0x08A3,0x08A3,0x08A3,0x08A3,0x08A3,
  0x08A3,0x08A3,0x08A3,0x08A3,0x08A3,0x08A3,0x19A7,0x08C3,0x0041,0x0041,0x0041,0x0041,0x0041,0x0041,0x0041,0x0041,
  0x0041,0x0041,0x0041,0x0041,0x0041,0x0041,0x0041,0x0041,0x0041,0xCC87,0xC426,0x08C3,0x08C3,0x08C3,0x08C3,0x08C3,
  0x08C3,0x940A,0xD58D,0xD58D,0xEE0E,0xBCCB,0x08A3,0x08C3,0xF64E,0xEE0E,0xDD8D,0x08A3,0x08A3,0x9C2A,0xD56C,0x2944,
  0x62A7,0xFE8F,0xBCCB,0xFE8F,0xFE8F,0xFE8F,0x2144,0x08A3,0x08A3,0x08A3,0x08A3,0x5AA7,0xFE4E,0xB4AB,0x08A3,0x08A3,
  0x5AA7,0xFE4E,0xB4AB,0x08A3,0x93EA,0xDDAD,0x10E3,0xFE8F,0x62E7,0x08A3,0x08A3,0x08A3,0x08A3,0x08A3,0x08A3,0x08A3,
  0x08A3,0x08A3,0x08A3,0x08A3,0x08A3,0x08A3,0x08A3,0x08A3,0x08A3,0x08A3,0x08A3,0x08A3,0x08A3,0x08A3,0x08A3,0x08A3,
  0x08A3,0x08A3,0x08A3,0x08A3,0x08A3,0x08A3,0x08A3,0x08A3,0x08A3,0x08A3,0x08A3,0x08A3,0x08A3,0x08A3,0x08A3,0x08A3,
  0x08A3,0x08A3,0x08A3,0x08A3,0x08A3,0x08A3,0x08A3,0x08A3,0x08A3,0x08A3,0x08A3,0x08A3,0x08A3,0x08A3,0x08A3,0x08A3,
  0x08A3,0x08A3,0x08A3,0x08A3,0x08A3,0x08A3,0x08A3,0x08A3,0x08A3,0x08A3,0x08A3,0x08A3,0x08A3,0x08A3,0x08A3,0x08A3,
  0x08A3,0x08A3,0x08A3,0x08A3,0x08A3,0x08A3,0x08A3,0x08A3,0x08A3,0x08A3,0x08A3,0x08A3,0x08A3,0x08A3,0x08A3,0x08A3,
  0x08A3,0x08A3,0x08A3,0x08A3,0x08A3,0x08A3,0x08A3,0x08A3,0x08A3,0x08A3,0x08A3,0x08A3,0x08A3,0x08A3,0x08A3,0x08A3,
  0x08A3,0x08A3,0x08A3,0x08A3,0x08A3,0x08A3,0x08A3,0x08A3,0x08A3,0x08A3,0x08A3,0x08A3,0x08A3,0x08A3,0x08A3,0x08A3,
  0x08A3,0x08A3,0x08A3,0x08A3,0x08A3,0x08A3,0x08A3,0x08A3,0x08A3,0x08A3,0x08A3,0x08A3,0x08A3,0x08A3,0x08A3,0x08A3,
  0x08A3,0x08A3,0x08A3,0x08A3,0x08A3,0x08A3,0x08A3,0x08A3,0x08A3,0x08A3,0x08A3,0x08A3,0x08A3,0x08A3,0x08A3,0x08A3,
  0x08A3,0x08A3,0x08A3,0x08A3,0x08A3,0x08A3,0x08A3,0x08A3,0x08A3,0x08A3,0x08A3,0x08A3,0x08A3,0x08A3,0x08A3,0x08A3,
  0x08A3,0x08A3,0x08A3,0x08A3,0x08A3,0x08A3,0x08A3,0x08A3,0x08A3,0x08A3,0x08A3,0x08A3,0x08A3,0x08A3,0x08A3,0x08A3,
  0x08A3,0x08A3,0x08A3,0x08A3,0x08A3,0x08A3,0x08A3,0x08A3,0x08A3,0x08A3,0x08A3,0x08A3,0x08A3,0x08A3,0x08A3,0x08A3,
  0x08A3,0x08A3,0x08A3,0x08A3,0x08A3,0x08A3,0x08A3,0x08A3,0x08A3,0x08A3,0x08A3,0x08A3,0x08A3,0x08A3,0x08A3,0x08A3,
  0x08A3,0x08A3,0x08A3,0x08A3,0x08A3,0x08A3,0x08A3,0x08A3,0x08A3,0x08A3,0x08A3,0x08A3,0x08A3,0x08A3,0x08A3,0x08A3,
  0x08A3,0x08A3,0x08A3,0x08A3,0x08A3,0x08A3,0x08A3,0x08A3,0x08A3,0x08A3,0x08A3,0x08A3,0x08A3,0x08A3,0x08A3,0x08A3,
  0x08A3,0x08A3,0x08A3,0x08A3,0x08A3,0x0883,0x19A7,0x08C3,0x0041,0x0041,0x0041,0x0041,0x0041,0x0041,0x0041,0x0041,
  0x0041,0x0041,0x0041,0x0041,0x0041,0x0041,0x0041,0x0041,0x0041,0x2209,0x08C3,0x08C3,0x08C3,0x08C3,0x08C3,0x08C3,
  0x08C3,0x940A,0xD58D,0x93E9,0xFE8F,0xBCCB,0x08A3,0x08A3,0xCD4C,0xFE8F,0xAC6B,0x08A3,0x08A3,0x9C2A,0xD56C,0x08A3,
  0x62A7,0xFE8F,0xBCCB,0xCD6C,0x5246,0x5246,0x10C3,0x08A3,0x08A3,0x08A3,0x62C7,0x62C7,0x62C7,0xFE8F,0x2964,0x62C7,
  0x62C7,0x62C7,0xFE8F,0x2964,0x93EA,0xDDAD,0x10E4,0xFE8F,0x62E7,0x08A3,0x08A3,0x08A3,0x08A3,0x08A3,0x08A3,0x08A3,
  0x08A3,0x08A3,0x08A3,0x08A3,0x08A3,0x08A3,0x08A3,0x08A3,0x08A3,0x08A3,0x08A3,0x08A3,0x08A3,0x08A3,0x08A3,0x08A3,
  0x08A3,0x08A3,0x08A3,0x08A3,0x08A3,0x08A3,0x08A3,0x08A3,0x08A3,0x08A3,0x08A3,0x08A3,0x08A3,0x08A3,0x08A3,0x08A3,
  0x08A3,0x08A3,0x08A3,0x08A3,0x08A3,0x08A3,0x08A3,0x08A3,0x08A3,0x08A3,0x08A3,0x08A3,0x08A3,0x08A3,0x08A3,0x08A3,
  0x08A3,0x08A3,0x08A3,0x08A3,0x08A3,0x08A3,0x08A3,0x08A3,0x08A3,0x08A3,0x08A3,0x08A3,0x08A3,0x08A3,0x08A3,0x08A3,
  0x08A3,0x08A3,0x08A3,0x08A3,0x08A3,0x08A3,0x08A3,0x08A3,0x08A3,0x08A3,0x08A3,0x08A3,0x08A3,0x08A3,0x08A3,0x08A3,
  0x08A3,0x08A3,0x08A3,0x08A3,0x08A3,0x08A3,0x08A3,0x08A3,0x08A3,0x08A3,0x08A3,0x08A3,0x08A3,0x08A3,0x08A3,0x08A3,
  0x08A3,0x08A3,0x08A3,0x08A3,0x08A3,0x08A3,0x08A3,0x08A3,0x08A3,0x08A3,0x08A3,0x08A3,0x08A3,0x08A3,0x08A3,0x08A3,
  0x08A3,0x08A3,0x08A3,0x08A3,0x08A3,0x08A3,0x08A3,0x08A3,0x08A3,0x08A3,0x08A3,0x08A3,0x08A3,0x08A3,0x08A3,0x08A3,
  0x08A3,0x08A3,0x08A3,0x08A3,0x08A3,0x08A3,0x08A3,0x08A3,0x08A3,0x08A3,0x08A3,0x08A3,0x08A3,0x08A3,0x08A3,0x08A3,
  0x08A3,0x08A3,0x08A3,0x08A3,0x08A3,0x08A3,0x08A3,0x08A3,0x08A3,0x08A3,0x08A3,0x08A3,0x08A3,0x08A3,0x08A3,0x08A3,
  0x08A3,0x08A3,0x08A3,0x08A3,0x08A3,0x08A3,0x08A3,0x08A3,0x08A3,0x08A3,0x08A3,0x08A3,0x08A3,0x08A3,0x08A3,0x08A3,
  0x08A3,0x08A3,0x08A3,0x08A3,0x08A3,0x08A3,0x08A3,0x08A3,0x08A3,0x08A3,0x08A3,0x08A3,0x08A3,0x08A3,0x08A3,0x08A3,
  0x08A3,0x08A3,0x08A3,0x08A3,0x08A3,0x08A3,0x08A3,0x08A3,0x08A3,0x08A3,0x08A3,0x08A3,0x08A3,0x08A3,0x08A3,0x08A3,
  0x08A3,0x08A3,0x08A3,0x08A3,0x08A3,0x08A3,0x08A3,0x08A3,0x08A3,0x08A3,0x08A3,0x08A3,0x08A3,0x08A3,0x08A3,0x08A3,
  0x08A3,0x08A3,0x08A3,0x08A3,0x08A3,0x08A3,0x08A3,0x08A3,0x08A3,0x08A3,0x08A3,0x08A3,0x08A3,0x08A3,0x08A3,0x08A3,
  0x08A3,0x08A3,0x0883,0x0883,0x0883,0x0883,0x19A7,0x08C3,0x0041,0x0041,0x0041,0x0041,0x0041,0x0041,0x0041,0x0041,
  0x0041,0x0041,0x0041,0x0041,0x0041,0x0041,0x0041,0x0041,0x0041,0x2209,0x08C3,0x08C3,0x08C3,0x08C3,0x08C3,0x08A3,
  0x08A3,0x93EA,0xDD8D,0x4A46,0xFE8F,0xBCCB,0x08A3,0x08A3,0x9C2A,0xFE8F,0x7B68,0x08A3,0x08A3,0x9C2A,0xD56C,0x08A3,
  0x62A7,0xFE8F,0xAC6B,0xEDED,0xA44A,0xEDEE,0x08C3,0x08A3,0x08A3,0x08A3,0x9C0A,0xE5ED,0xA44A,0xFE6F,0x2144,0x9C0A,
  0xE5ED,0xA44A,0xFE6F,0x2144,0x93EA,0xEDED,0x93E9,0xFE8F,0x4226,0x08A3,0x08A3,0x08A3,0x08A3,0x08A3,0x08A3,0x08A3,
  0x08A3,0x08A3,0x08A3,0x08A3,0x08A3,0x08A3,0x08A3,0x08A3,0x08A3,0x08A3,0x08A3,0x08A3,0x08A3,0x08A3,0x08A3,0x08A3,
  0x08A3,0x08A3,0x08A3,0x08A3,0x08A3,0x08A3,0x08A3,0x08A3,0x08A3,0x08A3,0x08A3,0x08A3,0x08A3,0x08A3,0x08A3,0x08A3,
  0x08A3,0x08A3,0x08A3,0x08A3,0x08A3,0x08A3,0x08A3,0x08A3,0x08A3,0x08A3,0x08A3,0x08A3,0x08A3,0x08A3,0x08A3,0x08A3,
  0x08A3,0x08A3,0x08A3,0x08A3,0x08A3,0x08A3,0x08A3,0x08A3,0x08A3,0x08A3,0x08A3,0x08A3,0x08A3,0x08A3,0x08A3,0x08A3,
  0x08A3,0x08A3,0x08A3,0x08A3,0x08A3,0x08A3,0x08A3,0x08A3,0x08A3,0x08A3,0x08A3,0x08A3,0x08A3,0x08A3,0x08A3,0x08A3,
  0x08A3,0x08A3,0x08A3,0x08A3,0x08A3,0x08A3,0x08A3,0x08A3,0x08A3,0x08A3,0x08A3,0x08A3,0x08A3,0x08A3,0x08A3,0x08A3,
  0x08A3,0x08A3,0x08A3,0x08A3,0x08A3,0x08A3,0x08A3,0x08A3,0x08A3,0x08A3,0x08A3,0x08A3,0x08A3,0x08A3,0x08A3,0x08A3,
  0x08A3,0x08A3,0x08A3,0x08A3,0x08A3,0x08A3,0x08A3,0x08A3,0x08A3,0x08A3,0x08A3,0x08A3,0x08A3,0x08A3,0x08A3,0x08A3,
  0x08A3,0x08A3,0x08A3,0x08A3,0x08A3,0x08A3,0x08A3,0x08A3,0x08A3,0x08A3,0x08A3,0x08A3,0x08A3,0x08A3,0x08A3,0x08A3,
  0x08A3,0x08A3,0x08A3,0x08A3,0x08A3,0x08A3,0x08A3,0x08A3,0x08A3,0x08A3,0x08A3,0x08A3,0x08A3,0x08A3,0x08A3,0x08A3,
  0x08A3,0x08A3,0x08A3,0x08A3,0x08A3,0x08A3,0x08A3,0x08A3,0x08A3,0x08A3,0x08A3,0x08A3,0x08A3,0x08A3,0x08A3,0x08A3,
  0x08A3,0x08A3,0x08A3,0x08A3,0x08A3,0x08A3,0x08A3,0x08A3,0x08A3,0x08A3,0x08A3,0x08A3,0x08A3,0x08A3,0x08A3,0x08A3,
  0x08A3,0x08A3,0x08A3,0x08A3,0x08A3,0x08A3,0x08A3,0x08A3,0x08A3,0x08A3,0x08A3,0x08A3,0x08A3,0x08A3,0x08A3,0x08A3,
  0x08A3,0x08A3,0x08A3,0x08A3,0x08A3,0x08A3,0x08A3,0x08A3,0x08A3,0x08A3,0x08A3,0x08A3,0x08A3,0x08A3,0x08A3,0x08A3,
  0x08A3,0x08A3,0x08A3,0x08A3,0x08A3,0x08A3,0x08A3,0x08A3,0x08A3,0x08A3,0x08A3,0x08A3,0x08A3,0x08A3,0x08A3,0x0883,
  0x0883,0x0883,0x0883,0x0883,0x0883,0x0883,0x19A7,0x08C3,0x0041,0x0041,0x0041,0x0041,0x0041,0x0041,0x0041,0x0041,
  0x0041,0x0041,0x0041,0x0041,0x0041,0x0041,0x0041,0x0041,0x0041,0x2209,0x08C3,0x08C3,0x08A3,0x08A3,0x08A3,0x08A3,
  0x08A3,0x93E9,0xDD8D,0x10E3,0xF62E,0xB4CB,0x08A3,0x08A3,0x7308,0xFE8F,0x4A46,0x08A3,0x08A3,0x9C2A,0xD56C,0x08A3,
  0x5AA7,0xFE8F,0x4206,0xDDAD,0xF62E,0x7B68,0x08A3,0x08A3,0x08A3,0x08A3,0x2965,0xCD6C,0xF62E,0x8389,0x08A3,0x2965,
  0xCD6C,0xF62E,0x8389,0x08A3,0x93E9,0xFE8F,0xF64E,0x9C2A,0x08A3,0x08A3,0x08A3,0x08A3,0x08A3,0x08A3,0x08A3,0x08A3,
  0x08A3,0x08A3,0x08A3,0x08A3,0x08A3,0x08A3,0x08A3,0x08A3,0x08A3,0x08A3,0x08A3,0x08A3,0x08A3,0x08A3,0x08A3,0x08A3,
  0x08A3,0x08A3,0x08A3,0x08A3,0x08A3,0x08A3,0x08A3,0x08A3,0x08A3,0x08A3,0x08A3,0x08A3,0x08A3,0x08A3,0x08A3,0x08A3,
  0x08A3,0x08A3,0x08A3,0x08A3,0x08A3,0x08A3,0x08A3,0x08A3,0x08A3,0x08A3,0x08A3,0x08A3,0x08A3,0x08A3,0x08A3,0x08A3,
  0x08A3,0x08A3,0x08A3,0x08A3,0x08A3,0x08A3,0x08A3,0x08A3,0x08A3,0x08A3,0x08A3,0x08A3,0x08A3,0x08A3,0x08A3,0x08A3,
  0x08A3,0x08A3,0x08A3,0x08A3,0x08A3,0x08A3,0x08A3,0x08A3,0x08A3,0x08A3,0x08A3,0x08A3,0x08A3,0x08A3,0x08A3,0x08A3,
  0x08A3,0x08A3,0x08A3,0x08A3,0x08A3,0x08A3,0x08A3,0x08A3,0x08A3,0x08A3,0x08A3,0x08A3,0x08A3,0x08A3,0x08A3,0x08A3,
  0x08A3,0x08A3,0x08A3,0x08A3,0x08A3,0x08A3,0x08A3,0x08A3,0x08A3,0x08A3,0x08A3,0x08A3,0x08A3,0x08A3,0x08A3,0x08A3,
  0x08A3,0x08A3,0x08A3,0x08A3,0x08A3,0x08A3,0x08A3,0x08A3,0x08A3,0x08A3,0x08A3,0x08A3,0x08A3,0x08A3,0x08A3,0x08A3,
  0x08A3,0x08A3,0x08A3,0x08A3,0x08A3,0x08A3,0x08A3,0x08A3,0x08A3,0x08A3,0x08A3,0x08A3,0x08A3,0x08A3,0x08A3,0x08A3,
  0x08A3,0x08A3,0x08A3,0x08A3,0x08A3,0x08A3,0x08A3,0x08A3,0x08A3,0x08A3,0x08A3,0x08A3,0x08A3,0x08A3,0x08A3,0x08A3,
  0x08A3,0x08A3,0x08A3,0x08A3,0x08A3,0x08A3,0x08A3,0x08A3,0x08A3,0x08A3,0x08A3,0x08A3,0x08A3,0x08A3,0x08A3,0x08A3,
  0x08A3,0x08A3,0x08A3,0x08A3,0x08A3,0x08A3,0x08A3,0x08A3,0x08A3,0x08A3,0x08A3,0x08A3,0x08A3,0x08A3,0x08A3,0x08A3,
  0x08A3,0x08A3,0x08A3,0x08A3,0x08A3,0x08A3,0x08A3,0x08A3,0x08A3,0x08A3,0x08A3,0x08A3,0x08A3,0x08A3,0x08A3,0x08A3,
  0x08A3,0x08A3,0x08A3,0x08A3,0x08A3,0x08A3,0x08A3,0x08A3,0x08A3,0x08A3,0x08A3,0x08A3,0x08A3,0x08A3,0x08A3,0x08A3,
  0x08A3,0x08A3,0x08A3,0x08A3,0x08A3,0x08A3,0x08A3,0x08A3,0x08A3,0x08A3,0x08A3,0x08A3,0x0883,0x0883,0x0883,0x0883,
  0x0883,0x0883,0x0883,0x0883,0x0883,0x0883,0x19A7,0x08C3,0x0041,0x0041,0x0041,0x0041,0x0041,0x0041,0x0041,0x0041,
  0x0041,0x0041,0x0041,0x0041,0x0041,0x0041,0x0041,0x0041,0x0041,0x2209,0x08A3,0x08A3,0x08A3,0x08A3,0x08A3,0x08A3,
  0x08A3,0x08A3,0x08A3,0x08A3,0x08A3,0x08A3,0x08A3,0x08A3,0x08A3,0x08A3,0x08A3,0x08A3,0x08A3,0x08A3,0x08A3,0x08A3,
  0x08A3,0x08A3,0x08A3,0x08A3,0x08A3,0x08A3,0x08A3,0x08A3,0x08A3,0x08A3,0x08A3,0x08A3,0x08A3,0x08A3,0x08A3,0x08A3,
  0x08A3,0x08A3,0x08A3,0x08A3,0x08A3,0x08A3,0x08A3,0x08A3,0x08A3,0x08A3,0x08A3,0x08A3,0x08A3,0x08A3,0x08A3,0x08A3,
  0x08A3,0x08A3,0x08A3,0x08A3,0x08A3,0x08A3,0x08A3,0x08A3,0x08A3,0x08A3,0x08A3,0x08A3,0x08A3,0x08A3,0x08A3,0x08A3,
  0x08A3,0x08A3,0x08A3,0x08A3,0x08A3,0x08A3,0x08A3,0x08A3,0x08A3,0x08A3,0x08A3,0x08A3,0x08A3,0x08A3,0x08A3,0x08A3,
  0x08A3,0x08A3,0x08A3,0x08A3,0x08A3,0x08A3,0x08A3,0x08A3,0x08A3,0x08A3,0x08A3,0x08A3,0x08A3,0x08A3,0x08A3,0x08A3,
  0x08A3,0x08A3,0x08A3,0x08A3,0x08A3,0x08A3,0x08A3,0x08A3,0x08A3,0x08A3,0x08A3,0x08A3,0x08A3,0x08A3,0x08A3,0x08A3,
  0x08A3,0x08A3,0x08A3,0x08A3,0x08A3,0x08A3,0x08A3,0x08A3,0x08A3,0x08A3,0x08A3,0x08A3,0x08A3,0x08A3,0x08A3,0x08A3,
  0x08A3,0x08A3,0x08A3,0x08A3,0x08A3,0x08A3,0x08A3,0x08A3,0x08A3,0x08A3,0x08A3,0x08A3,0x08A3,0x08A3,0x08A3,0x08A3,
  0x08A3,0x08A3,0x08A3,0x08A3,0x08A3,0x08A3,0x08A3,0x08A3,0x08A3,0x08A3,0x08A3,0x08A3,0x08A3,0x08A3,0x08A3,0x08A3,
  0x08A3,0x08A3,0x08A3,0x08A3,0x08A3,0x08A3,0x08A3,0x08A3,0x08A3,0x08A3,0x08A3,0x08A3,0x08A3,0x08A3,0x08A3,0x08A3,
  0x08A3,0x08A3,0x08A3,0x08A3,0x08A3,0x08A3,0x08A3,0x08A3,0x08A3,0x08A3,0x08A3,0x08A3,0x08A3,0x08A3,0x08A3,0x08A3,
  0x08A3,0x08A3,0x08A3,0x08A3,0x08A3,0x08A3,0x08A3,0x08A3,0x08A3,0x08A3,0x08A3,0x08A3,0x08A3,0x08A3,0x08A3,0x08A3,
  0x08A3,0x08A3,0x08A3,0x08A3,0x08A3,0x08A3,0x08A3,0x08A3,0x08A3,0x08A3,0x08A3,0x08A3,0x08A3,0x08A3,0x08A3,0x08A3,
  0x08A3,0x08A3,0x08A3,0x08A3,0x08A3,0x08A3,0x08A3,0x08A3,0x08A3,0x08A3,0x08A3,0x08A3,0x08A3,0x08A3,0x08A3,0x08A3,
  0x08A3,0x08A3,0x08A3,0x08A3,0x08A3,0x08A3,0x08A3,0x08A3,0x08A3,0x08A3,0x08A3,0x08A3,0x08A3,0x08A3,0x08A3,0x08A3,
  0x08A3,0x08A3,0x08A3,0x08A3,0x08A3,0x08A3,0x08A3,0x08A3,0x08A3,0x08A3,0x08A3,0x08A3,0x08A3,0x08A3,0x08A3,0x08A3,
  0x08A3,0x08A3,0x08A3,0x08A3,0x08A3,0x08A3,0x08A3,0x08A3,0x0883,0x0883,0x0883,0x0883,0x0883,0x0883,0x0883,0x0883,
  0x0883,0x0883,0x0883,0x0883,0x0883,0x0883,0x19A7,0x08C3,0x0041,0x0041,0x0041,0x0041,0x0041,0x0041,0x0041,0x0041,
  0x0041,0x0041,0x0041,0x0041,0x0041,0x0041,0x0041,0x0041,0x0041,0x2209,0x08A3,0x08A3,0x08A3,0x08A3,0x08A3,0x08A3,
  0x08A3,0x08A3,0x08A3,0x08A3,0x08A3,0x08A3,0x08A3,0x08A3,0x08A3,0x08A3,0x08A3,0x08A3,0x08A3,0x08A3,0x08A3,0x08A3,
  0x08A3,0x08A3,0x08A3,0x08A3,0x08A3,0x08A3,0x08A3,0x08A3,0x08A3,0x08A3,0x08A3,0x08A3,0x08A3,0x08A3,0x08A3,0x08A3,
  0x08A3,0x08A3,0x08A3,0x08A3,0x08A3,0x08A3,0x08A3,0x08A3,0x08A3,0x08A3,0x08A3,0x08A3,0x08A3,0x08A3,0x08A3,0x08A3,
  0x08A3,0x08A3,0x08A3,0x08A3,0x08A3,0x08A3,0x08A3,0x08A3,0x08A3,0x08A3,0x08A3,0x08A3,0x08A3,0x08A3,0x08A3,0x08A3,
  0x08A3,0x08A3,0x08A3,0x08A3,0x08A3,0x08A3,0x08A3,0x08A3,0x08A3,0x08A3,0x08A3,0x08A3,0x08A3,0x08A3,0x08A3,0x08A3,
  0x08A3,0x08A3,0x08A3,0x08A3,0x08A3,0x08A3,0x08A3,0x08A3,0x08A3,0x08A3,0x08A3,0x08A3,0x08A3,0x08A3,0x08A3,0x08A3,
  0x08A3,0x08A3,0x08A3,0x08A3,0x08A3,0x08A3,0x08A3,0x08A3,0x08A3,0x08A3,0x08A3,0x08A3,0x08A3,0x08A3,0x08A3,0x08A3,
  0x08A3,0x08A3,0x08A3,0x08A3,0x08A3,0x08A3,0x08A3,0x08A3,0x08A3,0x08A3,0x08A3,0x08A3,0x08A3,0x08A3,0x08A3,0x08A3,
  0x08A3,0x08A3,0x08A3,0x08A3,0x08A3,0x08A3,0x08A3,0x08A3,0x08A3,0x08A3,0x08A3,0x08A3,0x08A3,0x08A3,0x08A3,0x08A3,
  0x08A3,0x08A3,0x08A3,0x08A3,0x08A3,0x08A3,0x08A3,0x08A3,0x08A3,0x08A3,0x08A3,0x08A3,0x08A3,0x08A3,0x08A3,0x08A3,
  0x08A3,0x08A3,0x08A3,0x08A3,0x08A3,0x08A3,0x08A3,0x08A3,0x08A3,0x08A3,0x08A3,0x08A3,0x08A3,0x08A3,0x08A3,0x08A3,
  0x08A3,0x08A3,0x08A3,0x08A3,0x08A3,0x08A3,0x08A3,0x08A3,0x08A3,0x08A3,0x08A3,0x08A3,0x08A3,0x08A3,0x08A3,0x08A3,
  0x08A3,0x08A3,0x08A3,0x08A3,0x08A3,0x08A3,0x08A3,0x08A3,0x08A3,0x08A3,0x08A3,0x08A3,0x08A3,0x08A3,0x08A3,0x08A3,
  0x08A3,0x08A3,0x08A3,0x08A3,0x08A3,0x08A3,0x08A3,0x08A3,0x08A3,0x08A3,0x08A3,0x08A3,0x08A3,0x08A3,0x08A3,0x08A3,
  0x08A3,0x08A3,0x08A3,0x08A3,0x08A3,0x08A3,0x08A3,0x08A3,0x08A3,0x08A3,0x08A3,0x08A3,0x08A3,0x08A3,0x08A3,0x08A3,
  0x08A3,0x08A3,0x08A3,0x08A3,0x08A3,0x08A3,0x08A3,0x08A3,0x08A3,0x08A3,0x08A3,0x08A3,0x08A3,0x08A3,0x08A3,0x08A3,
  0x08A3,0x08A3,0x08A3,0x08A3,0x08A3,0x08A3,0x08A3,0x08A3,0x08A3,0x08A3,0x08A3,0x08A3,0x08A3,0x08A3,0x08A3,0x08A3,
  0x08A3,0x08A3,0x08A3,0x08A3,0x08A3,0x0883,0x0883,0x0883,0x0883,0x0883,0x0883,0x0883,0x0883,0x0883,0x0883,0x0883,
  0x0883,0x0883,0x0883,0x0883,0x0883,0x0883,0x19A7,0x08C3,0x0041,0x0041,0x0041,0x0041,0x0041,0x0041,0x0041,0x0041,
  0x0041,0x0041,0x0041,0x0041,0x0041,0x0041,0x0041,0x0041,0x0041,0x2209,0x08A3,0x08A3,0x08A3,0x08A3,0x08A3,0x08A3,
  0x08A3,0x08A3,0x08A3,0x08A3,0x08A3,0x08A3,0x08A3,0x08A3,0x08A3,0x08A3,0x08A3,0x08A3,0x08A3,0x08A3,0x08A3,0x08A3,
  0x08A3,0x08A3,0x08A3,0x08A3,0x08A3,0x08A3,0x08A3,0x08A3,0x08A3,0x08A3,0x08A3,0x08A3,0x08A3,0x08A3,0x08A3,0x08A3,
  0x08A3,0x08A3,0x08A3,0x08A3,0x08A3,0x08A3,0x08A3,0x08A3,0x08A3,0x08A3,0x08A3,0x08A3,0x08A3,0x08A3,0x08A3,0x08A3,
  0x08A3,0x08A3,0x08A3,0x08A3,0x08A3,0x08A3,0x08A3,0x08A3,0x08A3,0x08A3,0x08A3,0x08A3,0x08A3,0x08A3,0x08A3,0x08A3,
  0x08A3,0x08A3,0x08A3,0x08A3,0x08A3,0x08A3,0x08A3,0x08A3,0x08A3,0x08A3,0x08A3,0x08A3,0x08A3,0x08A3,0x08A3,0x08A3,
  0x08A3,0x08A3,0x08A3,0x08A3,0x08A3,0x08A3,0x08A3,0x08A3,0x08A3,0x08A3,0x08A3,0x08A3,0x08A3,0x08A3,0x08A3,0x08A3,
  0x08A3,0x08A3,0x08A3,0x08A3,0x08A3,0x08A3,0x08A3,0x08A3,0x08A3,0x08A3,0x08A3,0x08A3,0x08A3,0x08A3,0x08A3,0x08A3,
  0x08A3,0x08A3,0x08A3,0x08A3,0x08A3,0x08A3,0x08A3,0x08A3,0x08A3,0x08A3,0x08A3,0x08A3,0x08A3,0x08A3,0x08A3,0x08A3,
  0x08A3,0x08A3,0x08A3,0x08A3,0x08A3,0x08A3,0x08A3,0x08A3,0x08A3,0x08A3,0x08A3,0x08A3,0x08A3,0x08A3,0x08A3,0x08A3,
  0x08A3,0x08A3,0x08A3,0x08A3,0x08A3,0x08A3,0x08A3,0x08A3,0x08A3,0x08A3,0x08A3,0x08A3,0x08A3,0x08A3,0x08A3,0x08A3,
  0x08A3,0x08A3,0x08A3,0x08A3,0x08A3,0x08A3,0x08A3,0x08A3,0x08A3,0x08A3,0x08A3,0x08A3,0x08A3,0x08A3,0x08A3,0x08A3,
  0x08A3,0x08A3,0x08A3,0x08A3,0x08A3,0x08A3,0x08A3,0x08A3,0x08A3,0x08A3,0x08A3,0x08A3,0x08A3,0x08A3,0x08A3,0x08A3,
  0x08A3,0x08A3,0x08A3,0x08A3,0x08A3,0x08A3,0x08A3,0x08A3,0x08A3,0x08A3,0x08A3,0x08A3,0x08A3,0x08A3,0x08A3,0x08A3,
  0x08A3,0x08A3,0x08A3,0x08A3,0x08A3,0x08A3,0x08A3,0x08A3,0x08A3,0x08A3,0x08A3,0x08A3,0x08A3,0x08A3,0x08A3,0x08A3,
  0x08A3,0x08A3,0x08A3,0x08A3,0x08A3,0x08A3,0x08A3,0x08A3,0x08A3,0x08A3,0x08A3,0x08A3,0x08A3,0x08A3,0x08A3,0x08A3,
  0x08A3,0x08A3,0x08A3,0x08A3,0x08A3,0x08A3,0x08A3,0x08A3,0x08A3,0x08A3,0x08A3,0x08A3,0x08A3,0x08A3,0x08A3,0x08A3,
  0x08A3,0x08A3,0x08A3,0x08A3,0x08A3,0x08A3,0x08A3,0x08A3,0x08A3,0x08A3,0x08A3,0x08A3,0x08A3,0x08A3,0x08A3,0x08A3,
  0x08A3,0x08A3,0x0883,0x0883,0x0883,0x0883,0x0883,0x0883,0x0883,0x0883,0x0883,0x0883,0x0883,0x0883,0x0883,0x0883,
  0x0883,0x0883,0x0883,0x0883,0x0883,0x0883,0x19A7,0x08C3,0x0041,0x0041,0x0041,0x0041,0x0041,0x0041,0x0041,0x0041,
  0x0041,0x0041,0x0041,0x0041,0x0041,0x0041,0x0041,0x0041,0x0041,0x2209,0x08A3,0x08A3,0x08A3,0x08A3,0x08A3,0x08A3,
  0x08A3,0x08A3,0x08A3,0x08A3,0x08A3,0x08A3,0x08A3,0x08A3,0x08A3,0x08A3,0x08A3,0x08A3,0x08A3,0x08A3,0x08A3,0x08A3,
  0x08A3,0x08A3,0x08A3,0x08A3,0x08A3,0x08A3,0x08A3,0x08A3,0x08A3,0x08A3,0x08A3,0x08A3,0x08A3,0x08A3,0x08A3,0x08A3,
  0x08A3,0x08A3,0x08A3,0x08A3,0x08A3,0x08A3,0x08A3,0x08A3,0x08A3,0x08A3,0x08A3,0x08A3,0x08A3,0x08A3,0x08A3,0x08A3,
  0x08A3,0x08A3,0x08A3,0x08A3,0x08A3,0x08A3,0x08A3,0x08A3,0x08A3,0x08A3,0x08A3,0x08A3,0x08A3,0x08A3,0x08A3,0x08A3,
  0x08A3,0x08A3,0x08A3,0x08A3,0x08A3,0x08A3,0x08A3,0x08A3,0x08A3,0x08A3,0x08A3,0x08A3,0x08A3,0x08A3,0x08A3,0x08A3,
  0x08A3,0x08A3,0x08A3,0x08A3,0x08A3,0x08A3,0x08A3,0x08A3,0x08A3,0x08A3,0x08A3,0x08A3,0x08A3,0x08A3,0x08A3,0x08A3,
  0x08A3,0x08A3,0x08A3,0x08A3,0x08A3,0x08A3,0x08A3,0x08A3,0x08A3,0x08A3,0x08A3,0x08A3,0x08A3,0x08A3,0x08A3,0x08A3,
  0x08A3,0x08A3,0x08A3,0x08A3,0x08A3,0x08A3,0x08A3,0x08A3,0x08A3,0x08A3,0x08A3,0x08A3,0x08A3,0x08A3,0x08A3,0x08A3,
  0x08A3,0x08A3,0x08A3,0x08A3,0x08A3,0x08A3,0x08A3,0x08A3,0x08A3,0x08A3,0x08A3,0x08A3,0x08A3,0x08A3,0x08A3,0x08A3,
  0x08A3,0x08A3,0x08A3,0x08A3,0x08A3,0x08A3,0x08A3,0x08A3,0x08A3,0x08A3,0x08A3,0x08A3,0x08A3,0x08A3,0x08A3,0x08A3,
  0x08A3,0x08A3,0x08A3,0x08A3,0x08A3,0x08A3,0x08A3,0x08A3,0x08A3,0x08A3,0x08A3,0x08A3,0x08A3,0x08A3,0x08A3,0x08A3,
  0x08A3,0x08A3,0x08A3,0x08A3,0x08A3,0x08A3,0x08A3,0x08A3,0x08A3,0x08A3,0x08A3,0x08A3,0x08A3,0x08A3,0x08A3,0x08A3,
  0x08A3,0x08A3,0x08A3,0x08A3,0x08A3,0x08A3,0x08A3,0x08A3,0x08A3,0x08A3,0x08A3,0x08A3,0x08A3,0x08A3,0x08A3,0x08A3,
  0x08A3,0x08A3,0x08A3,0x08A3,0x08A3,0x08A3,0x08A3,0x08A3,0x08A3,0x08A3,0x08A3,0x08A3,0x08A3,0x08A3,0x08A3,0x08A3,
  0x08A3,0x08A3,0x08A3,0x08A3,0x08A3,0x08A3,0x08A3,0x08A3,0x08A3,0x08A3,0x08A3,0x08A3,0x08A3,0x08A3,0x08A3,0x08A3,
  0x08A3,0x08A3,0x08A3,0x08A3,0x08A3,0x08A3,0x08A3,0x08A3,0x08A3,0x08A3,0x08A3,0x08A3,0x08A3,0x08A3,0x08A3,0x08A3,
  0x08A3,0x08A3,0x08A3,0x08A3,0x08A3,0x08A3,0x08A3,0x08A3,0x08A3,0x08A3,0x08A3,0x08A3,0x08A3,0x08A3,0x08A3,0x0883,
  0x0883,0x0883,0x0883,0x0883,0x0883,0x0883,0x0883,0x0883,0x0883,0x0883,0x0883,0x0883,0x0883,0x0883,0x0883,0x0883,
  0x0883,0x0883,0x0883,0x0883,0x0883,0x0883,0x19A7,0x08C3,0x0041,0x0041,0x0041,0x0041,0x0041,0x0041,0x0041,0x0041,
  0x0041,0x0041,0x0041,0x0041,0x0041,0x0041,0x0041,0x0041,0x0041,0x2209,0x08A3,0x08A3,0x08A3,0x08A3,0x08A3,0x08A3,
  0x08A3,0x21A8,0x21A8,0x21A8,0x21A8,0x21A8,0x21A8,0x21A8,0x21A8,0x21A8,0x21A8,0x21A8,0x21A8,0x21A8,0x21A8,0x21A8,
  0x21A8,0x21A8,0x21A8,0x21A8,0x21A8,0x21A8,0x21A8,0x21A8,0x21A8,0x21A8,0x21A8,0x21A8,0x21A8,0x21A8,0x21A8,0x21A8,
  0x21A8,0x21A8,0x21A8,0x21A8,0x21A8,0x21A8,0x21A8,0x21A8,0x21A8,0x21A8,0x21A8,0x21A8,0x21A8,0x21A8,0x21A8,0x21A8,
  0x21A8,0x21A8,0x21A8,0x21A8,0x21A8,0x21A8,0x21A8,0x21A8,0x21A8,0x21A8,0x21A8,0x21A8,0x21A8,0x21A8,0x21A8,0x21A8,
  0x21A8,0x21A8,0x21A8,0x21A8,0x21A8,0x21A8,0x21A8,0x21A8,0x21A8,0x21A8,0x21A8,0x21A8,0x21A8,0x21A8,0x21A8,0x21A8,
  0x21A8,0x21A8,0x21A8,0x21A8,0x21A8,0x21A8,0x21A8,0x21A8,0x21A8,0x21A8,0x21A8,0x21A8,0x21A8,0x21A8,0x21A8,0x21A8,
  0x21A8,0x21A8,0x21A8,0x21A8,0x21A8,0x21A8,0x21A8,0x21A8,0x21A8,0x21A8,0x21A8,0x21A8,0x21A8,0x21A8,0x21A8,0x21A8,
  0x21A8,0x21A8,0x21A8,0x21A8,0x21A8,0x21A8,0x21A8,0x21A8,0x21A8,0x21A8,0x21A8,0x21A8,0x21A8,0x21A8,0x21A8,0x21A8,
  0x21A8,0x21A8,0x21A8,0x21A8,0x21A8,0x21A8,0x21A8,0x21A8,0x21A8,0x21A8,0x21A8,0x21A8,0x21A8,0x21A8,0x21A8,0x21A8,
  0x21A8,0x21A8,0x21A8,0x21A8,0x21A8,0x21A8,0x21A8,0x21A8,0x21A8,0x21A8,0x21A8,0x21A8,0x21A8,0x21A8,0x21A8,0x21A8,
  0x21A8,0x21A8,0x21A8,0x21A8,0x21A8,0x21A8,0x21A8,0x21A8,0x21A8,0x21A8,0x21A8,0x21A8,0x21A8,0x21A8,0x21A8,0x21A8,
  0x21A8,0x21A8,0x21A8,0x21A8,0x21A8,0x21A8,0x21A8,0x21A8,0x21A8,0x21A8,0x21A8,0x21A8,0x21A8,0x21A8,0x21A8,0x21A8,
  0x21A8,0x21A8,0x21A8,0x21A8,0x21A8,0x21A8,0x21A8,0x21A8,0x21A8,0x21A8,0x21A8,0x21A8,0x21A8,0x21A8,0x21A8,0x21A8,
  0x21A8,0x21A8,0x21A8,0x21A8,0x21A8,0x21A8,0x21A8,0x21A8,0x21A8,0x21A8,0x21A8,0x21A8,0x21A8,0x21A8,0x21A8,0x21A8,
  0x21A8,0x21A8,0x21A8,0x21A8,0x21A8,0x21A8,0x21A8,0x21A8,0x21A8,0x21A8,0x21A8,0x21A8,0x21A8,0x21A8,0x21A8,0x21A8,
  0x21A8,0x21A8,0x21A8,0x21A8,0x21A8,0x21A8,0x21A8,0x21A8,0x21A8,0x21A8,0x21A8,0x21A8,0x21A8,0x21A8,0x21A8,0x21A8,
  0x21A8,0x21A8,0x21A8,0x21A8,0x21A8,0x21A8,0x21A8,0x21A8,0x21A8,0x21A8,0x21A8,0x21A8,0x21A8,0x21A8,0x21A8,0x21A8,
  0x21A8,0x21A8,0x21A8,0x21A8,0x21A8,0x21A8,0x21A8,0x21A8,0x21A8,0x21A8,0x21A8,0x21A8,0x21A8,0x21A8,0x21A8,0x0883,
  0x0883,0x0883,0x0883,0x0883,0x0883,0x0883,0x19A7,0x08C3,0x0041,0x0041,0x0041,0x0041,0x0041,0x0041,0x0041,0x0041,
  0x0041,0x0041,0x0041,0x0041,0x0041,0x0041,0x0041,0x0041,0x0041,0x2209,0x08A3,0x08A3,0x08A3,0x08A3,0x08A3,0x08A3,
  0x08A3,0x08A3,0x08A3,0x08A3,0x08A3,0x08A3,0x08A3,0x08A3,0x08A3,0x08A3,0x08A3,0x08A3,0x08A3,0x08A3,0x08A3,0x08A3,
  0x08A3,0x08A3,0x08A3,0x08A3,0x08A3,0x08A3,0x08A3,0x08A3,0x08A3,0x08A3,0x08A3,0x08A3,0x08A3,0x08A3,0x08A3,0x08A3,
  0x08A3,0x08A3,0x08A3,0x08A3,0x08A3,0x08A3,0x08A3,0x08A3,0x08A3,0x08A3,0x08A3,0x08A3,0x08A3,0x08A3,0x08A3,0x08A3,
  0x08A3,0x08A3,0x08A3,0x08A3,0x08A3,0x08A3,0x08A3,0x08A3,0x08A3,0x08A3,0x08A3,0x08A3,0x08A3,0x08A3,0x08A3,0x08A3,
  0x08A3,0x08A3,0x08A3,0x08A3,0x08A3,0x08A3,0x08A3,0x08A3,0x08A3,0x08A3,0x08A3,0x08A3,0x08A3,0x08A3,0x08A3,0x08A3,
  0x08A3,0x08A3,0x08A3,0x08A3,0x08A3,0x08A3,0x08A3,0x08A3,0x08A3,0x08A3,0x08A3,0x08A3,0x08A3,0x08A3,0x08A3,0x08A3,
  0x08A3,0x08A3,0x08A3,0x08A3,0x08A3,0x08A3,0x08A3,0x08A3,0x08A3,0x08A3,0x08A3,0x08A3,0x08A3,0x08A3,0x08A3,0x08A3,
  0x08A3,0x08A3,0x08A3,0x08A3,0x08A3,0x08A3,0x08A3,0x08A3,0x08A3,0x08A3,0x08A3,0x08A3,0x08A3,0x08A3,0x08A3,0x08A3,
  0x08A3,0x08A3,0x08A3,0x08A3,0x08A3,0x08A3,0x08A3,0x08A3,0x08A3,0x08A3,0x08A3,0x08A3,0x08A3,0x08A3,0x08A3,0x08A3,
  0x08A3,0x08A3,0x08A3,0x08A3,0x08A3,0x08A3,0x08A3,0x08A3,0x08A3,0x08A3,0x08A3,0x08A3,0x08A3,0x08A3,0x08A3,0x08A3,
  0x08A3,0x08A3,0x08A3,0x08A3,0x08A3,0x08A3,0x08A3,0x08A3,0x08A3,0x08A3,0x08A3,0x08A3,0x08A3,0x08A3,0x08A3,0x08A3,
  0x08A3,0x08A3,0x08A3,0x08A3,0x08A3,0x08A3,0x08A3,0x08A3,0x08A3,0x08A3,0x08A3,0x08A3,0x08A3,0x08A3,0x08A3,0x08A3,
  0x08A3,0x08A3,0x08A3,0x08A3,0x08A3,0x08A3,0x08A3,0x08A3,0x08A3,0x08A3,0x08A3,0x08A3,0x08A3,0x08A3,0x08A3,0x08A3,
  0x08A3,0x08A3,0x08A3,0x08A3,0x08A3,0x08A3,0x08A3,0x08A3,0x08A3,0x08A3,0x08A3,0x08A3,0x08A3,0x08A3,0x08A3,0x08A3,
  0x08A3,0x08A3,0x08A3,0x08A3,0x08A3,0x08A3,0x08A3,0x08A3,0x08A3,0x08A3,0x08A3,0x08A3,0x08A3,0x08A3,0x08A3,0x08A3,
  0x08A3,0x08A3,0x08A3,0x08A3,0x08A3,0x08A3,0x08A3,0x08A3,0x08A3,0x08A3,0x08A3,0x08A3,0x08A3,0x08A3,0x08A3,0x08A3,
  0x08A3,0x08A3,0x08A3,0x08A3,0x08A3,0x08A3,0x08A3,0x08A3,0x08A3,0x0883,0x0883,0x0883,0x0883,0x0883,0x0883,0x0883,
  0x0883,0x0883,0x0883,0x0883,0x0883,0x0883,0x0883,0x0883,0x0883,0x0883,0x0883,0x0883,0x0883,0x0883,0x0883,0x0883,
  0x0883,0x0883,0x0883,0x0883,0x0883,0x0883,0x19A7,0x08C3,0x0041,0x0041,0x0041,0x0041,0x0041,0x0041,0x0041,0x0041,
  0x0041,0x0041,0x0041,0x0041,0x0041,0x0041,0x0041,0x0041,0x0041,0x2209,0x08A3,0x08A3,0x08A3,0x08A3,0x08A3,0x08A3,
  0x08A3,0x08A3,0x08A3,0x08A3,0x08A3,0x08A3,0x08A3,0x08A3,0x08A3,0x08A3,0x08A3,0x08A3,0x08A3,0x08A3,0x08A3,0x08A3,
  0x08A3,0x08A3,0x08A3,0x08A3,0x08A3,0x08A3,0x08A3,0x08A3,0x08A3,0x08A3,0x08A3,0x08A3,0x08A3,0x08A3,0x08A3,0x08A3,
  0x08A3,0x08A3,0x08A3,0x08A3,0x08A3,0x08A3,0x08A3,0x08A3,0x08A3,0x08A3,0x08A3,0x08A3,0x08A3,0x08A3,0x08A3,0x08A3,
  0x08A3,0x08A3,0x08A3,0x08A3,0x08A3,0x08A3,0x08A3,0x08A3,0x08A3,0x08A3,0x08A3,0x08A3,0x08A3,0x08A3,0x08A3,0x08A3,
  0x08A3,0x08A3,0x08A3,0x08A3,0x08A3,0x08A3,0x08A3,0x08A3,0x08A3,0x08A3,0x08A3,0x08A3,0x08A3,0x08A3,0x08A3,0x08A3,
  0x08A3,0x08A3,0x08A3,0x08A3,0x08A3,0x08A3,0x08A3,0x08A3,0x08A3,0x08A3,0x08A3,0x08A3,0x08A3,0x08A3,0x08A3,0x08A3,
  0x08A3,0x08A3,0x08A3,0x08A3,0x08A3,0x08A3,0x08A3,0x08A3,0x08A3,0x08A3,0x08A3,0x08A3,0x08A3,0x08A3,0x08A3,0x08A3,
  0x08A3,0x08A3,0x08A3,0x08A3,0x08A3,0x08A3,0x08A3,0x08A3,0x08A3,0x08A3,0x08A3,0x08A3,0x08A3,0x08A3,0x08A3,0x08A3,
  0x08A3,0x08A3,0x08A3,0x08A3,0x08A3,0x08A3,0x08A3,0x08A3,0x08A3,0x08A3,0x08A3,0x08A3,0x08A3,0x08A3,0x08A3,0x08A3,
  0x08A3,0x08A3,0x08A3,0x08A3,0x08A3,0x08A3,0x08A3,0x08A3,0x08A3,0x08A3,0x08A3,0x08A3,0x08A3,0x08A3,0x08A3,0x08A3,
  0x08A3,0x08A3,0x08A3,0x08A3,0x08A3,0x08A3,0x08A3,0x08A3,0x08A3,0x08A3,0x08A3,0x08A3,0x08A3,0x08A3,0x08A3,0x08A3,
  0x08A3,0x08A3,0x08A3,0x08A3,0x08A3,0x08A3,0x08A3,0x08A3,0x08A3,0x08A3,0x08A3,0x08A3,0x08A3,0x08A3,0x08A3,0x08A3,
  0x08A3,0x08A3,0x08A3,0x08A3,0x08A3,0x08A3,0x08A3,0x08A3,0x08A3,0x08A3,0x08A3,0x08A3,0x08A3,0x08A3,0x08A3,0x08A3,
  0x08A3,0x08A3,0x08A3,0x08A3,0x08A3,0x08A3,0x08A3,0x08A3,0x08A3,0x08A3,0x08A3,0x08A3,0x08A3,0x08A3,0x08A3,0x08A3,
  0x08A3,0x08A3,0x08A3,0x08A3,0x08A3,0x08A3,0x08A3,0x08A3,0x08A3,0x08A3,0x08A3,0x08A3,0x08A3,0x08A3,0x08A3,0x08A3,
  0x08A3,0x08A3,0x08A3,0x08A3,0x08A3,0x08A3,0x08A3,0x08A3,0x08A3,0x08A3,0x08A3,0x08A3,0x08A3,0x08A3,0x08A3,0x08A3,
  0x08A3,0x08A3,0x08A3,0x08A3,0x08A3,0x08A3,0x0883,0x0883,0x0883,0x0883,0x0883,0x0883,0x0883,0x0883,0x0883,0x0883,
  0x0883,0x0883,0x0883,0x0883,0x0883,0x0883,0x0883,0x0883,0x0883,0x0883,0x0883,0x0883,0x0883,0x0883,0x0883,0x0883,
  0x0883,0x0883,0x0883,0x0883,0x0883,0x0883,0x19A7,0x08C3,0x0041,0x0041,0x0041,0x0041,0x0041,0x0041,0x0041,0x0041,
  0x0041,0x0041,0x0041,0x0041,0x0041,0x0041,0x0041,0x0041,0x0041,0x2209,0x08A3,0x08A3,0x08A3,0x08A3,0x08A3,0x08A3,
  0x08A3,0x08A3,0x08A3,0x08A3,0x08A3,0x08A3,0x08A3,0x08A3,0x08A3,0x08A3,0x08A3,0x08A3,0x08A3,0x08A3,0x08A3,0x08A3,
  0x08A3,0x08A3,0x08A3,0x08A3,0x08A3,0x08A3,0x08A3,0x08A3,0x08A3,0x08A3,0x08A3,0x08A3,0x08A3,0x08A3,0x08A3,0x08A3,
  0x08A3,0x08A3,0x08A3,0x08A3,0x08A3,0x08A3,0x08A3,0x08A3,0x08A3,0x08A3,0x08A3,0x08A3,0x08A3,0x08A3,0x08A3,0x08A3,
  0x08A3,0x08A3,0x08A3,0x08A3,0x08A3,0x08A3,0x08A3,0x08A3,0x08A3,0x08A3,0x08A3,0x08A3,0x08A3,0x08A3,0x08A3,0x08A3,
  0x08A3,0x08A3,0x08A3,0x08A3,0x08A3,0x08A3,0x08A3,0x08A3,0x08A3,0x08A3,0x08A3,0x08A3,0x08A3,0x08A3,0x08A3,0x08A3,
  0x08A3,0x08A3,0x08A3,0x08A3,0x08A3,0x08A3,0x08A3,0x08A3,0x08A3,0x08A3,0x08A3,0x08A3,0x08A3,0x08A3,0x08A3,0x08A3,
  0x08A3,0x08A3,0x08A3,0x08A3,0x08A3,0x08A3,0x08A3,0x08A3,0x08A3,0x08A3,0x08A3,0x08A3,0x08A3,0x08A3,0x08A3,0x08A3,
  0x08A3,0x08A3,0x08A3,0x08A3,0x08A3,0x08A3,0x08A3,0x08A3,0x08A3,0x08A3,0x08A3,0x08A3,0x08A3,0x08A3,0x08A3,0x08A3,
  0x08A3,0x08A3,0x08A3,0x08A3,0x08A3,0x08A3,0x08A3,0x08A3,0x08A3,0x08A3,0x08A3,0x08A3,0x08A3,0x08A3,0x08A3,0x08A3,
  0x08A3,0x08A3,0x08A3,0x08A3,0x08A3,0x08A3,0x08A3,0x08A3,0x08A3,0x08A3,0x08A3,0x08A3,0x08A3,0x08A3,0x08A3,0x08A3,
  0x08A3,0x08A3,0x08A3,0x08A3,0x08A3,0x08A3,0x08A3,0x08A3,0x08A3,0x08A3,0x08A3,0x08A3,0x08A3,0x08A3,0x08A3,0x08A3,
  0x08A3,0x08A3,0x08A3,0x08A3,0x08A3,0x08A3,0x08A3,0x08A3,0x08A3,0x08A3,0x08A3,0x08A3,0x08A3,0x08A3,0x08A3,0x08A3,
  0x08A3,0x08A3,0x08A3,0x08A3,0x08A3,0x08A3,0x08A3,0x08A3,0x08A3,0x08A3,0x08A3,0x08A3,0x08A3,0x08A3,0x08A3,0x08A3,
  0x08A3,0x08A3,0x08A3,0x08A3,0x08A3,0x08A3,0x08A3,0x08A3,0x08A3,0x08A3,0x08A3,0x08A3,0x08A3,0x08A3,0x08A3,0x08A3,
  0x08A3,0x08A3,0x08A3,0x08A3,0x08A3,0x08A3,0x08A3,0x08A3,0x08A3,0x08A3,0x08A3,0x08A3,0x08A3,0x08A3,0x08A3,0x08A3,
  0x08A3,0x08A3,0x08A3,0x08A3,0x08A3,0x08A3,0x08A3,0x08A3,0x08A3,0x08A3,0x08A3,0x08A3,0x08A3,0x08A3,0x08A3,0x08A3,
  0x08A3,0x08A3,0x08A3,0x0883,0x0883,0x0883,0x0883,0x0883,0x0883,0x0883,0x0883,0x0883,0x0883,0x0883,0x0883,0x0883,
  0x0883,0x0883,0x0883,0x0883,0x0883,0x0883,0x0883,0x0883,0x0883,0x0883,0x0883,0x0883,0x0883,0x0883,0x0883,0x0883,
  0x0883,0x0883,0x0883,0x0883,0x0883,0x0883,0x19A7,0x08C3,0x0041,0x0041,0x0041,0x0041,0x0041,0x0041,0x0041,0x0041,
  0x0041,0x0041,0x0041,0x0041,0x0041,0x0041,0x0041,0x0041,0x0041,0x2209,0x08A3,0x08A3,0x08A3,0x08A3,0x08A3,0x08A3,
  0x08A3,0x08A3,0x08A3,0x08A3,0x08A3,0x08A3,0x08A3,0x08A3,0x08A3,0x08A3,0x08A3,0x08A3,0x08A3,0x08A3,0x08A3,0x08A3,
  0x08A3,0x08A3,0x08A3,0x08A3,0x08A3,0x08A3,0x08A3,0x08A3,0x08A3,0x08A3,0x08A3,0x08A3,0x08A3,0x08A3,0x08A3,0x08A3,
  0x08A3,0x08A3,0x08A3,0x08A3,0x08A3,0x08A3,0x08A3,0x08A3,0x08A3,0x08A3,0x08A3,0x08A3,0x08A3,0x08A3,0x08A3,0x08A3,
  0x08A3,0x08A3,0x08A3,0x08A3,0x08A3,0x08A3,0x08A3,0x08A3,0x08A3,0x08A3,0x08A3,0x08A3,0x08A3,0x08A3,0x08A3,0x08A3,
  0x08A3,0x08A3,0x08A3,0x08A3,0x08A3,0x08A3,0x08A3,0x08A3,0x08A3,0x08A3,0x08A3,0x08A3,0x08A3,0x08A3,0x08A3,0x08A3,
  0x08A3,0x08A3,0x08A3,0x08A3,0x08A3,0x08A3,0x08A3,0x08A3,0x08A3,0x08A3,0x08A3,0x08A3,0x08A3,0x08A3,0x08A3,0x08A3,
  0x08A3,0x08A3,0x08A3,0x08A3,0x08A3,0x08A3,0x08A3,0x08A3,0x08A3,0x08A3,0x08A3,0x08A3,0x08A3,0x08A3,0x08A3,0x08A3,
  0x08A3,0x08A3,0x08A3,0x08A3,0x08A3,0x08A3,0x08A3,0x08A3,0x08A3,0x08A3,0x08A3,0x08A3,0x08A3,0x08A3,0x08A3,0x08A3,
  0x08A3,0x08A3,0x08A3,0x08A3,0x08A3,0x08A3,0x08A3,0x08A3,0x08A3,0x08A3,0x08A3,0x08A3,0x08A3,0x08A3,0x08A3,0x08A3,
  0x08A3,0x08A3,0x08A3,0x08A3,0x08A3,0x08A3,0x08A3,0x08A3,0x08A3,0x08A3,0x08A3,0x08A3,0x08A3,0x08A3,0x08A3,0x08A3,
  0x08A3,0x08A3,0x08A3,0x08A3,0x08A3,0x08A3,0x08A3,0x08A3,0x08A3,0x08A3,0x08A3,0x08A3,0x08A3,0x08A3,0x08A3,0x08A3,
  0x08A3,0x08A3,0x08A3,0x08A3,0x08A3,0x08A3,0x08A3,0x08A3,0x08A3,0x08A3,0x08A3,0x08A3,0x08A3,0x08A3,0x08A3,0x08A3,
  0x08A3,0x08A3,0x08A3,0x08A3,0x08A3,0x08A3,0x08A3,0x08A3,0x08A3,0x08A3,0x08A3,0x08A3,0x08A3,0x08A3,0x08A3,0x08A3,
  0x08A3,0x08A3,0x08A3,0x08A3,0x08A3,0x08A3,0x08A3,0x08A3,0x08A3,0x08A3,0x08A3,0x08A3,0x08A3,0x08A3,0x08A3,0x08A3,
  0x08A3,0x08A3,0x08A3,0x08A3,0x08A3,0x08A3,0x08A3,0x08A3,0x08A3,0x08A3,0x08A3,0x08A3,0x08A3,0x08A3,0x08A3,0x08A3,
  0x08A3,0x08A3,0x08A3,0x08A3,0x08A3,0x08A3,0x08A3,0x08A3,0x08A3,0x08A3,0x08A3,0x08A3,0x08A3,0x08A3,0x08A3,0x08A3,
  0x0883,0x0883,0x0883,0x0883,0x0883,0x0883,0x0883,0x0883,0x0883,0x0883,0x0883,0x0883,0x0883,0x0883,0x0883,0x0883,
  0x0883,0x0883,0x0883,0x0883,0x0883,0x0883,0x0883,0x0883,0x0883,0x0883,0x0883,0x0883,0x0883,0x0883,0x0883,0x0883,
  0x0883,0x0883,0x0883,0x0883,0x0883,0x0883,0x19A7,0x08C3,0x0041,0x0041,0x0041,0x0041,0x0041,0x0041,0x0041,0x0041,
  0x0041,0x0041,0x0041,0x0041,0x0041,0x0041,0x0041,0x0041,0x0041,0x2209,0x08A3,0x08A3,0x08A3,0x08A3,0x08A3,0x08A3,
  0x08A3,0x08A3,0x08A3,0x08A3,0x08A3,0x08A3,0x08A3,0x08A3,0x08A3,0x08A3,0x08A3,0x08A3,0x08A3,0x08A3,0x08A3,0x08A3,
  0x08A3,0x08A3,0x08A3,0x08A3,0x08A3,0x08A3,0x08A3,0x08A3,0x08A3,0x08A3,0x08A3,0x08A3,0x08A3,0x08A3,0x08A3,0x08A3,
  0x08A3,0x08A3,0x08A3,0x08A3,0x08A3,0x08A3,0x08A3,0x08A3,0x08A3,0x08A3,0x08A3,0x08A3,0x08A3,0x08A3,0x08A3,0x08A3,
  0x08A3,0x08A3,0x08A3,0x08A3,0x08A3,0x08A3,0x08A3,0x08A3,0x08A3,0x08A3,0x08A3,0x08A3,0x21A8,0x08A3,0x08A3,0x08A3,
  0x08A3,0x08A3,0x08A3,0x08A3,0x08A3,0x08A3,0x08A3,0x08A3,0x08A3,0x08A3,0x08A3,0x08A3,0x08A3,0x08A3,0x08A3,0x08A3,
  0x08A3,0x08A3,0x08A3,0x08A3,0x08A3,0x08A3,0x08A3,0x08A3,0x08A3,0x08A3,0x08A3,0x08A3,0x08A3,0x08A3,0x08A3,0x08A3,
  0x08A3,0x08A3,0x08A3,0x08A3,0x08A3,0x08A3,0x08A3,0x08A3,0x08A3,0x08A3,0x08A3,0x08A3,0x08A3,0x08A3,0x08A3,0x08A3,
  0x08A3,0x08A3,0x08A3,0x08A3,0x08A3,0x08A3,0x08A3,0x08A3,0x08A3,0x08A3,0x08A3,0x08A3,0x08A3,0x08A3,0x08A3,0x08A3,
  0x08A3,0x08A3,0x08A3,0x08A3,0x08A3,0x08A3,0x08A3,0x08A3,0x08A3,0x08A3,0x08A3,0x08A3,0x21A8,0x08A3,0x08A3,0x08A3,
  0x08A3,0x08A3,0x08A3,0x08A3,0x08A3,0x08A3,0x08A3,0x08A3,0x08A3,0x08A3,0x08A3,0x08A3,0x08A3,0x08A3,0x08A3,0x08A3,
  0x08A3,0x08A3,0x08A3,0x08A3,0x08A3,0x08A3,0x08A3,0x08A3,0x08A3,0x08A3,0x08A3,0x08A3,0x08A3,0x08A3,0x08A3,0x08A3,
  0x08A3,0x08A3,0x08A3,0x08A3,0x08A3,0x08A3,0x08A3,0x08A3,0x08A3,0x08A3,0x08A3,0x08A3,0x08A3,0x08A3,0x08A3,0x08A3,
  0x08A3,0x08A3,0x08A3,0x08A3,0x08A3,0x08A3,0x08A3,0x08A3,0x08A3,0x08A3,0x08A3,0x08A3,0x08A3,0x08A3,0x08A3,0x08A3,
  0x08A3,0x08A3,0x08A3,0x08A3,0x08A3,0x08A3,0x08A3,0x08A3,0x08A3,0x08A3,0x08A3,0x08A3,0x21A8,0x08A3,0x08A3,0x08A3,
  0x08A3,0x08A3,0x08A3,0x08A3,0x08A3,0x08A3,0x08A3,0x08A3,0x08A3,0x08A3,0x08A3,0x08A3,0x08A3,0x08A3,0x08A3,0x08A3,
  0x08A3,0x08A3,0x08A3,0x08A3,0x08A3,0x08A3,0x08A3,0x08A3,0x08A3,0x08A3,0x08A3,0x08A3,0x08A3,0x0883,0x0883,0x0883,
  0x0883,0x0883,0x0883,0x0883,0x0883,0x0883,0x0883,0x0883,0x0883,0x0883,0x0883,0x0883,0x0883,0x0883,0x0883,0x0883,
  0x0883,0x0883,0x0883,0x0883,0x0883,0x0883,0x0883,0x0883,0x0883,0x0883,0x0883,0x0883,0x0883,0x0883,0x0883,0x0883,
  0x0883,0x0883,0x0883,0x0883,0x0883,0x0883,0x19A7,0x08C3,0x0041,0x0041,0x0041,0x0041,0x0041,0x0041,0x0041,0x0041,
  0x0041,0x0041,0x0041,0x0041,0x0041,0x0041,0x0041,0x0041,0x0041,0x2209,0x08A3,0x08A3,0x08A3,0x08A3,0x08A3,0x08A3,
  0x08A3,0x08A3,0x08A3,0x08A3,0x08A3,0x08A3,0x08A3,0x08A3,0x08A3,0x08A3,0x08A3,0x08A3,0x08A3,0x08A3,0x08A3,0x08A3,
  0x08A3,0x08A3,0x08A3,0x08A3,0x08A3,0x08A3,0x08A3,0x08A3,0x08A3,0x08A3,0x08A3,0x08A3,0x08A3,0x08A3,0x08A3,0x08A3,
  0x08A3,0x08A3,0x08A3,0x08A3,0x08A3,0x08A3,0x08A3,0x08A3,0x08A3,0x08A3,0x08A3,0x08A3,0x08A3,0x08A3,0x08A3,0x08A3,
  0x08A3,0x08A3,0x08A3,0x08A3,0x08A3,0x08A3,0x08A3,0x08A3,0x08A3,0x08A3,0x08A3,0x08A3,0x21A8,0x08A3,0x08A3,0x08A3,
  0x08A3,0x08A3,0x08A3,0x08A3,0x08A3,0x08A3,0x08A3,0x08A3,0x08A3,0x08A3,0x08A3,0x08A3,0x08A3,0x08A3,0x08A3,0x08A3,
  0x08A3,0x08A3,0x08A3,0x08A3,0x08A3,0x08A3,0x08A3,0x08A3,0x08A3,0x08A3,0x08A3,0x08A3,0x08A3,0x08A3,0x08A3,0x08A3,
  0x08A3,0x08A3,0x08A3,0x08A3,0x08A3,0x08A3,0x08A3,0x08A3,0x08A3,0x08A3,0x08A3,0x08A3,0x08A3,0x08A3,0x08A3,0x08A3,
  0x08A3,0x08A3,0x08A3,0x08A3,0x08A3,0x08A3,0x08A3,0x08A3,0x08A3,0x08A3,0x08A3,0x08A3,0x08A3,0x08A3,0x08A3,0x08A3,
  0x08A3,0x08A3,0x08A3,0x08A3,0x08A3,0x08A3,0x08A3,0x08A3,0x08A3,0x08A3,0x08A3,0x08A3,0x21A8,0x08A3,0x08A3,0x08A3,
  0x08A3,0x08A3,0x08A3,0x08A3,0x08A3,0x08A3,0x08A3,0x08A3,0x08A3,0x08A3,0x08A3,0x08A3,0x08A3,0x08A3,0x08A3,0x08A3,
  0x08A3,0x08A3,0x08A3,0x08A3,0x08A3,0x08A3,0x08A3,0x08A3,0x08A3,0x08A3,0x08A3,0x08A3,0x08A3,0x08A3,0x08A3,0x08A3,
  0x08A3,0x08A3,0x08A3,0x08A3,0x08A3,0x08A3,0x08A3,0x08A3,0x08A3,0x08A3,0x08A3,0x08A3,0x08A3,0x08A3,0x08A3,0x08A3,
  0x08A3,0x08A3,0x08A3,0x08A3,0x08A3,0x08A3,0x08A3,0x08A3,0x08A3,0x08A3,0x08A3,0x08A3,0x08A3,0x08A3,0x08A3,0x08A3,
  0x08A3,0x08A3,0x08A3,0x08A3,0x08A3,0x08A3,0x08A3,0x08A3,0x08A3,0x08A3,0x08A3,0x08A3,0x21A8,0x08A3,0x08A3,0x08A3,
  0x08A3,0x08A3,0x08A3,0x08A3,0x08A3,0x08A3,0x08A3,0x08A3,0x08A3,0x08A3,0x08A3,0x08A3,0x08A3,0x08A3,0x08A3,0x08A3,
  0x08A3,0x08A3,0x08A3,0x08A3,0x08A3,0x08A3,0x08A3,0x08A3,0x08A3,0x08A3,0x0883,0x0883,0x0883,0x0883,0x0883,0x0883,
  0x0883,0x0883,0x0883,0x0883,0x0883,0x0883,0x0883,0x0883,0x0883,0x0883,0x0883,0x0883,0x0883,0x0883,0x0883,0x0883,
  0x0883,0x0883,0x0883,0x0883,0x0883,0x0883,0x0883,0x0883,0x0883,0x0883,0x0883,0x0883,0x0883,0x0883,0x0883,0x0883,
  0x0883,0x0883,0x0883,0x0883,0x0883,0x0883,0x19A7,0x08C3,0x0041,0x0041,0x0041,0x0041,0x0041,0x0041,0x0041,0x0041,
  0x0041,0x0041,0x0041,0x0041,0x0041,0x0041,0x0041,0x0041,0x0041,0x2209,0x08A3,0x08A3,0x08A3,0x08A3,0x08A3,0x08A3,
  0x08A3,0x08A3,0x08A3,0x08A3,0x08A3,0x08A3,0x08A3,0x08A3,0x08A3,0x08A3,0x08A3,0x08A3,0x08A3,0x08A3,0x08A3,0x08A3,
  0x08A3,0x08A3,0x08A3,0x08A3,0x08A3,0x08A3,0x08A3,0x08A3,0x08A3,0x08A3,0x08A3,0x08A3,0x08A3,0x08A3,0x08A3,0x08A3,
  0x08A3,0x08A3,0x08A3,0x08A3,0x08A3,0x08A3,0x08A3,0x08A3,0x08A3,0x08A3,0x08A3,0x08A3,0x08A3,0x08A3,0x08A3,0x08A3,
  0x08A3,0x08A3,0x08A3,0x08A3,0x08A3,0x08A3,0x08A3,0x08A3,0x08A3,0x08A3,0x08A3,0x08A3,0x21A8,0x08A3,0x08A3,0x08A3,
  0x08A3,0x08A3,0x08A3,0x08A3,0x08A3,0x08A3,0x08A3,0x08A3,0x08A3,0x08A3,0x08A3,0x08A3,0x08A3,0x08A3,0x08A3,0x08A3,
  0x08A3,0x08A3,0x08A3,0x08A3,0x08A3,0x08A3,0x08A3,0x08A3,0x08A3,0x08A3,0x08A3,0x08A3,0x08A3,0x08A3,0x08A3,0x08A3,
  0x08A3,0x08A3,0x08A3,0x08A3,0x08A3,0x08A3,0x08A3,0x08A3,0x08A3,0x08A3,0x08A3,0x08A3,0x08A3,0x08A3,0x08A3,0x08A3,
  0x08A3,0x08A3,0x08A3,0x08A3,0x08A3,0x08A3,0x08A3,0x08A3,0x08A3,0x08A3,0x08A3,0x08A3,0x08A3,0x08A3,0x08A3,0x08A3,
  0x08A3,0x08A3,0x08A3,0x08A3,0x08A3,0x08A3,0x08A3,0x08A3,0x08A3,0x08A3,0x08A3,0x08A3,0x21A8,0x08A3,0x08A3,0x08A3,
  0x08A3,0x08A3,0x08A3,0x08A3,0x08A3,0x08A3,0x08A3,0x08A3,0x08A3,0x08A3,0x08A3,0x08A3,0x08A3,0x08A3,0x08A3,0x08A3,
  0x08A3,0x08A3,0x08A3,0x08A3,0x08A3,0x08A3,0x08A3,0x08A3,0x08A3,0x08A3,0x08A3,0x08A3,0x08A3,0x08A3,0x08A3,0x08A3,
  0x08A3,0x08A3,0x08A3,0x08A3,0x08A3,0x08A3,0x08A3,0x08A3,0x08A3,0x08A3,0x08A3,0x08A3,0x08A3,0x08A3,0x08A3,0x08A3,
  0x08A3,0x08A3,0x08A3,0x08A3,0x08A3,0x08A3,0x08A3,0x08A3,0x08A3,0x08A3,0x08A3,0x08A3,0x08A3,0x08A3,0x08A3,0x08A3,
  0x08A3,0x08A3,0x08A3,0x08A3,0x08A3,0x08A3,0x08A3,0x08A3,0x08A3,0x08A3,0x08A3,0x08A3,0x21A8,0x08A3,0x08A3,0x08A3,
  0x08A3,0x08A3,0x08A3,0x08A3,0x08A3,0x08A3,0x08A3,0x08A3,0x08A3,0x08A3,0x08A3,0x08A3,0x08A3,0x08A3,0x08A3,0x08A3,
  0x08A3,0x08A3,0x08A3,0x08A3,0x08A3,0x08A3,0x08A3,0x0883,0x0883,0x0883,0x0883,0x0883,0x0883,0x0883,0x0883,0x0883,
  0x0883,0x0883,0x0883,0x0883,0x0883,0x0883,0x0883,0x0883,0x0883,0x0883,0x0883,0x0883,0x0883,0x0883,0x0883,0x0883,
  0x0883,0x0883,0x0883,0x0883,0x0883,0x0883,0x0883,0x0883,0x0883,0x0883,0x0883,0x0883,0x0883,0x0883,0x0883,0x0883,
  0x0883,0x0883,0x0883,0x0883,0x0883,0x0883,0x19A7,0x08C3,0x0041,0x0041,0x0041,0x0041,0x0041,0x0041,0x0041,0x0041,
  0x0041,0x0041,0x0041,0x0041,0x0041,0x0041,0x0041,0x0041,0x0041,0x2209,0x08A3,0x08A3,0x08A3,0x08A3,0x08A3,0x08A3,
  0x08A3,0x08A3,0x08A3,0x08A3,0x08A3,0x08A3,0x08A3,0x08A3,0x08A3,0x08A3,0x08A3,0x08A3,0x08A3,0x08A3,0x08A3,0x08A3,
  0x08A3,0x08A3,0x08A3,0x08A3,0x08A3,0x08A3,0x08A3,0x08A3,0x08A3,0x08A3,0x08A3,0x08A3,0x08A3,0x08A3,0x08A3,0x08A3,
  0x08A3,0x08A3,0x08A3,0x08A3,0x08A3,0x08A3,0x08A3,0x08A3,0x08A3,0x08A3,0x08A3,0x08A3,0x08A3,0x08A3,0x08A3,0x08A3,
  0x08A3,0x08A3,0x08A3,0x08A3,0x08A3,0x08A3,0x08A3,0x08A3,0x08A3,0x08A3,0x08A3,0x08A3,0x21A8,0x08A3,0x08A3,0x08A3,
  0x08A3,0x08A3,0x08A3,0x08A3,0x08A3,0x08A3,0x08A3,0x08A3,0x08A3,0x08A3,0x08A3,0x08A3,0x08A3,0x08A3,0x08A3,0x08A3,
  0x08A3,0x08A3,0x08A3,0x08A3,0x08A3,0x08A3,0x08A3,0x08A3,0x08A3,0x08A3,0x08A3,0x08A3,0x08A3,0x08A3,0x08A3,0x08A3,
  0x08A3,0x08A3,0x08A3,0x08A3,0x08A3,0x08A3,0x08A3,0x08A3,0x08A3,0x08A3,0x08A3,0x08A3,0x08A3,0x08A3,0x08A3,0x08A3,
  0x08A3,0x08A3,0x08A3,0x08A3,0x08A3,0x08A3,0x08A3,0x08A3,0x08A3,0x08A3,0x08A3,0x08A3,0x08A3,0x08A3,0x08A3,0x08A3,
  0x08A3,0x08A3,0x08A3,0x08A3,0x08A3,0x08A3,0x08A3,0x08A3,0x08A3,0x08A3,0x08A3,0x08A3,0x21A8,0x08A3,0x08A3,0x08A3,
  0x08A3,0x08A3,0x08A3,0x08A3,0x08A3,0x08A3,0x08A3,0x08A3,0x08A3,0x08A3,0x08A3,0x08A3,0x08A3,0x08A3,0x08A3,0x08A3,
  0x08A3,0x08A3,0x08A3,0x08A3,0x08A3,0x08A3,0x08A3,0x08A3,0x08A3,0x08A3,0x08A3,0x08A3,0x08A3,0x08A3,0x08A3,0x08A3,
  0x08A3,0x08A3,0x08A3,0x08A3,0x08A3,0x08A3,0x08A3,0x08A3,0x08A3,0x08A3,0x08A3,0x08A3,0x08A3,0x08A3,0x08A3,0x08A3,
  0x08A3,0x08A3,0x08A3,0x08A3,0x08A3,0x08A3,0x08A3,0x08A3,0x08A3,0x08A3,0x08A3,0x08A3,0x08A3,0x08A3,0x08A3,0x08A3,
  0x08A3,0x08A3,0x08A3,0x08A3,0x08A3,0x08A3,0x08A3,0x08A3,0x08A3,0x08A3,0x08A3,0x08A3,0x21A8,0x08A3,0x08A3,0x08A3,
  0x08A3,0x08A3,0x08A3,0x08A3,0x08A3,0x08A3,0x08A3,0x08A3,0x08A3,0x08A3,0x08A3,0x08A3,0x08A3,0x08A3,0x08A3,0x08A3,
  0x08A3,0x08A3,0x08A3,0x08A3,0x0883,0x0883,0x0883,0x0883,0x0883,0x0883,0x0883,0x0883,0x0883,0x0883,0x0883,0x0883,
  0x0883,0x0883,0x0883,0x0883,0x0883,0x0883,0x0883,0x0883,0x0883,0x0883,0x0883,0x0883,0x0883,0x0883,0x0883,0x0883,
  0x0883,0x0883,0x0883,0x0883,0x0883,0x0883,0x0883,0x0883,0x0883,0x0883,0x0883,0x0883,0x0883,0x0883,0x0883,0x0883,
  0x0883,0x0883,0x0883,0x0883,0x0883,0x0883,0x19A7,0x08C3,0x0041,0x0041,0x0041,0x0041,0x0041,0x0041,0x0041,0x0041,
  0x0041,0x0041,0x0041,0x0041,0x0041,0x0041,0x0041,0x0041,0x0041,0x2209,0x08A3,0x08A3,0x08A3,0x08A3,0x08A3,0x08A3,
  0x08A3,0x08A3,0x08A3,0x08A3,0x08A3,0x08A3,0x08A3,0x08A3,0x08A3,0x08A3,0x08A3,0x08A3,0x08A3,0x08A3,0x08A3,0x08A3,
  0x08A3,0x08A3,0x08A3,0x08A3,0x08A3,0x08A3,0x08A3,0x08A3,0x08A3,0x08A3,0x08A3,0x08A3,0x08A3,0x08A3,0x08A3,0x08A3,
  0x08A3,0x08A3,0x08A3,0x08A3,0x08A3,0x08A3,0x08A3,0x08A3,0x08A3,0x08A3,0x08A3,0x08A3,0x08A3,0x08A3,0x08A3,0x08A3,
  0x08A3,0x08A3,0x08A3,0x08A3,0x08A3,0x08A3,0x08A3,0x08A3,0x08A3,0x08A3,0x08A3,0x08A3,0x21A8,0x08A3,0x08A3,0x08A3,
  0x08A3,0x08A3,0x08A3,0x08A3,0x08A3,0x08A3,0x08A3,0x08A3,0x08A3,0x08A3,0x08A3,0x08A3,0x08A3,0x08A3,0x08A3,0x08A3,
  0x08A3,0x08A3,0x08A3,0x08A3,0x08A3,0x08A3,0x08A3,0x08A3,0x08A3,0x08A3,0x08A3,0x08A3,0x08A3,0x08A3,0x08A3,0x08A3,
  0x08A3,0x08A3,0x08A3,0x08A3,0x08A3,0x08A3,0x08A3,0x08A3,0x08A3,0x08A3,0x08A3,0x08A3,0x08A3,0x08A3,0x08A3,0x08A3,
  0x08A3,0x08A3,0x08A3,0x08A3,0x08A3,0x08A3,0x08A3,0x08A3,0x08A3,0x08A3,0x08A3,0x08A3,0x08A3,0x08A3,0x08A3,0x08A3,
  0x08A3,0x08A3,0x08A3,0x08A3,0x08A3,0x08A3,0x08A3,0x08A3,0x08A3,0x08A3,0x08A3,0x08A3,0x21A8,0x08A3,0x08A3,0x08A3,
  0x08A3,0x08A3,0x08A3,0x08A3,0x08A3,0x08A3,0x08A3,0x08A3,0x08A3,0x08A3,0x08A3,0x08A3,0x08A3,0x08A3,0x08A3,0x08A3,
  0x08A3,0x08A3,0x08A3,0x08A3,0x08A3,0x08A3,0x08A3,0x08A3,0x08A3,0x08A3,0x08A3,0x08A3,0x08A3,0x08A3,0x08A3,0x08A3,
  0x08A3,0x08A3,0x08A3,0x08A3,0x08A3,0x08A3,0x08A3,0x08A3,0x08A3,0x08A3,0x08A3,0x08A3,0x08A3,0x08A3,0x08A3,0x08A3,
  0x08A3,0x08A3,0x08A3,0x08A3,0x08A3,0x08A3,0x08A3,0x08A3,0x08A3,0x08A3,0x08A3,0x08A3,0x08A3,0x08A3,0x08A3,0x08A3,
  0x08A3,0x08A3,0x08A3,0x08A3,0x08A3,0x08A3,0x08A3,0x08A3,0x08A3,0x08A3,0x08A3,0x08A3,0x21A8,0x08A3,0x08A3,0x08A3,
  0x08A3,0x08A3,0x08A3,0x08A3,0x08A3,0x08A3,0x08A3,0x08A3,0x08A3,0x08A3,0x08A3,0x08A3,0x08A3,0x08A3,0x08A3,0x08A3,
  0x08A3,0x0883,0x0883,0x0883,0x0883,0x0883,0x0883,0x0883,0x0883,0x0883,0x0883,0x0883,0x0883,0x0883,0x0883,0x0883,
  0x0883,0x0883,0x0883,0x0883,0x0883,0x0883,0x0883,0x0883,0x0883,0x0883,0x0883,0x0883,0x0883,0x0883,0x0883,0x0883,
  0x0883,0x0883,0x0883,0x0883,0x0883,0x0883,0x0883,0x0883,0x0883,0x0883,0x0883,0x0883,0x0883,0x0883,0x0883,0x0883,
  0x0883,0x0883,0x0883,0x0883,0x0883,0x0883,0x19A7,0x08C3,0x0041,0x0041,0x0041,0x0041,0x0041,0x0041,0x0041,0x0041,
  0x0041,0x0041,0x0041,0x0041,0x0041,0x0041,0x0041,0x0041,0x0041,0x2209,0x08A3,0x08A3,0x08A3,0x08A3,0x08A3,0x08A3,
  0x08A3,0x08A3,0x08A3,0x08A3,0x08A3,0x08A3,0x08A3,0x08A3,0x08A3,0x08A3,0x08A3,0x08A3,0x08A3,0x08A3,0x08A3,0x08A3,
  0x08A3,0x08A3,0x08A3,0x08A3,0x08A3,0x08A3,0x08A3,0x08A3,0x08A3,0x08A3,0x08A3,0x08A3,0x08A3,0x08A3,0x08A3,0x08A3,
  0x08A3,0x08A3,0x08A3,0x08A3,0x08A3,0x08A3,0x08A3,0x08A3,0x08A3,0x08A3,0x08A3,0x08A3,0x08A3,0x08A3,0x08A3,0x08A3,
  0x08A3,0x08A3,0x08A3,0x08A3,0x08A3,0x08A3,0x08A3,0x08A3,0x08A3,0x08A3,0x08A3,0x08A3,0x21A8,0x08A3,0x08A3,0x08A3,
  0x08A3,0x08A3,0x08A3,0x08A3,0x08A3,0x08A3,0x08A3,0x08A3,0x08A3,0x08A3,0x08A3,0x08A3,0x08A3,0x08A3,0x08A3,0x08A3,
  0x08A3,0x08A3,0x08A3,0x08A3,0x08A3,0x08A3,0x08A3,0x08A3,0x08A3,0x08A3,0x08A3,0x08A3,0x08A3,0x08A3,0x08A3,0x08A3,
  0x08A3,0x08A3,0x08A3,0x08A3,0x08A3,0x08A3,0x08A3,0x08A3,0x08A3,0x08A3,0x08A3,0x08A3,0x08A3,0x08A3,0x08A3,0x08A3,
  0x08A3,0x08A3,0x08A3,0x08A3,0x08A3,0x08A3,0x08A3,0x08A3,0x08A3,0x08A3,0x08A3,0x08A3,0x08A3,0x08A3,0x08A3,0x08A3,
  0x08A3,0x08A3,0x08A3,0x08A3,0x08A3,0x08A3,0x08A3,0x08A3,0x08A3,0x08A3,0x08A3,0x08A3,0x21A8,0x08A3,0x08A3,0x08A3,
  0x08A3,0x08A3,0x08A3,0x08A3,0x08A3,0x08A3,0x08A3,0x08A3,0x08A3,0x08A3,0x08A3,0x08A3,0x08A3,0x08A3,0x08A3,0x08A3,
  0x08A3,0x08A3,0x08A3,0x08A3,0x08A3,0x08A3,0x08A3,0x08A3,0x08A3,0x08A3,0x08A3,0x08A3,0x08A3,0x08A3,0x08A3,0x08A3,
  0x08A3,0x08A3,0x08A3,0x08A3,0x08A3,0x08A3,0x08A3,0x08A3,0x08A3,0x08A3,0x08A3,0x08A3,0x08A3,0x08A3,0x08A3,0x08A3,
  0x08A3,0x08A3,0x08A3,0x08A3,0x08A3,0x08A3,0x08A3,0x08A3,0x08A3,0x08A3,0x08A3,0x08A3,0x08A3,0x08A3,0x08A3,0x08A3,
  0x08A3,0x08A3,0x08A3,0x08A3,0x08A3,0x08A3,0x08A3,0x08A3,0x08A3,0x08A3,0x08A3,0x08A3,0x21A8,0x08A3,0x08A3,0x08A3,
  0x08A3,0x08A3,0x08A3,0x08A3,0x08A3,0x08A3,0x08A3,0x08A3,0x08A3,0x08A3,0x08A3,0x08A3,0x08A3,0x08A3,0x0883,0x0883,
  0x0883,0x0883,0x0883,0x0883,0x0883,0x0883,0x0883,0x0883,0x0883,0x0883,0x0883,0x0883,0x0883,0x0883,0x0883,0x0883,
  0x0883,0x0883,0x0883,0x0883,0x0883,0x0883,0x0883,0x0883,0x0883,0x0883,0x0883,0x0883,0x0883,0x0883,0x0883,0x0883,
  0x0883,0x0883,0x0883,0x0883,0x0883,0x0883,0x0883,0x0883,0x0883,0x0883,0x0883,0x0883,0x0883,0x0883,0x0883,0x0883,
  0x0883,0x0883,0x0883,0x0883,0x0883,0x0883,0x19A7,0x08C3,0x0041,0x0041,0x0041,0x0041,0x0041,0x0041,0x0041,0x0041,
  0x0041,0x0041,0x0041,0x0041,0x0041,0x0041,0x0041,0x0041,0x0041,0x2209,0x08A3,0x08A3,0x08A3,0x08A3,0x08A3,0x08A3,
  0x08A3,0x08A3,0x08A3,0x08A3,0x08A3,0x08A3,0x08A3,0x08A3,0x08A3,0x08A3,0x08A3,0x08A3,0x08A3,0x08A3,0x08A3,0x08A3,
  0x08A3,0x08A3,0x08A3,0x08A3,0x08A3,0x08A3,0x08A3,0x08A3,0x08A3,0x08A3,0x0883,0x0883,0x0883,0x08A3,0x08A3,0x08A3,
  0x08A3,0x08A3,0x08A3,0x08A3,0x08A3,0x08A3,0x08A3,0x08A3,0x08A3,0x08A3,0x08A3,0x08A3,0x08A3,0x08A3,0x08A3,0x08A3,
  0x08A3,0x08A3,0x08A3,0x08A3,0x08A3,0x08A3,0x08A3,0x08A3,0x08A3,0x08A3,0x08A3,0x08A3,0x21A8,0x08A3,0x08A3,0x08A3,
  0x08A3,0x08A3,0x08A3,0x08A3,0x3209,0x638F,0x5B6E,0x3A29,0x08A3,0x3209,0x63AF,0x5B4E,0x3A6A,0x08A3,0x42AB,0x5B4E,
  0x08A3,0x08A3,0x3229,0x638F,0x5B6E,0x2166,0x08A3,0x08A3,0x08A3,0x08A3,0x08A3,0x08A3,0x08A3,0x08A3,0x08A3,0x08A3,
  0x08A3,0x08A3,0x08A3,0x08A3,0x08A3,0x08A3,0x08A3,0x08A3,0x08A3,0x08A3,0x08A3,0x08A3,0x08A3,0x08A3,0x08A3,0x08A3,
  0x08A3,0x08A3,0x08A3,0x08A3,0x08A3,0x08A3,0x08A3,0x08A3,0x08A3,0x08A3,0x08A3,0x08A3,0x08A3,0x08A3,0x08A3,0x08A3,
  0x08A3,0x08A3,0x08A3,0x08A3,0x08A3,0x08A3,0x08A3,0x08A3,0x08A3,0x08A3,0x08A3,0x08A3,0x21A8,0x08A3,0x08A3,0x08A3,
  0x08A3,0x08A3,0x08A3,0x08A3,0x530D,0x08A3,0x08A3,0x52EC,0x08A3,0x3209,0x638F,0x5B6E,0x3A29,0x29A7,0x5B4E,0x638F,
  0x3A29,0x08A3,0x4ACC,0x638F,0x63AF,0x5B4D,0x3209,0x638F,0x5B4D,0x3A4A,0x08A3,0x08A3,0x08A3,0x08A3,0x08A3,0x08A3,
  0x08A3,0x08A3,0x08A3,0x08A3,0x08A3,0x08A3,0x08A3,0x08A3,0x08A3,0x08A3,0x08A3,0x08A3,0x08A3,0x08A3,0x08A3,0x08A3,
  0x08A3,0x08A3,0x08A3,0x08A3,0x08A3,0x08A3,0x08A3,0x08A3,0x08A3,0x08A3,0x08A3,0x08A3,0x08A3,0x08A3,0x08A3,0x08A3,
  0x08A3,0x08A3,0x08A3,0x08A3,0x08A3,0x08A3,0x08A3,0x08A3,0x08A3,0x08A3,0x08A3,0x08A3,0x21A8,0x08A3,0x08A3,0x08A3,
  0x08A3,0x08A3,0x08A3,0x08A3,0x4ACC,0x638F,0x63AF,0x5B4D,0x08A3,0x3208,0x638F,0x5B2D,0x3A4A,0x4ACB,0x426A,0x2187,
  0x638F,0x0883,0x3209,0x638F,0x5B6E,0x3229,0x0883,0x0883,0x0883,0x0883,0x0883,0x0883,0x0883,0x0883,0x0883,0x0883,
  0x0883,0x0883,0x0883,0x0883,0x0883,0x0883,0x0883,0x0883,0x0883,0x0883,0x0883,0x0883,0x0883,0x0883,0x0883,0x0883,
  0x0883,0x0883,0x0883,0x0883,0x0883,0x0883,0x0883,0x0883,0x0883,0x0883,0x0883,0x0883,0x0883,0x0883,0x0883,0x0883,
  0x0883,0x0883,0x0883,0x0883,0x0883,0x0883,0x19A7,0x08C3,0x0041,0x0041,0x0041,0x0041,0x0041,0x0041,0x0041,0x0041,
  0x0041,0x0041,0x0041,0x0041,0x0041,0x0041,0x0041,0x0041,0x0041,0x2209,0x08A3,0x08A3,0x08A3,0x08A3,0x08A3,0x08A3,
  0x08A3,0x08A3,0x08A3,0x08A3,0x08A3,0x08A3,0x08A3,0x08A3,0x08A3,0x08A3,0x08A3,0x08A3,0x08A3,0x08A3,0x08A3,0x08A3,
  0x08A3,0x08A3,0x08A3,0x08A3,0x08A3,0x08A3,0x0882,0x0882,0x0882,0x0882,0x0882,0x0882,0x0882,0x0882,0x0882,0x0882,
  0x08A3,0x08A3,0x08A3,0x08A3,0x08A3,0x08A3,0x08A3,0x08A3,0x08A3,0x08A3,0x08A3,0x08A3,0x08A3,0x08A3,0x08A3,0x08A3,
  0x08A3,0x08A3,0x08A3,0x08A3,0x08A3,0x08A3,0x08A3,0x08A3,0x08A3,0x08A3,0x08A3,0x08A3,0x21A8,0x08A3,0x08A3,0x08A3,
  0x08A3,0x08A3,0x08A3,0x08A3,0x3A4A,0x3209,0x08C3,0x6BD0,0x08A3,0x3A29,0x3A29,0x08A3,0x08A3,0x08A3,0x638F,0x5B6E,
  0x10E4,0x08A3,0x3A4A,0x3209,0x1104,0x5B6E,0x08A3,0x08A3,0x08A3,0x08A3,0x08A3,0x08A3,0x08A3,0x08A3,0x08A3,0x08A3,
  0x08A3,0x08A3,0x08A3,0x08A3,0x08A3,0x08A3,0x08A3,0x08A3,0x08A3,0x08A3,0x08A3,0x08A3,0x08A3,0x08A3,0x08A3,0x08A3,
  0x08A3,0x08A3,0x08A3,0x08A3,0x08A3,0x08A3,0x08A3,0x08A3,0x08A3,0x08A3,0x08A3,0x08A3,0x08A3,0x08A3,0x08A3,0x08A3,
  0x08A3,0x08A3,0x08A3,0x08A3,0x08A3,0x08A3,0x08A3,0x08A3,0x08A3,0x08A3,0x08A3,0x08A3,0x21A8,0x08A3,0x08A3,0x08A3,
  0x08A3,0x08A3,0x08A3,0x08A3,0x5B4E,0x21A7,0x3A29,0x5B4D,0x08A3,0x3A49,0x3209,0x08C3,0x6BD0,0x08A3,0x29C8,0x428B,
  0x08A3,0x08A3,0x08A3,0x29C8,0x428B,0x08A3,0x3A29,0x3A29,0x08A3,0x08A3,0x08A3,0x08A3,0x08A3,0x08A3,0x08A3,0x08A3,
  0x08A3,0x08A3,0x08A3,0x08A3,0x08A3,0x08A3,0x08A3,0x08A3,0x08A3,0x08A3,0x08A3,0x08A3,0x08A3,0x08A3,0x08A3,0x08A3,
  0x08A3,0x08A3,0x08A3,0x08A3,0x08A3,0x08A3,0x08A3,0x08A3,0x08A3,0x08A3,0x08A3,0x08A3,0x08A3,0x08A3,0x08A3,0x08A3,
  0x08A3,0x08A3,0x08A3,0x08A3,0x08A3,0x08A3,0x08A3,0x08A3,0x08A3,0x08A3,0x08A3,0x08A3,0x21A8,0x08A3,0x08A3,0x08A3,
  0x08A3,0x08A3,0x08A3,0x08A3,0x08A3,0x29C8,0x428B,0x08A3,0x0883,0x3A29,0x3A29,0x0883,0x0883,0x530D,0x5B6E,0x4AEC,
  0x5B6E,0x0883,0x3A29,0x3209,0x08A3,0x63D0,0x0883,0x0883,0x0883,0x0883,0x0883,0x0883,0x0883,0x0883,0x0883,0x0883,
  0x0883,0x0883,0x0883,0x0883,0x0883,0x0883,0x0883,0x0883,0x0883,0x0883,0x0883,0x0883,0x0883,0x0883,0x0883,0x0883,
  0x0883,0x0883,0x0883,0x0883,0x0883,0x0883,0x0883,0x0883,0x0883,0x0883,0x0883,0x0883,0x0883,0x0883,0x0883,0x0883,
  0x0883,0x0883,0x0883,0x0883,0x0883,0x0883,0x19A7,0x08C3,0x0041,0x0041,0x0041,0x0041,0x0041,0x0041,0x0041,0x0041,
  0x0041,0x0041,0x0041,0x0041,0x0041,0x0041,0x0041,0x0041,0x0041,0x2209,0x08A3,0x08A3,0x08A3,0x08A3,0x08A3,0x08A3,
  0x08A3,0x08A3,0x08A3,0x08A3,0x08A3,0x08A3,0x08A3,0x08A3,0x08A3,0x08A3,0x08A3,0x08A3,0x08A3,0x08A3,0x08A3,0x08A3,
  0x08A3,0x08A3,0x08A3,0x08A3,0x0882,0x0882,0x0882,0x0882,0x0882,0x0882,0x0882,0x0882,0x0882,0x0882,0x0882,0x0882,
  0x0882,0x0882,0x0883,0x08A3,0x08A3,0x08A3,0x08A3,0x08A3,0x08A3,0x08A3,0x08A3,0x08A3,0x08A3,0x08A3,0x08A3,0x08A3,
  0x08A3,0x08A3,0x08A3,0x08A3,0x08A3,0x08A3,0x08A3,0x08A3,0x08A3,0x08A3,0x08A3,0x08A3,0x21A8,0x08A3,0x08A3,0x08A3,
  0x08A3,0x08A3,0x08A3,0x08A3,0x3A4A,0x63AF,0x5B6E,0x428B,0x08A3,0x3A29,0x6BD0,0x5B4E,0x3A29,0x1925,0x530D,0x3A6A,
  0x3208,0x08A3,0x3A4A,0x3209,0x08A3,0x6BD0,0x08A3,0x08A3,0x08A3,0x08A3,0x08A3,0x08A3,0x08A3,0x08A3,0x08A3,0x08A3,
  0x08A3,0x08A3,0x08A3,0x08A3,0x08A3,0x08A3,0x08A3,0x08A3,0x08A3,0x08A3,0x08A3,0x08A3,0x08A3,0x08A3,0x08A3,0x08A3,
  0x08A3,0x08A3,0x08A3,0x08A3,0x08A3,0x08A3,0x08A3,0x08A3,0x08A3,0x08A3,0x08A3,0x08A3,0x08A3,0x08A3,0x08A3,0x08A3,
  0x08A3,0x08A3,0x08A3,0x08A3,0x08A3,0x08A3,0x08A3,0x08A3,0x08A3,0x08A3,0x08A3,0x08A3,0x21A8,0x08A3,0x08A3,0x08A3,
  0x08A3,0x08A3,0x08A3,0x08A3,0x532D,0x42AB,0x4AEC,0x532D,0x08A3,0x3A49,0x638F,0x5B6E,0x428B,0x08A3,0x29C8,0x428B,
  0x08A3,0x08A3,0x08A3,0x29C8,0x428B,0x08A3,0x3A29,0x63D0,0x5B4D,0x3229,0x08A3,0x08A3,0x08A3,0x08A3,0x08A3,0x08A3,
  0x08A3,0x08A3,0x08A3,0x08A3,0x08A3,0x08A3,0x08A3,0x08A3,0x08A3,0x08A3,0x08A3,0x08A3,0x08A3,0x08A3,0x08A3,0x08A3,
  0x08A3,0x08A3,0x08A3,0x08A3,0x08A3,0x08A3,0x08A3,0x08A3,0x08A3,0x08A3,0x08A3,0x08A3,0x08A3,0x08A3,0x08A3,0x08A3,
  0x08A3,0x08A3,0x08A3,0x08A3,0x08A3,0x08A3,0x08A3,0x08A3,0x08A3,0x08A3,0x08A3,0x08A3,0x21A8,0x08A3,0x08A3,0x08A3,
  0x08A3,0x08A3,0x08A3,0x08A3,0x08A3,0x29C7,0x428B,0x0883,0x0883,0x3A29,0x63D0,0x5B2D,0x3229,0x530D,0x3A6A,0x4ACC,
  0x5B6E,0x0883,0x3A29,0x638F,0x5B4E,0x428B,0x0883,0x0883,0x0883,0x0883,0x0883,0x0883,0x0883,0x0883,0x0883,0x0883,
  0x0883,0x0883,0x0883,0x0883,0x0883,0x0883,0x0883,0x0883,0x0883,0x0883,0x0883,0x0883,0x0883,0x0883,0x0883,0x0883,
  0x0883,0x0883,0x0883,0x0883,0x0883,0x0883,0x0883,0x0883,0x0883,0x0883,0x0883,0x0883,0x0883,0x0883,0x0883,0x0883,
  0x0883,0x0883,0x0883,0x0883,0x0883,0x0883,0x19A7,0x08C3,0x0041,0x0041,0x0041,0x0041,0x0041,0x0041,0x0041,0x0041,
  0x0041,0x0041,0x0041,0x0041,0x0041,0x0041,0x0041,0x0041,0x0041,0x2209,0x08A3,0x08A3,0x08A3,0x08A3,0x08A3,0x08A3,
  0x08A3,0x08A3,0x08A3,0x08A3,0x08A3,0x08A3,0x08A3,0x08A3,0x08A3,0x08A3,0x08A3,0x08A3,0x08A3,0x08A3,0x08A3,0x08A3,
  0x08A3,0x08A3,0x0882,0x0882,0x0882,0x0882,0x0882,0x0882,0x0882,0x0882,0x0882,0x0882,0x0882,0x0882,0x0882,0x0882,
  0x0882,0x0882,0x0882,0x0882,0x08A3,0x08A3,0x08A3,0x08A3,0x08A3,0x08A3,0x08A3,0x08A3,0x08A3,0x08A3,0x08A3,0x08A3,
  0x08A3,0x08A3,0x08A3,0x08A3,0x08A3,0x08A3,0x08A3,0x08A3,0x08A3,0x08A3,0x08A3,0x08A3,0x21A8,0x08A3,0x08A3,0x08A3,
  0x08A3,0x08A3,0x08A3,0x08A3,0x3A4A,0x3A29,0x5B6E,0x1925,0x08A3,0x3A29,0x3A29,0x08A3,0x08A3,0x3A4A,0x63AF,0x5B6E,
  0x532D,0x08A3,0x3A4A,0x3208,0x10C4,0x638F,0x08A3,0x08A3,0x08A3,0x08A3,0x08A3,0x08A3,0x08A3,0x08A3,0x08A3,0x08A3,
  0x08A3,0x08A3,0x08A3,0x08A3,0x08A3,0x08A3,0x08A3,0x08A3,0x08A3,0x08A3,0x08A3,0x08A3,0x08A3,0x08A3,0x08A3,0x08A3,
  0x08A3,0x08A3,0x08A3,0x08A3,0x08A3,0x08A3,0x08A3,0x08A3,0x08A3,0x08A3,0x08A3,0x08A3,0x08A3,0x08A3,0x08A3,0x08A3,
  0x08A3,0x08A3,0x08A3,0x08A3,0x08A3,0x08A3,0x08A3,0x08A3,0x08A3,0x08A3,0x08A3,0x08A3,0x21A8,0x08A3,0x08A3,0x08A3,
  0x08A3,0x08A3,0x08A3,0x08A3,0x4AEC,0x530D,0x4ACC,0x532D,0x08A3,0x3A49,0x3229,0x5B6E,0x1925,0x08A3,0x29C8,0x428B,
  0x08A3,0x08A3,0x08A3,0x29C8,0x428B,0x08A3,0x3A29,0x3A29,0x08A3,0x08A3,0x08A3,0x08A3,0x08A3,0x08A3,0x08A3,0x08A3,
  0x08A3,0x08A3,0x08A3,0x08A3,0x08A3,0x08A3,0x08A3,0x08A3,0x08A3,0x08A3,0x08A3,0x08A3,0x08A3,0x08A3,0x08A3,0x08A3,
  0x08A3,0x08A3,0x08A3,0x08A3,0x08A3,0x08A3,0x08A3,0x08A3,0x08A3,0x08A3,0x08A3,0x08A3,0x08A3,0x08A3,0x08A3,0x08A3,
  0x08A3,0x08A3,0x08A3,0x08A3,0x08A3,0x08A3,0x08A3,0x08A3,0x08A3,0x08A3,0x08A3,0x08A3,0x21A8,0x08A3,0x08A3,0x08A3,
  0x08A3,0x08A3,0x0883,0x0883,0x0883,0x29C7,0x428B,0x0883,0x0883,0x3A29,0x3A29,0x0883,0x0883,0x530D,0x1905,0x1925,
  0x5B6E,0x0883,0x3A29,0x3A29,0x08A3,0x0883,0x0883,0x0883,0x0883,0x0883,0x0883,0x0883,0x0883,0x0883,0x0883,0x0883,
  0x0883,0x0883,0x0883,0x0883,0x0883,0x0883,0x0883,0x0883,0x0883,0x0883,0x0883,0x0883,0x0883,0x0883,0x0883,0x0883,
  0x0883,0x0883,0x0883,0x0883,0x0883,0x0883,0x0883,0x0883,0x0883,0x0883,0x0883,0x0883,0x0883,0x0883,0x0883,0x0883,
  0x0883,0x0883,0x0883,0x0883,0x0883,0x0883,0x19A7,0x08C3,0x0041,0x0041,0x0041,0x0041,0x0041,0x0041,0x0041,0x0041,
  0x0041,0x0041,0x0041,0x0041,0x0041,0x0041,0x0041,0x0041,0x0041,0x2209,0x08A3,0x08A3,0x08A3,0x08A3,0x08A3,0x08A3,
  0x08A3,0x08A3,0x08A3,0x08A3,0x08A3,0x08A3,0x08A3,0x08A3,0x08A3,0x08A3,0x08A3,0x08A3,0x08A3,0x08A3,0x08A3,0x08A3,
  0x08A3,0x0882,0x0882,0x0882,0x0882,0x0882,0x0882,0x0882,0x0882,0x0882,0x0882,0x0882,0x0882,0x0882,0x0882,0x0882,
  0x0882,0x0882,0x0882,0x0882,0x0882,0x08A3,0x08A3,0x08A3,0x08A3,0x08A3,0x08A3,0x08A3,0x08A3,0x08A3,0x08A3,0x08A3,
  0x08A3,0x08A3,0x08A3,0x08A3,0x08A3,0x08A3,0x08A3,0x08A3,0x08A3,0x08A3,0x08A3,0x08A3,0x21A8,0x08A3,0x08A3,0x08A3,
  0x08A3,0x08A3,0x08A3,0x08A3,0x3A4A,0x3209,0x2186,0x532D,0x08A3,0x3A29,0x6BD0,0x5B4E,0x3A6A,0x5B6E,0x1104,0x08A3,
  0x6BF0,0x08A3,0x3A4A,0x63AF,0x5B6E,0x29A7,0x08A3,0x08A3,0x08A3,0x08A3,0x08A3,0x08A3,0x08A3,0x08A3,0x08A3,0x08A3,
  0x08A3,0x08A3,0x08A3,0x08A3,0x08A3,0x08A3,0x08A3,0x08A3,0x08A3,0x08A3,0x08A3,0x08A3,0x08A3,0x08A3,0x08A3,0x08A3,
  0x08A3,0x08A3,0x08A3,0x08A3,0x08A3,0x08A3,0x08A3,0x08A3,0x08A3,0x08A3,0x08A3,0x08A3,0x08A3,0x08A3,0x08A3,0x08A3,
  0x08A3,0x08A3,0x08A3,0x08A3,0x08A3,0x08A3,0x08A3,0x08A3,0x08A3,0x08A3,0x08A3,0x08A3,0x21A8,0x08A3,0x08A3,0x08A3,
  0x08A3,0x08A3,0x08A3,0x08A3,0x42AB,0x532D,0x428A,0x5B6E,0x08A3,0x3A49,0x3209,0x2186,0x532D,0x29A7,0x5B6E,0x63D0,
  0x3229,0x08A3,0x08A3,0x29C8,0x428B,0x08A3,0x3A29,0x63D0,0x5B4D,0x3A4A,0x08A3,0x08A3,0x08A3,0x08A3,0x08A3,0x08A3,
  0x08A3,0x08A3,0x08A3,0x08A3,0x08A3,0x08A3,0x08A3,0x08A3,0x08A3,0x08A3,0x08A3,0x08A3,0x08A3,0x08A3,0x08A3,0x08A3,
  0x08A3,0x08A3,0x08A3,0x08A3,0x08A3,0x08A3,0x08A3,0x08A3,0x08A3,0x08A3,0x08A3,0x08A3,0x08A3,0x08A3,0x08A3,0x08A3,
  0x08A3,0x08A3,0x08A3,0x08A3,0x08A3,0x08A3,0x08A3,0x08A3,0x08A3,0x08A3,0x08A3,0x08A3,0x21A8,0x08A3,0x08A3,0x0883,
  0x0883,0x0883,0x0883,0x0883,0x0883,0x29C7,0x428B,0x0883,0x0883,0x3A29,0x63D0,0x5B2D,0x3A4A,0x530D,0x10E4,0x0883,
  0x5B6E,0x0883,0x3A29,0x3209,0x0883,0x0883,0x0883,0x0883,0x0883,0x0883,0x0883,0x0883,0x0883,0x0883,0x0883,0x0883,
  0x0883,0x0883,0x0883,0x0883,0x0883,0x0883,0x0883,0x0883,0x0883,0x0883,0x0883,0x0883,0x0883,0x0883,0x0883,0x0883,
  0x0883,0x0883,0x0883,0x0883,0x0883,0x0883,0x0883,0x0883,0x0883,0x0883,0x0883,0x0883,0x0883,0x0883,0x0883,0x0883,
  0x0883,0x0883,0x0883,0x0883,0x0883,0x0883,0x19A7,0x08C3,0x0041,0x0041,0x0041,0x0041,0x0041,0x0041,0x0041,0x0041,
  0x0041,0x0041,0x0041,0x0041,0x0041,0x0041,0x0041,0x0041,0x0041,0x2209,0x08A3,0x08A3,0x08A3,0x08A3,0x08A3,0x08A3,
  0x08A3,0x08A3,0x08A3,0x08A3,0x08A3,0x08A3,0x08A3,0x08A3,0x08A3,0x08A3,0x08A3,0x08A3,0x08A3,0x08A3,0x08A3,0x08A3,
  0x0882,0x0882,0x0882,0x0882,0x0882,0x0882,0x0882,0x0882,0x0882,0x0882,0x0882,0x0882,0x0882,0x0882,0x0882,0x0882,
  0x0882,0x0882,0x0882,0x0882,0x0882,0x0882,0x08A3,0x08A3,0x08A3,0x08A3,0x08A3,0x08A3,0x08A3,0x08A3,0x08A3,0x08A3,
  0x08A3,0x08A3,0x08A3,0x08A3,0x08A3,0x08A3,0x08A3,0x08A3,0x08A3,0x08A3,0x08A3,0x08A3,0x21A8,0x08A3,0x08A3,0x08A3,
  0x08A3,0x08A3,0x08A3,0x08A3,0x08A3,0x08A3,0x08A3,0x08A3,0x08A3,0x08A3,0x08A3,0x08A3,0x08A3,0x08A3,0x08A3,0x08A3,
  0x08A3,0x08A3,0x08A3,0x08A3,0x08A3,0x08A3,0x08A3,0x08A3,0x08A3,0x08A3,0x08A3,0x08A3,0x08A3,0x08A3,0x08A3,0x08A3,
  0x08A3,0x08A3,0x08A3,0x08A3,0x08A3,0x08A3,0x08A3,0x08A3,0x08A3,0x08A3,0x08A3,0x08A3,0x08A3,0x08A3,0x08A3,0x08A3,
  0x08A3,0x08A3,0x08A3,0x08A3,0x08A3,0x08A3,0x08A3,0x08A3,0x08A3,0x08A3,0x08A3,0x08A3,0x08A3,0x08A3,0x08A3,0x08A3,
  0x08A3,0x08A3,0x08A3,0x08A3,0x08A3,0x08A3,0x08A3,0x08A3,0x08A3,0x08A3,0x08A3,0x08A3,0x21A8,0x08A3,0x08A3,0x08A3,
  0x08A3,0x08A3,0x08A3,0x08A3,0x08A3,0x08A3,0x08A3,0x08A3,0x08A3,0x08A3,0x08A3,0x08A3,0x08A3,0x08A3,0x08A3,0x08A3,
  0x08A3,0x08A3,0x08A3,0x08A3,0x08A3,0x08A3,0x08A3,0x08A3,0x08A3,0x08A3,0x08A3,0x08A3,0x08A3,0x08A3,0x08A3,0x08A3,
  0x08A3,0x08A3,0x08A3,0x08A3,0x08A3,0x08A3,0x08A3,0x08A3,0x08A3,0x08A3,0x08A3,0x08A3,0x08A3,0x08A3,0x08A3,0x08A3,
  0x08A3,0x08A3,0x08A3,0x08A3,0x08A3,0x08A3,0x08A3,0x08A3,0x08A3,0x08A3,0x08A3,0x08A3,0x08A3,0x08A3,0x08A3,0x08A3,
  0x08A3,0x08A3,0x08A3,0x08A3,0x08A3,0x08A3,0x08A3,0x08A3,0x08A3,0x08A3,0x08A3,0x0883,0x21A8,0x0883,0x0883,0x0883,
  0x0883,0x0883,0x0883,0x0883,0x0883,0x0883,0x0883,0x0883,0x0883,0x0883,0x0883,0x0883,0x0883,0x0883,0x0883,0x0883,
  0x0883,0x0883,0x0883,0x0883,0x0883,0x0883,0x0883,0x0883,0x0883,0x0883,0x0883,0x0883,0x0883,0x0883,0x0883,0x0883,
  0x0883,0x0883,0x0883,0x0883,0x0883,0x0883,0x0883,0x0883,0x0883,0x0883,0x0883,0x0883,0x0883,0x0883,0x0883,0x0883,
  0x0883,0x0883,0x0883,0x0883,0x0883,0x0883,0x0883,0x0883,0x0883,0x0883,0x0883,0x0883,0x0883,0x0883,0x0883,0x0883,
  0x0883,0x0883,0x0883,0x0882,0x0882,0x0882,0x19A7,0x08C3,0x0041,0x0041,0x0041,0x0041,0x0041,0x0041,0x0041,0x0041,
  0x0041,0x0041,0x0041,0x0041,0x0041,0x0041,0x0041,0x0041,0x0041,0x2209,0x08A3,0x08A3,0x08A3,0x08A3,0x08A3,0x08A3,
  0x08A3,0x08A3,0x08A3,0x08A3,0x08A3,0x08A3,0x08A3,0x08A3,0x08A3,0x08A3,0x08A3,0x08A3,0x08A3,0x08A3,0x08A3,0x0882,
  0x0882,0x0882,0x0882,0x0882,0x0882,0x0882,0x0882,0x0882,0x0882,0x0882,0x0882,0x0882,0x0882,0x0882,0x0882,0x0882,
  0x0882,0x0882,0x0882,0x0882,0x0882,0x0882,0x0882,0x08A3,0x08A3,0x08A3,0x08A3,0x08A3,0x08A3,0x08A3,0x08A3,0x08A3,
  0x08A3,0x08A3,0x08A3,0x08A3,0x08A3,0x08A3,0x08A3,0x08A3,0x08A3,0x08A3,0x08A3,0x08A3,0x21A8,0x08A3,0x08A3,0x08A3,
  0x08A3,0x08A3,0x08A3,0x08A3,0x08A3,0x08A3,0x08A3,0x08A3,0x08A3,0x08A3,0x08A3,0x08A3,0x08A3,0x08A3,0x08A3,0x08A3,
  0x08A3,0x08A3,0x08A3,0x08A3,0x08A3,0x08A3,0x08A3,0x08A3,0x08A3,0x08A3,0x08A3,0x08A3,0x08A3,0x08A3,0x08A3,0x08A3,
  0x08A3,0x08A3,0x08A3,0x08A3,0x08A3,0x08A3,0x08A3,0x08A3,0x08A3,0x08A3,0x08A3,0x08A3,0x08A3,0x08A3,0x08A3,0x08A3,
  0x08A3,0x08A3,0x08A3,0x08A3,0x08A3,0x08A3,0x08A3,0x08A3,0x08A3,0x08A3,0x08A3,0x08A3,0x08A3,0x08A3,0x08A3,0x08A3,
  0x08A3,0x08A3,0x08A3,0x08A3,0x08A3,0x08A3,0x08A3,0x08A3,0x08A3,0x08A3,0x08A3,0x08A3,0x21A8,0x08A3,0x08A3,0x08A3,
  0x08A3,0x08A3,0x08A3,0x08A3,0x08A3,0x08A3,0x08A3,0x08A3,0x08A3,0x08A3,0x08A3,0x08A3,0x08A3,0x08A3,0x08A3,0x08A3,
  0x08A3,0x08A3,0x08A3,0x08A3,0x08A3,0x08A3,0x08A3,0x08A3,0x08A3,0x08A3,0x08A3,0x08A3,0x08A3,0x08A3,0x08A3,0x08A3,
  0x08A3,0x08A3,0x08A3,0x08A3,0x08A3,0x08A3,0x08A3,0x08A3,0x08A3,0x08A3,0x08A3,0x08A3,0x08A3,0x08A3,0x08A3,0x08A3,
  0x08A3,0x08A3,0x08A3,0x08A3,0x08A3,0x08A3,0x08A3,0x08A3,0x08A3,0x08A3,0x08A3,0x08A3,0x08A3,0x08A3,0x08A3,0x08A3,
  0x08A3,0x08A3,0x08A3,0x08A3,0x08A3,0x08A3,0x08A3,0x08A3,0x0883,0x0883,0x0883,0x0883,0x21A8,0x0883,0x0883,0x0883,
  0x0883,0x0883,0x0883,0x0883,0x0883,0x0883,0x0883,0x0883,0x0883,0x0883,0x0883,0x0883,0x0883,0x0883,0x0883,0x0883,
  0x0883,0x0883,0x0883,0x0883,0x0883,0x0883,0x0883,0x0883,0x0883,0x0883,0x0883,0x0883,0x0883,0x0883,0x0883,0x0883,
  0x0883,0x0883,0x0883,0x0883,0x0883,0x0883,0x0883,0x0883,0x0883,0x0883,0x0883,0x0883,0x0883,0x0883,0x0883,0x0883,
  0x0883,0x0883,0x0883,0x0883,0x0883,0x0883,0x0883,0x0883,0x0883,0x0883,0x0883,0x0883,0x0883,0x0883,0x0883,0x0883,
  0x0882,0x0882,0x0882,0x0882,0x0882,0x0882,0x19A7,0x08C3,0x0041,0x0041,0x0041,0x0041,0x0041,0x0041,0x0041,0x0041,
  0x0041,0x0041,0x0041,0x0041,0x0041,0x0041,0x0041,0x0041,0x0041,0x2209,0x08A3,0x08A3,0x08A3,0x08A3,0x08A3,0x08A3,
  0x08A3,0x08A3,0x08A3,0x08A3,0x08A3,0x08A3,0x08A3,0x08A3,0x08A3,0x08A3,0x08A3,0x08A3,0x08A3,0x08A3,0x08A3,0x0882,
  0x0882,0x0882,0x0882,0x0882,0x0882,0x0882,0x0882,0x0882,0x0882,0x0882,0x0882,0x0882,0x0882,0x0882,0x0882,0x0882,
  0x0882,0x0882,0x0882,0x0882,0x0882,0x0882,0x0882,0x0883,0x08A3,0x08A3,0x08A3,0x08A3,0x08A3,0x08A3,0x08A3,0x08A3,
  0x08A3,0x08A3,0x08A3,0x08A3,0x08A3,0x08A3,0x08A3,0x08A3,0x08A3,0x08A3,0x08A3,0x08A3,0x21A8,0x08A3,0x08A3,0x08A3,
  0x08A3,0x08A3,0x08A3,0x08A3,0x08A3,0x08A3,0x08A3,0x08A3,0x08A3,0x08A3,0x08A3,0x08A3,0x08A3,0x08A3,0x08A3,0x08A3,
  0x08A3,0x08A3,0x08A3,0x08A3,0x08A3,0x08A3,0x08A3,0x08A3,0x08A3,0x08A3,0x08A3,0x08A3,0x08A3,0x08A3,0x08A3,0x08A3,
  0x08A3,0x08A3,0x08A3,0x08A3,0x08A3,0x08A3,0x08A3,0x08A3,0x08A3,0x08A3,0x08A3,0x08A3,0x08A3,0x08A3,0x08A3,0x08A3,
  0x08A3,0x08A3,0x08A3,0x08A3,0x08A3,0x08A3,0x08A3,0x08A3,0x08A3,0x08A3,0x08A3,0x08A3,0x08A3,0x08A3,0x08A3,0x08A3,
  0x08A3,0x08A3,0x08A3,0x08A3,0x08A3,0x08A3,0x08A3,0x08A3,0x08A3,0x08A3,0x08A3,0x08A3,0x21A8,0x08A3,0x08A3,0x08A3,
  0x08A3,0x08A3,0x08A3,0x08A3,0x08A3,0x08A3,0x08A3,0x08A3,0x08A3,0x08A3,0x08A3,0x08A3,0x08A3,0x08A3,0x08A3,0x08A3,
  0x08A3,0x08A3,0x08A3,0x08A3,0x08A3,0x08A3,0x08A3,0x08A3,0x08A3,0x08A3,0x08A3,0x08A3,0x08A3,0x08A3,0x08A3,0x08A3,
  0x08A3,0x08A3,0x08A3,0x08A3,0x08A3,0x08A3,0x08A3,0x08A3,0x08A3,0x08A3,0x08A3,0x08A3,0x08A3,0x08A3,0x08A3,0x08A3,
  0x08A3,0x08A3,0x08A3,0x08A3,0x08A3,0x08A3,0x08A3,0x08A3,0x08A3,0x08A3,0x08A3,0x08A3,0x08A3,0x08A3,0x08A3,0x08A3,
  0x08A3,0x08A3,0x08A3,0x08A3,0x08A3,0x0883,0x0883,0x0883,0x0883,0x0883,0x0883,0x0883,0x21A8,0x0883,0x0883,0x0883,
  0x0883,0x0883,0x0883,0x0883,0x0883,0x0883,0x0883,0x0883,0x0883,0x0883,0x0883,0x0883,0x0883,0x0883,0x0883,0x0883,
  0x0883,0x0883,0x0883,0x0883,0x0883,0x0883,0x0883,0x0883,0x0883,0x0883,0x0883,0x0883,0x0883,0x0883,0x0883,0x0883,
  0x0883,0x0883,0x0883,0x0883,0x0883,0x0883,0x0883,0x0883,0x0883,0x0883,0x0883,0x0883,0x0883,0x0883,0x0883,0x0883,
  0x0883,0x0883,0x0883,0x0883,0x0883,0x0883,0x0883,0x0883,0x0883,0x0883,0x0883,0x0883,0x0883,0x0882,0x0882,0x0882,
  0x0882,0x0882,0x0882,0x0882,0x0882,0x0882,0x19A7,0x08C3,0x0041,0x0041,0x0041,0x0041,0x0041,0x0041,0x0041,0x0041,
  0x0041,0x0041,0x0041,0x0041,0x0041,0x0041,0x0041,0x0041,0x0041,0x2209,0x08A3,0x08A3,0x08A3,0x08A3,0x08A3,0x08A3,
  0x08A3,0x08A3,0x08A3,0x08A3,0x08A3,0x08A3,0x08A3,0x08A3,0x08A3,0x08A3,0x08A3,0x08A3,0x08A3,0x08A3,0x0882,0x0882,
  0x0882,0x0882,0x0882,0x0882,0x0882,0x0882,0x0882,0x0882,0x0882,0x0882,0x0882,0x0882,0x0882,0x0882,0x0882,0x0882,
  0x0882,0x0882,0x0882,0x0882,0x0882,0x0882,0x0882,0x0882,0x08A3,0x08A3,0x08A3,0x08A3,0x08A3,0x08A3,0x08A3,0x08A3,
  0x08A3,0x08A3,0x08A3,0x08A3,0x08A3,0x08A3,0x08A3,0x08A3,0x08A3,0x08A3,0x08A3,0x08A3,0x21A8,0x08A3,0x08A3,0x08A3,
  0x08A3,0x08A3,0x08A3,0x08A3,0x08A3,0x08A3,0x08A3,0x08A3,0x08A3,0x08A3,0x08A3,0x08A3,0x08A3,0x08A3,0x08A3,0x08A3,
  0x08A3,0x08A3,0x08A3,0x08A3,0x08A3,0x08A3,0x08A3,0x08A3,0x08A3,0x08A3,0x08A3,0x08A3,0x08A3,0x08A3,0x08A3,0x08A3,
  0x08A3,0x08A3,0x08A3,0x08A3,0x08A3,0x08A3,0x08A3,0x08A3,0x08A3,0x08A3,0x08A3,0x08A3,0x08A3,0x08A3,0x08A3,0x08A3,
  0x08A3,0x08A3,0x08A3,0x08A3,0x08A3,0x08A3,0x08A3,0x08A3,0x08A3,0x08A3,0x08A3,0x08A3,0x08A3,0x08A3,0x08A3,0x08A3,
  0x08A3,0x08A3,0x08A3,0x08A3,0x08A3,0x08A3,0x08A3,0x08A3,0x08A3,0x08A3,0x08A3,0x08A3,0x21A8,0x08A3,0x08A3,0x08A3,
  0x08A3,0x08A3,0x08A3,0x08A3,0x08A3,0x08A3,0x08A3,0x08A3,0x08A3,0x08A3,0x08A3,0x08A3,0x08A3,0x08A3,0x08A3,0x08A3,
  0x08A3,0x08A3,0x08A3,0x08A3,0x08A3,0x08A3,0x08A3,0x08A3,0x08A3,0x08A3,0x08A3,0x08A3,0x08A3,0x08A3,0x08A3,0x08A3,
  0x08A3,0x08A3,0x08A3,0x08A3,0x08A3,0x08A3,0x08A3,0x08A3,0x08A3,0x08A3,0x08A3,0x08A3,0x08A3,0x08A3,0x08A3,0x08A3,
  0x08A3,0x08A3,0x08A3,0x08A3,0x08A3,0x08A3,0x08A3,0x08A3,0x08A3,0x08A3,0x08A3,0x08A3,0x08A3,0x08A3,0x08A3,0x08A3,
  0x08A3,0x08A3,0x0883,0x0883,0x0883,0x0883,0x0883,0x0883,0x0883,0x0883,0x0883,0x0883,0x21A8,0x0883,0x0883,0x0883,
  0x0883,0x0883,0x0883,0x0883,0x0883,0x0883,0x0883,0x0883,0x0883,0x0883,0x0883,0x0883,0x0883,0x0883,0x0883,0x0883,
  0x0883,0x0883,0x0883,0x0883,0x0883,0x0883,0x0883,0x0883,0x0883,0x0883,0x0883,0x0883,0x0883,0x0883,0x0883,0x0883,
  0x0883,0x0883,0x0883,0x0883,0x0883,0x0883,0x0883,0x0883,0x0883,0x0883,0x0883,0x0883,0x0883,0x0883,0x0883,0x0883,
  0x0883,0x0883,0x0883,0x0883,0x0883,0x0883,0x0883,0x0883,0x0883,0x0883,0x0882,0x0882,0x0882,0x0882,0x0882,0x0882,
  0x0882,0x0882,0x0882,0x0882,0x0882,0x0882,0x19A7,0x08C3,0x0041,0x0041,0x0041,0x0041,0x0041,0x0041,0x0041,0x0041,
  0x0041,0x0041,0x0041,0x0041,0x0041,0x0041,0x0041,0x0041,0x0041,0x2209,0x08A3,0x08A3,0x08A3,0x08A3,0x08A3,0x08A3,
  0x08A3,0x08A3,0x08A3,0x08A3,0x08A3,0x08A3,0x08A3,0x08A3,0x08A3,0x08A3,0x08A3,0x08A3,0x08A3,0x08A3,0x0882,0x0882,
  0x0882,0x0882,0x0882,0x0882,0x0882,0x0882,0x0882,0x0882,0x0882,0x0882,0x0882,0x0882,0x0882,0x0882,0x0882,0x0882,
  0x0882,0x0882,0x0882,0x0882,0x0882,0x0882,0x0882,0x0882,0x0882,0x08A3,0x08A3,0x08A3,0x08A3,0x08A3,0x08A3,0x08A3,
  0x08A3,0x08A3,0x08A3,0x08A3,0x08A3,0x08A3,0x08A3,0x08A3,0x08A3,0x08A3,0x08A3,0x08A3,0x21A8,0x08A3,0x08A3,0x08A3,
  0x08A3,0x08A3,0x08A3,0x08A3,0x08A3,0x08A3,0x08A3,0x08A3,0x08A3,0x08A3,0x08A3,0x08A3,0x08A3,0x08A3,0x08A3,0x08A3,
  0x08A3,0x08A3,0x08A3,0x08A3,0x08A3,0x08A3,0x08A3,0x08A3,0x08A3,0x08A3,0x08A3,0x08A3,0x08A3,0x08A3,0x08A3,0x08A3,
  0x08A3,0x08A3,0x08A3,0x08A3,0x08A3,0x08A3,0x08A3,0x08A3,0x08A3,0x08A3,0x08A3,0x08A3,0x08A3,0x08A3,0x08A3,0x08A3,
  0x08A3,0x08A3,0x08A3,0x08A3,0x08A3,0x08A3,0x08A3,0x08A3,0x08A3,0x08A3,0x08A3,0x08A3,0x08A3,0x08A3,0x08A3,0x08A3,
  0x08A3,0x08A3,0x08A3,0x08A3,0x08A3,0x08A3,0x08A3,0x08A3,0x08A3,0x08A3,0x08A3,0x08A3,0x21A8,0x08A3,0x08A3,0x08A3,
  0x08A3,0x08A3,0x08A3,0x08A3,0x08A3,0x08A3,0x08A3,0x08A3,0x08A3,0x08A3,0x08A3,0x08A3,0x08A3,0x08A3,0x08A3,0x08A3,
  0x08A3,0x08A3,0x08A3,0x08A3,0x08A3,0x08A3,0x08A3,0x08A3,0x08A3,0x08A3,0x08A3,0x08A3,0x08A3,0x08A3,0x08A3,0x08A3,
  0x08A3,0x08A3,0x08A3,0x08A3,0x08A3,0x08A3,0x08A3,0x08A3,0x08A3,0x08A3,0x08A3,0x08A3,0x08A3,0x08A3,0x08A3,0x08A3,
  0x08A3,0x08A3,0x08A3,0x08A3,0x08A3,0x08A3,0x08A3,0x08A3,0x08A3,0x08A3,0x08A3,0x08A3,0x08A3,0x08A3,0x08A3,0x0883,
  0x0883,0x0883,0x0883,0x0883,0x0883,0x0883,0x0883,0x0883,0x0883,0x0883,0x0883,0x0883,0x21A8,0x0883,0x0883,0x0883,
  0x0883,0x0883,0x0883,0x0883,0x0883,0x0883,0x0883,0x0883,0x0883,0x0883,0x0883,0x0883,0x0883,0x0883,0x0883,0x0883,
  0x0883,0x0883,0x0883,0x0883,0x0883,0x0883,0x0883,0x0883,0x0883,0x0883,0x0883,0x0883,0x0883,0x0883,0x0883,0x0883,
  0x0883,0x0883,0x0883,0x0883,0x0883,0x0883,0x0883,0x0883,0x0883,0x0883,0x0883,0x0883,0x0883,0x0883,0x0883,0x0883,
  0x0883,0x0883,0x0883,0x0883,0x0883,0x0883,0x0883,0x0882,0x0882,0x0882,0x0882,0x0882,0x0882,0x0882,0x0882,0x0882,
  0x0882,0x0882,0x0882,0x0882,0x0882,0x0882,0x19A7,0x08C3,0x0041,0x0041,0x0041,0x0041,0x0041,0x0041,0x0041,0x0041,
  0x0041,0x0041,0x0041,0x0041,0x0041,0x0041,0x0041,0x0041,0x0041,0x2209,0x08A3,0x08A3,0x08A3,0x08A3,0x08A3,0x08A3,
  0x08A3,0x08A3,0x08A3,0x08A3,0x08A3,0x08A3,0x08A3,0x08A3,0x08A3,0x08A3,0x08A3,0x08A3,0x08A3,0x0882,0x0882,0x0882,
  0x0882,0x0882,0x0882,0x0882,0x0882,0x0882,0x0882,0x0882,0x0882,0x0882,0x0882,0x0882,0x0882,0x0882,0x0882,0x0882,
  0x0882,0x0882,0x0882,0x0882,0x0882,0x0882,0x0882,0x0882,0x0882,0x08A3,0x08A3,0x08A3,0x08A3,0x08A3,0x08A3,0x08A3,
  0x08A3,0x08A3,0x08A3,0x08A3,0x08A3,0x08A3,0x08A3,0x08A3,0x08A3,0x08A3,0x08A3,0x08A3,0x21A8,0x08A3,0x08A3,0x08A3,
  0x08A3,0x08A3,0x08A3,0x08A3,0x08A3,0x08A3,0x08A3,0x08A3,0x08A3,0x08A3,0x08A3,0x08A3,0x08A3,0x08A3,0x08A3,0x08A3,
  0x08A3,0x08A3,0x08A3,0x08A3,0x08A3,0x08A3,0x08A3,0x08A3,0x08A3,0x08A3,0x08A3,0x08A3,0x08A3,0x08A3,0x08A3,0x08A3,
  0x08A3,0x08A3,0x08A3,0x08A3,0x08A3,0x08A3,0x08A3,0x08A3,0x08A3,0x08A3,0x08A3,0x08A3,0x08A3,0x08A3,0x08A3,0x08A3,
  0x08A3,0x08A3,0x08A3,0x08A3,0x08A3,0x08A3,0x08A3,0x08A3,0x08A3,0x08A3,0x08A3,0x08A3,0x08A3,0x08A3,0x08A3,0x08A3,
  0x08A3,0x08A3,0x08A3,0x08A3,0x08A3,0x08A3,0x08A3,0x08A3,0x08A3,0x08A3,0x08A3,0x08A3,0x21A8,0x08A3,0x08A3,0x08A3,
  0x08A3,0x08A3,0x08A3,0x08A3,0x08A3,0x08A3,0x08A3,0x08A3,0x08A3,0x08A3,0x08A3,0x08A3,0x08A3,0x08A3,0x08A3,0x08A3,
  0x08A3,0x08A3,0x08A3,0x08A3,0x08A3,0x08A3,0x08A3,0x08A3,0x08A3,0x08A3,0x08A3,0x08A3,0x08A3,0x08A3,0x08A3,0x08A3,
  0x08A3,0x08A3,0x08A3,0x08A3,0x08A3,0x08A3,0x08A3,0x08A3,0x08A3,0x08A3,0x08A3,0x08A3,0x08A3,0x08A3,0x08A3,0x08A3,
  0x08A3,0x08A3,0x08A3,0x08A3,0x08A3,0x08A3,0x08A3,0x08A3,0x08A3,0x08A3,0x08A3,0x08A3,0x0883,0x0883,0x0883,0x0883,
  0x0883,0x0883,0x0883,0x0883,0x0883,0x0883,0x0883,0x0883,0x0883,0x0883,0x0883,0x0883,0x21A8,0x0883,0x0883,0x0883,
  0x0883,0x0883,0x0883,0x0883,0x0883,0x0883,0x0883,0x0883,0x0883,0x0883,0x0883,0x0883,0x0883,0x0883,0x0883,0x0883,
  0x0883,0x0883,0x0883,0x0883,0x0883,0x0883,0x0883,0x0883,0x0883,0x0883,0x0883,0x0883,0x0883,0x0883,0x0883,0x0883,
  0x0883,0x0883,0x0883,0x0883,0x0883,0x0883,0x0883,0x0883,0x0883,0x0883,0x0883,0x0883,0x0883,0x0883,0x0883,0x0883,
  0x0883,0x0883,0x0883,0x0883,0x0882,0x0882,0x0882,0x0882,0x0882,0x0882,0x0882,0x0882,0x0882,0x0882,0x0882,0x0882,
  0x0882,0x0882,0x0882,0x0882,0x0882,0x0882,0x19A7,0x08C3,0x0041,0x0041,0x0041,0x0041,0x0041,0x0041,0x0041,0x0041,
  0x0041,0x0041,0x0041,0x0041,0x0041,0x0041,0x0041,0x0041,0x0041,0x2209,0x08A3,0x08A3,0x08A3,0x08A3,0x08A3,0x08A3,
  0x08A3,0x08A3,0x08A3,0x08A3,0x08A3,0x08A3,0x08A3,0x08A3,0x08A3,0x08A3,0x08A3,0x08A3,0x08A3,0x0882,0x0882,0x0882,
  0x0882,0x0882,0x0882,0x0882,0x0882,0x0882,0x0882,0x0882,0x0882,0x0882,0x0882,0x0882,0x0882,0x0882,0x0882,0x0882,
  0x0882,0x0882,0x0882,0x0882,0x0882,0x0882,0x0882,0x0882,0x0882,0x08A3,0x08A3,0x08A3,0x08A3,0x08A3,0x08A3,0x08A3,
  0x08A3,0x08A3,0x08A3,0x08A3,0x08A3,0x08A3,0x08A3,0x08A3,0x08A3,0x08A3,0x08A3,0x08A3,0x21A8,0x08A3,0x08A3,0x08A3,
  0x08A3,0x08A3,0x08A3,0x08A3,0x08A3,0x08A3,0x08A3,0x08A3,0x08A3,0x08A3,0x08A3,0x08A3,0x08A3,0x08A3,0x08A3,0x08A3,
  0x08A3,0x08A3,0x08A3,0x08A3,0x08A3,0x08A3,0x08A3,0x08A3,0x08A3,0x08A3,0x08A3,0x08A3,0x08A3,0x08A3,0x08A3,0x08A3,
  0x08A3,0x08A3,0x08A3,0x08A3,0x08A3,0x08A3,0x08A3,0x08A3,0x08A3,0x08A3,0x08A3,0x08A3,0x08A3,0x08A3,0x08A3,0x08A3,
  0x08A3,0x08A3,0x08A3,0x08A3,0x08A3,0x08A3,0x08A3,0x08A3,0x08A3,0x08A3,0x08A3,0x08A3,0x08A3,0x08A3,0x08A3,0x08A3,
  0x08A3,0x08A3,0x08A3,0x08A3,0x08A3,0x08A3,0x08A3,0x08A3,0x08A3,0x08A3,0x08A3,0x08A3,0x21A8,0x08A3,0x08A3,0x08A3,
  0x08A3,0x08A3,0x08A3,0x08A3,0x08A3,0x08A3,0x08A3,0x08A3,0x08A3,0x08A3,0x08A3,0x08A3,0x08A3,0x08A3,0x08A3,0x08A3,
  0x08A3,0x08A3,0x08A3,0x08A3,0x08A3,0x08A3,0x08A3,0x08A3,0x08A3,0x08A3,0x08A3,0x08A3,0x08A3,0x08A3,0x08A3,0x08A3,
  0x08A3,0x08A3,0x08A3,0x08A3,0x08A3,0x08A3,0x08A3,0x08A3,0x08A3,0x08A3,0x08A3,0x08A3,0x08A3,0x08A3,0x08A3,0x08A3,
  0x08A3,0x08A3,0x08A3,0x08A3,0x08A3,0x08A3,0x08A3,0x08A3,0x08A3,0x0883,0x0883,0x0883,0x0883,0x0883,0x0883,0x0883,
  0x0883,0x0883,0x0883,0x0883,0x0883,0x0883,0x0883,0x0883,0x0883,0x0883,0x0883,0x0883,0x21A8,0x0883,0x0883,0x0883,
  0x0883,0x0883,0x0883,0x0883,0x0883,0x0883,0x0883,0x0883,0x0883,0x0883,0x0883,0x0883,0x0883,0x0883,0x0883,0x0883,
  0x0883,0x0883,0x0883,0x0883,0x0883,0x0883,0x0883,0x0883,0x0883,0x0883,0x0883,0x0883,0x0883,0x0883,0x0883,0x0883,
  0x0883,0x0883,0x0883,0x0883,0x0883,0x0883,0x0883,0x0883,0x0883,0x0883,0x0883,0x0883,0x0883,0x0883,0x0883,0x0883,
  0x0883,0x0882,0x0882,0x0882,0x0882,0x0882,0x0882,0x0882,0x0882,0x0882,0x0882,0x0882,0x0882,0x0882,0x0882,0x0882,
  0x0882,0x0882,0x0882,0x0882,0x0882,0x0882,0x19A7,0x08C3,0x0041,0x0041,0x0041,0x0041,0x0041,0x0041,0x0041,0x0041,
  0x0041,0x0041,0x0041,0x0041,0x0041,0x0041,0x0041,0x0041,0x0041,0x2209,0x08A3,0x08A3,0x08A3,0x08A3,0x08A3,0x08A3,
  0x08A3,0x08A3,0x08A3,0x08A3,0x08A3,0x08A3,0x08A3,0x08A3,0x08A3,0x08A3,0x08A3,0x08A3,0x08A3,0x0882,0x0882,0x0882,
  0x0882,0x0882,0x0882,0x0882,0x0882,0x0882,0x0882,0x0882,0x0882,0x0882,0x0882,0x0882,0x0882,0x0882,0x0882,0x0882,
  0x0882,0x0882,0x0882,0x0882,0x0882,0x0882,0x0882,0x0882,0x0882,0x0883,0x08A3,0x08A3,0x08A3,0x08A3,0x08A3,0x08A3,
  0x08A3,0x08A3,0x08A3,0x08A3,0x08A3,0x08A3,0x08A3,0x08A3,0x08A3,0x08A3,0x08A3,0x08A3,0x21A8,0x08A3,0x08A3,0x08A3,
  0x08A3,0x08A3,0x08A3,0x08A3,0x08A3,0x08A3,0x08A3,0x08A3,0x08A3,0x08A3,0x08A3,0x08A3,0x08A3,0x08A3,0x08A3,0x08A3,
  0x08A3,0x08A3,0x08A3,0x08A3,0x08A3,0x08A3,0x08A3,0x08A3,0x08A3,0x08A3,0x08A3,0x08A3,0x08A3,0x08A3,0x08A3,0x08A3,
  0x08A3,0x08A3,0x08A3,0x08A3,0x08A3,0x08A3,0x08A3,0x08A3,0x08A3,0x08A3,0x08A3,0x08A3,0x08A3,0x08A3,0x08A3,0x08A3,
  0x08A3,0x08A3,0x08A3,0x08A3,0x08A3,0x08A3,0x08A3,0x08A3,0x08A3,0x08A3,0x08A3,0x08A3,0x08A3,0x08A3,0x08A3,0x08A3,
  0x08A3,0x08A3,0x08A3,0x08A3,0x08A3,0x08A3,0x08A3,0x08A3,0x08A3,0x08A3,0x08A3,0x08A3,0x21A8,0x08A3,0x08A3,0x08A3,
  0x08A3,0x08A3,0x08A3,0x08A3,0x08A3,0x08A3,0x08A3,0x08A3,0x08A3,0x08A3,0x08A3,0x08A3,0x08A3,0x08A3,0x08A3,0x08A3,
  0x08A3,0x08A3,0x08A3,0x08A3,0x08A3,0x08A3,0x08A3,0x08A3,0x08A3,0x08A3,0x08A3,0x08A3,0x08A3,0x08A3,0x08A3,0x08A3,
  0x08A3,0x08A3,0x08A3,0x08A3,0x08A3,0x08A3,0x08A3,0x08A3,0x08A3,0x08A3,0x08A3,0x08A3,0x08A3,0x08A3,0x08A3,0x08A3,
  0x08A3,0x08A3,0x08A3,0x08A3,0x08A3,0x08A3,0x0883,0x0883,0x0883,0x0883,0x0883,0x0883,0x0883,0x0883,0x0883,0x0883,
  0x0883,0x0883,0x0883,0x0883,0x0883,0x0883,0x0883,0x0883,0x0883,0x0883,0x0883,0x0883,0x21A8,0x0883,0x0883,0x0883,
  0x0883,0x0883,0x0883,0x0883,0x0883,0x0883,0x0883,0x0883,0x0883,0x0883,0x0883,0x0883,0x0883,0x0883,0x0883,0x0883,
  0x0883,0x0883,0x0883,0x0883,0x0883,0x0883,0x0883,0x0883,0x0883,0x0883,0x0883,0x0883,0x0883,0x0883,0x0883,0x0883,
  0x0883,0x0883,0x0883,0x0883,0x0883,0x0883,0x0883,0x0883,0x0883,0x0883,0x0883,0x0883,0x0883,0x0883,0x0882,0x0882,
  0x0882,0x0882,0x0882,0x0882,0x0882,0x0882,0x0882,0x0882,0x0882,0x0882,0x0882,0x0882,0x0882,0x0882,0x0882,0x0882,
  0x0882,0x0882,0x0882,0x0882,0x0882,0x0882,0x19A7,0x08C3,0x0041,0x0041,0x0041,0x0041,0x0041,0x0041,0x0041,0x0041,
  0x0041,0x0041,0x0041,0x0041,0x0041,0x0041,0x0041,0x0041,0x0041,0x2209,0x08A3,0x08A3,0x08A3,0x08A3,0x08A3,0x08A3,
  0x08A3,0x08A3,0x08A3,0x08A3,0x08A3,0x08A3,0x08A3,0x08A3,0x08A3,0x08A3,0x08A3,0x08A3,0x0883,0x0882,0x0882,0x0882,
  0x0882,0x0882,0x0882,0x0882,0x0882,0x0882,0x0882,0x0882,0x0882,0x0882,0x0882,0x0882,0x0882,0x0882,0x0882,0x0882,
  0x0882,0x0882,0x0882,0x0882,0x0882,0x0882,0x0882,0x0882,0x0882,0x0882,0x08A3,0x08A3,0x08A3,0x08A3,0x08A3,0x08A3,
  0x08A3,0x08A3,0x08A3,0x08A3,0x08A3,0x08A3,0x08A3,0x08A3,0x08A3,0x08A3,0x08A3,0x08A3,0x21A8,0x08A3,0x08A3,0x08A3,
  0x08A3,0x08A3,0x08A3,0x08A3,0x08A3,0x08A3,0x08A3,0x08A3,0x08A3,0x08A3,0x08A3,0x08A3,0x08A3,0x08A3,0x08A3,0x08A3,
  0x08A3,0x08A3,0x08A3,0x08A3,0x08A3,0x08A3,0x08A3,0x08A3,0x08A3,0x08A3,0x08A3,0x08A3,0x08A3,0x08A3,0x08A3,0x08A3,
  0x08A3,0x08A3,0x08A3,0x08A3,0x08A3,0x08A3,0x08A3,0x08A3,0x08A3,0x08A3,0x08A3,0x08A3,0x08A3,0x08A3,0x08A3,0x08A3,
  0x08A3,0x08A3,0x08A3,0x08A3,0x08A3,0x08A3,0x08A3,0x08A3,0x08A3,0x08A3,0x08A3,0x08A3,0x08A3,0x08A3,0x08A3,0x08A3,
  0x08A3,0x08A3,0x08A3,0x08A3,0x08A3,0x08A3,0x08A3,0x08A3,0x08A3,0x08A3,0x08A3,0x08A3,0x21A8,0x08A3,0x08A3,0x08A3,
  0x08A3,0x08A3,0x08A3,0x08A3,0x08A3,0x08A3,0x08A3,0x08A3,0x08A3,0x08A3,0x08A3,0x08A3,0x08A3,0x08A3,0x08A3,0x08A3,
  0x08A3,0x08A3,0x08A3,0x08A3,0x08A3,0x08A3,0x08A3,0x08A3,0x08A3,0x08A3,0x08A3,0x08A3,0x08A3,0x08A3,0x08A3,0x08A3,
  0x08A3,0x08A3,0x08A3,0x08A3,0x08A3,0x08A3,0x08A3,0x08A3,0x08A3,0x08A3,0x08A3,0x08A3,0x08A3,0x08A3,0x08A3,0x08A3,
  0x08A3,0x08A3,0x08A3,0x0883,0x0883,0x0883,0x0883,0x0883,0x0883,0x0883,0x0883,0x0883,0x0883,0x0883,0x0883,0x0883,
  0x0883,0x0883,0x0883,0x0883,0x0883,0x0883,0x0883,0x0883,0x0883,0x0883,0x0883,0x0883,0x21A8,0x0883,0x0883,0x0883,
  0x0883,0x0883,0x0883,0x0883,0x0883,0x0883,0x0883,0x0883,0x0883,0x0883,0x0883,0x0883,0x0883,0x0883,0x0883,0x0883,
  0x0883,0x0883,0x0883,0x0883,0x0883,0x0883,0x0883,0x0883,0x0883,0x0883,0x0883,0x0883,0x0883,0x0883,0x0883,0x0883,
  0x0883,0x0883,0x0883,0x0883,0x0883,0x0883,0x0883,0x0883,0x0883,0x0883,0x0883,0x0882,0x0882,0x0882,0x0882,0x0882,
  0x0882,0x0882,0x0882,0x0882,0x0882,0x0882,0x0882,0x0882,0x0882,0x0882,0x0882,0x0882,0x0882,0x0882,0x0882,0x0882,
  0x0882,0x0882,0x0882,0x0882,0x0882,0x0882,0x19A7,0x08C3,0x0041,0x0041,0x0041,0x0041,0x0041,0x0041,0x0041,0x0041,
  0x0041,0x0041,0x0041,0x0041,0x0041,0x0041,0x0041,0x0041,0x0041,0x2209,0x08A3,0x08A3,0x08A3,0x08A3,0x08A3,0x08A3,
  0x08A3,0x08A3,0x08A3,0x08A3,0x08A3,0x08A3,0x08A3,0x08A3,0x08A3,0x08A3,0x08A3,0x08A3,0x0883,0x0882,0x0882,0x0882,
  0x0882,0x0882,0x0882,0x0882,0x0882,0x0882,0x0882,0x0882,0x0882,0x0882,0x0882,0x0882,0x0882,0x0882,0x0882,0x0882,
  0x0882,0x0882,0x0882,0x0882,0x0882,0x0882,0x0882,0x0882,0x0882,0x0882,0x08A3,0x08A3,0x08A3,0x08A3,0x08A3,0x08A3,
  0x08A3,0x08A3,0x08A3,0x08A3,0x08A3,0x08A3,0x08A3,0x08A3,0x08A3,0x08A3,0x08A3,0x08A3,0x21A8,0x08A3,0x08A3,0x08A3,
  0x08A3,0x08A3,0x08A3,0x08A3,0x08A3,0x08A3,0x08A3,0x08A3,0x08A3,0x08A3,0x08A3,0x08A3,0x08A3,0x08A3,0x08A3,0x08A3,
  0x08A3,0x08A3,0x08A3,0x08A3,0x08A3,0x08A3,0x08A3,0x08A3,0x08A3,0x08A3,0x08A3,0x08A3,0x08A3,0x08A3,0x08A3,0x08A3,
  0x08A3,0x08A3,0x08A3,0x08A3,0x08A3,0x08A3,0x08A3,0x08A3,0x08A3,0x08A3,0x08A3,0x08A3,0x08A3,0x08A3,0x08A3,0x08A3,
  0x08A3,0x08A3,0x08A3,0x08A3,0x08A3,0x08A3,0x08A3,0x08A3,0x08A3,0x08A3,0x08A3,0x08A3,0x08A3,0x08A3,0x08A3,0x08A3,
  0x08A3,0x08A3,0x08A3,0x08A3,0x08A3,0x08A3,0x08A3,0x08A3,0x08A3,0x08A3,0x08A3,0x08A3,0x21A8,0x08A3,0x08A3,0x08A3,
  0x08A3,0x08A3,0x08A3,0x08A3,0x08A3,0x08A3,0x08A3,0x08A3,0x08A3,0x08A3,0x08A3,0x08A3,0x08A3,0x08A3,0x08A3,0x08A3,
  0x08A3,0x08A3,0x08A3,0x08A3,0x08A3,0x08A3,0x08A3,0x08A3,0x08A3,0x08A3,0x08A3,0x08A3,0x08A3,0x08A3,0x08A3,0x08A3,
  0x08A3,0x08A3,0x08A3,0x08A3,0x08A3,0x08A3,0x08A3,0x08A3,0x08A3,0x08A3,0x08A3,0x08A3,0x08A3,0x08A3,0x08A3,0x08A3,
  0x0883,0x0883,0x0883,0x0883,0x0883,0x0883,0x0883,0x0883,0x0883,0x0883,0x0883,0x0883,0x0883,0x0883,0x0883,0x0883,
  0x0883,0x0883,0x0883,0x0883,0x0883,0x0883,0x0883,0x0883,0x0883,0x0883,0x0883,0x0883,0x21A8,0x0883,0x0883,0x0883,
  0x0883,0x0883,0x0883,0x0883,0x0883,0x0883,0x0883,0x0883,0x0883,0x0883,0x0883,0x0883,0x0883,0x0883,0x0883,0x0883,
  0x0883,0x0883,0x0883,0x0883,0x0883,0x0883,0x0883,0x0883,0x0883,0x0883,0x0883,0x0883,0x0883,0x0883,0x0883,0x0883,
  0x0883,0x0883,0x0883,0x0883,0x0883,0x0883,0x0883,0x0883,0x0882,0x0882,0x0882,0x0882,0x0882,0x0882,0x0882,0x0882,
  0x0882,0x0882,0x0882,0x0882,0x0882,0x0882,0x0882,0x0882,0x0882,0x0882,0x0882,0x0882,0x0882,0x0882,0x0882,0x0882,
  0x0882,0x0882,0x0882,0x0882,0x0882,0x0882,0x19A7,0x08C3,0x0041,0x0041,0x0041,0x0041,0x0041,0x0041,0x0041,0x0041,
  0x0041,0x0041,0x0041,0x0041,0x0041,0x0041,0x0041,0x0041,0x0041,0x2209,0x08A3,0x08A3,0x08A3,0x08A3,0x08A3,0x08A3,
  0x08A3,0x08A3,0x08A3,0x08A3,0x08A3,0x08A3,0x08A3,0x08A3,0x08A3,0x08A3,0x08A3,0x08A3,0x0883,0x0882,0x0882,0x0882,
  0x0882,0x0882,0x0882,0x0882,0x0882,0x0882,0x0882,0x0882,0x0882,0x0882,0x0882,0x0882,0x0882,0x0882,0x0882,0x0882,
  0x0882,0x0882,0x0882,0x0882,0x0882,0x0882,0x0882,0x0882,0x0882,0x0882,0x08A3,0x08A3,0x08A3,0x08A3,0x08A3,0x08A3,
  0x08A3,0x08A3,0x08A3,0x08A3,0x08A3,0x08A3,0x08A3,0x08A3,0x08A3,0x08A3,0x08A3,0x08A3,0x21A8,0x08A3,0x08A3,0x08A3,
  0x08A3,0x08A3,0x08A3,0x08A3,0x08A3,0x08A3,0x08A3,0x08A3,0x08A3,0x08A3,0x08A3,0x08A3,0x08A3,0x08A3,0x08A3,0x08A3,
  0x08A3,0x08A3,0x08A3,0x08A3,0x08A3,0x08A3,0x08A3,0x08A3,0x08A3,0x08A3,0x08A3,0x08A3,0x08A3,0x08A3,0x08A3,0x08A3,
  0x08A3,0x08A3,0x08A3,0x08A3,0x08A3,0x08A3,0x08A3,0x08A3,0x08A3,0x08A3,0x08A3,0x08A3,0x08A3,0x08A3,0x08A3,0x08A3,
  0x08A3,0x08A3,0x08A3,0x08A3,0x08A3,0x08A3,0x08A3,0x08A3,0x08A3,0x08A3,0x08A3,0x08A3,0x08A3,0x08A3,0x08A3,0x08A3,
  0x08A3,0x08A3,0x08A3,0x08A3,0x08A3,0x08A3,0x08A3,0x08A3,0x08A3,0x08A3,0x08A3,0x08A3,0x21A8,0x08A3,0x08A3,0x08A3,
  0x08A3,0x08A3,0x08A3,0x08A3,0x08A3,0x08A3,0x08A3,0x08A3,0x08A3,0x08A3,0x08A3,0x08A3,0x08A3,0x08A3,0x08A3,0x08A3,
  0x08A3,0x08A3,0x08A3,0x08A3,0x08A3,0x08A3,0x08A3,0x08A3,0x08A3,0x08A3,0x08A3,0x08A3,0x08A3,0x08A3,0x08A3,0x08A3,
  0x08A3,0x08A3,0x08A3,0x08A3,0x08A3,0x08A3,0x08A3,0x08A3,0x08A3,0x08A3,0x08A3,0x08A3,0x08A3,0x0883,0x0883,0x0883,
  0x0883,0x0883,0x0883,0x0883,0x0883,0x0883,0x0883,0x0883,0x0883,0x0883,0x0883,0x0883,0x0883,0x0883,0x0883,0x0883,
  0x0883,0x0883,0x0883,0x0883,0x0883,0x0883,0x0883,0x0883,0x0883,0x0883,0x0883,0x0883,0x21A8,0x0883,0x0883,0x0883,
  0x0883,0x0883,0x0883,0x0883,0x0883,0x0883,0x0883,0x0883,0x0883,0x0883,0x0883,0x0883,0x0883,0x0883,0x0883,0x0883,
  0x0883,0x0883,0x0883,0x0883,0x0883,0x0883,0x0883,0x0883,0x0883,0x0883,0x0883,0x0883,0x0883,0x0883,0x0883,0x0883,
  0x0883,0x0883,0x0883,0x0883,0x0883,0x0882,0x0882,0x0882,0x0882,0x0882,0x0882,0x0882,0x0882,0x0882,0x0882,0x0882,
  0x0882,0x0882,0x0882,0x0882,0x0882,0x0882,0x0882,0x0882,0x0882,0x0882,0x0882,0x0882,0x0882,0x0882,0x0882,0x0882,
  0x0882,0x0882,0x0882,0x0882,0x0882,0x0882,0x19A7,0x08C3,0x0041,0x0041,0x0041,0x0041,0x0041,0x0041,0x0041,0x0041,
  0x0041,0x0041,0x0041,0x0041,0x0041,0x0041,0x0041,0x0041,0x0041,0x2209,0x08A3,0x08A3,0x08A3,0x08A3,0x08A3,0x08A3,
  0x08A3,0x08A3,0x08A3,0x08A3,0x08A3,0x08A3,0x08A3,0x08A3,0x08A3,0x08A3,0x08A3,0x08A3,0x0883,0x0882,0x0882,0x0882,
  0x0882,0x0882,0x0882,0x0882,0x0882,0x0882,0x0882,0x0882,0x0882,0x0882,0x0882,0x0882,0x0882,0x0882,0x0882,0x0882,
  0x0882,0x0882,0x0882,0x0882,0x0882,0x0882,0x0882,0x0882,0x0882,0x0882,0x08A3,0x08A3,0x08A3,0x08A3,0x08A3,0x08A3,
  0x08A3,0x08A3,0x08A3,0x08A3,0x08A3,0x08A3,0x08A3,0x08A3,0x08A3,0x08A3,0x08A3,0x08A3,0x21A8,0x08A3,0x08A3,0x08A3,
  0x08A3,0x08A3,0x08A3,0x08A3,0x08A3,0x08A3,0x08A3,0x08A3,0x08A3,0x08A3,0x08A3,0x08A3,0x08A3,0x08A3,0x08A3,0x08A3,
  0x08A3,0x08A3,0x08A3,0x08A3,0x08A3,0x08A3,0x08A3,0x08A3,0x08A3,0x08A3,0x08A3,0x08A3,0x08A3,0x08A3,0x08A3,0x08A3,
  0x08A3,0x08A3,0x08A3,0x08A3,0x08A3,0x08A3,0x08A3,0x08A3,0x08A3,0x08A3,0x08A3,0x08A3,0x08A3,0x08A3,0x08A3,0x08A3,
  0x08A3,0x08A3,0x08A3,0x08A3,0x08A3,0x08A3,0x08A3,0x08A3,0x08A3,0x08A3,0x08A3,0x08A3,0x08A3,0x08A3,0x08A3,0x08A3,
  0x08A3,0x08A3,0x08A3,0x08A3,0x08A3,0x08A3,0x08A3,0x08A3,0x08A3,0x08A3,0x08A3,0x08A3,0x21A8,0x08A3,0x08A3,0x08A3,
  0x08A3,0x08A3,0x08A3,0x08A3,0x08A3,0x08A3,0x08A3,0x08A3,0x08A3,0x08A3,0x08A3,0x08A3,0x08A3,0x08A3,0x08A3,0x08A3,
  0x08A3,0x08A3,0x08A3,0x08A3,0x08A3,0x08A3,0x08A3,0x08A3,0x08A3,0x08A3,0x08A3,0x08A3,0x08A3,0x08A3,0x08A3,0x08A3,
  0x08A3,0x08A3,0x08A3,0x08A3,0x08A3,0x08A3,0x08A3,0x08A3,0x08A3,0x08A3,0x0883,0x0883,0x0883,0x0883,0x0883,0x0883,
  0x0883,0x0883,0x0883,0x0883,0x0883,0x0883,0x0883,0x0883,0x0883,0x0883,0x0883,0x0883,0x0883,0x0883,0x0883,0x0883,
  0x0883,0x0883,0x0883,0x0883,0x0883,0x0883,0x0883,0x0883,0x0883,0x0883,0x0883,0x0883,0x21A8,0x0883,0x0883,0x0883,
  0x0883,0x0883,0x0883,0x0883,0x0883,0x0883,0x0883,0x0883,0x0883,0x0883,0x0883,0x0883,0x0883,0x0883,0x0883,0x0883,
  0x0883,0x0883,0x0883,0x0883,0x0883,0x0883,0x0883,0x0883,0x0883,0x0883,0x0883,0x0883,0x0883,0x0883,0x0883,0x0883,
  0x0883,0x0883,0x0882,0x0882,0x0882,0x0882,0x0882,0x0882,0x0882,0x0882,0x0882,0x0882,0x0882,0x0882,0x0882,0x0882,
  0x0882,0x0882,0x0882,0x0882,0x0882,0x0882,0x0882,0x0882,0x0882,0x0882,0x0882,0x0882,0x0882,0x0882,0x0882,0x0882,
  0x0882,0x0882,0x0882,0x0882,0x0882,0x0882,0x19A7,0x08C3,0x0041,0x0041,0x0041,0x0041,0x0041,0x0041,0x0041,0x0041,
  0x0041,0x0041,0x0041,0x0041,0x0041,0x0041,0x0041,0x0041,0x0041,0x2209,0x08A3,0x08A3,0x08A3,0x08A3,0x08A3,0x08A3,
  0x08A3,0x08A3,0x08A3,0x08A3,0x08A3,0x08A3,0x08A3,0x08A3,0x08A3,0x08A3,0x08A3,0x08A3,0x08A3,0x0882,0x0882,0x0882,
  0x0882,0x0882,0x0882,0x0882,0x0882,0x0882,0x0882,0x0882,0x0882,0x0882,0x0882,0x0882,0x0882,0x0882,0x0882,0x0882,
  0x0882,0x0882,0x0882,0x0882,0x0882,0x0882,0x0882,0x0882,0x0882,0x0883,0x08A3,0x08A3,0x08A3,0x08A3,0x08A3,0x08A3,
  0x08A3,0x08A3,0x08A3,0x08A3,0x08A3,0x08A3,0x08A3,0x08A3,0x08A3,0x08A3,0x08A3,0x08A3,0x21A8,0x08A3,0x08A3,0x08A3,
  0x08A3,0x08A3,0x08A3,0x08A3,0x08A3,0x08A3,0x08A3,0x08A3,0x08A3,0x08A3,0x08A3,0x08A3,0x08A3,0x08A3,0x08A3,0x08A3,
  0x08A3,0x08A3,0x08A3,0x08A3,0x08A3,0x08A3,0x08A3,0x08A3,0x08A3,0x08A3,0x08A3,0x08A3,0x08A3,0x08A3,0x08A3,0x08A3,
  0x08A3,0x08A3,0x08A3,0x08A3,0x08A3,0x08A3,0x08A3,0x08A3,0x08A3,0x08A3,0x08A3,0x08A3,0x08A3,0x08A3,0x08A3,0x08A3,
  0x08A3,0x08A3,0x08A3,0x08A3,0x08A3,0x08A3,0x08A3,0x08A3,0x08A3,0x08A3,0x08A3,0x08A3,0x08A3,0x08A3,0x08A3,0x08A3,
  0x08A3,0x08A3,0x08A3,0x08A3,0x08A3,0x08A3,0x08A3,0x08A3,0x08A3,0x08A3,0x08A3,0x08A3,0x21A8,0x08A3,0x08A3,0x08A3,
  0x08A3,0x08A3,0x08A3,0x08A3,0x08A3,0x08A3,0x08A3,0x08A3,0x08A3,0x08A3,0x08A3,0x08A3,0x08A3,0x08A3,0x08A3,0x08A3,
  0x08A3,0x08A3,0x08A3,0x08A3,0x08A3,0x08A3,0x08A3,0x08A3,0x08A3,0x08A3,0x08A3,0x08A3,0x08A3,0x08A3,0x08A3,0x08A3,
  0x08A3,0x08A3,0x08A3,0x08A3,0x08A3,0x08A3,0x08A3,0x0883,0x0883,0x0883,0x0883,0x0883,0x0883,0x0883,0x0883,0x0883,
  0x0883,0x0883,0x0883,0x0883,0x0883,0x0883,0x0883,0x0883,0x0883,0x0883,0x0883,0x0883,0x0883,0x0883,0x0883,0x0883,
  0x0883,0x0883,0x0883,0x0883,0x0883,0x0883,0x0883,0x0883,0x0883,0x0883,0x0883,0x0883,0x21A8,0x0883,0x0883,0x0883,
  0x0883,0x0883,0x0883,0x0883,0x0883,0x0883,0x0883,0x0883,0x0883,0x0883,0x0883,0x0883,0x0883,0x0883,0x0883,0x0883,
  0x0883,0x0883,0x0883,0x0883,0x0883,0x0883,0x0883,0x0883,0x0883,0x0883,0x0883,0x0883,0x0883,0x0883,0x0883,0x0882,
  0x0882,0x0882,0x0882,0x0882,0x0882,0x0882,0x0882,0x0882,0x0882,0x0882,0x0882,0x0882,0x0882,0x0882,0x0882,0x0882,
  0x0882,0x0882,0x0882,0x0882,0x0882,0x0882,0x0882,0x0882,0x0882,0x0882,0x0882,0x0882,0x0882,0x0882,0x0882,0x0882,
  0x0882,0x0882,0x0882,0x0882,0x0882,0x0882,0x19A7,0x08C3,0x0041,0x0041,0x0041,0x0041,0x0041,0x0041,0x0041,0x0041,
  0x0041,0x0041,0x0041,0x0041,0x0041,0x0041,0x0041,0x0041,0x0041,0x2209,0x08A3,0x08A3,0x08A3,0x08A3,0x08A3,0x08A3,
  0x08A3,0x08A3,0x08A3,0x08A3,0x08A3,0x08A3,0x08A3,0x08A3,0x08A3,0x08A3,0x08A3,0x08A3,0x08A3,0x0882,0x0882,0x0882,
  0x0882,0x0882,0x0882,0x0882,0x0882,0x0882,0x0882,0x0882,0x0882,0x0882,0x0882,0x0882,0x0882,0x0882,0x0882,0x0882,
  0x0882,0x0882,0x0882,0x0882,0x0882,0x0882,0x0882,0x0882,0x0882,0x0883,0x08A3,0x08A3,0x08A3,0x08A3,0x08A3,0x08A3,
  0x08A3,0x08A3,0x08A3,0x08A3,0x08A3,0x08A3,0x08A3,0x08A3,0x08A3,0x08A3,0x08A3,0x08A3,0x21A8,0x08A3,0x08A3,0x08A3,
  0x08A3,0x08A3,0x08A3,0x08A3,0x08A3,0x08A3,0x08A3,0x08A3,0x08A3,0x08A3,0x08A3,0x08A3,0x08A3,0x08A3,0x08A3,0x08A3,
  0x08A3,0x08A3,0x08A3,0x08A3,0x08A3,0x08A3,0x08A3,0x08A3,0x08A3,0x08A3,0x08A3,0x08A3,0x08A3,0x08A3,0x08A3,0x08A3,
  0x08A3,0x08A3,0x08A3,0x08A3,0x08A3,0x08A3,0x08A3,0x08A3,0x08A3,0x08A3,0x08A3,0x08A3,0x08A3,0x08A3,0x08A3,0x08A3,
  0x08A3,0x08A3,0x08A3,0x08A3,0x08A3,0x08A3,0x08A3,0x08A3,0x08A3,0x08A3,0x08A3,0x08A3,0x08A3,0x08A3,0x08A3,0x08A3,
  0x08A3,0x08A3,0x08A3,0x08A3,0x08A3,0x08A3,0x08A3,0x08A3,0x08A3,0x08A3,0x08A3,0x08A3,0x21A8,0x08A3,0x08A3,0x08A3,
  0x08A3,0x08A3,0x08A3,0x08A3,0x08A3,0x08A3,0x08A3,0x08A3,0x08A3,0x08A3,0x08A3,0x08A3,0x08A3,0x08A3,0x08A3,0x08A3,
  0x08A3,0x08A3,0x08A3,0x08A3,0x08A3,0x08A3,0x08A3,0x08A3,0x08A3,0x08A3,0x08A3,0x08A3,0x08A3,0x08A3,0x08A3,0x08A3,
  0x08A3,0x08A3,0x08A3,0x08A3,0x0883,0x0883,0x0883,0x0883,0x0883,0x0883,0x0883,0x0883,0x0883,0x0883,0x0883,0x0883,
  0x0883,0x0883,0x0883,0x0883,0x0883,0x0883,0x0883,0x0883,0x0883,0x0883,0x0883,0x0883,0x0883,0x0883,0x0883,0x0883,
  0x0883,0x0883,0x0883,0x0883,0x0883,0x0883,0x0883,0x0883,0x0883,0x0883,0x0883,0x0883,0x21A8,0x0883,0x0883,0x0883,
  0x0883,0x0883,0x0883,0x0883,0x0883,0x0883,0x0883,0x0883,0x0883,0x0883,0x0883,0x0883,0x0883,0x0883,0x0883,0x0883,
  0x0883,0x0883,0x0883,0x0883,0x0883,0x0883,0x0883,0x0883,0x0883,0x0883,0x0883,0x0883,0x0882,0x0882,0x0882,0x0882,
  0x0882,0x0882,0x0882,0x0882,0x0882,0x0882,0x0882,0x0882,0x0882,0x0882,0x0882,0x0882,0x0882,0x0882,0x0882,0x0882,
  0x0882,0x0882,0x0882,0x0882,0x0882,0x0882,0x0882,0x0882,0x0882,0x0882,0x0882,0x0882,0x0882,0x0882,0x0882,0x0882,
  0x0882,0x0882,0x0882,0x0882,0x0882,0x0882,0x19A7,0x08C3,0x0041,0x0041,0x0041,0x0041,0x0041,0x0041,0x0041,0x0041,
  0x0041,0x0041,0x0041,0x0041,0x0041,0x0041,0x0041,0x0041,0x0041,0x2209,0x08A3,0x08A3,0x08A3,0x08A3,0x08A3,0x08A3,
  0x08A3,0x08A3,0x08A3,0x08A3,0x08A3,0x08A3,0x08A3,0x08A3,0x08A3,0x08A3,0x08A3,0x08A3,0x08A3,0x0882,0x0882,0x0882,
  0x0882,0x0882,0x0882,0x0882,0x0882,0x0882,0x0882,0x0882,0x0882,0x0882,0x0882,0x0882,0x0882,0x0882,0x0882,0x0882,
  0x0882,0x0882,0x0882,0x0882,0x0882,0x0882,0x0882,0x0882,0x0882,0x08A3,0x08A3,0x08A3,0x08A3,0x08A3,0x08A3,0x08A3,
  0x08A3,0x08A3,0x08A3,0x08A3,0x08A3,0x08A3,0x08A3,0x08A3,0x08A3,0x08A3,0x08A3,0x08A3,0x21A8,0x08A3,0x08A3,0x08A3,
  0x08A3,0x08A3,0x08A3,0x08A3,0x08A3,0x08A3,0x08A3,0x08A3,0x08A3,0x08A3,0x08A3,0x08A3,0x08A3,0x08A3,0x08A3,0x08A3,
  0x08A3,0x08A3,0x08A3,0x08A3,0x08A3,0x08A3,0x08A3,0x08A3,0x08A3,0x08A3,0x08A3,0x08A3,0x08A3,0x08A3,0x08A3,0x08A3,
  0x08A3,0x08A3,0x08A3,0x08A3,0x08A3,0x08A3,0x08A3,0x08A3,0x08A3,0x08A3,0x08A3,0x08A3,0x08A3,0x08A3,0x08A3,0x08A3,
  0x08A3,0x08A3,0x08A3,0x08A3,0x08A3,0x08A3,0x08A3,0x08A3,0x08A3,0x08A3,0x08A3,0x08A3,0x08A3,0x08A3,0x08A3,0x08A3,
  0x08A3,0x08A3,0x08A3,0x08A3,0x08A3,0x08A3,0x08A3,0x08A3,0x08A3,0x08A3,0x08A3,0x08A3,0x21A8,0x08A3,0x08A3,0x08A3,
  0x08A3,0x08A3,0x08A3,0x08A3,0x08A3,0x08A3,0x08A3,0x08A3,0x08A3,0x08A3,0x08A3,0x08A3,0x08A3,0x08A3,0x08A3,0x08A3,
  0x08A3,0x08A3,0x08A3,0x08A3,0x08A3,0x08A3,0x08A3,0x08A3,0x08A3,0x08A3,0x08A3,0x08A3,0x08A3,0x08A3,0x08A3,0x08A3,
  0x08A3,0x0883,0x0883,0x0883,0x0883,0x0883,0x0883,0x0883,0x0883,0x0883,0x0883,0x0883,0x0883,0x0883,0x0883,0x0883,
  0x0883,0x0883,0x0883,0x0883,0x0883,0x0883,0x0883,0x0883,0x0883,0x0883,0x0883,0x0883,0x0883,0x0883,0x0883,0x0883,
  0x0883,0x0883,0x0883,0x0883,0x0883,0x0883,0x0883,0x0883,0x0883,0x0883,0x0883,0x0883,0x21A8,0x0883,0x0883,0x0883,
  0x0883,0x0883,0x0883,0x0883,0x0883,0x0883,0x0883,0x0883,0x0883,0x0883,0x0883,0x0883,0x0883,0x0883,0x0883,0x0883,
  0x0883,0x0883,0x0883,0x0883,0x0883,0x0883,0x0883,0x0883,0x0883,0x0882,0x0882,0x0882,0x0882,0x0882,0x0882,0x0882,
  0x0882,0x0882,0x0882,0x0882,0x0882,0x0882,0x0882,0x0882,0x0882,0x0882,0x0882,0x0882,0x0882,0x0882,0x0882,0x0882,
  0x0882,0x0882,0x0882,0x0882,0x0882,0x0882,0x0882,0x0882,0x0882,0x0882,0x0882,0x0882,0x0882,0x0882,0x0882,0x0882,
  0x0882,0x0882,0x0882,0x0882,0x0882,0x0882,0x19A7,0x08C3,0x0041,0x0041,0x0041,0x0041,0x0041,0x0041,0x0041,0x0041,
  0x0041,0x0041,0x0041,0x0041,0x0041,0x0041,0x0041,0x0041,0x0041,0x2209,0x08A3,0x08A3,0x08A3,0x08A3,0x08A3,0x08A3,
  0x08A3,0x08A3,0x08A3,0x08A3,0x08A3,0x08A3,0x08A3,0x08A3,0x08A3,0x08A3,0x08A3,0x08A3,0x08A3,0x0883,0x0882,0x0882,
  0x0882,0x0882,0x0882,0x0882,0x0882,0x0882,0x0882,0x0882,0x0882,0x0882,0x0882,0x0882,0x0882,0x0882,0x0882,0x0882,
  0x0882,0x0882,0x0882,0x0882,0x0882,0x0882,0x0882,0x0882,0x0882,0x08A3,0x08A3,0x08A3,0x08A3,0x08A3,0x08A3,0x08A3,
  0x08A3,0x08A3,0x08A3,0x08A3,0x08A3,0x08A3,0x08A3,0x08A3,0x08A3,0x08A3,0x08A3,0x08A3,0x21A8,0x08A3,0x08A3,0x08A3,
  0x08A3,0x08A3,0x08A3,0x08A3,0x08A3,0x08A3,0x08A3,0x08A3,0x08A3,0x08A3,0x08A3,0x08A3,0x08A3,0x08A3,0x08A3,0x08A3,
  0x08A3,0x08A3,0x08A3,0x08A3,0x08A3,0x08A3,0x08A3,0x08A3,0x08A3,0x08A3,0x08A3,0x08A3,0x08A3,0x08A3,0x08A3,0x08A3,
  0x08A3,0x08A3,0x08A3,0x08A3,0x08A3,0x08A3,0x08A3,0x08A3,0x08A3,0x08A3,0x08A3,0x08A3,0x08A3,0x08A3,0x08A3,0x08A3,
  0x08A3,0x08A3,0x08A3,0x08A3,0x08A3,0x08A3,0x08A3,0x08A3,0x08A3,0x08A3,0x08A3,0x08A3,0x08A3,0x08A3,0x08A3,0x08A3,
  0x08A3,0x08A3,0x08A3,0x08A3,0x08A3,0x08A3,0x08A3,0x08A3,0x08A3,0x08A3,0x08A3,0x08A3,0x21A8,0x08A3,0x08A3,0x08A3,
  0x08A3,0x08A3,0x08A3,0x08A3,0x08A3,0x08A3,0x08A3,0x08A3,0x08A3,0x08A3,0x08A3,0x08A3,0x08A3,0x08A3,0x08A3,0x08A3,
  0x08A3,0x08A3,0x08A3,0x08A3,0x08A3,0x08A3,0x08A3,0x08A3,0x08A3,0x08A3,0x08A3,0x08A3,0x08A3,0x08A3,0x0883,0x0883,
  0x0883,0x0883,0x0883,0x0883,0x0883,0x0883,0x0883,0x0883,0x0883,0x0883,0x0883,0x0883,0x0883,0x0883,0x0883,0x0883,
  0x0883,0x0883,0x0883,0x0883,0x0883,0x0883,0x0883,0x0883,0x0883,0x0883,0x0883,0x0883,0x0883,0x0883,0x0883,0x0883,
  0x0883,0x0883,0x0883,0x0883,0x0883,0x0883,0x0883,0x0883,0x0883,0x0883,0x0883,0x0883,0x21A8,0x0883,0x0883,0x0883,
  0x0883,0x0883,0x0883,0x0883,0x0883,0x0883,0x0883,0x0883,0x0883,0x0883,0x0883,0x0883,0x0883,0x0883,0x0883,0x0883,
  0x0883,0x0883,0x0883,0x0883,0x0883,0x0883,0x0882,0x0882,0x0882,0x0882,0x0882,0x0882,0x0882,0x0882,0x0882,0x0882,
  0x0882,0x0882,0x0882,0x0882,0x0882,0x0882,0x0882,0x0882,0x0882,0x0882,0x0882,0x0882,0x0882,0x0882,0x0882,0x0882,
  0x0882,0x0882,0x0882,0x0882,0x0882,0x0882,0x0882,0x0882,0x0882,0x0882,0x0882,0x0882,0x0882,0x0882,0x0882,0x0882,
  0x0882,0x0882,0x0882,0x0882,0x0882,0x0882,0x19A7,0x08C3,0x0041,0x0041,0x0041,0x0041,0x0041,0x0041,0x0041,0x0041,
  0x0041,0x0041,0x0041,0x0041,0x0041,0x0041,0x0041,0x0041,0x0041,0x2209,0x08A3,0x08A3,0x08A3,0x08A3,0x08A3,0x08A3,
  0x08A3,0x08A3,0x08A3,0x08A3,0x08A3,0x08A3,0x08A3,0x08A3,0x08A3,0x08A3,0x08A3,0x08A3,0x08A3,0x08A3,0x0882,0x0882,
  0x0882,0x0882,0x0882,0x0882,0x0882,0x0882,0x0882,0x0882,0x0882,0x0882,0x0882,0x0882,0x0882,0x0882,0x0882,0x0882,
  0x0882,0x0882,0x0882,0x0882,0x0882,0x0882,0x0882,0x0882,0x08A3,0x08A3,0x08A3,0x08A3,0x08A3,0x08A3,0x08A3,0x08A3,
  0x08A3,0x08A3,0x08A3,0x08A3,0x08A3,0x08A3,0x08A3,0x08A3,0x08A3,0x08A3,0x08A3,0x08A3,0x21A8,0x08A3,0x08A3,0x08A3,
  0x08A3,0x08A3,0x08A3,0x08A3,0x08A3,0x08A3,0x08A3,0x08A3,0x08A3,0x08A3,0x08A3,0x08A3,0x08A3,0x08A3,0x08A3,0x08A3,
  0x08A3,0x08A3,0x08A3,0x08A3,0x08A3,0x08A3,0x08A3,0x08A3,0x08A3,0x08A3,0x08A3,0x08A3,0x08A3,0x08A3,0x08A3,0x08A3,
  0x08A3,0x08A3,0x08A3,0x08A3,0x08A3,0x08A3,0x08A3,0x08A3,0x08A3,0x08A3,0x08A3,0x08A3,0x08A3,0x08A3,0x08A3,0x08A3,
  0x08A3,0x08A3,0x08A3,0x08A3,0x08A3,0x08A3,0x08A3,0x08A3,0x08A3,0x08A3,0x08A3,0x08A3,0x08A3,0x08A3,0x08A3,0x08A3,
  0x08A3,0x08A3,0x08A3,0x08A3,0x08A3,0x08A3,0x08A3,0x08A3,0x08A3,0x08A3,0x08A3,0x08A3,0x21A8,0x08A3,0x08A3,0x08A3,
  0x08A3,0x08A3,0x08A3,0x08A3,0x08A3,0x08A3,0x08A3,0x08A3,0x08A3,0x08A3,0x08A3,0x08A3,0x08A3,0x08A3,0x08A3,0x08A3,
  0x08A3,0x08A3,0x08A3,0x08A3,0x08A3,0x08A3,0x08A3,0x08A3,0x08A3,0x08A3,0x08A3,0x0883,0x0883,0x0883,0x0883,0x0883,
  0x0883,0x0883,0x0883,0x0883,0x0883,0x0883,0x0883,0x0883,0x0883,0x0883,0x0883,0x0883,0x0883,0x0883,0x0883,0x0883,
  0x0883,0x0883,0x0883,0x0883,0x0883,0x0883,0x0883,0x0883,0x0883,0x0883,0x0883,0x0883,0x0883,0x0883,0x0883,0x0883,
  0x0883,0x0883,0x0883,0x0883,0x0883,0x0883,0x0883,0x0883,0x0883,0x0883,0x0883,0x0883,0x21A8,0x0883,0x0883,0x0883,
  0x0883,0x0883,0x0883,0x0883,0x0883,0x0883,0x0883,0x0883,0x0883,0x0883,0x0883,0x0883,0x0883,0x0883,0x0883,0x0883,
  0x0883,0x0883,0x0883,0x0882,0x0882,0x0882,0x0882,0x0882,0x0882,0x0882,0x0882,0x0882,0x0882,0x0882,0x0882,0x0882,
  0x0882,0x0882,0x0882,0x0882,0x0882,0x0882,0x0882,0x0882,0x0882,0x0882,0x0882,0x0882,0x0882,0x0882,0x0882,0x0882,
  0x0882,0x0882,0x0882,0x0882,0x0882,0x0882,0x0882,0x0882,0x0882,0x0882,0x0882,0x0882,0x0882,0x0882,0x0882,0x0882,
  0x0882,0x0882,0x0882,0x0882,0x0882,0x0882,0x19A7,0x08C3,0x0041,0x0041,0x0041,0x0041,0x0041,0x0041,0x0041,0x0041,
  0x0041,0x0041,0x0041,0x0041,0x0041,0x0041,0x0041,0x0041,0x0041,0x2209,0x08A3,0x08A3,0x08A3,0x08A3,0x08A3,0x08A3,
  0x08A3,0x08A3,0x08A3,0x08A3,0x08A3,0x08A3,0x08A3,0x08A3,0x08A3,0x08A3,0x08A3,0x08A3,0x08A3,0x08A3,0x0883,0x0882,
  0x0882,0x0882,0x0882,0x0882,0x0882,0x0882,0x0882,0x0882,0x0882,0x0882,0x0882,0x0882,0x0882,0x0882,0x0882,0x0882,
  0x0882,0x0882,0x0882,0x0882,0x0882,0x0882,0x0882,0x0882,0x08A3,0x08A3,0x08A3,0x08A3,0x08A3,0x08A3,0x08A3,0x08A3,
  0x08A3,0x08A3,0x08A3,0x08A3,0x08A3,0x08A3,0x08A3,0x08A3,0x08A3,0x08A3,0x08A3,0x08A3,0x21A8,0x08A3,0x08A3,0x08A3,
  0x08A3,0x08A3,0x08A3,0x08A3,0x08A3,0x08A3,0x08A3,0x08A3,0x08A3,0x08A3,0x08A3,0x08A3,0x08A3,0x08A3,0x08A3,0x08A3,
  0x08A3,0x08A3,0x08A3,0x08A3,0x08A3,0x08A3,0x08A3,0x08A3,0x08A3,0x08A3,0x08A3,0x08A3,0x08A3,0x08A3,0x08A3,0x08A3,
  0x08A3,0x08A3,0x08A3,0x08A3,0x08A3,0x08A3,0x08A3,0x08A3,0x08A3,0x08A3,0x08A3,0x08A3,0x08A3,0x08A3,0x08A3,0x08A3,
  0x08A3,0x08A3,0x08A3,0x08A3,0x08A3,0x08A3,0x08A3,0x08A3,0x08A3,0x08A3,0x08A3,0x08A3,0x08A3,0x08A3,0x08A3,0x08A3,
  0x08A3,0x08A3,0x08A3,0x08A3,0x08A3,0x08A3,0x08A3,0x08A3,0x08A3,0x08A3,0x08A3,0x08A3,0x21A8,0x08A3,0x08A3,0x08A3,
  0x08A3,0x08A3,0x08A3,0x08A3,0x08A3,0x08A3,0x08A3,0x08A3,0x08A3,0x08A3,0x08A3,0x08A3,0x08A3,0x08A3,0x08A3,0x08A3,
  0x08A3,0x08A3,0x08A3,0x08A3,0x08A3,0x08A3,0x08A3,0x08A3,0x0883,0x0883,0x0883,0x0883,0x0883,0x0883,0x0883,0x0883,
  0x0883,0x0883,0x0883,0x0883,0x0883,0x0883,0x0883,0x0883,0x0883,0x0883,0x0883,0x0883,0x0883,0x0883,0x0883,0x0883,
  0x0883,0x0883,0x0883,0x0883,0x0883,0x0883,0x0883,0x0883,0x0883,0x0883,0x0883,0x0883,0x0883,0x0883,0x0883,0x0883,
  0x0883,0x0883,0x0883,0x0883,0x0883,0x0883,0x0883,0x0883,0x0883,0x0883,0x0883,0x0883,0x21A8,0x0883,0x0883,0x0883,
  0x0883,0x0883,0x0883,0x0883,0x0883,0x0883,0x0883,0x0883,0x0883,0x0883,0x0883,0x0883,0x0883,0x0883,0x0883,0x0883,
  0x0882,0x0882,0x0882,0x0882,0x0882,0x0882,0x0882,0x0882,0x0882,0x0882,0x0882,0x0882,0x0882,0x0882,0x0882,0x0882,
  0x0882,0x0882,0x0882,0x0882,0x0882,0x0882,0x0882,0x0882,0x0882,0x0882,0x0882,0x0882,0x0882,0x0882,0x0882,0x0882,
  0x0882,0x0882,0x0882,0x0882,0x0882,0x0882,0x0882,0x0882,0x0882,0x0882,0x0882,0x0882,0x0882,0x0882,0x0882,0x0882,
  0x0882,0x0882,0x0882,0x0882,0x0882,0x0882,0x19A7,0x08C3,0x0041,0x0041,0x0041,0x0041,0x0041,0x0041,0x0041,0x0041,
  0x0041,0x0041,0x0041,0x0041,0x0041,0x0041,0x0041,0x0041,0x0041,0x2209,0x08A3,0x08A3,0x08A3,0x08A3,0x08A3,0x08A3,
  0x08A3,0x08A3,0x08A3,0x08A3,0x08A3,0x08A3,0x08A3,0x08A3,0x08A3,0x08A3,0x08A3,0x08A3,0x08A3,0x08A3,0x08A3,0x0882,
  0x0882,0x0882,0x0882,0x0882,0x0882,0x0882,0x0882,0x0882,0x0882,0x0882,0x0882,0x0882,0x0882,0x0882,0x0882,0x0882,
  0x0882,0x0882,0x0882,0x0882,0x0882,0x0882,0x0882,0x08A3,0x08A3,0x08A3,0x08A3,0x08A3,0x08A3,0x08A3,0x08A3,0x08A3,
  0x08A3,0x08A3,0x08A3,0x08A3,0x08A3,0x08A3,0x08A3,0x08A3,0x08A3,0x08A3,0x08A3,0x08A3,0x21A8,0x08A3,0x08A3,0x08A3,
  0x08A3,0x08A3,0x08A3,0x08A3,0x08A3,0x08A3,0x08A3,0x08A3,0x08A3,0x08A3,0x08A3,0x08A3,0x08A3,0x08A3,0x08A3,0x08A3,
  0x08A3,0x08A3,0x08A3,0x08A3,0x08A3,0x08A3,0x08A3,0x08A3,0x08A3,0x08A3,0x08A3,0x08A3,0x08A3,0x08A3,0x08A3,0x08A3,
  0x08A3,0x08A3,0x08A3,0x08A3,0x08A3,0x08A3,0x08A3,0x08A3,0x08A3,0x08A3,0x08A3,0x08A3,0x08A3,0x08A3,0x08A3,0x08A3,
  0x08A3,0x08A3,0x08A3,0x08A3,0x08A3,0x08A3,0x08A3,0x08A3,0x08A3,0x08A3,0x08A3,0x08A3,0x08A3,0x08A3,0x08A3,0x08A3,
  0x08A3,0x08A3,0x08A3,0x08A3,0x08A3,0x08A3,0x08A3,0x08A3,0x08A3,0x08A3,0x08A3,0x08A3,0x21A8,0x08A3,0x08A3,0x08A3,
  0x08A3,0x08A3,0x08A3,0x08A3,0x08A3,0x08A3,0x08A3,0x08A3,0x08A3,0x08A3,0x08A3,0x08A3,0x08A3,0x08A3,0x08A3,0x08A3,
  0x08A3,0x08A3,0x08A3,0x08A3,0x08A3,0x0883,0x0883,0x0883,0x0883,0x0883,0x0883,0x0883,0x0883,0x0883,0x0883,0x0883,
  0x0883,0x0883,0x0883,0x0883,0x0883,0x0883,0x0883,0x0883,0x0883,0x0883,0x0883,0x0883,0x0883,0x0883,0x0883,0x0883,
  0x0883,0x0883,0x0883,0x0883,0x0883,0x0883,0x0883,0x0883,0x0883,0x0883,0x0883,0x0883,0x0883,0x0883,0x0883,0x0883,
  0x0883,0x0883,0x0883,0x0883,0x0883,0x0883,0x0883,0x0883,0x0883,0x0883,0x0883,0x0883,0x21A8,0x0883,0x0883,0x0883,
  0x0883,0x0883,0x0883,0x0883,0x0883,0x0883,0x0883,0x0883,0x0883,0x0883,0x0883,0x0883,0x0882,0x0882,0x0882,0x0882,
  0x0882,0x0882,0x0882,0x0882,0x0882,0x0882,0x0882,0x0882,0x0882,0x0882,0x0882,0x0882,0x0882,0x0882,0x0882,0x0882,
  0x0882,0x0882,0x0882,0x0882,0x0882,0x0882,0x0882,0x0882,0x0882,0x0882,0x0882,0x0882,0x0882,0x0882,0x0882,0x0882,
  0x0882,0x0882,0x0882,0x0882,0x0882,0x0882,0x0882,0x0882,0x0882,0x0882,0x0882,0x0882,0x0882,0x0882,0x0882,0x0882,
  0x0882,0x0882,0x0882,0x0882,0x0882,0x0882,0x19A7,0x08C3,0x0041,0x0041,0x0041,0x0041,0x0041,0x0041,0x0041,0x0041,
  0x0041,0x0041,0x0041,0x0041,0x0041,0x0041,0x0041,0x0041,0x0041,0x2209,0x08A3,0x08A3,0x08A3,0x08A3,0x08A3,0x08A3,
  0x08A3,0x08A3,0x08A3,0x08A3,0x08A3,0x08A3,0x08A3,0x08A3,0x08A3,0x08A3,0x08A3,0x08A3,0x08A3,0x08A3,0x08A3,0x08A3,
  0x0882,0x0882,0x0882,0x0882,0x0882,0x0882,0x0882,0x0882,0x0882,0x0882,0x0882,0x0882,0x0882,0x0882,0x0882,0x0882,
  0x0882,0x0882,0x0882,0x0882,0x0882,0x0882,0x08A3,0x08A3,0x08A3,0x08A3,0x08A3,0x08A3,0x08A3,0x08A3,0x08A3,0x08A3,
  0x08A3,0x08A3,0x08A3,0x08A3,0x08A3,0x08A3,0x08A3,0x08A3,0x08A3,0x08A3,0x08A3,0x08A3,0x21A8,0x08A3,0x08A3,0x08A3,
  0x08A3,0x08A3,0x08A3,0x08A3,0x08A3,0x08A3,0x08A3,0x08A3,0x08A3,0x08A3,0x08A3,0x08A3,0x08A3,0x08A3,0x08A3,0x08A3,
  0x08A3,0x08A3,0x08A3,0x08A3,0x08A3,0x08A3,0x08A3,0x08A3,0x08A3,0x08A3,0x08A3,0x08A3,0x08A3,0x08A3,0x08A3,0x08A3,
  0x08A3,0x08A3,0x08A3,0x08A3,0x08A3,0x08A3,0x08A3,0x08A3,0x08A3,0x08A3,0x08A3,0x08A3,0x08A3,0x08A3,0x08A3,0x08A3,
  0x08A3,0x08A3,0x08A3,0x08A3,0x08A3,0x08A3,0x08A3,0x08A3,0x08A3,0x08A3,0x08A3,0x08A3,0x08A3,0x08A3,0x08A3,0x08A3,
  0x08A3,0x08A3,0x08A3,0x08A3,0x08A3,0x08A3,0x08A3,0x08A3,0x08A3,0x08A3,0x08A3,0x08A3,0x21A8,0x08A3,0x08A3,0x08A3,
  0x08A3,0x08A3,0x08A3,0x08A3,0x08A3,0x08A3,0x08A3,0x08A3,0x08A3,0x08A3,0x08A3,0x08A3,0x08A3,0x08A3,0x08A3,0x08A3,
  0x08A3,0x0883,0x0883,0x0883,0x0883,0x0883,0x0883,0x0883,0x0883,0x0883,0x0883,0x0883,0x0883,0x0883,0x0883,0x0883,
  0x0883,0x0883,0x0883,0x0883,0x0883,0x0883,0x0883,0x0883,0x0883,0x0883,0x0883,0x0883,0x0883,0x0883,0x0883,0x0883,
  0x0883,0x0883,0x0883,0x0883,0x0883,0x0883,0x0883,0x0883,0x0883,0x0883,0x0883,0x0883,0x0883,0x0883,0x0883,0x0883,
  0x0883,0x0883,0x0883,0x0883,0x0883,0x0883,0x0883,0x0883,0x0883,0x0883,0x0883,0x0883,0x21A8,0x0883,0x0883,0x0883,
  0x0883,0x0883,0x0883,0x0883,0x0883,0x0883,0x0883,0x0883,0x0883,0x0882,0x0882,0x0882,0x0882,0x0882,0x0882,0x0882,
  0x0882,0x0882,0x0882,0x0882,0x0882,0x0882,0x0882,0x0882,0x0882,0x0882,0x0882,0x0882,0x0882,0x0882,0x0882,0x0882,
  0x0882,0x0882,0x0882,0x0882,0x0882,0x0882,0x0882,0x0882,0x0882,0x0882,0x0882,0x0882,0x0882,0x0882,0x0882,0x0882,
  0x0882,0x0882,0x0882,0x0882,0x0882,0x0882,0x0882,0x0882,0x0882,0x0882,0x0882,0x0882,0x0882,0x0882,0x0882,0x0882,
  0x0882,0x0882,0x0882,0x0882,0x0882,0x0882,0x19A7,0x08C3,0x0041,0x0041,0x0041,0x0041,0x0041,0x0041,0x0041,0x0041,
  0x0041,0x0041,0x0041,0x0041,0x0041,0x0041,0x0041,0x0041,0x0041,0x2209,0x08A3,0x08A3,0x08A3,0x08A3,0x08A3,0x08A3,
  0x08A3,0x08A3,0x08A3,0x08A3,0x08A3,0x08A3,0x08A3,0x08A3,0x08A3,0x08A3,0x08A3,0x08A3,0x08A3,0x08A3,0x08A3,0x08A3,
  0x08A3,0x0882,0x0882,0x0882,0x0882,0x0882,0x0882,0x0882,0x0882,0x0882,0x0882,0x0882,0x0882,0x0882,0x0882,0x0882,
  0x0882,0x0882,0x0882,0x0882,0x0882,0x0883,0x08A3,0x08A3,0x08A3,0x08A3,0x08A3,0x08A3,0x08A3,0x08A3,0x08A3,0x08A3,
  0x08A3,0x08A3,0x08A3,0x08A3,0x08A3,0x08A3,0x08A3,0x08A3,0x08A3,0x08A3,0x08A3,0x08A3,0x21A8,0x08A3,0x08A3,0x08A3,
  0x08A3,0x08A3,0x08A3,0x08A3,0x08A3,0x08A3,0x08A3,0x08A3,0x08A3,0x08A3,0x08A3,0x08A3,0x08A3,0x08A3,0x08A3,0x08A3,
  0x08A3,0x08A3,0x08A3,0x08A3,0x08A3,0x08A3,0x08A3,0x08A3,0x08A3,0x08A3,0x08A3,0x08A3,0x08A3,0x08A3,0x08A3,0x08A3,
  0x08A3,0x08A3,0x08A3,0x08A3,0x08A3,0x08A3,0x08A3,0x08A3,0x08A3,0x08A3,0x08A3,0x08A3,0x08A3,0x08A3,0x08A3,0x08A3,
  0x08A3,0x08A3,0x08A3,0x08A3,0x08A3,0x08A3,0x08A3,0x08A3,0x08A3,0x08A3,0x08A3,0x08A3,0x08A3,0x08A3,0x08A3,0x08A3,
  0x08A3,0x08A3,0x08A3,0x08A3,0x08A3,0x08A3,0x08A3,0x08A3,0x08A3,0x08A3,0x08A3,0x08A3,0x21A8,0x08A3,0x08A3,0x08A3,
  0x08A3,0x08A3,0x08A3,0x08A3,0x08A3,0x08A3,0x08A3,0x08A3,0x08A3,0x08A3,0x08A3,0x08A3,0x08A3,0x08A3,0x0883,0x0883,
  0x0883,0x0883,0x0883,0x0883,0x0883,0x0883,0x0883,0x0883,0x0883,0x0883,0x0883,0x0883,0x0883,0x0883,0x0883,0x0883,
  0x0883,0x0883,0x0883,0x0883,0x0883,0x0883,0x0883,0x0883,0x0883,0x0883,0x0883,0x0883,0x0883,0x0883,0x0883,0x0883,
  0x0883,0x0883,0x0883,0x0883,0x0883,0x0883,0x0883,0x0883,0x0883,0x0883,0x0883,0x0883,0x0883,0x0883,0x0883,0x0883,
  0x0883,0x0883,0x0883,0x0883,0x0883,0x0883,0x0883,0x0883,0x0883,0x0883,0x0883,0x0883,0x21A8,0x0883,0x0883,0x0883,
  0x0883,0x0883,0x0883,0x0883,0x0883,0x0883,0x0882,0x0882,0x0882,0x0882,0x0882,0x0882,0x0882,0x0882,0x0882,0x0882,
  0x0882,0x0882,0x0882,0x0882,0x0882,0x0882,0x0882,0x0882,0x0882,0x0882,0x0882,0x0882,0x0882,0x0882,0x0882,0x0882,
  0x0882,0x0882,0x0882,0x0882,0x0882,0x0882,0x0882,0x0882,0x0882,0x0882,0x0882,0x0882,0x0882,0x0882,0x0882,0x0882,
  0x0882,0x0882,0x0882,0x0882,0x0882,0x0882,0x0882,0x0882,0x0882,0x0882,0x0882,0x0882,0x0882,0x0882,0x0882,0x0882,
  0x0882,0x0882,0x0882,0x0882,0x0882,0x0882,0x19A7,0x08C3,0x0041,0x0041,0x0041,0x0041,0x0041,0x0041,0x0041,0x0041,
  0x0041,0x0041,0x0041,0x0041,0x0041,0x0041,0x0041,0x0041,0x0041,0x2209,0x08A3,0x08A3,0x08A3,0x08A3,0x08A3,0x08A3,
  0x08A3,0x08A3,0x08A3,0x08A3,0x08A3,0x08A3,0x08A3,0x08A3,0x08A3,0x08A3,0x08A3,0x08A3,0x08A3,0x08A3,0x08A3,0x08A3,
  0x08A3,0x08A3,0x0882,0x0882,0x0882,0x0882,0x0882,0x0882,0x0882,0x0882,0x0882,0x0882,0x0882,0x0882,0x0882,0x0882,
  0x0882,0x0882,0x0882,0x0882,0x08A3,0x08A3,0x08A3,0x08A3,0x08A3,0x08A3,0x08A3,0x08A3,0x08A3,0x08A3,0x08A3,0x08A3,
  0x08A3,0x08A3,0x08A3,0x08A3,0x08A3,0x08A3,0x08A3,0x08A3,0x08A3,0x08A3,0x08A3,0x08A3,0x21A8,0x08A3,0x08A3,0x08A3,
  0x08A3,0x08A3,0x08A3,0x08A3,0x08A3,0x08A3,0x08A3,0x08A3,0x08A3,0x08A3,0x08A3,0x08A3,0x08A3,0x08A3,0x08A3,0x08A3,
  0x08A3,0x08A3,0x08A3,0x08A3,0x08A3,0x08A3,0x08A3,0x08A3,0x08A3,0x08A3,0x08A3,0x08A3,0x08A3,0x08A3,0x08A3,0x08A3,
  0x08A3,0x08A3,0x08A3,0x08A3,0x08A3,0x08A3,0x08A3,0x08A3,0x08A3,0x08A3,0x08A3,0x08A3,0x08A3,0x08A3,0x08A3,0x08A3,
  0x08A3,0x08A3,0x08A3,0x08A3,0x08A3,0x08A3,0x08A3,0x08A3,0x08A3,0x08A3,0x08A3,0x08A3,0x08A3,0x08A3,0x08A3,0x08A3,
  0x08A3,0x08A3,0x08A3,0x08A3,0x08A3,0x08A3,0x08A3,0x08A3,0x08A3,0x08A3,0x08A3,0x08A3,0x21A8,0x08A3,0x08A3,0x08A3,
  0x08A3,0x08A3,0x08A3,0x08A3,0x08A3,0x08A3,0x08A3,0x08A3,0x08A3,0x08A3,0x08A3,0x0883,0x0883,0x0883,0x0883,0x0883,
  0x0883,0x0883,0x0883,0x0883,0x0883,0x0883,0x0883,0x0883,0x0883,0x0883,0x0883,0x0883,0x0883,0x0883,0x0883,0x0883,
  0x0883,0x0883,0x0883,0x0883,0x0883,0x0883,0x0883,0x0883,0x0883,0x0883,0x0883,0x0883,0x0883,0x0883,0x0883,0x0883,
  0x0883,0x0883,0x0883,0x0883,0x0883,0x0883,0x0883,0x0883,0x0883,0x0883,0x0883,0x0883,0x0883,0x0883,0x0883,0x0883,
  0x0883,0x0883,0x0883,0x0883,0x0883,0x0883,0x0883,0x0883,0x0883,0x0883,0x0883,0x0883,0x21A8,0x0883,0x0883,0x0883,
  0x0883,0x0883,0x0883,0x0882,0x0882,0x0882,0x0882,0x0882,0x0882,0x0882,0x0882,0x0882,0x0882,0x0882,0x0882,0x0882,
  0x0882,0x0882,0x0882,0x0882,0x0882,0x0882,0x0882,0x0882,0x0882,0x0882,0x0882,0x0882,0x0882,0x0882,0x0882,0x0882,
  0x0882,0x0882,0x0882,0x0882,0x0882,0x0882,0x0882,0x0882,0x0882,0x0882,0x0882,0x0882,0x0882,0x0882,0x0882,0x0882,
  0x0882,0x0882,0x0882,0x0882,0x0882,0x0882,0x0882,0x0882,0x0882,0x0882,0x0882,0x0882,0x0882,0x0882,0x0882,0x0882,
  0x0882,0x0882,0x0882,0x0882,0x0882,0x0882,0x19A7,0x08C3,0x0041,0x0041,0x0041,0x0041,0x0041,0x0041,0x0041,0x0041,
  0x0041,0x0041,0x0041,0x0041,0x0041,0x0041,0x0041,0x0041,0x0041,0x2209,0x08A3,0x08A3,0x08A3,0x08A3,0x08A3,0x08A3,
  0x08A3,0x08A3,0x08A3,0x08A3,0x08A3,0x08A3,0x08A3,0x08A3,0x08A3,0x08A3,0x08A3,0x08A3,0x08A3,0x08A3,0x08A3,0x08A3,
  0x08A3,0x08A3,0x08A3,0x0882,0x0882,0x0882,0x0882,0x0882,0x0882,0x0882,0x0882,0x0882,0x0882,0x0882,0x0882,0x0882,
  0x0882,0x0882,0x0882,0x08A3,0x08A3,0x08A3,0x08A3,0x08A3,0x08A3,0x08A3,0x08A3,0x08A3,0x08A3,0x08A3,0x08A3,0x08A3,
  0x08A3,0x08A3,0x08A3,0x08A3,0x08A3,0x08A3,0x08A3,0x08A3,0x08A3,0x08A3,0x08A3,0x08A3,0x21A8,0x08A3,0x08A3,0x08A3,
  0x08A3,0x08A3,0x08A3,0x08A3,0x08A3,0x08A3,0x08A3,0x08A3,0x08A3,0x08A3,0x08A3,0x08A3,0x08A3,0x08A3,0x08A3,0x08A3,
  0x08A3,0x08A3,0x08A3,0x08A3,0x08A3,0x08A3,0x08A3,0x08A3,0x08A3,0x08A3,0x08A3,0x08A3,0x08A3,0x08A3,0x08A3,0x08A3,
  0x08A3,0x08A3,0x08A3,0x08A3,0x08A3,0x08A3,0x08A3,0x08A3,0x08A3,0x08A3,0x08A3,0x08A3,0x08A3,0x08A3,0x08A3,0x08A3,
  0x08A3,0x08A3,0x08A3,0x08A3,0x08A3,0x08A3,0x08A3,0x08A3,0x08A3,0x08A3,0x08A3,0x08A3,0x08A3,0x08A3,0x08A3,0x08A3,
  0x08A3,0x08A3,0x08A3,0x08A3,0x08A3,0x08A3,0x08A3,0x08A3,0x08A3,0x08A3,0x08A3,0x08A3,0x21A8,0x08A3,0x08A3,0x08A3,
  0x08A3,0x08A3,0x08A3,0x08A3,0x08A3,0x08A3,0x08A3,0x08A3,0x0883,0x0883,0x0883,0x0883,0x0883,0x0883,0x0883,0x0883,
  0x0883,0x0883,0x0883,0x0883,0x0883,0x0883,0x0883,0x0883,0x0883,0x0883,0x0883,0x0883,0x0883,0x0883,0x0883,0x0883,
  0x0883,0x0883,0x0883,0x0883,0x0883,0x0883,0x0883,0x0883,0x0883,0x0883,0x0883,0x0883,0x0883,0x0883,0x0883,0x0883,
  0x0883,0x0883,0x0883,0x0883,0x0883,0x0883,0x0883,0x0883,0x0883,0x0883,0x0883,0x0883,0x0883,0x0883,0x0883,0x0883,
  0x0883,0x0883,0x0883,0x0883,0x0883,0x0883,0x0883,0x0883,0x0883,0x0883,0x0883,0x0883,0x21A8,0x0883,0x0883,0x0883,
  0x0882,0x0882,0x0882,0x0882,0x0882,0x0882,0x0882,0x0882,0x0882,0x0882,0x0882,0x0882,0x0882,0x0882,0x0882,0x0882,
  0x0882,0x0882,0x0882,0x0882,0x0882,0x0882,0x0882,0x0882,0x0882,0x0882,0x0882,0x0882,0x0882,0x0882,0x0882,0x0882,
  0x0882,0x0882,0x0882,0x0882,0x0882,0x0882,0x0882,0x0882,0x0882,0x0882,0x0882,0x0882,0x0882,0x0882,0x0882,0x0882,
  0x0882,0x0882,0x0882,0x0882,0x0882,0x0882,0x0882,0x0882,0x0882,0x0882,0x0882,0x0882,0x0882,0x0882,0x0882,0x0882,
  0x0882,0x0882,0x0882,0x0882,0x0882,0x0882,0x19A7,0x08C3,0x0041,0x0041,0x0041,0x0041,0x0041,0x0041,0x0041,0x0041,
  0x0041,0x0041,0x0041,0x0041,0x0041,0x0041,0x0041,0x0041,0x0041,0x2209,0x08A3,0x08A3,0x08A3,0x08A3,0x08A3,0x08A3,
  0x08A3,0x08A3,0x08A3,0x08A3,0x08A3,0x08A3,0x08A3,0x08A3,0x08A3,0x08A3,0x08A3,0x08A3,0x08A3,0x08A3,0x08A3,0x08A3,
  0x08A3,0x08A3,0x08A3,0x08A3,0x08A3,0x0882,0x0882,0x0882,0x0882,0x0882,0x0882,0x0882,0x0882,0x0882,0x0882,0x0882,
  0x0882,0x08A3,0x08A3,0x08A3,0x08A3,0x08A3,0x08A3,0x08A3,0x08A3,0x08A3,0x08A3,0x08A3,0x08A3,0x08A3,0x08A3,0x08A3,
  0x08A3,0x08A3,0x08A3,0x08A3,0x08A3,0x08A3,0x08A3,0x08A3,0x08A3,0x08A3,0x08A3,0x08A3,0x21A8,0x08A3,0x08A3,0x08A3,
  0x08A3,0x08A3,0x08A3,0x08A3,0x08A3,0x08A3,0x08A3,0x08A3,0x08A3,0x08A3,0x08A3,0x08A3,0x08A3,0x08A3,0x08A3,0x08A3,
  0x08A3,0x08A3,0x08A3,0x08A3,0x08A3,0x08A3,0x08A3,0x08A3,0x08A3,0x08A3,0x08A3,0x08A3,0x08A3,0x08A3,0x08A3,0x08A3,
  0x08A3,0x08A3,0x08A3,0x08A3,0x08A3,0x08A3,0x08A3,0x08A3,0x08A3,0x08A3,0x08A3,0x08A3,0x08A3,0x08A3,0x08A3,0x08A3,
  0x08A3,0x08A3,0x08A3,0x08A3,0x08A3,0x08A3,0x08A3,0x08A3,0x08A3,0x08A3,0x08A3,0x08A3,0x08A3,0x08A3,0x08A3,0x08A3,
  0x08A3,0x08A3,0x08A3,0x08A3,0x08A3,0x08A3,0x08A3,0x08A3,0x08A3,0x08A3,0x08A3,0x08A3,0x21A8,0x08A3,0x08A3,0x08A3,
  0x08A3,0x08A3,0x08A3,0x08A3,0x08A3,0x0883,0x0883,0x0883,0x0883,0x0883,0x0883,0x0883,0x0883,0x0883,0x0883,0x0883,
  0x0883,0x0883,0x0883,0x0883,0x0883,0x0883,0x0883,0x0883,0x0883,0x0883,0x0883,0x0883,0x0883,0x0883,0x0883,0x0883,
  0x0883,0x0883,0x0883,0x0883,0x0883,0x0883,0x0883,0x0883,0x0883,0x0883,0x0883,0x0883,0x0883,0x0883,0x0883,0x0883,
  0x0883,0x0883,0x0883,0x0883,0x0883,0x0883,0x0883,0x0883,0x0883,0x0883,0x0883,0x0883,0x0883,0x0883,0x0883,0x0883,
  0x0883,0x0883,0x0883,0x0883,0x0883,0x0883,0x0883,0x0883,0x0883,0x0883,0x0883,0x0883,0x21A8,0x0882,0x0882,0x0882,
  0x0882,0x0882,0x0882,0x0882,0x0882,0x0882,0x0882,0x0882,0x0882,0x0882,0x0882,0x0882,0x0882,0x0882,0x0882,0x0882,
  0x0882,0x0882,0x0882,0x0882,0x0882,0x0882,0x0882,0x0882,0x0882,0x0882,0x0882,0x0882,0x0882,0x0882,0x0882,0x0882,
  0x0882,0x0882,0x0882,0x0882,0x0882,0x0882,0x0882,0x0882,0x0882,0x0882,0x0882,0x0882,0x0882,0x0882,0x0882,0x0882,
  0x0882,0x0882,0x0882,0x0882,0x0882,0x0882,0x0882,0x0882,0x0882,0x0882,0x0882,0x0882,0x0882,0x0882,0x0882,0x0882,
  0x0882,0x0882,0x0882,0x0882,0x0882,0x0882,0x19A7,0x08C3,0x0041,0x0041,0x0041,0x0041,0x0041,0x0041,0x0041,0x0041,
  0x0041,0x0041,0x0041,0x0041,0x0041,0x0041,0x0041,0x0041,0x0041,0x2209,0x08A3,0x08A3,0x08A3,0x08A3,0x08A3,0x08A3,
  0x08A3,0x08A3,0x08A3,0x08A3,0x08A3,0x08A3,0x08A3,0x08A3,0x08A3,0x08A3,0x08A3,0x08A3,0x08A3,0x08A3,0x08A3,0x08A3,
  0x08A3,0x08A3,0x08A3,0x08A3,0x08A3,0x08A3,0x08A3,0x08A3,0x0883,0x0882,0x0882,0x0882,0x0882,0x0883,0x0883,0x08A3,
  0x08A3,0x08A3,0x08A3,0x08A3,0x08A3,0x08A3,0x08A3,0x08A3,0x08A3,0x08A3,0x08A3,0x08A3,0x08A3,0x08A3,0x08A3,0x08A3,
  0x08A3,0x08A3,0x08A3,0x08A3,0x08A3,0x08A3,0x08A3,0x08A3,0x08A3,0x08A3,0x08A3,0x08A3,0x21A8,0x08A3,0x08A3,0x08A3,
  0x08A3,0x08A3,0x08A3,0x08A3,0x08A3,0x08A3,0x08A3,0x08A3,0x08A3,0x08A3,0x08A3,0x08A3,0x08A3,0x08A3,0x08A3,0x08A3,
  0x08A3,0x08A3,0x08A3,0x08A3,0x08A3,0x08A3,0x08A3,0x08A3,0x08A3,0x08A3,0x08A3,0x08A3,0x08A3,0x08A3,0x08A3,0x08A3,
  0x08A3,0x08A3,0x08A3,0x08A3,0x08A3,0x08A3,0x08A3,0x08A3,0x08A3,0x08A3,0x08A3,0x08A3,0x08A3,0x08A3,0x08A3,0x08A3,
  0x08A3,0x08A3,0x08A3,0x08A3,0x08A3,0x08A3,0x08A3,0x08A3,0x08A3,0x08A3,0x08A3,0x08A3,0x08A3,0x08A3,0x08A3,0x08A3,
  0x08A3,0x08A3,0x08A3,0x08A3,0x08A3,0x08A3,0x08A3,0x08A3,0x08A3,0x08A3,0x08A3,0x08A3,0x21A8,0x08A3,0x08A3,0x08A3,
  0x08A3,0x08A3,0x0883,0x0883,0x0883,0x0883,0x0883,0x0883,0x0883,0x0883,0x0883,0x0883,0x0883,0x0883,0x0883,0x0883,
  0x0883,0x0883,0x0883,0x0883,0x0883,0x0883,0x0883,0x0883,0x0883,0x0883,0x0883,0x0883,0x0883,0x0883,0x0883,0x0883,
  0x0883,0x0883,0x0883,0x0883,0x0883,0x0883,0x0883,0x0883,0x0883,0x0883,0x0883,0x0883,0x0883,0x0883,0x0883,0x0883,
  0x0883,0x0883,0x0883,0x0883,0x0883,0x0883,0x0883,0x0883,0x0883,0x0883,0x0883,0x0883,0x0883,0x0883,0x0883,0x0883,
  0x0883,0x0883,0x0883,0x0883,0x0883,0x0883,0x0883,0x0883,0x0883,0x0883,0x0882,0x0882,0x21A8,0x0882,0x0882,0x0882,
  0x0882,0x0882,0x0882,0x0882,0x0882,0x0882,0x0882,0x0882,0x0882,0x0882,0x0882,0x0882,0x0882,0x0882,0x0882,0x0882,
  0x0882,0x0882,0x0882,0x0882,0x0882,0x0882,0x0882,0x0882,0x0882,0x0882,0x0882,0x0882,0x0882,0x0882,0x0882,0x0882,
  0x0882,0x0882,0x0882,0x0882,0x0882,0x0882,0x0882,0x0882,0x0882,0x0882,0x0882,0x0882,0x0882,0x0882,0x0882,0x0882,
  0x0882,0x0882,0x0882,0x0882,0x0882,0x0882,0x0882,0x0882,0x0882,0x0882,0x0882,0x0882,0x0882,0x0882,0x0882,0x0882,
  0x0882,0x0882,0x0882,0x0882,0x0882,0x0882,0x19A7,0x08C3,0x0041,0x0041,0x0041,0x0041,0x0041,0x0041,0x0041,0x0041,
  0x0041,0x0041,0x0041,0x0041,0x0041,0x0041,0x0041,0x0041,0x0041,0x2209,0x08A3,0x08A3,0x08A3,0x08A3,0x08A3,0x08A3,
  0x08A3,0x08A3,0x08A3,0x08A3,0x08A3,0x08A3,0x08A3,0x08A3,0x08A3,0x08A3,0x08A3,0x08A3,0x08A3,0x08A3,0x08A3,0x08A3,
  0x08A3,0x08A3,0x08A3,0x08A3,0x08A3,0x08A3,0x08A3,0x08A3,0x08A3,0x08A3,0x08A3,0x08A3,0x08A3,0x08A3,0x08A3,0x08A3,
  0x08A3,0x08A3,0x08A3,0x08A3,0x08A3,0x08A3,0x08A3,0x08A3,0x08A3,0x08A3,0x08A3,0x08A3,0x08A3,0x08A3,0x08A3,0x08A3,
  0x08A3,0x08A3,0x08A3,0x08A3,0x08A3,0x08A3,0x08A3,0x08A3,0x08A3,0x08A3,0x08A3,0x08A3,0x21A8,0x08A3,0x08A3,0x08A3,
  0x08A3,0x08A3,0x08A3,0x08A3,0x08A3,0x08A3,0x08A3,0x08A3,0x08A3,0x08A3,0x08A3,0x08A3,0x08A3,0x08A3,0x08A3,0x08A3,
  0x08A3,0x08A3,0x08A3,0x08A3,0x08A3,0x08A3,0x08A3,0x08A3,0x08A3,0x08A3,0x08A3,0x08A3,0x08A3,0x08A3,0x08A3,0x08A3,
  0x08A3,0x08A3,0x08A3,0x08A3,0x08A3,0x08A3,0x08A3,0x08A3,0x08A3,0x08A3,0x08A3,0x08A3,0x08A3,0x08A3,0x08A3,0x08A3,
  0x08A3,0x08A3,0x08A3,0x08A3,0x08A3,0x08A3,0x08A3,0x08A3,0x08A3,0x08A3,0x08A3,0x08A3,0x08A3,0x08A3,0x08A3,0x08A3,
  0x08A3,0x08A3,0x08A3,0x08A3,0x08A3,0x08A3,0x08A3,0x08A3,0x08A3,0x08A3,0x08A3,0x08A3,0x21A8,0x08A3,0x08A3,0x0883,
  0x0883,0x0883,0x0883,0x0883,0x0883,0x0883,0x0883,0x0883,0x0883,0x0883,0x0883,0x0883,0x0883,0x0883,0x0883,0x0883,
  0x0883,0x0883,0x0883,0x0883,0x0883,0x0883,0x0883,0x0883,0x0883,0x0883,0x0883,0x0883,0x0883,0x0883,0x0883,0x0883,
  0x0883,0x0883,0x0883,0x0883,0x0883,0x0883,0x0883,0x0883,0x0883,0x0883,0x0883,0x0883,0x0883,0x0883,0x0883,0x0883,
  0x0883,0x0883,0x0883,0x0883,0x0883,0x0883,0x0883,0x0883,0x0883,0x0883,0x0883,0x0883,0x0883,0x0883,0x0883,0x0883,
  0x0883,0x0883,0x0883,0x0883,0x0883,0x0883,0x0883,0x0882,0x0882,0x0882,0x0882,0x0882,0x21A8,0x0882,0x0882,0x0882,
  0x0882,0x0882,0x0882,0x0882,0x0882,0x0882,0x0882,0x0882,0x0882,0x0882,0x0882,0x0882,0x0882,0x0882,0x0882,0x0882,
  0x0882,0x0882,0x0882,0x0882,0x0882,0x0882,0x0882,0x0882,0x0882,0x0882,0x0882,0x0882,0x0882,0x0882,0x0882,0x0882,
  0x0882,0x0882,0x0882,0x0882,0x0882,0x0882,0x0882,0x0882,0x0882,0x0882,0x0882,0x0882,0x0882,0x0882,0x0882,0x0882,
  0x0882,0x0882,0x0882,0x0882,0x0882,0x0882,0x0882,0x0882,0x0882,0x0882,0x0882,0x0882,0x0882,0x0882,0x0882,0x0882,
  0x0882,0x0882,0x0882,0x0882,0x0882,0xC425,0xC467,0x08C3,0x0041,0x0041,0x0041,0x0041,0x0041,0x0041,0x0041,0x0041,
  0x0041,0x0041,0x0041,0x0041,0x0041,0x0041,0x0041,0x0041,0x0041,0x2209,0x08A3,0x08A3,0x08A3,0x08A3,0x08A3,0x08A3,
  0x08A3,0x08A3,0x08A3,0x08A3,0x08A3,0x08A3,0x08A3,0x08A3,0x08A3,0x08A3,0x08A3,0x08A3,0x08A3,0x08A3,0x08A3,0x08A3,
  0x08A3,0x08A3,0x08A3,0x08A3,0x08A3,0x08A3,0x08A3,0x08A3,0x08A3,0x08A3,0x08A3,0x08A3,0x08A3,0x08A3,0x08A3,0x08A3,
  0x08A3,0x08A3,0x08A3,0x08A3,0x08A3,0x08A3,0x08A3,0x08A3,0x08A3,0x08A3,0x08A3,0x08A3,0x08A3,0x08A3,0x08A3,0x08A3,
  0x08A3,0x08A3,0x08A3,0x08A3,0x08A3,0x08A3,0x08A3,0x08A3,0x08A3,0x08A3,0x08A3,0x08A3,0x21A8,0x08A3,0x08A3,0x08A3,
  0x08A3,0x08A3,0x08A3,0x08A3,0x08A3,0x08A3,0x08A3,0x08A3,0x08A3,0x08A3,0x08A3,0x08A3,0x08A3,0x08A3,0x08A3,0x08A3,
  0x08A3,0x08A3,0x08A3,0x08A3,0x08A3,0x08A3,0x08A3,0x08A3,0x08A3,0x08A3,0x08A3,0x08A3,0x08A3,0x08A3,0x08A3,0x08A3,
  0x08A3,0x08A3,0x08A3,0x08A3,0x08A3,0x08A3,0x08A3,0x08A3,0x08A3,0x08A3,0x08A3,0x08A3,0x08A3,0x08A3,0x08A3,0x08A3,
  0x08A3,0x08A3,0x08A3,0x08A3,0x08A3,0x08A3,0x08A3,0x08A3,0x08A3,0x08A3,0x08A3,0x08A3,0x08A3,0x08A3,0x08A3,0x08A3,
  0x08A3,0x08A3,0x08A3,0x08A3,0x08A3,0x08A3,0x08A3,0x08A3,0x08A3,0x08A3,0x08A3,0x08A3,0x21A8,0x0883,0x0883,0x0883,
  0x0883,0x0883,0x0883,0x0883,0x0883,0x0883,0x0883,0x0883,0x0883,0x0883,0x0883,0x0883,0x0883,0x0883,0x0883,0x0883,
  0x0883,0x0883,0x0883,0x0883,0x0883,0x0883,0x0883,0x0883,0x0883,0x0883,0x0883,0x0883,0x0883,0x0883,0x0883,0x0883,
  0x0883,0x0883,0x0883,0x0883,0x0883,0x0883,0x0883,0x0883,0x0883,0x0883,0x0883,0x0883,0x0883,0x0883,0x0883,0x0883,
  0x0883,0x0883,0x0883,0x0883,0x0883,0x0883,0x0883,0x0883,0x0883,0x0883,0x0883,0x0883,0x0883,0x0883,0x0883,0x0883,
  0x0883,0x0883,0x0883,0x0883,0x0882,0x0882,0x0882,0x0882,0x0882,0x0882,0x0882,0x0882,0x21A8,0x0882,0x0882,0x0882,
  0x0882,0x0882,0x0882,0x0882,0x0882,0x0882,0x0882,0x0882,0x0882,0x0882,0x0882,0x0882,0x0882,0x0882,0x0882,0x0882,
  0x0882,0x0882,0x0882,0x0882,0x0882,0x0882,0x0882,0x0882,0x0882,0x0882,0x0882,0x0882,0x0882,0x0882,0x0882,0x0882,
  0x0882,0x0882,0x0882,0x0882,0x0882,0x0882,0x0882,0x0882,0x0882,0x0882,0x0882,0x0882,0x0882,0x0882,0x0882,0x0882,
  0x0882,0x0882,0x0882,0x0882,0x0882,0x0882,0x0882,0x0882,0x0882,0x0882,0x0882,0x0882,0x0882,0x0882,0x0882,0x0882,
  0x0882,0x0882,0x0882,0x0882,0x0882,0xC425,0xC467,0x08C3,0x0041,0x0041,0x0041,0x0041,0x0041,0x0041,0x0041,0x0041,
  0x0041,0x0041,0x0041,0x0041,0x0041,0x0041,0x0041,0x0041,0x0041,0x2209,0x08A3,0x08A3,0x08A3,0x08A3,0x08A3,0x08A3,
  0x08A3,0x08A3,0x08A3,0x08A3,0x08A3,0x08A3,0x08A3,0x08A3,0x08A3,0x08A3,0x08A3,0x08A3,0x08A3,0x08A3,0x08A3,0x08A3,
  0x08A3,0x08A3,0x08A3,0x08A3,0x08A3,0x08A3,0x08A3,0x08A3,0x08A3,0x08A3,0x08A3,0x08A3,0x08A3,0x08A3,0x08A3,0x08A3,
  0x08A3,0x08A3,0x08A3,0x08A3,0x08A3,0x08A3,0x08A3,0x08A3,0x08A3,0x08A3,0x08A3,0x08A3,0x08A3,0x08A3,0x08A3,0x08A3,
  0x08A3,0x08A3,0x08A3,0x08A3,0x08A3,0x08A3,0x08A3,0x08A3,0x08A3,0x08A3,0x08A3,0x08A3,0x08A3,0x08A3,0x08A3,0x08A3,
  0x08A3,0x08A3,0x08A3,0x08A3,0x08A3,0x08A3,0x08A3,0x08A3,0x08A3,0x08A3,0x08A3,0x08A3,0x08A3,0x08A3,0x08A3,0x08A3,
  0x08A3,0x08A3,0x08A3,0x08A3,0x08A3,0x08A3,0x08A3,0x08A3,0x08A3,0x08A3,0x08A3,0x08A3,0x08A3,0x08A3,0x08A3,0x08A3,
  0x08A3,0x08A3,0x08A3,0x08A3,0x08A3,0x08A3,0x08A3,0x08A3,0x08A3,0x08A3,0x08A3,0x08A3,0x08A3,0x08A3,0x08A3,0x08A3,
  0x08A3,0x08A3,0x08A3,0x08A3,0x08A3,0x08A3,0x08A3,0x08A3,0x08A3,0x08A3,0x08A3,0x08A3,0x08A3,0x08A3,0x08A3,0x08A3,
  0x08A3,0x08A3,0x08A3,0x08A3,0x08A3,0x08A3,0x08A3,0x08A3,0x08A3,0x0883,0x0883,0x0883,0x0883,0x0883,0x0883,0x0883,
  0x0883,0x0883,0x0883,0x0883,0x0883,0x0883,0x0883,0x0883,0x0883,0x0883,0x0883,0x0883,0x0883,0x0883,0x0883,0x0883,
  0x0883,0x0883,0x0883,0x0883,0x0883,0x0883,0x0883,0x0883,0x0883,0x0883,0x0883,0x0883,0x0883,0x0883,0x0883,0x0883,
  0x0883,0x0883,0x0883,0x0883,0x0883,0x0883,0x0883,0x0883,0x0883,0x0883,0x0883,0x0883,0x0883,0x0883,0x0883,0x0883,
  0x0883,0x0883,0x0883,0x0883,0x0883,0x0883,0x0883,0x0883,0x0883,0x0883,0x0883,0x0883,0x0883,0x0883,0x0883,0x0883,
  0x0883,0x0882,0x0882,0x0882,0x0882,0x0882,0x0882,0x0882,0x0882,0x0882,0x0882,0x0882,0x0882,0x0882,0x0882,0x0882,
  0x0882,0x0882,0x0882,0x0882,0x0882,0x0882,0x0882,0x0882,0x0882,0x0882,0x0882,0x0882,0x0882,0x0882,0x0882,0x0882,
  0x0882,0x0882,0x0882,0x0882,0x0882,0x0882,0x0882,0x0882,0x0882,0x0882,0x0882,0x0882,0x0882,0x0882,0x0882,0x0882,
  0x0882,0x0882,0x0882,0x0882,0x0882,0x0882,0x0882,0x0882,0x0882,0x0882,0x0882,0x0882,0x0882,0x0882,0x0882,0x0882,
  0x0882,0x0882,0x0882,0x0882,0x0882,0x0882,0x0882,0x0882,0x0882,0x0882,0x0882,0x0882,0x0882,0x0882,0x0882,0x0882,
  0x0882,0x0882,0x0882,0x0882,0x0882,0xC425,0xC467,0x08C3,0x0041,0x0041,0x0041,0x0041,0x0041,0x0041,0x0041,0x0041,
  0x0041,0x0041,0x0041,0x0041,0x0041,0x0041,0x0041,0x0041,0x0041,0x2209,0x08A3,0x08A3,0x08A3,0x08A3,0x08A3,0x08A3,
  0x08A3,0x08A3,0x08A3,0x08A3,0x08A3,0x08A3,0x08A3,0x08A3,0x08A3,0x08A3,0x08A3,0x08A3,0x08A3,0x08A3,0x08A3,0x08A3,
  0x08A3,0x08A3,0x08A3,0x08A3,0x08A3,0x08A3,0x08A3,0x08A3,0x08A3,0x08A3,0x08A3,0x08A3,0x08A3,0x08A3,0x08A3,0x08A3,
  0x08A3,0x08A3,0x08A3,0x08A3,0x08A3,0x08A3,0x08A3,0x08A3,0x08A3,0x08A3,0x08A3,0x08A3,0x08A3,0x08A3,0x08A3,0x08A3,
  0x08A3,0x08A3,0x08A3,0x08A3,0x08A3,0x08A3,0x08A3,0x08A3,0x08A3,0x08A3,0x08A3,0x08A3,0x08A3,0x08A3,0x08A3,0x08A3,
  0x08A3,0x08A3,0x08A3,0x08A3,0x08A3,0x08A3,0x08A3,0x08A3,0x08A3,0x08A3,0x08A3,0x08A3,0x08A3,0x08A3,0x08A3,0x08A3,
  0x08A3,0x08A3,0x08A3,0x08A3,0x08A3,0x08A3,0x08A3,0x08A3,0x08A3,0x08A3,0x08A3,0x08A3,0x08A3,0x08A3,0x08A3,0x08A3,
  0x08A3,0x08A3,0x08A3,0x08A3,0x08A3,0x08A3,0x08A3,0x08A3,0x08A3,0x08A3,0x08A3,0x08A3,0x08A3,0x08A3,0x08A3,0x08A3,
  0x08A3,0x08A3,0x08A3,0x08A3,0x08A3,0x08A3,0x08A3,0x08A3,0x08A3,0x08A3,0x08A3,0x08A3,0x08A3,0x08A3,0x08A3,0x08A3,
  0x08A3,0x08A3,0x08A3,0x08A3,0x08A3,0x08A3,0x0883,0x0883,0x0883,0x0883,0x0883,0x0883,0x0883,0x0883,0x0883,0x0883,
  0x0883,0x0883,0x0883,0x0883,0x0883,0x0883,0x0883,0x0883,0x0883,0x0883,0x0883,0x0883,0x0883,0x0883,0x0883,0x0883,
  0x0883,0x0883,0x0883,0x0883,0x0883,0x0883,0x0883,0x0883,0x0883,0x0883,0x0883,0x0883,0x0883,0x0883,0x0883,0x0883,
  0x0883,0x0883,0x0883,0x0883,0x0883,0x0883,0x0883,0x0883,0x0883,0x0883,0x0883,0x0883,0x0883,0x0883,0x0883,0x0883,
  0x0883,0x0883,0x0883,0x0883,0x0883,0x0883,0x0883,0x0883,0x0883,0x0883,0x0883,0x0883,0x0883,0x0883,0x0882,0x0882,
  0x0882,0x0882,0x0882,0x0882,0x0882,0x0882,0x0882,0x0882,0x0882,0x0882,0x0882,0x0882,0x0882,0x0882,0x0882,0x0882,
  0x0882,0x0882,0x0882,0x0882,0x0882,0x0882,0x0882,0x0882,0x0882,0x0882,0x0882,0x0882,0x0882,0x0882,0x0882,0x0882,
  0x0882,0x0882,0x0882,0x0882,0x0882,0x0882,0x0882,0x0882,0x0882,0x0882,0x0882,0x0882,0x0882,0x0882,0x0882,0x0882,
  0x0882,0x0882,0x0882,0x0882,0x0882,0x0882,0x0882,0x0882,0x0882,0x0882,0x0882,0x0882,0x0882,0x0882,0x0882,0x0882,
  0x0882,0x0882,0x0882,0x0882,0x0882,0x0882,0x0882,0x0882,0x0882,0x0882,0x0882,0x0882,0x0882,0x0882,0x0882,0x0882,
  0x0882,0x0882,0x0882,0x0882,0x0882,0xC425,0xC467,0x08C3,0x0041,0x0041,0x0041,0x0041,0x0041,0x0041,0x0041,0x0041,
  0x0041,0x0041,0x0041,0x0041,0x0041,0x0041,0x0041,0x0041,0x0041,0x2209,0x08A3,0x08A3,0x08A3,0x08A3,0x08A3,0x08A3,
  0x08A3,0x08A3,0x08A3,0x08A3,0x08A3,0x08A3,0x08A3,0x08A3,0x08A3,0x08A3,0x08A3,0x08A3,0x08A3,0x08A3,0x08A3,0x08A3,
  0x08A3,0x08A3,0x08A3,0x08A3,0x08A3,0x08A3,0x08A3,0x08A3,0x08A3,0x08A3,0x08A3,0x08A3,0x08A3,0x08A3,0x08A3,0x08A3,
  0x08A3,0x08A3,0x08A3,0x08A3,0x08A3,0x08A3,0x08A3,0x08A3,0x08A3,0x08A3,0x08A3,0x08A3,0x08A3,0x08A3,0x08A3,0x08A3,
  0x08A3,0x08A3,0x08A3,0x08A3,0x08A3,0x08A3,0x08A3,0x08A3,0x08A3,0x08A3,0x08A3,0x08A3,0x08A3,0x08A3,0x08A3,0x08A3,
  0x08A3,0x08A3,0x08A3,0x08A3,0x08A3,0x08A3,0x08A3,0x08A3,0x08A3,0x08A3,0x08A3,0x08A3,0x08A3,0x08A3,0x08A3,0x08A3,
  0x08A3,0x08A3,0x08A3,0x08A3,0x08A3,0x08A3,0x08A3,0x08A3,0x08A3,0x08A3,0x08A3,0x08A3,0x08A3,0x08A3,0x08A3,0x08A3,
  0x08A3,0x08A3,0x08A3,0x08A3,0x08A3,0x08A3,0x08A3,0x08A3,0x08A3,0x08A3,0x08A3,0x08A3,0x08A3,0x08A3,0x08A3,0x08A3,
  0x08A3,0x08A3,0x08A3,0x08A3,0x08A3,0x08A3,0x08A3,0x08A3,0x08A3,0x08A3,0x08A3,0x08A3,0x08A3,0x08A3,0x08A3,0x08A3,
  0x08A3,0x08A3,0x08A3,0x0883,0x0883,0x0883,0x0883,0x0883,0x0883,0x0883,0x0883,0x0883,0x0883,0x0883,0x0883,0x0883,
  0x0883,0x0883,0x0883,0x0883,0x0883,0x0883,0x0883,0x0883,0x0883,0x0883,0x0883,0x0883,0x0883,0x0883,0x0883,0x0883,
  0x0883,0x0883,0x0883,0x0883,0x0883,0x0883,0x0883,0x0883,0x0883,0x0883,0x0883,0x0883,0x0883,0x0883,0x0883,0x0883,
  0x0883,0x0883,0x0883,0x0883,0x0883,0x0883,0x0883,0x0883,0x0883,0x0883,0x0883,0x0883,0x0883,0x0883,0x0883,0x0883,
  0x0883,0x0883,0x0883,0x0883,0x0883,0x0883,0x0883,0x0883,0x0883,0x0883,0x0883,0x0882,0x0882,0x0882,0x0882,0x0882,
  0x0882,0x0882,0x0882,0x0882,0x0882,0x0882,0x0882,0x0882,0x0882,0x0882,0x0882,0x0882,0x0882,0x0882,0x0882,0x0882,
  0x0882,0x0882,0x0882,0x0882,0x0882,0x0882,0x0882,0x0882,0x0882,0x0882,0x0882,0x0882,0x0882,0x0882,0x0882,0x0882,
  0x0882,0x0882,0x0882,0x0882,0x0882,0x0882,0x0882,0x0882,0x0882,0x0882,0x0882,0x0882,0x0882,0x0882,0x0882,0x0882,
  0x0882,0x0882,0x0882,0x0882,0x0882,0x0882,0x0882,0x0882,0x0882,0x0882,0x0882,0x0882,0x0882,0x0882,0x0882,0x0882,
  0x0882,0x0882,0x0882,0x0882,0x0882,0x0882,0x0882,0x0882,0x0882,0x0882,0x0882,0x0882,0x0882,0x0882,0x0882,0x0882,
  0x0882,0x0882,0x0882,0x0882,0x0882,0xC425,0xC467,0x08C3,0x0041,0x0041,0x0041,0x0041,0x0041,0x0041,0x0041,0x0041,
  0x0041,0x0041,0x0041,0x0041,0x0041,0x0041,0x0041,0x0041,0x0041,0x2209,0x08A3,0x08A3,0x08A3,0x08A3,0x08A3,0x08A3,
  0x08A3,0x08A3,0x08A3,0x08A3,0x08A3,0x08A3,0x08A3,0x08A3,0x08A3,0x08A3,0x08A3,0x08A3,0x08A3,0x08A3,0x08A3,0x08A3,
  0x08A3,0x08A3,0x08A3,0x08A3,0x08A3,0x08A3,0x08A3,0x08A3,0x08A3,0x08A3,0x08A3,0x08A3,0x08A3,0x08A3,0x08A3,0x08A3,
  0x08A3,0x08A3,0x08A3,0x08A3,0x08A3,0x08A3,0x08A3,0x08A3,0x08A3,0x08A3,0x08A3,0x08A3,0x08A3,0x08A3,0x08A3,0x08A3,
  0x08A3,0x08A3,0x08A3,0x08A3,0x08A3,0x08A3,0x08A3,0x08A3,0x08A3,0x08A3,0x08A3,0x08A3,0x08A3,0x08A3,0x08A3,0x08A3,
  0x08A3,0x08A3,0x08A3,0x08A3,0x08A3,0x08A3,0x08A3,0x08A3,0x08A3,0x08A3,0x08A3,0x08A3,0x08A3,0x08A3,0x08A3,0x08A3,
  0x08A3,0x08A3,0x08A3,0x08A3,0x08A3,0x08A3,0x08A3,0x08A3,0x08A3,0x08A3,0x08A3,0x08A3,0x08A3,0x08A3,0x08A3,0x08A3,
  0x08A3,0x08A3,0x08A3,0x08A3,0x08A3,0x08A3,0x08A3,0x08A3,0x08A3,0x08A3,0x08A3,0x08A3,0x08A3,0x08A3,0x08A3,0x08A3,
  0x08A3,0x08A3,0x08A3,0x08A3,0x08A3,0x08A3,0x08A3,0x08A3,0x08A3,0x08A3,0x08A3,0x08A3,0x08A3,0x08A3,0x08A3,0x08A3,
  0x0883,0x0883,0x0883,0x0883,0x0883,0x0883,0x0883,0x0883,0x0883,0x0883,0x0883,0x0883,0x0883,0x0883,0x0883,0x0883,
  0x0883,0x0883,0x0883,0x0883,0x0883,0x0883,0x0883,0x0883,0x0883,0x0883,0x0883,0x0883,0x0883,0x0883,0x0883,0x0883,
  0x0883,0x0883,0x0883,0x0883,0x0883,0x0883,0x0883,0x0883,0x0883,0x0883,0x0883,0x0883,0x0883,0x0883,0x0883,0x0883,
  0x0883,0x0883,0x0883,0x0883,0x0883,0x0883,0x0883,0x0883,0x0883,0x0883,0x0883,0x0883,0x0883,0x0883,0x0883,0x0883,
  0x0883,0x0883,0x0883,0x0883,0x0883,0x0883,0x0883,0x0883,0x0882,0x0882,0x0882,0x0882,0x0882,0x0882,0x0882,0x0882,
  0x0882,0x0882,0x0882,0x0882,0x0882,0x0882,0x0882,0x0882,0x0882,0x0882,0x0882,0x0882,0x0882,0x0882,0x0882,0x0882,
  0x0882,0x0882,0x0882,0x0882,0x0882,0x0882,0x0882,0x0882,0x0882,0x0882,0x0882,0x0882,0x0882,0x0882,0x0882,0x0882,
  0x0882,0x0882,0x0882,0x0882,0x0882,0x0882,0x0882,0x0882,0x0882,0x0882,0x0882,0x0882,0x0882,0x0882,0x0882,0x0882,
  0x0882,0x0882,0x0882,0x0882,0x0882,0x0882,0x0882,0x0882,0x0882,0x0882,0x0882,0x0882,0x0882,0x0882,0x0882,0x0882,
  0x0882,0x0882,0x0882,0x0882,0x0882,0x0882,0x0882,0x0882,0x0882,0x0882,0x0882,0x0882,0x0882,0x0882,0x0882,0x0882,
  0x0882,0x0882,0x0882,0x0882,0x0882,0xC425,0xC467,0x08C3,0x0041,0x0041,0x0041,0x0041,0x0041,0x0041,0x0041,0x0041,
  0x0041,0x0041,0x0041,0x0041,0x0041,0x0041,0x0041,0x0041,0x0041,0x2209,0x08A3,0x08A3,0x08A3,0x08A3,0x08A3,0x08A3,
  0x08A3,0x08A3,0x08A3,0x08A3,0x08A3,0x08A3,0x08A3,0x08A3,0x08A3,0x08A3,0x08A3,0x08A3,0x08A3,0x08A3,0x08A3,0x08A3,
  0x08A3,0x08A3,0x08A3,0x08A3,0x08A3,0x08A3,0x08A3,0x08A3,0x08A3,0x08A3,0x08A3,0x08A3,0x08A3,0x08A3,0x08A3,0x08A3,
  0x08A3,0x08A3,0x08A3,0x08A3,0x08A3,0x08A3,0x08A3,0x08A3,0x08A3,0x08A3,0x08A3,0x08A3,0x08A3,0x08A3,0x08A3,0x08A3,
  0x08A3,0x08A3,0x08A3,0x08A3,0x08A3,0x08A3,0x08A3,0x08A3,0x08A3,0x08A3,0x08A3,0x08A3,0x08A3,0x08A3,0x08A3,0x08A3,
  0x08A3,0x08A3,0x08A3,0x08A3,0x08A3,0x08A3,0x08A3,0x08A3,0x08A3,0x08A3,0x08A3,0x08A3,0x08A3,0x08A3,0x08A3,0x08A3,
  0x08A3,0x08A3,0x08A3,0x08A3,0x08A3,0x08A3,0x08A3,0x08A3,0x08A3,0x08A3,0x08A3,0x08A3,0x08A3,0x08A3,0x08A3,0x08A3,
  0x08A3,0x08A3,0x08A3,0x08A3,0x08A3,0x08A3,0x08A3,0x08A3,0x08A3,0x08A3,0x08A3,0x08A3,0x08A3,0x08A3,0x08A3,0x08A3,
  0x08A3,0x08A3,0x08A3,0x08A3,0x08A3,0x08A3,0x08A3,0x08A3,0x08A3,0x08A3,0x08A3,0x08A3,0x08A3,0x0883,0x0883,0x0883,
  0x0883,0x0883,0x0883,0x0883,0x0883,0x0883,0x0883,0x0883,0x0883,0x0883,0x0883,0x0883,0x0883,0x0883,0x0883,0x0883,
  0x0883,0x0883,0x0883,0x0883,0x0883,0x0883,0x0883,0x0883,0x0883,0x0883,0x0883,0x0883,0x0883,0x0883,0x0883,0x0883,
  0x0883,0x0883,0x0883,0x0883,0x0883,0x0883,0x0883,0x0883,0x0883,0x0883,0x0883,0x0883,0x0883,0x0883,0x0883,0x0883,
  0x0883,0x0883,0x0883,0x0883,0x0883,0x0883,0x0883,0x0883,0x0883,0x0883,0x0883,0x0883,0x0883,0x0883,0x0883,0x0883,
  0x0883,0x0883,0x0883,0x0883,0x0883,0x0882,0x0882,0x0882,0x0882,0x0882,0x0882,0x0882,0x0882,0x0882,0x0882,0x0882,
  0x0882,0x0882,0x0882,0x0882,0x0882,0x0882,0x0882,0x0882,0x0882,0x0882,0x0882,0x0882,0x0882,0x0882,0x0882,0x0882,
  0x0882,0x0882,0x0882,0x0882,0x0882,0x0882,0x0882,0x0882,0x0882,0x0882,0x0882,0x0882,0x0882,0x0882,0x0882,0x0882,
  0x0882,0x0882,0x0882,0x0882,0x0882,0x0882,0x0882,0x0882,0x0882,0x0882,0x0882,0x0882,0x0882,0x0882,0x0882,0x0882,
  0x0882,0x0882,0x0882,0x0882,0x0882,0x0882,0x0882,0x0882,0x0882,0x0882,0x0882,0x0882,0x0882,0x0882,0x0882,0x0882,
  0x0882,0x0882,0x0882,0x0882,0x0882,0x0882,0x0882,0x0882,0x0882,0x0882,0x0882,0x0882,0x0882,0x0882,0x0882,0x0882,
  0x0882,0x0882,0x0882,0x0882,0x0882,0xC425,0xC467,0x08C3,0x0041,0x0041,0x0041,0x0041,0x0041,0x0041,0x0041,0x0041,
  0x0041,0x0041,0x0041,0x0041,0x0041,0x0041,0x0041,0x0041,0x0041,0x2209,0x08A3,0x08A3,0x08A3,0x08A3,0x08A3,0x08A3,
  0x08A3,0x08A3,0x08A3,0x08A3,0x08A3,0x08A3,0x08A3,0x08A3,0x08A3,0x08A3,0x08A3,0x08A3,0x08A3,0x08A3,0x08A3,0x08A3,
  0x08A3,0x08A3,0x08A3,0x08A3,0x08A3,0x08A3,0x08A3,0x08A3,0x08A3,0x08A3,0x08A3,0x08A3,0x08A3,0x08A3,0x08A3,0x08A3,
  0x08A3,0x08A3,0x08A3,0x08A3,0x08A3,0x08A3,0x08A3,0x08A3,0x08A3,0x08A3,0x08A3,0x08A3,0x08A3,0x08A3,0x08A3,0x08A3,
  0x08A3,0x08A3,0x08A3,0x08A3,0x08A3,0x08A3,0x08A3,0x08A3,0x08A3,0x08A3,0x08A3,0x08A3,0x08A3,0x08A3,0x08A3,0x08A3,
  0x08A3,0x08A3,0x08A3,0x08A3,0x08A3,0x08A3,0x08A3,0x08A3,0x08A3,0x08A3,0x08A3,0x08A3,0x08A3,0x08A3,0x08A3,0x08A3,
  0x08A3,0x08A3,0x08A3,0x08A3,0x08A3,0x08A3,0x08A3,0x08A3,0x08A3,0x08A3,0x08A3,0x08A3,0x08A3,0x08A3,0x08A3,0x08A3,
  0x08A3,0x08A3,0x08A3,0x08A3,0x08A3,0x08A3,0x08A3,0x08A3,0x08A3,0x08A3,0x08A3,0x08A3,0x08A3,0x08A3,0x08A3,0x08A3,
  0x08A3,0x08A3,0x08A3,0x08A3,0x08A3,0x08A3,0x08A3,0x08A3,0x08A3,0x08A3,0x0883,0x0883,0x0883,0x0883,0x0883,0x0883,
  0x0883,0x0883,0x0883,0x0883,0x0883,0x0883,0x0883,0x0883,0x0883,0x0883,0x0883,0x0883,0x0883,0x0883,0x0883,0x0883,
  0x0883,0x0883,0x0883,0x0883,0x0883,0x0883,0x0883,0x0883,0x0883,0x0883,0x0883,0x0883,0x0883,0x0883,0x0883,0x0883,
  0x0883,0x0883,0x0883,0x0883,0x0883,0x0883,0x0883,0x0883,0x0883,0x0883,0x0883,0x0883,0x0883,0x0883,0x0883,0x0883,
  0x0883,0x0883,0x0883,0x0883,0x0883,0x0883,0x0883,0x0883,0x0883,0x0883,0x0883,0x0883,0x0883,0x0883,0x0883,0x0883,
  0x0883,0x0883,0x0882,0x0882,0x0882,0x0882,0x0882,0x0882,0x0882,0x0882,0x0882,0x0882,0x0882,0x0882,0x0882,0x0882,
  0x0882,0x0882,0x0882,0x0882,0x0882,0x0882,0x0882,0x0882,0x0882,0x0882,0x0882,0x0882,0x0882,0x0882,0x0882,0x0882,
  0x0882,0x0882,0x0882,0x0882,0x0882,0x0882,0x0882,0x0882,0x0882,0x0882,0x0882,0x0882,0x0882,0x0882,0x0882,0x0882,
  0x0882,0x0882,0x0882,0x0882,0x0882,0x0882,0x0882,0x0882,0x0882,0x0882,0x0882,0x0882,0x0882,0x0882,0x0882,0x0882,
  0x0882,0x0882,0x0882,0x0882,0x0882,0x0882,0x0882,0x0882,0x0882,0x0882,0x0882,0x0882,0x0882,0x0882,0x0882,0x0882,
  0x0882,0x0882,0x0882,0x0882,0x0882,0x0882,0x0882,0x0882,0x0882,0x0882,0x0882,0x0882,0x0882,0x0882,0xC425,0xC425,
  0xC425,0xC425,0xC425,0xC425,0xC425,0xC425,0xC467,0x08C3,0x0041,0x0041,0x0041,0x0041,0x0041,0x0041,0x0041,0x0041,
  0x0041,0x0041,0x0041,0x0041,0x0041,0x0041,0x0041,0x0041,0x0041,0x21E8,0x2209,0x2209,0x2209,0x2209,0x2209,0x2209,
  0x2209,0x2209,0x2209,0x2209,0x2209,0x2209,0x2209,0x2209,0x2209,0x2209,0x2209,0x2209,0x2209,0x2209,0x2209,0x2209,
  0x2209,0x2209,0x2209,0x2209,0x2209,0x2209,0x2209,0x2209,0x2209,0x2209,0x2209,0x2209,0x2209,0x2209,0x2209,0x2209,
  0x2209,0x2209,0x2209,0x2209,0x2209,0x2209,0x2209,0x2209,0x2209,0x2209,0x2209,0x2209,0x2209,0x2209,0x2209,0x2209,
  0x2209,0x2209,0x2209,0x2209,0x2209,0x2209,0x2209,0x2209,0x2209,0x2209,0x2209,0x2209,0x2209,0x2209,0x2209,0x2209,
  0x2209,0x2209,0x2209,0x2209,0x2209,0x2209,0x2209,0x2209,0x2209,0x2209,0x2209,0x2209,0x2209,0x2209,0x2209,0x2209,
  0x2209,0x2209,0x2209,0x2209,0x2209,0x2209,0x2209,0x2209,0x2209,0x2209,0x2209,0x2209,0x2209,0x2209,0x2209,0x2209,
  0x2209,0x2209,0x2209,0x2209,0x2209,0x2209,0x2209,0x2209,0x2209,0x2209,0x2209,0x2209,0x2209,0x2209,0x2209,0x2209,
  0x2209,0x2209,0x2209,0x2209,0x2209,0x2209,0x2209,0x2209,0x2209,0x2209,0x2209,0x2209,0x2209,0x2209,0x2209,0x2209,
  0x2209,0x2209,0x2209,0x2209,0x2209,0x2209,0x2209,0x2209,0x2209,0x2209,0x2209,0x2209,0x2209,0x2209,0x2209,0x2209,
  0x2209,0x2209,0x2209,0x2209,0x2209,0x2209,0x2209,0x2209,0x2209,0x2209,0x2209,0x2209,0x2209,0x2209,0x2209,0x2209,
  0x2209,0x2209,0x2209,0x2209,0x2209,0x2209,0x2209,0x2209,0x2209,0x2209,0x2209,0x2209,0x2209,0x2209,0x2209,0x2209,
  0x2209,0x2209,0x2209,0x2209,0x2209,0x2209,0x2209,0x2209,0x2209,0x2209,0x2209,0x2209,0x2209,0x2209,0x2209,0x2209,
  0x2209,0x2209,0x2209,0x2209,0x2209,0x2209,0x2209,0x2209,0x2209,0x2209,0x2209,0x2209,0x2209,0x2209,0x2209,0x2209,
  0x2209,0x2209,0x2209,0x2209,0x2209,0x2209,0x2209,0x2209,0x2209,0x2209,0x2209,0x2209,0x2209,0x2209,0x2209,0x2209,
  0x2209,0x2209,0x2209,0x2209,0x2209,0x2209,0x2209,0x2209,0x2209,0x2209,0x2209,0x2209,0x2209,0x2209,0x2209,0x2209,
  0x2209,0x2209,0x2209,0x2209,0x2209,0x2209,0x2209,0x2209,0x2209,0x2209,0x2209,0x2209,0x2209,0x2209,0x2209,0x2209,
  0x2209,0x2209,0x2209,0x2209,0x2209,0x2209,0x2209,0x2209,0x2209,0x2209,0x2209,0x2209,0x2209,0x2209,0x2209,0x2209,
  0x2209,0x2209,0x2209,0x2209,0x2209,0x2209,0x2209,0x2209,0x2209,0x2209,0x2209,0x2209,0x2209,0x2209,0xCC87,0xCC87,
  0xCC87,0xCC87,0xCC87,0xCC87,0xCC87,0xCC87,0xCC87,0x08A3,0x0041,0x0041,0x0041,0x0041,0x0041,0x0041,0x0041,0x0041,
  0x0041,0x0041,0x0041,0x0041,0x0041,0x0041,0x0041,0x0041,0x0041,0x0062,0x0062,0x0062,0x0062,0x0062,0x0062,0x0062,
  0x0062,0x0062,0x0062,0x0062,0x0062,0x0062,0x0062,0x0062,0x0062,0x0062,0x0062,0x0062,0x0062,0x0062,0x0062,0x0062,
  0x0062,0x0062,0x0062,0x0062,0x0062,0x0062,0x0062,0x0062,0x0062,0x0062,0x0062,0x0062,0x0062,0x0062,0x0062,0x0062,
  0x0062,0x0062,0x0062,0x0062,0x0062,0x0062,0x0062,0x0062,0x0062,0x0062,0x0062,0x0062,0x0062,0x0062,0x0062,0x0062,
  0x0062,0x0062,0x0062,0x0062,0x0062,0x0062,0x0062,0x0062,0x0062,0x0062,0x0062,0x0062,0x0062,0x0062,0x0062,0x0062,
  0x0062,0x0062,0x0062,0x0062,0x0062,0x0062,0x0062,0x0062,0x0062,0x0062,0x0062,0x0062,0x0062,0x0062,0x0062,0x0062,
  0x0062,0x0062,0x0062,0x0062,0x0062,0x0062,0x0062,0x0062,0x0062,0x0062,0x0062,0x0062,0x0062,0x0062,0x0062,0x0062,
  0x0062,0x0062,0x0062,0x0062,0x0062,0x0062,0x0062,0x0062,0x0062,0x0062,0x0062,0x0062,0x0062,0x0062,0x0062,0x0062,
  0x0062,0x0062,0x0062,0x0062,0x0062,0x0062,0x0062,0x0062,0x0062,0x0062,0x0062,0x0062,0x0062,0x0062,0x0062,0x0062,
  0x0062,0x0062,0x0062,0x0062,0x0062,0x0062,0x0062,0x0062,0x0062,0x0062,0x0062,0x0062,0x0062,0x0062,0x0062,0x0062,
  0x0062,0x0062,0x0062,0x0062,0x0062,0x0062,0x0062,0x0062,0x0062,0x0062,0x0062,0x0062,0x0062,0x0062,0x0062,0x0062,
  0x0062,0x0062,0x0062,0x0062,0x0062,0x0062,0x0062,0x0062,0x0062,0x0062,0x0062,0x0062,0x0062,0x0062,0x0062,0x0062,
  0x0062,0x0062,0x0062,0x0062,0x0062,0x0062,0x0062,0x0062,0x0062,0x0062,0x0062,0x0062,0x0062,0x0062,0x0062,0x0062,
  0x0062,0x0062,0x0062,0x0062,0x0062,0x0062,0x0062,0x0062,0x0062,0x0062,0x0062,0x0062,0x0062,0x0062,0x0062,0x0062,
  0x0062,0x0062,0x0062,0x0062,0x0062,0x0062,0x0062,0x0062,0x0062,0x0062,0x0062,0x0062,0x0062,0x0062,0x0062,0x0062,
  0x0062,0x0062,0x0061,0x0061,0x0061,0x0061,0x0061,0x0061,0x0061,0x0061,0x0061,0x0061,0x0061,0x0061,0x0061,0x0061,
  0x0061,0x0061,0x0061,0x0061,0x0061,0x0061,0x0061,0x0061,0x0061,0x0061,0x0061,0x0061,0x0061,0x0061,0x0061,0x0061,
  0x0061,0x0061,0x0061,0x0061,0x0061,0x0061,0x0061,0x0061,0x0061,0x0061,0x0061,0x0061,0x0061,0x0061,0x0061,0x0061,
  0x0061,0x0061,0x0061,0x0061,0x0061,0x0061,0x0061,0x0061,0x0061,0x0061,0x0061,0x0061,0x0061,0x0061,0x0061,0x0061,
  0x0061,0x0061,0x0061,0x0061,0x0061,0x0061,0x0061,0x0041,0x0041,0x0041,0x0041,0x0041,0x0041,0x0041,0x0041,0x0041,
  0x0041,0x0041,0x0041,0x0041,0x0041,0x0041,0x0041,0x0041,0x0041,0x0041,0x0041,0x0041,0x0041,0x0041,0x0041,0x0041,
  0x0041,0x0041,0x0041,0x0041,0x0041,0x0041,0x0041,0x0041,0x0041,0x0041,0x0041,0x0041,0x0041,0x0041,0x0041,0x0041,
  0x0041,0x0041,0x0041,0x0041,0x0041,0x0041,0x0041,0x0041,0x0041,0x0041,0x0041,0x0041,0x0041,0x0041,0x0041,0x0041,
  0x0041,0x0041,0x0041,0x0041,0x0041,0x0041,0x0041,0x0041,0x0041,0x0041,0x0041,0x0041,0x0041,0x0041,0x0041,0x0041,
  0x0041,0x0041,0x0041,0x0041,0x0041,0x0041,0x0041,0x0041,0x0041,0x0041,0x0041,0x0041,0x0041,0x0041,0x0041,0x0041,
  0x0041,0x0041,0x0041,0x0041,0x0041,0x0041,0x0041,0x0041,0x0041,0x0041,0x0041,0x0041,0x0041,0x0041,0x0041,0x0041,
  0x0041,0x0041,0x0041,0x0041,0x0041,0x0041,0x0041,0x0041,0x0041,0x0041,0x0041,0x0041,0x0041,0x0041,0x0041,0x0041,
  0x0041,0x0041,0x0041,0x0041,0x0041,0x0041,0x0041,0x0041,0x0041,0x0041,0x0041,0x0041,0x0041,0x0041,0x0041,0x0041,
  0x0041,0x0041,0x0041,0x0041,0x0041,0x0041,0x0041,0x0041,0x0041,0x0041,0x0041,0x0041,0x0041,0x0041,0x0041,0x0041,
  0x0041,0x0041,0x0041,0x0041,0x0041,0x0041,0x0041,0x0041,0x0041,0x0041,0x0041,0x0041,0x0041,0x0041,0x0041,0x0041,
  0x0041,0x0041,0x0041,0x0041,0x0041,0x0041,0x0041,0x0041,0x0041,0x0041,0x0041,0x0041,0x0041,0x0041,0x0041,0x0041,
  0x0041,0x0041,0x0041,0x0041,0x0041,0x0041,0x0041,0x0041,0x0041,0x0041,0x0041,0x0041,0x0041,0x0041,0x0041,0x0041,
  0x0041,0x0041,0x0041,0x0041,0x0041,0x0041,0x0041,0x0041,0x0041,0x0041,0x0041,0x0041,0x0041,0x0041,0x0041,0x0041,
  0x0041,0x0041,0x0041,0x0041,0x0041,0x0041,0x0041,0x0041,0x0041,0x0041,0x0041,0x0041,0x0041,0x0041,0x0041,0x0041,
  0x0041,0x0041,0x0041,0x0041,0x0041,0x0041,0x0041,0x0041,0x0041,0x0041,0x0041,0x0041,0x0041,0x0041,0x0041,0x0041,
  0x0041,0x0041,0x0041,0x0041,0x0041,0x0041,0x0041,0x0041,0x0041,0x0041,0x0041,0x0041,0x0041,0x0041,0x0041,0x0041,
  0x0041,0x0041,0x0041,0x0041,0x0041,0x0041,0x0041,0x0041,0x0041,0x0041,0x0041,0x0041,0x0041,0x0041,0x0041,0x0041,
  0x0041,0x0041,0x0041,0x0041,0x0041,0x0041,0x0041,0x0041,0x0041,0x0041,0x0041,0x0041,0x0041,0x0041,0x0041,0x0041,
  0x0041,0x0041,0x0041,0x0041,0x0041,0x0041,0x0041,0x0041,0x0041,0x0041,0x0041,0x0041,0x0041,0x0041,0x0041,0x0041,
  0x0041,0x0041,0x0041,0x0041,0x0041,0x0041,0x0041,0x0041,0x0041,0x0041,0x0041,0x0041,0x0041,0x0041,0x0041,0x0041,
  0x0041,0x0041,0x0041,0x0041,0x0041,0x0041,0x0041,0x0041,0x0041,0x0041,0x0041,0x0041,0x0041,0x0041,0x0041,0x0041,
  0x0041,0x0041,0x0041,0x0041,0x0041,0x0041,0x0041,0x0041,0x0041,0x0041,0x0041,0x0041,0x0041,0x0041,0x0041,0x0041,
  0x0041,0x0041,0x0041,0x0041,0x0041,0x0041,0x0041,0x0041,0x0041,0x0041,0x0041,0x0041,0x0041,0x0041,0x0041,0x0041,
  0x0041,0x0041,0x0041,0x0041,0x0041,0x0041,0x0041,0x0041,0x0041,0x0041,0x0041,0x0041,0x0041,0x0041,0x0041,0x0041,
  0x0041,0x0041,0x0041,0x0041,0x0041,0x0041,0x0041,0x0041,0x0041,0x0041,0x0041,0x0041,0x0041,0x0041,0x0041,0x0041,
  0x0041,0x0041,0x0041,0x0041,0x0041,0x0041,0x0041,0x0041,0x0041,0x0041,0x0041,0x0041,0x0041,0x0041,0x0041,0x0041,
  0x0041,0x0041,0x0041,0x0041,0x0041,0x0041,0x0041,0x0041,0x0041,0x0041,0x0041,0x0041,0x0041,0x0041,0x0041,0x0041,
  0x0041,0x0041,0x0041,0x0041,0x0041,0x0041,0x0041,0x0041,0x0041,0x0041,0x0041,0x0041,0x0041,0x0041,0x0041,0x0041,
  0x0041,0x0041,0x0041,0x0041,0x0041,0x0041,0x0041,0x0041,0x0041,0x0041,0x0041,0x0041,0x0041,0x0041,0x0041,0x0041,
  0x0041,0x0041,0x0041,0x0041,0x0041,0x0041,0x0041,0x0041,0x0041,0x0041,0x0041,0x0041,0x0041,0x0041,0x0041,0x0041,
  0x0041,0x0041,0x0041,0x0041,0x0041,0x0041,0x0041,0x0041,0x0041,0x0041,0x0041,0x0041,0x0041,0x0041,0x0041,0x0041,
  0x0041,0x0041,0x0041,0x0041,0x0041,0x0041,0x0041,0x0041,0x0041,0x0041,0x0041,0x0041,0x0041,0x0041,0x0041,0x0041,
  0x0041,0x0041,0x0041,0x0041,0x0041,0x0041,0x0041,0x0041,0x0041,0x0041,0x0041,0x0041,0x0041,0x0041,0x0041,0x0041,
  0x0041,0x0041,0x0041,0x0041,0x0041,0x0041,0x0041,0x0041,0x0041,0x0041,0x0041,0x0041,0x0041,0x0041,0x0041,0x0041,
  0x0041,0x0041,0x0041,0x0041,0x0041,0x0041,0x0041,0x0041,0x0041,0x0041,0x0041,0x0041,0x0041,0x0041,0x0041,0x0041,
  0x0041,0x0041,0x0041,0x0041,0x0041,0x0041,0x0041,0x0041,0x0041,0x0041,0x0041,0x0041,0x0041,0x0041,0x0041,0x0041,
  0x0041,0x0041,0x0041,0x0041,0x0041,0x0041,0x0041,0x0041,0x0041,0x0041,0x0041,0x0041,0x0882,0x1987,0x19A7,0x19A7,
  0x19A7,0x19A7,0x19A7,0x19A7,0x19A7,0x19A7,0x19A7,0x19A7,0x19A7,0x19A7,0x19A7,0x19A7,0x19A7,0x19A7,0x19A7,0x19A7,
  0x19A7,0x19A7,0x19A7,0x19A7,0x19A7,0x19A7,0x19A7,0x19A7,0x19A7,0x19A7,0x19A7,0x19A7,0x19A7,0x19A7,0x19A7,0x19A7,
  0x19A7,0x19A7,0x19A7,0x19A7,0x19A7,0x1987,0x0882,0x0041,0x0041,0x0041,0x0041,0x0041,0x0041,0x0041,0x0041,0x0041,
  0x0041,0x0041,0x0041,0x0041,0x0041,0x0041,0x0041,0x0041,0x0041,0x0041,0x0041,0x0041,0x0041,0x0041,0x0041,0x0041,
  0x0041,0x0041,0x0041,0x0041,0x0041,0x0041,0x0041,0x0041,0x0041,0x0041,0x0041,0x0041,0x0041,0x0041,0x0041,0x0041,
  0x0041,0x0041,0x0041,0x0041,0x0041,0x0041,0x0041,0x0041,0x0041,0x0041,0x0041,0x0041,0x0041,0x0041,0x0041,0x0041,
  0x0041,0x0041,0x0041,0x0041,0x0041,0x0041,0x0041,0x0041,0x0041,0x0041,0x0041,0x0041,0x0041,0x0041,0x0041,0x0041,
  0x0041,0x0041,0x0041,0x0041,0x0041,0x0041,0x0041,0x0041,0x0041,0x0041,0x0041,0x0041,0x0041,0x0041,0x0041,0x0041,
  0x0041,0x0041,0x0041,0x0041,0x0041,0x0041,0x0041,0x0041,0x0041,0x0041,0x0041,0x0041,0x0041,0x0041,0x0041,0x0041,
  0x0041,0x0041,0x0041,0x0041,0x0041,0x0041,0x0041,0x0041,0x0041,0x0041,0x0041,0x0041,0x0041,0x0041,0x0041,0x0041,
  0x0041,0x0041,0x0041,0x0041,0x0041,0x0041,0x0041,0x0041,0x0041,0x0041,0x0041,0x0041,0x0041,0x0041,0x0041,0x0041,
  0x0041,0x0041,0x0041,0x0041,0x0041,0x0041,0x0041,0x0041,0x0041,0x0041,0x0041,0x0041,0x0041,0x0041,0x0041,0x0041,
  0x0041,0x0041,0x0041,0x0041,0x0041,0x0041,0x0041,0x0041,0x0041,0x0041,0x0041,0x0041,0x0041,0x0041,0x0041,0x0041,
  0x0041,0x0041,0x0041,0x0041,0x0041,0x0041,0x0041,0x0041,0x0041,0x0041,0x0041,0x0041,0x0041,0x0041,0x0041,0x0041,
  0x0041,0x0041,0x0041,0x0041,0x0041,0x0041,0x0041,0x0041,0x0041,0x0041,0x0041,0x0041,0x0041,0x0041,0x0041,0x0041,
  0x0041,0x0041,0x0041,0x0041,0x0041,0x0041,0x0041,0x0041,0x0041,0x0041,0x0041,0x0041,0x0041,0x0041,0x0041,0x0041,
  0x0041,0x0041,0x0041,0x0041,0x0041,0x0041,0x0041,0x0041,0x0041,0x0041,0x0041,0x0041,0x0041,0x0041,0x0041,0x0041,
  0x0041,0x0041,0x0041,0x0041,0x0041,0x0041,0x0041,0x0041,0x0041,0x0041,0x0041,0x0041,0x0041,0x0041,0x0041,0x0041,
  0x0041,0x0041,0x0041,0x0041,0x0041,0x0041,0x0041,0x0041,0x0041,0x0041,0x0041,0x0041,0x0041,0x0041,0x0041,0x0041,
  0x0041,0x0041,0x0041,0x0041,0x0041,0x0041,0x0041,0x0041,0x0041,0x0041,0x0041,0x0041,0x1987,0x0882,0x0041,0x0041,
  0x0041,0x0041,0x0041,0x0041,0x41E5,0x41E5,0x0041,0x0041,0x0041,0x0041,0x0041,0x0041,0x0041,0x0041,0x0041,0x0041,
  0x0041,0x0041,0x0041,0x0041,0x0041,0x0041,0x0041,0x0041,0x0041,0x0041,0x0041,0x0041,0x0041,0x0041,0x0041,0x0041,
  0x0041,0x0041,0x0041,0x0041,0x0041,0x0882,0x1987,0x0041,0x0041,0x0041,0x0041,0x0041,0x0041,0x0041,0x0041,0x0041,
  0x0041,0x0041,0x0041,0x0041,0x0041,0x0041,0x0041,0x0041,0x0041,0x0041,0x0041,0x0041,0x0041,0x0041,0x0041,0x0041,
  0x0041,0x0041,0x0041,0x0041,0x0041,0x0041,0x0041,0x0041,0x0041,0x0041,0x0041,0x0041,0x0041,0x0041,0x0041,0x0041,
  0x0041,0x0041,0x0041,0x0041,0x0041,0x0041,0x0041,0x0041,0x0041,0x0041,0x0041,0x0041,0x0041,0x0041,0x0041,0x0041,
  0x0041,0x0041,0x0041,0x0041,0x0041,0x0041,0x0041,0x0041,0x0041,0x0041,0x0041,0x0041,0x0041,0x0041,0x0041,0x0041,
  0x0041,0x0041,0x0041,0x0041,0x0041,0x0041,0x0041,0x0041,0x0041,0x0041,0x0041,0x0041,0x0041,0x0041,0x0041,0x0041,
  0x0041,0x0041,0x0041,0x0041,0x0041,0x0041,0x0041,0x0041,0x0041,0x0041,0x0041,0x0041,0x0041,0x0041,0x0041,0x0041,
  0x0041,0x0041,0x0041,0x0041,0x0041,0x0041,0x0041,0x0041,0x0041,0x0041,0x0041,0x0041,0x0041,0x0041,0x0041,0x0041,
  0x0041,0x0041,0x0041,0x0041,0x0041,0x0041,0x0041,0x0041,0x0041,0x0041,0x0041,0x0041,0x0041,0x0041,0x0041,0x0041,
  0x0041,0x0041,0x0041,0x0041,0x0041,0x0041,0x0041,0x0041,0x0041,0x0041,0x0041,0x0041,0x0041,0x0041,0x0041,0x0041,
  0x0041,0x0041,0x0041,0x0041,0x0041,0x0041,0x0041,0x0041,0x0041,0x0041,0x0041,0x0041,0x0041,0x0041,0x0041,0x0041,
  0x0041,0x0041,0x0041,0x0041,0x0041,0x0041,0x0041,0x0041,0x0041,0x0041,0x0041,0x0041,0x0041,0x0041,0x0041,0x0041,
  0x0041,0x0041,0x0041,0x0041,0x0041,0x0041,0x0041,0x0041,0x0041,0x0041,0x0041,0x0041,0x0041,0x0041,0x0041,0x0041,
  0x0041,0x0041,0x0041,0x0041,0x0041,0x0041,0x0041,0x0041,0x0041,0x0041,0x0041,0x0041,0x0041,0x0041,0x0041,0x0041,
  0x0041,0x0041,0x0041,0x0041,0x0041,0x0041,0x0041,0x0041,0x0041,0x0041,0x0041,0x0041,0x0041,0x0041,0x0041,0x0041,
  0x0041,0x0041,0x0041,0x0041,0x0041,0x0041,0x0041,0x0041,0x0041,0x0041,0x0041,0x0041,0x0041,0x0041,0x0041,0x0041,
  0x0041,0x0041,0x0041,0x0041,0x0041,0x0041,0x0041,0x0041,0x0041,0x0041,0x0041,0x0041,0x0041,0x0041,0x0041,0x0041,
  0x0041,0x0041,0x0041,0x0041,0x0041,0x0041,0x0041,0x0041,0x0041,0x0041,0x0041,0x0041,0x19A7,0x0041,0x0041,0x0041,
  0x0041,0x10A2,0x10A2,0x0041,0xD54C,0xD54C,0x0041,0x10A2,0x10A2,0x0041,0x0041,0x0041,0x0041,0x0041,0x0041,0x0041,
  0x0041,0x0041,0x0041,0x0041,0x0041,0x0041,0x0041,0x0041,0x0041,0x0041,0x0041,0x0041,0x0041,0x0041,0x0041,0x0041,
  0x0041,0x0041,0x0041,0x0041,0x0041,0x0041,0x19A7,0x0041,0x0041,0x0041,0x0041,0x0041,0x0041,0x0041,0x0041,0x0041,
  0x0041,0x0041,0x0041,0x0041,0x0041,0x0041,0x0041,0x0041,0x0041,0x0041,0x0041,0x0041,0x0041,0x0041,0x0041,0x0041,
  0x0041,0x0041,0x0041,0x0041,0x0041,0x0041,0x0041,0x0041,0x0041,0x0041,0x0041,0x0041,0x0041,0x0041,0x0041,0x0041,
  0x0041,0x0041,0x0041,0x0041,0x0041,0x0041,0x0041,0x0041,0x0041,0x0041,0x0041,0x0041,0x0041,0x0041,0x0041,0x0041,
  0x0041,0x0041,0x0041,0x0041,0x0041,0x0041,0x0041,0x0041,0x0041,0x0041,0x0041,0x0041,0x0041,0x0041,0x0041,0x0041,
  0x0041,0x0041,0x0041,0x0041,0x0041,0x0041,0x0041,0x0041,0x0041,0x0041,0x0041,0x0041,0x0041,0x0041,0x0041,0x0041,
  0x0041,0x0041,0x0041,0x0041,0x0041,0x0041,0x0041,0x0041,0x0041,0x0041,0x0041,0x0041,0x0041,0x0041,0x0041,0x0041,
  0x0041,0x0041,0x0041,0x0041,0x0041,0x0041,0x0041,0x0041,0x0041,0x0041,0x0041,0x0041,0x0041,0x0041,0x0041,0x0041,
  0x0041,0x0041,0x0041,0x0041,0x0041,0x0041,0x0041,0x0041,0x0041,0x0041,0x0041,0x0041,0x0041,0x0041,0x0041,0x0041,
  0x0041,0x0041,0x0041,0x0041,0x0041,0x0041,0x0041,0x0041,0x0041,0x0041,0x0041,0x0041,0x0041,0x0041,0x0041,0x0041,
  0x0041,0x0041,0x0041,0x0041,0x0041,0x0041,0x0041,0x0041,0x0041,0x0041,0x0041,0x0041,0x0041,0x0041,0x0041,0x0041,
  0x0041,0x0041,0x0041,0x0041,0x0041,0x0041,0x0041,0x0041,0x0041,0x0041,0x0041,0x0041,0x0041,0x0041,0x0041,0x0041,
  0x0041,0x0041,0x0041,0x0041,0x0041,0x0041,0x0041,0x0041,0x0041,0x0041,0x0041,0x0041,0x0041,0x0041,0x0041,0x0041,
  0x0041,0x0041,0x0041,0x0041,0x0041,0x0041,0x0041,0x0041,0x0041,0x0041,0x0041,0x0041,0x0041,0x0041,0x0041,0x0041,
  0x0041,0x0041,0x0041,0x0041,0x0041,0x0041,0x0041,0x0041,0x0041,0x0041,0x0041,0x0041,0x0041,0x0041,0x0041,0x0041,
  0x0041,0x0041,0x0041,0x0041,0x0041,0x0041,0x0041,0x0041,0x0041,0x0041,0x0041,0x0041,0x0041,0x0041,0x0041,0x0041,
  0x0041,0x0041,0x0041,0x0041,0x0041,0x0041,0x0041,0x0041,0x0041,0x0041,0x0041,0x0041,0x0041,0x0041,0x0041,0x0041,
  0x0041,0x0041,0x0041,0x0041,0x0041,0x0041,0x0041,0x0041,0x0041,0x0041,0x0041,0x0041,0x19A7,0x0041,0x0041,0x0041,
  0x10A2,0xD54C,0xA42A,0x8368,0xEE2E,0xEE2E,0x8368,0xA42A,0xD54C,0x10A2,0x0041,0x0041,0x0041,0x0041,0x0041,0x0041,
  0x0041,0x0041,0x0041,0x0041,0x0041,0x0041,0x0041,0x0041,0x0041,0x0041,0x0041,0x0041,0x0041,0x0041,0x0041,0x0041,
  0x0041,0x0041,0x0041,0x0041,0x0041,0x0041,0x19A7,0x0041,0x0041,0x0041,0x0041,0x0041,0x0041,0x0041,0x0041,0x0041,
  0x0041,0x0041,0x0041,0x0041,0x0041,0x0041,0x0041,0x0041,0x0041,0x0041,0x0041,0x0041,0x0041,0x0041,0x0041,0x0041,
  0x0041,0x0041,0x0041,0x0041,0x0041,0x0041,0x0041,0x0041,0x0041,0x0041,0x0041,0x0041,0x0041,0x0041,0x0041,0x0041,
  0x0041,0x0041,0x0041,0x0041,0x0041,0x0041,0x0041,0x0041,0x0041,0x0041,0x0041,0x0041,0x0041,0x0041,0x0041,0x0041,
  0x0041,0x0041,0x0041,0x0041,0x0041,0x0041,0x0041,0x0041,0x0041,0x0862,0x10E4,0x0041,0x0041,0x0862,0x10E4,0x0041,
  0x0041,0x0041,0x0041,0x0041,0x0041,0x0041,0x0041,0x0041,0x0041,0x0041,0x0041,0x0041,0x0041,0x0041,0x0041,0x0041,
  0x0041,0x0041,0x0041,0x0041,0x0041,0x0041,0x0041,0x0041,0x0041,0x0041,0x0041,0x0041,0x0041,0x0041,0x0041,0x0041,
  0x0041,0x0041,0x0041,0x0041,0x0041,0x0041,0x0041,0x0041,0x0041,0x0041,0x0041,0x0041,0x0041,0x0041,0x0041,0x0041,
  0x0041,0x0041,0x0041,0x0041,0x0041,0x0041,0x0041,0x0041,0x0041,0x0041,0x0041,0x0041,0x0041,0x0041,0x0041,0x0041,
  0x0041,0x0041,0x0041,0x0041,0x0041,0x0041,0x0041,0x0041,0x0041,0x0041,0x0041,0x0041,0x0041,0x0041,0x0041,0x0041,
  0x0041,0x0041,0x0041,0x0041,0x0041,0x0041,0x0041,0x0041,0x0041,0x0041,0x0041,0x0041,0x0041,0x0041,0x0041,0x0041,
  0x0041,0x0041,0x0041,0x0041,0x0041,0x0041,0x0041,0x0041,0x0041,0x0041,0x0041,0x0041,0x0041,0x0041,0x0041,0x0041,
  0x0041,0x0041,0x0041,0x0041,0x0041,0x0041,0x0041,0x0041,0x0041,0x0041,0x0041,0x0041,0x0041,0x0041,0x0041,0x0041,
  0x0041,0x0041,0x0041,0x0041,0x0041,0x0041,0x0041,0x0041,0x0041,0x0041,0x0041,0x0041,0x0041,0x0041,0x0041,0x0041,
  0x0041,0x0041,0x0041,0x0041,0x0041,0x0041,0x0041,0x0041,0x0041,0x0041,0x0041,0x0041,0x0041,0x0041,0x0041,0x0041,
  0x0041,0x0041,0x0041,0x0041,0x0041,0x0041,0x0041,0x0041,0x0041,0x0041,0x0041,0x0041,0x0041,0x0041,0x0041,0x0041,
  0x0041,0x0041,0x0041,0x0041,0x0041,0x0041,0x0041,0x0041,0x0041,0x0041,0x0041,0x0041,0x0041,0x0041,0x0041,0x0041,
  0x0041,0x0041,0x0041,0x0041,0x0041,0x0041,0x0041,0x0041,0x0041,0x0041,0x0041,0x0041,0x19A7,0x0041,0x0041,0x0041,
  0x10A2,0xA42A,0xFE8F,0xFE8F,0xFE8F,0xFE8F,0xFE8F,0xFE8F,0xA42A,0x10A2,0x0041,0x0041,0x0041,0x0041,0x0041,0x0041,
  0x0041,0x0041,0x0041,0x0041,0x0041,0x0041,0x0041,0x0041,0x0041,0x0041,0x0041,0x0041,0x0041,0x0041,0x0041,0x0041,
  0x0041,0x0041,0x0041,0x0041,0x0041,0x0041,0x19A7,0x0041,0x0041,0x0041,0x0041,0x0041,0x0041,0x0041,0x0041,0x0041,
  0x0041,0x0041,0x0041,0x0041,0x0041,0x0041,0x0041,0x0041,0x0041,0x0041,0x0041,0x3A29,0x4ACB,0x4AEC,0x428A,0x2186,
  0x4ACC,0x428A,0x29C7,0x0041,0x1904,0x31E8,0x0041,0x0041,0x2186,0x4ACC,0x428A,0x29C7,0x0041,0x3A29,0x31E8,0x1925,
  0x4ACB,0x2186,0x4ACC,0x428A,0x29C7,0x3A29,0x4ACB,0x4AEC,0x428A,0x0861,0x2186,0x4ACC,0x42AB,0x2987,0x3A6A,0x10C3,
  0x0862,0x42AB,0x0041,0x0041,0x0041,0x0041,0x0041,0x0041,0x0041,0x2986,0x2166,0x0041,0x0041,0x2986,0x2166,0x0041,
  0x0041,0x0041,0x0041,0x0041,0x0041,0x0041,0x0041,0x0041,0x0041,0x0041,0x0041,0x0041,0x0041,0x0041,0x0041,0x0041,
  0x0041,0x0041,0x0041,0x0041,0x0041,0x0041,0x0041,0x0041,0x0041,0x0041,0x0041,0x0041,0x0041,0x0041,0x0041,0x0041,
  0x0041,0x0041,0x0041,0x0041,0x0041,0x0041,0x0041,0x0041,0x0041,0x0041,0x0041,0x0041,0x0041,0x0041,0x0041,0x0041,
  0x0041,0x0041,0x0041,0x0041,0x0041,0x0041,0x0041,0x0041,0x0041,0x0041,0x0041,0x0041,0x0041,0x0041,0x0041,0x0041,
  0x0041,0x0041,0x0041,0x0041,0x0041,0x0041,0x0041,0x0041,0x0041,0x0041,0x0041,0x0041,0x0041,0x0041,0x0041,0x0041,
  0x0041,0x0041,0x0041,0x0041,0x0041,0x0041,0x0041,0x0041,0x0041,0x0041,0x0041,0x0041,0x0041,0x0041,0x0041,0x0041,
  0x0041,0x0041,0x0041,0x0041,0x0041,0x0041,0x0041,0x0041,0x0041,0x0041,0x0041,0x0041,0x0041,0x0041,0x0041,0x0041,
  0x0041,0x0041,0x0041,0x0041,0x0041,0x0041,0x0041,0x0041,0x0041,0x0041,0x0041,0x0041,0x0041,0x0041,0x0041,0x0041,
  0x0041,0x0041,0x0041,0x0041,0x0041,0x0041,0x0041,0x0041,0x0041,0x0041,0x0041,0x0041,0x0041,0x0041,0x0041,0x0041,
  0x0041,0x0041,0x0041,0x0041,0x0041,0x0041,0x0041,0x0041,0x0041,0x0041,0x0041,0x0041,0x0041,0x0041,0x0041,0x0041,
  0x0041,0x0041,0x0041,0x0041,0x0041,0x0041,0x0041,0x0041,0x0041,0x0041,0x0041,0x0041,0x0041,0x0041,0x0041,0x0041,
  0x0041,0x0041,0x0041,0x0041,0x0041,0x0041,0x0041,0x0041,0x0041,0x0041,0x0041,0x0041,0x0041,0x0041,0x0041,0x0041,
  0x0041,0x0041,0x0041,0x0041,0x0041,0x0041,0x0041,0x0041,0x0041,0x0041,0x0041,0x0041,0x19A7,0x0041,0x0041,0x0041,
  0x0041,0x8368,0xFE8F,0xD54C,0x5245,0x5245,0xD54C,0xFE8F,0x8368,0x0041,0x0041,0x0041,0x0041,0x29A7,0x9555,0x8CF4,
  0x530C,0x0041,0x4AAB,0x9555,0x84D3,0x5B2D,0x73F0,0x9535,0x9D96,0x84D3,0x0862,0x5B6E,0x31E8,0x10A3,0x8492,0x4ACB,
  0x9555,0x9514,0x52EB,0x0041,0x0041,0x0041,0x19A7,0x0041,0x0041,0x0041,0x0041,0x0041,0x0041,0x0041,0x0041,0x0041,
  0x0041,0x0041,0x0041,0x0041,0x0041,0x0041,0x0041,0x0041,0x0041,0x0041,0x0041,0x0041,0x2145,0x31E8,0x0041,0x29A7,
  0x29A7,0x0041,0x0041,0x0041,0x1925,0x3A29,0x0041,0x0041,0x29A7,0x29A7,0x0041,0x0041,0x0041,0x3A6A,0x42AB,0x3A29,
  0x4AAB,0x29A7,0x29A7,0x0041,0x0041,0x0041,0x2145,0x31E8,0x0041,0x0041,0x29A7,0x2186,0x0862,0x4B0C,0x10E4,0x428A,
  0x29C7,0x2986,0x0041,0x0041,0x0041,0x0041,0x0041,0x0041,0x0041,0x428B,0x0861,0x0041,0x0041,0x428B,0x0861,0x0041,
  0x0041,0x0041,0x0041,0x0041,0x0041,0x0041,0x0041,0x0041,0x0041,0x0041,0x0041,0x0041,0x0041,0x0041,0x0041,0x0041,
  0x0041,0x0041,0x0041,0x0041,0x0041,0x0041,0x0041,0x0041,0x0041,0x0041,0x0041,0x0041,0x0041,0x0041,0x0041,0x0041,
  0x0041,0x0041,0x0041,0x0041,0x0041,0x0041,0x0041,0x0041,0x0041,0x0041,0x0041,0x0041,0x0041,0x0041,0x0041,0x0041,
  0x0041,0x0041,0x0041,0x0041,0x0041,0x0041,0x0041,0x0041,0x0041,0x0041,0x0041,0x0041,0x0041,0x0041,0x0041,0x0041,
  0x0041,0x0041,0x0041,0x0041,0x0041,0x0041,0x0041,0x0041,0x0041,0x0041,0x0041,0x0041,0x0041,0x0041,0x0041,0x0041,
  0x0041,0x0041,0x0041,0x0041,0x0041,0x0041,0x0041,0x0041,0x0041,0x0041,0x0041,0x0041,0x0041,0x0041,0x0041,0x0041,
  0x0041,0x0041,0x0041,0x0041,0x0041,0x0041,0x0041,0x0041,0x0041,0x0041,0x0041,0x0041,0x0041,0x0041,0x0041,0x0041,
  0x0041,0x0041,0x0041,0x0041,0x0041,0x0041,0x0041,0x0041,0x0041,0x0041,0x0041,0x0041,0x0041,0x0041,0x0041,0x0041,
  0x0041,0x0041,0x0041,0x0041,0x0041,0x0041,0x0041,0x0041,0x0041,0x0041,0x0041,0x0041,0x0041,0x0041,0x0041,0x0041,
  0x0041,0x0041,0x0041,0x0041,0x0041,0x0041,0x0041,0x0041,0x0041,0x0041,0x0041,0x0041,0x0041,0x0041,0x0041,0x0041,
  0x0041,0x0041,0x0041,0x0041,0x0041,0x0041,0x0041,0x0041,0x0041,0x0041,0x0041,0x0041,0x0041,0x0041,0x0041,0x0041,
  0x0041,0x0041,0x0041,0x0041,0x0041,0x0041,0x0041,0x0041,0x0041,0x0041,0x0041,0x0041,0x0041,0x0041,0x0041,0x0041,
  0x0041,0x0041,0x0041,0x0041,0x0041,0x0041,0x0041,0x0041,0x0041,0x0041,0x0041,0x0041,0x19A7,0x0041,0x0041,0x41E5,
  0xD54C,0xEE2E,0xFE8F,0x5245,0x0041,0x0041,0x5245,0xFE8F,0xEE2E,0xD54C,0x41E5,0x0041,0x0041,0x6BAF,0x4AAB,0x0041,
  0x10A3,0x0041,0x52EC,0x52EC,0x0041,0x0041,0x0041,0x4249,0x638E,0x0041,0x0041,0x6BCF,0x3A08,0x10A3,0x9535,0x530C,
  0x4ACB,0x0882,0xA5B7,0x0041,0x0041,0x0041,0x19A7,0x0041,0x0041,0x0041,0x0041,0x0041,0x0041,0x0041,0x0041,0x0041,
  0x0041,0x0041,0x0041,0x0041,0x0041,0x0041,0x0041,0x0041,0x0041,0x0041,0x0041,0x0041,0x2145,0x31E8,0x0041,0x29A7,
  0x4B0C,0x428A,0x2987,0x0041,0x1925,0x3A29,0x0041,0x0041,0x29A7,0x4B0C,0x428A,0x2987,0x0041,0x3A6A,0x29C8,0x3A29,
  0x42AB,0x29A7,0x4B0C,0x428A,0x2987,0x0041,0x2145,0x31E8,0x0041,0x0041,0x29A7,0x4ACC,0x42AB,0x31E8,0x0041,0x426A,
  0x4ACC,0x0041,0x0041,0x0041,0x0041,0x0041,0x0041,0x0041,0x10C3,0x3A29,0x0041,0x0041,0x10C3,0x3A29,0x0041,0x0041,
  0x0041,0x0041,0x0041,0x0041,0x0041,0x0041,0x0041,0x0041,0x0041,0x0041,0x0041,0x0041,0x0041,0x0041,0x0041,0x0041,
  0x0041,0x0041,0x0041,0x0041,0x0041,0x0041,0x0041,0x0041,0x0041,0x0041,0x0041,0x0041,0x0041,0x0041,0x0041,0x0041,
  0x0041,0x0041,0x0041,0x0041,0x0041,0x0041,0x0041,0x0041,0x0041,0x0041,0x0041,0x0041,0x0041,0x0041,0x0041,0x0041,
  0x0041,0x0041,0x0041,0x0041,0x0041,0x0041,0x0041,0x0041,0x0041,0x0041,0x0041,0x0041,0x0041,0x0041,0x0041,0x0041,
  0x0041,0x0041,0x0041,0x0041,0x0041,0x0041,0x0041,0x0041,0x0041,0x0041,0x0041,0x0041,0x0041,0x0041,0x0041,0x0041,
  0x0041,0x0041,0x0041,0x0041,0x0041,0x0041,0x0041,0x0041,0x0041,0x0041,0x0041,0x0041,0x0041,0x0041,0x0041,0x0041,
  0x0041,0x0041,0x0041,0x0041,0x0041,0x0041,0x0041,0x0041,0x0041,0x0041,0x0041,0x0041,0x0041,0x0041,0x0041,0x0041,
  0x0041,0x0041,0x0041,0x0041,0x0041,0x0041,0x0041,0x0041,0x0041,0x0041,0x0041,0x0041,0x0041,0x0041,0x0041,0x0041,
  0x0041,0x0041,0x0041,0x0041,0x0041,0x0041,0x0041,0x0041,0x0041,0x0041,0x0041,0x0041,0x0041,0x0041,0x0041,0x0041,
  0x0041,0x0041,0x0041,0x0041,0x0041,0x0041,0x0041,0x0041,0x0041,0x0041,0x0041,0x0041,0x0041,0x0041,0x0041,0x0041,
  0x0041,0x0041,0x0041,0x0041,0x0041,0x0041,0x0041,0x0041,0x0041,0x0041,0x0041,0x0041,0x0041,0x0041,0x0041,0x0041,
  0x0041,0x0041,0x0041,0x0041,0x0041,0x0041,0x0041,0x0041,0x0041,0x0041,0x0041,0x0041,0x0041,0x0041,0x0041,0x0041,
  0x0041,0x0041,0x0041,0x0041,0x0041,0x0041,0x0041,0x0041,0x0041,0x0041,0x0041,0x0041,0x19A7,0x0041,0x0041,0x41E5,
  0xD54C,0xEE2E,0xFE8F,0x5245,0x0041,0x0041,0x5245,0xFE8F,0xEE2E,0xD54C,0x41E5,0x0041,0x0041,0x2145,0x9514,0x9535,
  0x3A49,0x0041,0x52EC,0xA5B7,0x84D3,0x52EB,0x0041,0x4249,0x638E,0x0041,0x0041,0x6BCF,0x3A08,0x10A3,0x9535,0x530C,
  0x9555,0x8CF4,0x63AF,0x0041,0x0041,0x0041,0x19A7,0x0041,0x0041,0x0041,0x0041,0x0041,0x0041,0x0041,0x0041,0x0041,
  0x0041,0x0041,0x0041,0x0041,0x0041,0x0041,0x0041,0x0041,0x0041,0x0041,0x0041,0x0041,0x2145,0x31E8,0x0041,0x29A7,
  0x29A7,0x0041,0x0041,0x0041,0x1925,0x3A29,0x0041,0x0041,0x29A7,0x29A7,0x0041,0x0041,0x0041,0x3A6A,0x10A3,0x10C3,
  0x42AB,0x29A7,0x29A7,0x0041,0x0041,0x0041,0x2145,0x31E8,0x0041,0x0041,0x29A7,0x2987,0x4AAB,0x10C3,0x0041,0x2145,
  0x31E8,0x0041,0x0041,0x0041,0x0041,0x0041,0x0041,0x0041,0x3208,0x18E4,0x0041,0x0041,0x3208,0x18E4,0x0041,0x0041,
  0x0041,0x0041,0x0041,0x0041,0x0041,0x0041,0x0041,0x0041,0x0041,0x0041,0x0041,0x0041,0x0041,0x0041,0x0041,0x0041,
  0x0041,0x0041,0x0041,0x0041,0x0041,0x0041,0x0041,0x0041,0x0041,0x0041,0x0041,0x0041,0x0041,0x0041,0x0041,0x0041,
  0x0041,0x0041,0x0041,0x0041,0x0041,0x0041,0x0041,0x0041,0x0041,0x0041,0x0041,0x0041,0x0041,0x0041,0x0041,0x0041,
  0x0041,0x0041,0x0041,0x0041,0x0041,0x0041,0x0041,0x0041,0x0041,0x0041,0x0041,0x0041,0x0041,0x0041,0x0041,0x0041,
  0x0041,0x0041,0x0041,0x0041,0x0041,0x0041,0x0041,0x0041,0x0041,0x0041,0x0041,0x0041,0x0041,0x0041,0x0041,0x0041,
  0x0041,0x0041,0x0041,0x0041,0x0041,0x0041,0x0041,0x0041,0x0041,0x0041,0x0041,0x0041,0x0041,0x0041,0x0041,0x0041,
  0x0041,0x0041,0x0041,0x0041,0x0041,0x0041,0x0041,0x0041,0x0041,0x0041,0x0041,0x0041,0x0041,0x0041,0x0041,0x0041,
  0x0041,0x0041,0x0041,0x0041,0x0041,0x0041,0x0041,0x0041,0x0041,0x0041,0x0041,0x0041,0x0041,0x0041,0x0041,0x0041,
  0x0041,0x0041,0x0041,0x0041,0x0041,0x0041,0x0041,0x0041,0x0041,0x0041,0x0041,0x0041,0x0041,0x0041,0x0041,0x0041,
  0x0041,0x0041,0x0041,0x0041,0x0041,0x0041,0x0041,0x0041,0x0041,0x0041,0x0041,0x0041,0x0041,0x0041,0x0041,0x0041,
  0x0041,0x0041,0x0041,0x0041,0x0041,0x0041,0x0041,0x0041,0x0041,0x0041,0x0041,0x0041,0x0041,0x0041,0x0041,0x0041,
  0x0041,0x0041,0x0041,0x0041,0x0041,0x0041,0x0041,0x0041,0x0041,0x0041,0x0041,0x0041,0x0041,0x0041,0x0041,0x0041,
  0x0041,0x0041,0x0041,0x0041,0x0041,0x0041,0x0041,0x0041,0x0041,0x0041,0x0041,0x0041,0x19A7,0x0041,0x0041,0x0041,
  0x0041,0x8368,0xFE8F,0xD54C,0x5245,0x5245,0xD54C,0xFE8F,0x8368,0x0041,0x0041,0x0041,0x0041,0x10A3,0x0041,0x10C3,
  0xA5B7,0x0041,0x52EC,0x52EC,0x0041,0x0041,0x0041,0x4249,0x638E,0x0041,0x0041,0x638E,0x3A49,0x18E4,0x8CF4,0x530C,
  0x530C,0x0862,0x0041,0x0041,0x0041,0x0041,0x19A7,0x0041,0x0041,0x0041,0x0041,0x0041,0x0041,0x0041,0x0041,0x0041,
  0x0041,0x0041,0x0041,0x0041,0x0041,0x0041,0x0041,0x0041,0x0041,0x0041,0x0041,0x0041,0x2145,0x31E8,0x0041,0x29A7,
  0x4B0C,0x428A,0x29C7,0x0041,0x1925,0x532D,0x428A,0x3208,0x29A7,0x4B0C,0x428A,0x29C7,0x0041,0x3A6A,0x0882,0x0041,
  0x42AB,0x29A7,0x4B0C,0x428A,0x29C7,0x0041,0x2145,0x31E8,0x0041,0x0041,0x29A7,0x2186,0x1904,0x426A,0x0041,0x2145,
  0x31E8,0x0041,0x0041,0x0041,0x0041,0x0041,0x0041,0x0041,0x42AB,0x0041,0x0041,0x0041,0x42AB,0x0041,0x0041,0x0041,
  0x0041,0x0041,0x0041,0x0041,0x0041,0x0041,0x0041,0x0041,0x0041,0x0041,0x0041,0x0041,0x0041,0x0041,0x0041,0x0041,
  0x0041,0x0041,0x0041,0x0041,0x0041,0x0041,0x0041,0x0041,0x0041,0x0041,0x0041,0x0041,0x0041,0x0041,0x0041,0x0041,
  0x0041,0x0041,0x0041,0x0041,0x0041,0x0041,0x0041,0x0041,0x0041,0x0041,0x0041,0x0041,0x0041,0x0041,0x0041,0x0041,
  0x0041,0x0041,0x0041,0x0041,0x0041,0x0041,0x0041,0x0041,0x0041,0x0041,0x0041,0x0041,0x0041,0x0041,0x0041,0x0041,
  0x0041,0x0041,0x0041,0x0041,0x0041,0x0041,0x0041,0x0041,0x0041,0x0041,0x0041,0x0041,0x0041,0x0041,0x0041,0x0041,
  0x0041,0x0041,0x0041,0x0041,0x0041,0x0041,0x0041,0x0041,0x0041,0x0041,0x0041,0x0041,0x0041,0x0041,0x0041,0x0041,
  0x0041,0x0041,0x0041,0x0041,0x0041,0x0041,0x0041,0x0041,0x0041,0x0041,0x0041,0x0041,0x0041,0x0041,0x0041,0x0041,
  0x0041,0x0041,0x0041,0x0041,0x0041,0x0041,0x0041,0x0041,0x0041,0x0041,0x0041,0x0041,0x0041,0x0041,0x0041,0x0041,
  0x0041,0x0041,0x0041,0x0041,0x0041,0x0041,0x0041,0x0041,0x0041,0x0041,0x0041,0x0041,0x0041,0x0041,0x0041,0x0041,
  0x0041,0x0041,0x0041,0x0041,0x0041,0x0041,0x0041,0x0041,0x0041,0x0041,0x0041,0x0041,0x0041,0x0041,0x0041,0x0041,
  0x0041,0x0041,0x0041,0x0041,0x0041,0x0041,0x0041,0x0041,0x0041,0x0041,0x0041,0x0041,0x0041,0x0041,0x0041,0x0041,
  0x0041,0x0041,0x0041,0x0041,0x0041,0x0041,0x0041,0x0041,0x0041,0x0041,0x0041,0x0041,0x0041,0x0041,0x0041,0x0041,
  0x0041,0x0041,0x0041,0x0041,0x0041,0x0041,0x0041,0x0041,0x0041,0x0041,0x0041,0x0041,0x19A7,0x0041,0x0041,0x0041,
  0x10A2,0xA42A,0xFE8F,0xFE8F,0xFE8F,0xFE8F,0xFE8F,0xFE8F,0xA42A,0x10A2,0x0041,0x0041,0x0041,0x52EB,0x8CF4,0x8CF4,
  0x5B4D,0x0041,0x52EC,0xA5B7,0x84D3,0x5B2D,0x0041,0x4249,0x638E,0x0041,0x0041,0x29A7,0x9D76,0x9514,0x4ACB,0x530C,
  0x4ACB,0x0041,0x0041,0x0041,0x0041,0x0041,0x19A7,0x0041,0x0041,0x0041,0x0041,0x0041,0x0041,0x0041,0x0041,0x0041,
  0x0041,0x0041,0x0041,0x0041,0x0041,0x0041,0x0041,0x0041,0x0041,0x0041,0x0041,0x0041,0x0041,0x0041,0x0041,0x0041,
  0x0041,0x0041,0x0041,0x0041,0x0041,0x0041,0x0041,0x0041,0x0041,0x0041,0x0041,0x0041,0x0041,0x0041,0x0041,0x0041,
  0x0041,0x0041,0x0041,0x0041,0x0041,0x0041,0x0041,0x0041,0x0041,0x0041,0x0041,0x0041,0x0041,0x0041,0x0041,0x0041,
  0x0041,0x0041,0x0041,0x0041,0x0041,0x0041,0x0041,0x1904,0x29C7,0x0041,0x0041,0x1904,0x29C7,0x0041,0x0041,0x0041,
  0x0041,0x0041,0x0041,0x0041,0x0041,0x0041,0x0041,0x0041,0x0041,0x0041,0x0041,0x0041,0x0041,0x0041,0x0041,0x0041,
  0x0041,0x0041,0x0041,0x0041,0x0041,0x0041,0x0041,0x0041,0x0041,0x0041,0x0041,0x0041,0x0041,0x0041,0x0041,0x0041,
  0x0041,0x0041,0x0041,0x0041,0x0041,0x0041,0x0041,0x0041,0x0041,0x0041,0x0041,0x0041,0x0041,0x0041,0x0041,0x0041,
  0x0041,0x0041,0x0041,0x0041,0x0041,0x0041,0x0041,0x0041,0x0041,0x0041,0x0041,0x0041,0x0041,0x0041,0x0041,0x0041,
  0x0041,0x0041,0x0041,0x0041,0x0041,0x0041,0x0041,0x0041,0x0041,0x0041,0x0041,0x0041,0x0041,0x0041,0x0041,0x0041,
  0x0041,0x0041,0x0041,0x0041,0x0041,0x0041,0x0041,0x0041,0x0041,0x0041,0x0041,0x0041,0x0041,0x0041,0x0041,0x0041,
  0x0041,0x0041,0x0041,0x0041,0x0041,0x0041,0x0041,0x0041,0x0041,0x0041,0x0041,0x0041,0x0041,0x0041,0x0041,0x0041,
  0x0041,0x0041,0x0041,0x0041,0x0041,0x0041,0x0041,0x0041,0x0041,0x0041,0x0041,0x0041,0x0041,0x0041,0x0041,0x0041,
  0x0041,0x0041,0x0041,0x0041,0x0041,0x0041,0x0041,0x0041,0x0041,0x0041,0x0041,0x0041,0x0041,0x0041,0x0041,0x0041,
  0x0041,0x0041,0x0041,0x0041,0x0041,0x0041,0x0041,0x0041,0x0041,0x0041,0x0041,0x0041,0x0041,0x0041,0x0041,0x0041,
  0x0041,0x0041,0x0041,0x0041,0x0041,0x0041,0x0041,0x0041,0x0041,0x0041,0x0041,0x0041,0x0041,0x0041,0x0041,0x0041,
  0x0041,0x0041,0x0041,0x0041,0x0041,0x0041,0x0041,0x0041,0x0041,0x0041,0x0041,0x0041,0x0041,0x0041,0x0041,0x0041,
  0x0041,0x0041,0x0041,0x0041,0x0041,0x0041,0x0041,0x0041,0x0041,0x0041,0x0041,0x0041,0x19A7,0x0041,0x0041,0x0041,
  0x10A2,0xD54C,0xA42A,0x8368,0xEE2E,0xEE2E,0x8368,0xA42A,0xD54C,0x10A2,0x0041,0x0041,0x0041,0x0041,0x0861,0x0862,
  0x0041,0x0041,0x0041,0x0041,0x0041,0x0041,0x0041,0x0041,0x0041,0x0041,0x0041,0x0041,0x0862,0x0862,0x0041,0x0041,
  0x0041,0x0041,0x0041,0x0041,0x0041,0x0041,0x19A7,0x0041,0x0041,0x0041,0x0041,0x0041,0x0041,0x0041,0x0041,0x0041,
  0x0041,0x0041,0x0041,0x0041,0x0041,0x0041,0x0041,0x0041,0x0041,0x0041,0x0041,0x0041,0x0041,0x0041,0x0041,0x0041,
  0x0041,0x0041,0x0041,0x0041,0x0041,0x0041,0x0041,0x0041,0x0041,0x0041,0x0041,0x0041,0x0041,0x0041,0x0041,0x0041,
  0x0041,0x0041,0x0041,0x0041,0x0041,0x0041,0x0041,0x0041,0x0041,0x0041,0x0041,0x0041,0x0041,0x0041,0x0041,0x0041,
  0x0041,0x0041,0x0041,0x0041,0x0041,0x0041,0x0041,0x0041,0x0041,0x0041,0x0041,0x0041,0x0041,0x0041,0x0041,0x0041,
  0x0041,0x0041,0x0041,0x0041,0x0041,0x0041,0x0041,0x0041,0x0041,0x0041,0x0041,0x0041,0x0041,0x0041,0x0041,0x0041,
  0x0041,0x0041,0x0041,0x0041,0x0041,0x0041,0x0041,0x0041,0x0041,0x0041,0x0041,0x0041,0x0041,0x0041,0x0041,0x0041,
  0x0041,0x0041,0x0041,0x0041,0x0041,0x0041,0x0041,0x0041,0x0041,0x0041,0x0041,0x0041,0x0041,0x0041,0x0041,0x0041,
  0x0041,0x0041,0x0041,0x0041,0x0041,0x0041,0x0041,0x0041,0x0041,0x0041,0x0041,0x0041,0x0041,0x0041,0x0041,0x0041,
  0x0041,0x0041,0x0041,0x0041,0x0041,0x0041,0x0041,0x0041,0x0041,0x0041,0x0041,0x0041,0x0041,0x0041,0x0041,0x0041,
  0x0041,0x0041,0x0041,0x0041,0x0041,0x0041,0x0041,0x0041,0x0041,0x0041,0x0041,0x0041,0x0041,0x0041,0x0041,0x0041,
  0x0041,0x0041,0x0041,0x0041,0x0041,0x0041,0x0041,0x0041,0x0041,0x0041,0x0041,0x0041,0x0041,0x0041,0x0041,0x0041,
  0x0041,0x0041,0x0041,0x0041,0x0041,0x0041,0x0041,0x0041,0x0041,0x0041,0x0041,0x0041,0x0041,0x0041,0x0041,0x0041,
  0x0041,0x0041,0x0041,0x0041,0x0041,0x0041,0x0041,0x0041,0x0041,0x0041,0x0041,0x0041,0x0041,0x0041,0x0041,0x0041,
  0x0041,0x0041,0x0041,0x0041,0x0041,0x0041,0x0041,0x0041,0x0041,0x0041,0x0041,0x0041,0x0041,0x0041,0x0041,0x0041,
  0x0041,0x0041,0x0041,0x0041,0x0041,0x0041,0x0041,0x0041,0x0041,0x0041,0x0041,0x0041,0x0041,0x0041,0x0041,0x0041,
  0x0041,0x0041,0x0041,0x0041,0x0041,0x0041,0x0041,0x0041,0x0041,0x0041,0x0041,0x0041,0x0041,0x0041,0x0041,0x0041,
  0x0041,0x0041,0x0041,0x0041,0x0041,0x0041,0x0041,0x0041,0x0041,0x0041,0x0041,0x0041,0x19A7,0x0041,0x0041,0x0041,
  0x0041,0x10A2,0x10A2,0x0041,0xD54C,0xD54C,0x0041,0x10A2,0x10A2,0x0041,0x0041,0x0041,0x0041,0x0041,0x0041,0x0041,
  0x0041,0x0041,0x0041,0x0041,0x0041,0x0041,0x0041,0x0041,0x0041,0x0041,0x0041,0x0041,0x0041,0x0041,0x0041,0x0041,
  0x0041,0x0041,0x0041,0x0041,0x0041,0x0041,0x19A7,0x0041,0x0041,0x0041,0x0041,0x0041,0x0041,0x0041,0x0041,0x0041,
  0x0041,0x0041,0x0041,0x0041,0x0041,0x0041,0x0041,0x0041,0x0041,0x0041,0x0041,0x0041,0x0041,0x0041,0x0041,0x0041,
  0x0041,0x0041,0x0041,0x0041,0x0041,0x0041,0x0041,0x0041,0x0041,0x0041,0x0041,0x0041,0x0041,0x0041,0x0041,0x0041,
  0x0041,0x0041,0x0041,0x0041,0x0041,0x0041,0x0041,0x0041,0x0041,0x0041,0x0041,0x0041,0x0041,0x0041,0x0041,0x0041,
  0x0041,0x0041,0x0041,0x0041,0x0041,0x0041,0x0041,0x0041,0x0041,0x0041,0x0041,0x0041,0x0041,0x0041,0x0041,0x0041,
  0x0041,0x0041,0x0041,0x0041,0x0041,0x0041,0x0041,0x0041,0x0041,0x0041,0x0041,0x0041,0x0041,0x0041,0x0041,0x0041,
  0x0041,0x0041,0x0041,0x0041,0x0041,0x0041,0x0041,0x0041,0x0041,0x0041,0x0041,0x0041,0x0041,0x0041,0x0041,0x0041,
  0x0041,0x0041,0x0041,0x0041,0x0041,0x0041,0x0041,0x0041,0x0041,0x0041,0x0041,0x0041,0x0041,0x0041,0x0041,0x0041,
  0x0041,0x0041,0x0041,0x0041,0x0041,0x0041,0x0041,0x0041,0x0041,0x0041,0x0041,0x0041,0x0041,0x0041,0x0041,0x0041,
  0x0041,0x0041,0x0041,0x0041,0x0041,0x0041,0x0041,0x0041,0x0041,0x0041,0x0041,0x0041,0x0041,0x0041,0x0041,0x0041,
  0x0041,0x0041,0x0041,0x0041,0x0041,0x0041,0x0041,0x0041,0x0041,0x0041,0x0041,0x0041,0x0041,0x0041,0x0041,0x0041,
  0x0041,0x0041,0x0041,0x0041,0x0041,0x0041,0x0041,0x0041,0x0041,0x0041,0x0041,0x0041,0x0041,0x0041,0x0041,0x0041,
  0x0041,0x0041,0x0041,0x0041,0x0041,0x0041,0x0041,0x0041,0x0041,0x0041,0x0041,0x0041,0x0041,0x0041,0x0041,0x0041,
  0x0041,0x0041,0x0041,0x0041,0x0041,0x0041,0x0041,0x0041,0x0041,0x0041,0x0041,0x0041,0x0041,0x0041,0x0041,0x0041,
  0x0041,0x0041,0x0041,0x0041,0x0041,0x0041,0x0041,0x0041,0x0041,0x0041,0x0041,0x0041,0x0041,0x0041,0x0041,0x0041,
  0x0041,0x0041,0x0041,0x0041,0x0041,0x0041,0x0041,0x0041,0x0041,0x0041,0x0041,0x0041,0x0041,0x0041,0x0041,0x0041,
  0x0041,0x0041,0x0041,0x0041,0x0041,0x0041,0x0041,0x0041,0x0041,0x0041,0x0041,0x0041,0x0041,0x0041,0x0041,0x0041,
  0x0041,0x0041,0x0041,0x0041,0x0041,0x0041,0x0041,0x0041,0x0041,0x0041,0x0041,0x0041,0x1987,0x0882,0x0041,0x0041,
  0x0041,0x0041,0x0041,0x0041,0x41E5,0x41E5,0x0041,0x0041,0x0041,0x0041,0x0041,0x0041,0x0041,0x0041,0x0041,0x0041,
  0x0041,0x0041,0x0041,0x0041,0x0041,0x0041,0x0041,0x0041,0x0041,0x0041,0x0041,0x0041,0x0041,0x0041,0x0041,0x0041,
  0x0041,0x0041,0x0041,0x0041,0x0041,0x0882,0x1987,0x0041,0x0041,0x0041,0x0041,0x0041,0x0041,0x0041,0x0041,0x0041,
  0x0041,0x0041,0x0041,0x0041,0x0041,0x0041,0x0041,0x0041,0x0041,0x0041,0x0041,0x0041,0x0041,0x0041,0x0041,0x0041,
  0x0041,0x0041,0x0041,0x0041,0x0041,0x0041,0x0041,0x0041,0x0041,0x0041,0x0041,0x0041,0x0041,0x0041,0x0041,0x0041,
  0x0041,0x0041,0x0041,0x0041,0x0041,0x0041,0x0041,0x0041,0x0041,0x0041,0x0041,0x0041,0x0041,0x0041,0x0041,0x0041,
  0x0041,0x0041,0x0041,0x0041,0x0041,0x0041,0x0041,0x0041,0x0041,0x0041,0x0041,0x0041,0x0041,0x0041,0x0041,0x0041,
  0x0041,0x0041,0x0041,0x0041,0x0041,0x0041,0x0041,0x0041,0x0041,0x0041,0x0041,0x0041,0x0041,0x0041,0x0041,0x0041,
  0x0041,0x0041,0x0041,0x0041,0x0041,0x0041,0x0041,0x0041,0x0041,0x0041,0x0041,0x0041,0x0041,0x0041,0x0041,0x0041,
  0x0041,0x0041,0x0041,0x0041,0x0041,0x0041,0x0041,0x0041,0x0041,0x0041,0x0041,0x0041,0x0041,0x0041,0x0041,0x0041,
  0x0041,0x0041,0x0041,0x0041,0x0041,0x0041,0x0041,0x0041,0x0041,0x0041,0x0041,0x0041,0x0041,0x0041,0x0041,0x0041,
  0x0041,0x0041,0x0041,0x0041,0x0041,0x0041,0x0041,0x0041,0x0041,0x0041,0x0041,0x0041,0x0041,0x0041,0x0041,0x0041,
  0x0041,0x0041,0x0041,0x0041,0x0041,0x0041,0x0041,0x0041,0x0041,0x0041,0x0041,0x0041,0x0041,0x0041,0x0041,0x0041,
  0x0041,0x0041,0x0041,0x0041,0x0041,0x0041,0x0041,0x0041,0x0041,0x0041,0x0041,0x0041,0x0041,0x0041,0x0041,0x0041,
  0x0041,0x0041,0x0041,0x0041,0x0041,0x0041,0x0041,0x0041,0x0041,0x0041,0x0041,0x0041,0x0041,0x0041,0x0041,0x0041,
  0x0041,0x0041,0x0041,0x0041,0x0041,0x0041,0x0041,0x0041,0x0041,0x0041,0x0041,0x0041,0x0041,0x0041,0x0041,0x0041,
  0x0041,0x0041,0x0041,0x0041,0x0041,0x0041,0x0041,0x0041,0x0041,0x0041,0x0041,0x0041,0x0041,0x0041,0x0041,0x0041,
  0x0041,0x0041,0x0041,0x0041,0x0041,0x0041,0x0041,0x0041,0x0041,0x0041,0x0041,0x0041,0x0041,0x0041,0x0041,0x0041,
  0x0041,0x0041,0x0041,0x0041,0x0041,0x0041,0x0041,0x0041,0x0041,0x0041,0x0041,0x0041,0x0041,0x0041,0x0041,0x0041,
  0x0041,0x0041,0x0041,0x0041,0x0041,0x0041,0x0041,0x0041,0x0041,0x0041,0x0041,0x0041,0x0882,0x1987,0x19A7,0x19A7,
  0x19A7,0x19A7,0x19A7,0x19A7,0x19A7,0x19A7,0x19A7,0x19A7,0x19A7,0x19A7,0x19A7,0x19A7,0x19A7,0x19A7,0x19A7,0x19A7,
  0x19A7,0x19A7,0x19A7,0x19A7,0x19A7,0x19A7,0x19A7,0x19A7,0x19A7,0x19A7,0x19A7,0x19A7,0x19A7,0x19A7,0x19A7,0x19A7,
  0x19A7,0x19A7,0x19A7,0x19A7,0x19A7,0x1987,0x0882,0x0041,0x0041,0x0041,0x0041,0x0041,0x0041,0x0041,0x0041,0x0041,
  0x0041,0x0041,0x0041,0x0041,0x0041,0x0041,0x0041,0x0041,0x0041,0x0041,0x0041,0x0041,0x0041,0x0041,0x0041,0x0041,
  0x0041,0x0041,0x0041,0x0041,0x0041,0x0041,0x0041,0x0041,0x0041,0x0041,0x0041,0x0041,0x0041,0x0041,0x0041,0x0041,
  0x0041,0x0041,0x0041,0x0041,0x0041,0x0041,0x0041,0x0041,0x0041,0x0041,0x0041,0x0041,0x0041,0x0041,0x0041,0x0041,
  0x0041,0x0041,0x0041,0x0041,0x0041,0x0041,0x0041,0x0041,0x0041,0x0041,0x0041,0x0041,0x0041,0x0041,0x0041,0x0041,
  0x0041,0x0041,0x0041,0x0041,0x0041,0x0041,0x0041,0x0041,0x0041,0x0041,0x0041,0x0041,0x0041,0x0041,0x0041,0x0041,
  0x0041,0x0041,0x0041,0x0041,0x0041,0x0041,0x0041,0x0041,0x0041,0x0041,0x0041,0x0041,0x0041,0x0041,0x0041,0x0041,
  0x0041,0x0041,0x0041,0x0041,0x0041,0x0041,0x0041,0x0041,0x0041,0x0041,0x0041,0x0041,0x0041,0x0041,0x0041,0x0041,
  0x0041,0x0041,0x0041,0x0041,0x0041,0x0041,0x0041,0x0041,0x0041,0x0041,0x0041,0x0041,0x0041,0x0041,0x0041,0x0041,
  0x0041,0x0041,0x0041,0x0041,0x0041,0x0041,0x0041,0x0041,0x0041,0x0041,0x0041,0x0041,0x0041,0x0041,0x0041,0x0041,
  0x0041,0x0041,0x0041,0x0041,0x0041,0x0041,0x0041,0x0041,0x0041,0x0041,0x0041,0x0041,0x0041,0x0041,0x0041,0x0041,
  0x0041,0x0041,0x0041,0x0041,0x0041,0x0041,0x0041,0x0041,0x0041,0x0041,0x0041,0x0041,0x0041,0x0041,0x0041,0x0041,
  0x0041,0x0041,0x0041,0x0041,0x0041,0x0041,0x0041,0x0041,0x0041,0x0041,0x0041,0x0041,0x0041,0x0041,0x0041,0x0041,
  0x0041,0x0041,0x0041,0x0041,0x0041,0x0041,0x0041,0x0041,0x0041,0x0041,0x0041,0x0041,0x0041,0x0041,0x0041,0x0041,
  0x0041,0x0041,0x0041,0x0041,0x0041,0x0041,0x0041,0x0041,0x0041,0x0041,0x0041,0x0041,0x0041,0x0041,0x0041,0x0041,
  0x0041,0x0041,0x0041,0x0041,0x0041,0x0041,0x0041,0x0041,0x0041,0x0041,0x0041,0x0041,0x0041,0x0041,0x0041,0x0041,
  0x0041,0x0041,0x0041,0x0041,0x0041,0x0041,0x0041,0x0041,0x0041,0x0041,0x0041,0x0041,0x0041,0x0041,0x0041,0x0041,
  0x0041,0x0041,0x0041,0x0041,0x0041,0x0041,0x0041,0x0041,0x0041,0x0041,0x0041,0x0041,0x0041,0x0041,0x0041,0x0041,
  0x0041,0x0041,0x0041,0x0041,0x0041,0x0041,0x0041,0x0041,0x0041,0x0041,0x0041,0x0041,0x0041,0x0041,0x0041,0x0041,
  0x0041,0x0041,0x0041,0x0041,0x0041,0x0041,0x0041,0x0041,0x0041,0x0041,0x0041,0x0041,0x0041,0x0041,0x0041,0x0041,
  0x0041,0x0041,0x0041,0x0041,0x0041,0x0041,0x0041,0x0041,0x0041,0x0041,0x0041,0x0041,0x0041,0x0041,0x0041,0x0041,
  0x0041,0x0041,0x0041,0x0041,0x0041,0x0041,0x0041,0x0041,0x0041,0x0041,0x0041,0x0041,0x0041,0x0041,0x0041,0x0041,
  0x0041,0x0041,0x0041,0x0041,0x0041,0x0041,0x0041,0x0041,0x0041,0x0041,0x0041,0x0041,0x0041,0x0041,0x0041,0x0041,
  0x0041,0x0041,0x0041,0x0041,0x0041,0x0041,0x0041,0x0041,0x0041,0x0041,0x0041,0x0041,0x0041,0x0041,0x0041,0x0041,
  0x0041,0x0041,0x0041,0x0041,0x0041,0x0041,0x0041,0x0041,0x0041,0x0041,0x0041,0x0041,0x0041,0x0041,0x0041,0x0041,
  0x0041,0x0041,0x0041,0x0041,0x0041,0x0041,0x0041,0x0041,0x0041,0x0041,0x0041,0x0041,0x0041,0x0041,0x0041,0x0041,
  0x0041,0x0041,0x0041,0x0041,0x0041,0x0041,0x0041,0x0041,0x0041,0x0041,0x0041,0x0041,0x0041,0x0041,0x0041,0x0041,
  0x0041,0x0041,0x0041,0x0041,0x0041,0x0041,0x0041,0x0041,0x0041,0x0041,0x0041,0x0041,0x0041,0x0041,0x0041,0x0041,
  0x0041,0x0041,0x0041,0x0041,0x0041,0x0041,0x0041,0x0041,0x0041,0x0041,0x0041,0x0041,0x0041,0x0041,0x0041,0x0041,
  0x0041,0x0041,0x0041,0x0041,0x0041,0x0041,0x0041,0x0041,0x0041,0x0041,0x0041,0x0041,0x0041,0x0041,0x0041,0x0041,
  0x0041,0x0041,0x0041,0x0041,0x0041,0x0041,0x0041,0x0041,0x0041,0x0041,0x0041,0x0041,0x0041,0x0041,0x0041,0x0041,
  0x0041,0x0041,0x0041,0x0041,0x0041,0x0041,0x0041,0x0041,0x0041,0x0041,0x0041,0x0041,0x0041,0x0041,0x0041,0x0041,
  0x0041,0x0041,0x0041,0x0041,0x0041,0x0041,0x0041,0x0041,0x0041,0x0041,0x0041,0x0041,0x0041,0x0041,0x0041,0x0041,
  0x0041,0x0041,0x0041,0x0041,0x0041,0x0041,0x0041,0x0041,0x0041,0x0041,0x0041,0x0041,0x0041,0x0041,0x0041,0x0041,
  0x0041,0x0041,0x0041,0x0041,0x0041,0x0041,0x0041,0x0041,0x0041,0x0041,0x0041,0x0041,0x0041,0x0041,0x0041,0x0041,
  0x0041,0x0041,0x0041,0x0041,0x0041,0x0041,0x0041,0x0041,0x0041,0x0041,0x0041,0x0041,0x0041,0x0041,0x0041,0x0041,
  0x0041,0x0041,0x0041,0x0041,0x0041,0x0041,0x0041,0x0041,0x0041,0x0041,0x0041,0x0041,0x0041,0x0041,0x0041,0x0041,
  0x0041,0x0041,0x0041,0x0041,0x0041,0x0041,0x0041,0x0041,0x0041,0x0041,0x0041,0x0041,0x0041,0x0041,0x0041,0x0041,
  0x0041,0x0041,0x0041,0x0041,0x0041,0x0041,0x0041,0x0041,0x0041,0x0041,0x0041,0x0041,0x0041,0x0041,0x0041,0x0041,
  0x0041,0x0041,0x0041,0x0041,0x0041,0x0041,0x0041,0x0041,0x0041,0x0041,0x0041,0x0041,0x0041,0x0041,0x0041,0x0041,
  0x0041,0x0041,0x0041,0x0041,0x0041,0x0041,0x0041,0x0041,0x0041,0x0041,0x0041,0x0041,0x0041,0x0041,0x0041,0x0041,
  0x0041,0x0041,0x0041,0x0041,0x0041,0x0041,0x0041,0x0041,0x0041,0x0041,0x0041,0x0041,0x0041,0x0041,0x0041,0x0041,
  0x0041,0x0041,0x0041,0x0041,0x0041,0x0041,0x0041,0x0041,0x0041,0x0041,0x0041,0x0041,0x0041,0x0041,0x0041,0x0041,
  0x0041,0x0041,0x0041,0x0041,0x0041,0x0041,0x0041,0x0041,0x0041,0x0041,0x0041,0x0041,0x0041,0x0041,0x0041,0x0041,
  0x0041,0x0041,0x0041,0x0041,0x0041,0x0041,0x0041,0x0041,0x0041,0x0041,0x0041,0x0041,0x0041,0x0041,0x0041,0x0041,
  0x0041,0x0041,0x0041,0x0041,0x0041,0x0041,0x0041,0x0041,0x0041,0x0041,0x0041,0x0041,0x0041,0x0041,0x0041,0x0041,
  0x0041,0x0041,0x0041,0x0041,0x0041,0x0041,0x0041,0x0041,0x0041,0x0041,0x0041,0x0041,0x0041,0x0041,0x0041,0x0041,
  0x0041,0x0041,0x0041,0x0041,0x0041,0x0041,0x0041,0x0041,0x0041,0x0041,0x0041,0x0041,0x0041,0x0041,0x0041,0x0041,
  0x0041,0x0041,0x0041,0x0041,0x0041,0x0041,0x0041,0x0041,0x0041,0x0041,0x0041,0x0041,0x0041,0x0041,0x0041,0x0041,
  0x0041,0x0041,0x0041,0x0041,0x0041,0x0041,0x0041,0x0041,0x0041,0x0041,0x0041,0x0041,0x0041,0x0041,0x0041,0x0041,
  0x0041,0x0041,0x0041,0x0041,0x0041,0x0041,0x0041,0x0041,0x0041,0x0041,0x0041,0x0041,0x0041,0x0041,0x0041,0x0041,
  0x0041,0x0041,0x0041,0x0041,0x0041,0x0041,0x0041,0x0041,0x0041,0x0041,0x0041,0x0041,0x0041,0x0041,0x0041,0x0041,
  0x0041,0x0041,0x0041,0x0041,0x0041,0x0041,0x0041,0x0041,0x0041,0x0041,0x0041,0x0041,0x0041,0x0041,0x0041,0x0041,
  0x0041,0x0041,0x0041,0x0041,0x0041,0x0041,0x0041,0x0041,0x0041,0x0041,0x0041,0x0041,0x0041,0x0041,0x0041,0x0041,
  0x0041,0x0041,0x0041,0x0041,0x0041,0x0041,0x0041,0x0041,0x0041,0x0041,0x0041,0x0041,0x0041,0x0041,0x0041,0x0041,
  0x0041,0x0041,0x0041,0x0041,0x0041,0x0041,0x0041,0x0041,0x0041,0x0041,0x0041,0x0041,0x0041,0x0041,0x0041,0x0041,
  0x0041,0x0041,0x0041,0x0041,0x0041,0x0041,0x0041,0x0041,0x0041,0x0041,0x0041,0x0041,0x0041,0x0041,0x0041,0x0041,
  0x0041,0x0041,0x0041,0x0041,0x0041,0x0041,0x0041,0x0041,0x0041,0x0041,0x0041,0x0041,0x0041,0x0041,0x0041,0x0041,
  0x0041,0x0041,0x0041,0x0041,0x0041,0x0041,0x0041,0x0041,0x0041,0x0041,0x0041,0x0041,0x0041,0x0041,0x0041,0x0041,
  0x0041,0x0041,0x0041,0x0041,0x0041,0x0041,0x0041,0x0041,0x0041,0x0041,0x0041,0x0041,0x0041,0x0041,0x0041,0x0041,
  0x0041,0x0041,0x0041,0x0041,0x0041,0x0041,0x0041,0x0041,0x0041,0x0041,0x0041,0x0041,0x0041,0x0041,0x0041,0x0041,
};
