// bg_ice: generated by tools/gen_chrome.py (theme ice) - do not edit.
#pragma once
#include <stdint.h>

static const uint16_t bg_ice[320 * 240] = {
  0x0041,0x0041,0x0041,0x0041,0x0041,0x0041,0x0041,0x0041,0x0041,0x0041,0x0041,0x0041,0x0041,0x0041,0x0041,0x0041,
  0x0041,0x0041,0x0041,0x0041,0x0041,0x0041,0x0041,0x0041,0x0041,0x0041,0x0041,0x0041,0x0041,0x0041,0x0041,0x0041,
  0x0041,0x0041,0x0041,0x0041,0x0041,0x0041,0x0041,0x0041,0x0041,0x0041,0x0041,0x0041,0x0041,0x0041,0x0041,0x0041,
  0x0041,0x0041,0x0041,0x0041,0x0041,0x0041,0x0041,0x0041,0x0041,0x0041,0x0041,0x0041,0x0041,0x0041,0x0041,0x0041,
  0x0041,0x0041,0x0041,0x0041,0x0041,0x0041,0x0041,0x0041,0x0041,0x0041,0x0041,0x0041,0x0041,0x0041,0x0041,0x0041,
  0x0041,0x0041,0x0041,0x0041,0x0041,0x0041,0x0041,0x0041,0x0041,0x0041,0x0041,0x0041,0x0041,0x0041,0x0041,0x0041,
  0x0041,0x0041,0x0041,0x0041,0x0041,0x0041,0x0041,0x0041,0x0041,0x0041,0x0041,0x0041,0x0041,0x0041,0x0041,0x0041,
  0x0041,0x0041,0x0041,0x0041,0x0041,0x0041,0x0041,0x0041,0x0041,0x0041,0x0041,0x0041,0x0041,0x0041,0x0041,0x0041,
  0x0041,0x0041,0x0041,0x0041,0x0041,0x0041,0x0041,0x0041,0x0041,0x0041,0x0041,0x0041,0x0041,0x0041,0x0041,0x0041,
  0x0041,0x0041,0x0041,0x0041,0x0041,0x0041,0x0041,0x0041,0x0041,0x0041,0x0041,0x0041,0x0041,0x0041,0x0041,0x0041,
  0x0041,0x0041,0x0041,0x0041,0x0041,0x0041,0x0041,0x0041,0x0041,0x0041,0x0041,0x0041,0x0041,0x0041,0x0041,0x0041,
  0x0041,0x0041,0x0041,0x0041,0x0041,0x0041,0x0041,0x0041,0x0041,0x0041,0x0041,0x0041,0x0041,0x0041,0x0041,0x0041,
  0x0041,0x0041,0x0041,0x0041,0x0041,0x0041,0x0041,0x0041,0x0041,0x0041,0x0041,0x0041,0x0041,0x0041,0x0041,0x0041,
  0x0041,0x0041,0x0041,0x0041,0x0041,0x0041,0x0041,0x0041,0x0041,0x0041,0x0041,0x0041,0x0041,0x0041,0x0041,0x0041,
  0x0041,0x0041,0x0041,0x0041,0x0041,0x0041,0x0041,0x0041,0x0041,0x0041,0x0041,0x0041,0x0041,0x0041,0x0041,0x0041,
  0x0041,0x0041,0x0041,0x0041,0x0041,0x0041,0x0041,0x0041,0x0041,0x0041,0x0041,0x0041,0x0041,0x0041,0x0041,0x0041,
  0x0041,0x0041,0x0041,0x0041,0x0041,0x0041,0x0041,0x0041,0x0041,0x0041,0x0041,0x0041,0x0041,0x0041,0x0041,0x0041,
  0x0041,0x0041,0x0041,0x0041,0x0041,0x0041,0x0041,0x0041,0x0041,0x0041,0x0041,0x0041,0x0041,0x0041,0x0041,0x0041,
  0x0041,0x0041,0x0041,0x0041,0x0041,0x0041,0x0041,0x0041,0x0041,0x0041,0x0041,0x0041,0x0041,0x0041,0x0041,0x0041,
  0x0041,0x0041,0x0041,0x0041,0x0041,0x0041,0x0041,0x0041,0x0041,0x0041,0x0041,0x0041,0x0041,0x0041,0x0041,0x0041,
  0x0041,0x0041,0x0041,0x0041,0x0041,0x0041,0x0041,0x0041,0x0041,0x0041,0x0041,0x0041,0x0041,0x0041,0x0041,0x0041,
  0x0041,0x0041,0x0041,0x0041,0x0041,0x0041,0x0041,0x0041,0x0041,0x0041,0x0041,0x0041,0x0041,0x0041,0x0041,0x0041,
  0x0041,0x0041,0x0041,0x0041,0x0041,0x0041,0x0041,0x0041,0x0041,0x0041,0x0041,0x0041,0x0041,0x0041,0x0041,0x0041,
  0x0041,0x0041,0x0041,0x0041,0x0041,0x0041,0x0041,0x0041,0x0041,0x0041,0x0041,0x0041,0x0041,0x0041,0x0041,0x0041,
  0x0041,0x0041,0x0041,0x0041,0x0041,0x0041,0x0041,0x0041,0x0041,0x0041,0x0041,0x0041,0x0041,0x0041,0x0041,0x0041,
  0x0041,0x0041,0x0041,0x0041,0x0041,0x0041,0x0041,0x0041,0x0041,0x0041,0x0041,0x0041,0x0041,0x0041,0x0041,0x0041,
  0x0041,0x0041,0x0041,0x0041,0x0041,0x0041,0x0041,0x0041,0x0041,0x0041,0x0041,0x0041,0x0041,0x0041,0x0041,0x0041,
  0x0041,0x0041,0x0041,0x0041,0x0041,0x0041,0x0041,0x0041,0x0041,0x0041,0x0041,0x0041,0x0041,0x0041,0x0041,0x0041,
  0x0041,0x0041,0x0041,0x0041,0x0041,0x0041,0x0041,0x0041,0x0041,0x0041,0x0041,0x0041,0x0041,0x0041,0x0041,0x0041,
  0x0041,0x0041,0x0041,0x0041,0x0041,0x0041,0x0041,0x0041,0x0041,0x0041,0x0041,0x0041,0x0041,0x0041,0x0041,0x0041,
  0x0041,0x0041,0x0041,0x0041,0x0041,0x0041,0x0041,0x0041,0x0041,0x0041,0x0041,0x0041,0x0041,0x0041,0x0041,0x0041,
  0x0041,0x0041,0x0041,0x0041,0x0041,0x0041,0x0041,0x0041,0x0041,0x0041,0x0041,0x0041,0x0041,0x0041,0x0041,0x0041,
  0x0041,0x0041,0x0041,0x0041,0x0041,0x0041,0x0041,0x0041,0x0041,0x0041,0x0041,0x0041,0x0041,0x0041,0x0041,0x0041,
  0x0041,0x0041,0x0041,0x0041,0x0041,0x0041,0x0041,0x0041,0x0041,0x0041,0x0041,0x0041,0x0041,0x0041,0x0041,0x0041,
  0x0041,0x0041,0x0041,0x0041,0x0041,0x0041,0x0041,0x0041,0x0041,0x0041,0x0041,0x0041,0x0041,0x0041,0x0041,0x0041,
  0x0041,0x0041,0x0041,0x0041,0x0041,0x0041,0x0041,0x0041,0x0041,0x0041,0x0041,0x0041,0x0041,0x0041,0x0041,0x0041,
  0x0041,0x0041,0x0041,0x0041,0x0041,0x0041,0x0041,0x0041,0x0041,0x0041,0x0041,0x0041,0x0041,0x0041,0x0041,0x0041,
  0x0041,0x0041,0x0041,0x0041,0x0041,0x0041,0x0041,0x0041,0x0041,0x0041,0x0041,0x0041,0x0041,0x0041,0x0041,0x0041,
  0x0041,0x0041,0x0041,0x0041,0x0041,0x0041,0x0041,0x0041,0x0041,0x0041,0x0041,0x0041,0x0041,0x0041,0x0041,0x0041,
  0x0041,0x0041,0x0041,0x0041,0x0041,0x0041,0x0041,0x0041,0x0041,0x0041,0x0041,0x0041,0x0041,0x0041,0x0041,0x0041,
  0x0041,0x0041,0x0041,0x0041,0x0041,0x0041,0x0041,0x0041,0x0041,0x0041,0x0041,0x0041,0x0041,0x0041,0x0041,0x0041,
  0x0041,0x0041,0x0041,0x0041,0x0041,0x0041,0x0041,0x0041,0x0041,0x0041,0x0041,0x0041,0x0041,0x0041,0x0041,0x0041,
  0x0041,0x0041,0x0041,0x0041,0x0041,0x0041,0x0041,0x0041,0x0041,0x0041,0x0041,0x0041,0x0041,0x0041,0x0041,0x0041,
  0x0041,0x0041,0x0041,0x0041,0x0041,0x0041,0x0041,0x0041,0x0041,0x0041,0x0041,0x0041,0x0041,0x0041,0x0041,0x0041,
  0x0041,0x0041,0x0041,0x0041,0x0041,0x0041,0x0041,0x0041,0x0041,0x0041,0x0041,0x0041,0x0041,0x0041,0x0041,0x0041,
  0x0041,0x0041,0x0041,0x0041,0x0041,0x0041,0x0041,0x0041,0x0041,0x0041,0x0041,0x0041,0x0041,0x0041,0x0041,0x0041,
  0x0041,0x0041,0x0041,0x0041,0x0041,0x0041,0x0041,0x0041,0x0041,0x0041,0x0041,0x0041,0x0041,0x0041,0x0041,0x0041,
  0x0041,0x0041,0x0041,0x0041,0x0041,0x0041,0x0041,0x0041,0x0041,0x0041,0x0041,0x0041,0x0041,0x0041,0x0041,0x0041,
  0x0041,0x0041,0x0041,0x0041,0x0041,0x0041,0x0041,0x0041,0x0041,0x0041,0x0041,0x0041,0x0041,0x0041,0x0041,0x0041,
  0x0041,0x0041,0x0041,0x0041,0x0041,0x0041,0x0041,0x0041,0x0041,0x0041,0x0041,0x0041,0x0041,0x0041,0x0041,0x0041,
  0x0041,0x0041,0x0041,0x0041,0x0041,0x0041,0x0041,0x0041,0x0041,0x0041,0x0041,0x0041,0x0041,0x0041,0x0041,0x0041,
  0x0041,0x0041,0x0041,0x0041,0x0041,0x0041,0x0041,0x0041,0x0041,0x0041,0x0041,0x0041,0x0041,0x0041,0x0041,0x0041,
  0x0041,0x0041,0x0041,0x0041,0x0041,0x0041,0x0041,0x0041,0x0041,0x0041,0x0041,0x0041,0x0041,0x0041,0x0041,0x0041,
  0x0041,0x0041,0x0041,0x0041,0x0041,0x0041,0x0041,0x0041,0x0041,0x0041,0x0041,0x0041,0x0041,0x0041,0x0041,0x0041,
  0x0041,0x0041,0x0041,0x0041,0x0041,0x0041,0x0041,0x0041,0x0041,0x0041,0x0041,0x0041,0x0041,0x0041,0x0041,0x0041,
  0x0041,0x0041,0x0041,0x0041,0x0041,0x0041,0x0041,0x0041,0x0041,0x0041,0x0041,0x0041,0x0041,0x0041,0x0041,0x0041,
  0x0041,0x0041,0x0041,0x0041,0x0041,0x0041,0x0041,0x0041,0x0041,0x0041,0x0041,0x0041,0x0041,0x0041,0x0041,0x0041,
  0x0041,0x0041,0x0041,0x0041,0x0041,0x0041,0x0041,0x0041,0x0041,0x0041,0x0041,0x0041,0x0041,0x0041,0x0041,0x0041,
  0x0041,0x0041,0x0041,0x0041,0x0041,0x0041,0x0041,0x0041,0x0041,0x0041,0x0041,0x0041,0x0041,0x0041,0x0041,0x0041,
  0x0041,0x0041,0x0041,0x0041,0x0041,0x0041,0x0041,0x0041,0x0041,0x0041,0x0041,0x0041,0x0041,0x0041,0x0041,0x0041,
  0x0041,0x0041,0x0041,0x0041,0x0041,0x0041,0x0041,0x0041,0x0041,0x0041,0x0041,0x0041,0x0041,0x0041,0x0041,0x0041,
  0x0041,0x0041,0x0041,0x0041,0x0041,0x0041,0x0041,0x0041,0x0041,0x0041,0x0041,0x0041,0x0041,0x0041,0x0041,0x0041,
  0x0041,0x0041,0x0041,0x0041,0x0041,0x0041,0x0041,0x0041,0x0041,0x0041,0x0041,0x0041,0x0041,0x0041,0x0041,0x0041,
  0x0041,0x0041,0x0041,0x0041,0x0041,0x0041,0x0041,0x0041,0x0041,0x0041,0x0041,0x0041,0x0041,0x0041,0x0041,0x0041,
  0x0041,0x0041,0x0041,0x0041,0x0041,0x0041,0x0041,0x0041,0x0041,0x0041,0x0041,0x0041,0x0041,0x0041,0x0041,0x0041,
  0x0041,0x0041,0x0041,0x0041,0x0041,0x0041,0x0041,0x0041,0x0041,0x0041,0x0041,0x0041,0x0041,0x0041,0x0041,0x0041,
  0x0041,0x0041,0x0041,0x0041,0x0041,0x0041,0x0041,0x0041,0x0041,0x0041,0x0041,0x0041,0x0041,0x0041,0x0041,0x0041,
  0x0041,0x0041,0x0041,0x0041,0x0041,0x0041,0x0041,0x0041,0x0041,0x0041,0x0041,0x0041,0x0041,0x0041,0x0041,0x0041,
  0x0041,0x0041,0x0041,0x0041,0x0041,0x0041,0x0041,0x0041,0x0041,0x0041,0x0041,0x0041,0x0041,0x0041,0x0041,0x0041,
  0x0041,0x0041,0x0041,0x0041,0x0041,0x0041,0x0041,0x0041,0x0041,0x0041,0x0041,0x0041,0x0041,0x0041,0x0041,0x0041,
  0x0041,0x0041,0x0041,0x0041,0x0041,0x0041,0x0041,0x0041,0x0041,0x0041,0x0041,0x0041,0x0041,0x0041,0x0041,0x0041,
  0x0041,0x0041,0x0041,0x0041,0x0041,0x0041,0x0041,0x0041,0x0041,0x0041,0x0041,0x0041,0x0041,0x0041,0x0041,0x0041,
  0x0041,0x0041,0x0041,0x0041,0x0041,0x0041,0x0041,0x0041,0x0041,0x0041,0x0041,0x0041,0x0041,0x0041,0x0041,0x0041,
  0x0041,0x0041,0x0041,0x0041,0x0041,0x0041,0x0041,0x0041,0x0041,0x0041,0x0041,0x0041,0x0041,0x0041,0x0041,0x0041,
  0x0041,0x0041,0x0041,0x0041,0x0041,0x0041,0x0041,0x0041,0x0041,0x0041,0x0041,0x0041,0x0041,0x0041,0x0041,0x0041,
  0x0041,0x0041,0x0041,0x0041,0x0041,0x0041,0x0041,0x0041,0x0041,0x0041,0x0041,0x0041,0x0041,0x0041,0x0041,0x0041,
  0x0041,0x0041,0x0041,0x0041,0x0041,0x0041,0x0041,0x0041,0x0041,0x0041,0x0041,0x0041,0x0041,0x0041,0x0041,0x0041,
  0x0041,0x0041,0x0041,0x0041,0x0041,0x0041,0x0041,0x0041,0x0041,0x0041,0x0041,0x0041,0x0041,0x0041,0x0041,0x0041,
  0x0041,0x0041,0x0041,0x0041,0x0041,0x0041,0x0041,0x0041,0x0041,0x0041,0x0041,0x0041,0x0041,0x0041,0x0041,0x0041,
  0x0041,0x0041,0x0041,0x0041,0x0041,0x0041,0x0041,0x0041,0x0041,0x0041,0x0041,0x0041,0x0041,0x0041,0x0041,0x0041,
  0x0041,0x0041,0x0041,0x0041,0x0041,0x0041,0x0041,0x0041,0x0041,0x0041,0x0041,0x0041,0x0041,0x0041,0x0041,0x0041,
  0x0041,0x0041,0x0041,0x0041,0x0041,0x0041,0x0041,0x0041,0x0041,0x0041,0x0041,0x0041,0x0041,0x0041,0x0041,0x0041,
  0x0041,0x0041,0x0041,0x0041,0x0041,0x0041,0x0041,0x0041,0x0041,0x0041,0x0041,0x0041,0x0041,0x0041,0x0041,0x0041,
  0x0041,0x0041,0x0041,0x0041,0x0041,0x0041,0x0041,0x0041,0x0041,0x0041,0x0041,0x0041,0x0041,0x0041,0x0041,0x0041,
  0x0041,0x0041,0x0041,0x0041,0x0041,0x0041,0x0041,0x0041,0x0041,0x0041,0x0041,0x0041,0x0041,0x0041,0x0041,0x0041,
  0x0041,0x0041,0x0041,0x0041,0x0041,0x0041,0x0041,0x0041,0x0041,0x0041,0x0041,0x0041,0x0041,0x0041,0x0041,0x0041,
  0x0041,0x0041,0x0041,0x0041,0x0041,0x0041,0x0041,0x0041,0x0041,0x0041,0x0041,0x0041,0x0041,0x0041,0x0041,0x0041,
  0x0041,0x0041,0x0041,0x0041,0x0041,0x0041,0x0041,0x0041,0x0041,0x0041,0x0041,0x0041,0x0041,0x0041,0x0041,0x0041,
  0x0041,0x0041,0x0041,0x0041,0x0041,0x0041,0x0041,0x0041,0x0041,0x0041,0x0041,0x0041,0x0041,0x0041,0x0041,0x0041,
  0x0041,0x0041,0x0041,0x0041,0x0041,0x0041,0x0041,0x0041,0x0041,0x0041,0x0041,0x0041,0x0041,0x0041,0x0041,0x0041,
  0x0041,0x0041,0x0041,0x0041,0x0041,0x0041,0x0041,0x0041,0x0041,0x0041,0x0041,0x0041,0x0041,0x0041,0x0041,0x0041,
  0x0041,0x0041,0x0041,0x0041,0x0041,0x0041,0x0041,0x0041,0x0041,0x0041,0x0041,0x0041,0x0041,0x0041,0x0041,0x0041,
  0x0041,0x0041,0x0041,0x0041,0x0041,0x0041,0x0041,0x0041,0x0041,0x0041,0x0041,0x0041,0x0041,0x0041,0x0041,0x0041,
  0x0041,0x0041,0x0041,0x0041,0x0041,0x0041,0x0041,0x0041,0x0041,0x0041,0x0041,0x0041,0x0041,0x0041,0x0041,0x0041,
  0x0041,0x0041,0x0041,0x0041,0x0041,0x0041,0x0041,0x0041,0x0041,0x0041,0x0041,0x0041,0x0041,0x0041,0x0041,0x0041,
  0x0041,0x0041,0x0041,0x0041,0x0041,0x0041,0x0041,0x0041,0x0041,0x0041,0x0041,0x0041,0x0041,0x0041,0x0041,0x0041,
  0x0041,0x0041,0x0041,0x0041,0x0041,0x0041,0x0041,0x0041,0x0041,0x0041,0x0041,0x0041,0x0041,0x0041,0x0041,0x0041,
  0x0041,0x0041,0x0041,0x0041,0x0041,0x0041,0x0041,0x0041,0x0041,0x0041,0x0041,0x0041,0x0041,0x0041,0x0041,0x0041,
  0x0041,0x0041,0x0041,0x0041,0x0041,0x0041,0x0041,0x0041,0x0041,0x0041,0x0041,0x0041,0x0041,0x0041,0x0041,0x0041,
  0x0041,0x0041,0x0041,0x0041,0x0041,0x0041,0x0041,0x0041,0x0041,0x0041,0x0041,0x0041,0x0041,0x0041,0x0041,0x0041,
  0x0041,0x0041,0x0041,0x0041,0x0041,0x0041,0x0041,0x0041,0x0041,0x0041,0x0041,0x0041,0x0041,0x0041,0x0041,0x0041,
  0x0041,0x0041,0x0041,0x0041,0x0041,0x0041,0x0041,0x0041,0x0041,0x0041,0x0041,0x0041,0x0041,0x0041,0x0041,0x0041,
  0x0041,0x0041,0x0041,0x0041,0x0041,0x0041,0x0041,0x0041,0x0041,0x0041,0x0041,0x0041,0x0041,0x0041,0x0041,0x0041,
  0x0041,0x0041,0x0041,0x0041,0x0041,0x0041,0x0041,0x0041,0x0041,0x0041,0x0041,0x0041,0x0041,0x0041,0x0041,0x0041,
  0x0041,0x0041,0x0041,0x0041,0x0041,0x0041,0x0041,0x0041,0x0041,0x0041,0x0041,0x0041,0x0041,0x0041,0x0041,0x0041,
  0x0041,0x0041,0x0041,0x0041,0x0041,0x0041,0x0041,0x0041,0x0041,0x0041,0x0041,0x0041,0x0041,0x0041,0x0041,0x0041,
  0x0041,0x0041,0x0041,0x0041,0x0041,0x0041,0x0041,0x0041,0x0041,0x0041,0x0041,0x0041,0x0041,0x0041,0x0041,0x0041,
  0x0041,0x0041,0x0041,0x0041,0x0041,0x0041,0x0041,0x0041,0x0041,0x0041,0x0041,0x0041,0x0041,0x0041,0x0041,0x0041,
  0x0041,0x0041,0x0041,0x0041,0x0041,0x0041,0x0041,0x0041,0x0041,0x0041,0x0041,0x0041,0x0041,0x0041,0x0041,0x0041,
  0x0041,0x0041,0x0041,0x0041,0x0041,0x0041,0x0041,0x0041,0x0041,0x0041,0x0041,0x0041,0x0041,0x0041,0x0041,0x0041,
  0x0041,0x0041,0x0041,0x0041,0x0041,0x0041,0x0041,0x0041,0x0041,0x0041,0x0041,0x0041,0x0041,0x0041,0x0041,0x0041,
  0x0041,0x0041,0x0041,0x0041,0x0041,0x0041,0x0041,0x0041,0x0041,0x0041,0x0041,0x0041,0x0041,0x0041,0x0041,0x0041,
  0x0041,0x0041,0x0041,0x0041,0x0041,0x0041,0x0041,0x0041,0x0041,0x0041,0x0041,0x0041,0x0041,0x0041,0x0041,0x0041,
  0x0041,0x0041,0x0041,0x0041,0x0041,0x0041,0x0041,0x0041,0x0041,0x0041,0x0041,0x0041,0x0041,0x0041,0x0041,0x0041,
  0x0041,0x0041,0x0041,0x0041,0x0041,0x0041,0x0041,0x0041,0x0041,0x0041,0x0041,0x0041,0x0041,0x0041,0x0041,0x0041,
  0x0041,0x0041,0x0041,0x0041,0x0041,0x0041,0x0041,0x0041,0x0041,0x0041,0x0041,0x0041,0x0041,0x0041,0x0041,0x0041,
  0x0041,0x0041,0x0041,0x0041,0x0041,0x0041,0x0041,0x0041,0x0041,0x0041,0x0041,0x0041,0x0041,0x0041,0x0041,0x0041,
  0x0041,0x0041,0x0041,0x0041,0x0041,0x0041,0x0041,0x0041,0x0041,0x0041,0x0041,0x0041,0x0041,0x0041,0x0041,0x0041,
  0x0041,0x0041,0x0041,0x0041,0x0041,0x0041,0x0041,0x0041,0x0041,0x0041,0x0041,0x0041,0x0041,0x0041,0x0041,0x0041,
  0x0041,0x0041,0x0041,0x0041,0x0041,0x0041,0x0041,0x0041,0x0041,0x0041,0x0041,0x0041,0x0041,0x0041,0x0041,0x0041,
  0x0041,0x0041,0x0041,0x0041,0x0041,0x0041,0x0041,0x0041,0x0041,0x0041,0x0041,0x0041,0x0041,0x0041,0x0041,0x0041,
  0x0041,0x0041,0x0041,0x0041,0x0041,0x0041,0x0041,0x0041,0x0041,0x0041,0x0041,0x0041,0x0041,0x0041,0x0041,0x0041,
  0x0041,0x0041,0x0041,0x0041,0x0041,0x0041,0x0041,0x0041,0x0041,0x0041,0x0041,0x0041,0x0041,0x0041,0x0041,0x0041,
  0x0041,0x0041,0x0041,0x0041,0x0041,0x0041,0x0041,0x0041,0x0041,0x0041,0x0041,0x0041,0x0041,0x0041,0x0041,0x0041,
  0x0041,0x0041,0x0041,0x0041,0x0041,0x0041,0x0041,0x0041,0x0041,0x0041,0x0041,0x0041,0x0041,0x0041,0x0041,0x0041,
  0x0041,0x0041,0x0041,0x0041,0x0041,0x0041,0x0041,0x0041,0x0041,0x0041,0x0041,0x0041,0x0041,0x0041,0x0041,0x0041,
  0x0041,0x0041,0x0041,0x0041,0x0041,0x0041,0x0041,0x0041,0x0041,0x0041,0x0041,0x0041,0x0041,0x0041,0x0041,0x0041,
  0x0041,0x0041,0x0041,0x0041,0x0041,0x0041,0x0041,0x0041,0x0041,0x0041,0x0041,0x0041,0x0041,0x0041,0x0041,0x0041,
  0x0041,0x0041,0x0041,0x0041,0x0041,0x0041,0x0041,0x0041,0x0041,0x0041,0x0041,0x0041,0x0041,0x0041,0x0041,0x0041,
  0x0041,0x0041,0x0041,0x0041,0x0041,0x0041,0x0041,0x0041,0x0041,0x0041,0x0041,0x0041,0x0041,0x0041,0x0041,0x0041,
  0x0041,0x0041,0x0041,0x0041,0x0041,0x0041,0x0041,0x0041,0x0041,0x0041,0x0041,0x0041,0x0041,0x0041,0x0041,0x0041,
  0x0041,0x0041,0x0041,0x0041,0x0041,0x0041,0x0041,0x0041,0x0041,0x0041,0x0041,0x0041,0x0041,0x0041,0x0041,0x0041,
  0x0041,0x0041,0x0041,0x0041,0x0041,0x0041,0x0041,0x0041,0x0041,0x0041,0x0041,0x0041,0x0041,0x0041,0x0041,0x0041,
  0x0041,0x0041,0x0041,0x0041,0x0041,0x0041,0x0041,0x0041,0x0041,0x0041,0x0041,0x0041,0x0041,0x0041,0x0041,0x0041,
  0x0041,0x0041,0x0041,0x0041,0x0041,0x0041,0x0041,0x0041,0x0041,0x0041,0x0041,0x0041,0x0041,0x0041,0x0041,0x0041,
  0x0041,0x0041,0x0041,0x0041,0x0041,0x0041,0x0041,0x0041,0x0041,0x0041,0x0041,0x0041,0x0041,0x0041,0x0041,0x0041,
  0x0041,0x0041,0x0041,0x0041,0x0041,0x0041,0x0041,0x0041,0x0041,0x0041,0x0041,0x0041,0x0041,0x0041,0x0041,0x0041,
  0x0041,0x0041,0x0041,0x0041,0x0041,0x0041,0x0041,0x0041,0x0041,0x0041,0x0041,0x0041,0x0041,0x0041,0x0041,0x0041,
  0x0041,0x0041,0x0041,0x0041,0x0041,0x0041,0x0041,0x0041,0x0041,0x0041,0x0041,0x0041,0x0041,0x0041,0x0041,0x0041,
  0x0041,0x0041,0x0041,0x0041,0x0041,0x0041,0x0041,0x0041,0x0041,0x0041,0x0041,0x0041,0x0041,0x0041,0x0041,0x0041,
  0x0041,0x0041,0x0041,0x0041,0x0041,0x0041,0x0041,0x0041,0x0041,0x0041,0x0041,0x0041,0x0041,0x0041,0x0041,0x0041,
  0x0041,0x0041,0x0041,0x0041,0x0041,0x0041,0x0041,0x0041,0x0041,0x0041,0x0041,0x0041,0x0041,0x0041,0x0041,0x0041,
  0x0041,0x0041,0x0041,0x0041,0x0041,0x0041,0x0041,0x0041,0x0041,0x0041,0x0041,0x0041,0x0041,0x0041,0x0041,0x0041,
  0x0041,0x0041,0x0041,0x0041,0x0041,0x0041,0x0041,0x0041,0x0041,0x0041,0x0041,0x0041,0x0041,0x0041,0x0041,0x0041,
  0x0041,0x0041,0x0041,0x0041,0x0041,0x0041,0x0041,0x0041,0x0041,0x0041,0x0041,0x0041,0x0041,0x0041,0x0041,0x0041,
  0x0041,0x0041,0x0041,0x0041,0x0041,0x0041,0x0041,0x0041,0x0041,0x0041,0x0041,0x0041,0x0041,0x0041,0x0041,0x0041,
  0x0041,0x0041,0x0041,0x0041,0x0041,0x0041,0x0041,0x0041,0x0041,0x0041,0x0041,0x0041,0x0041,0x0041,0x0041,0x0041,
  0x0041,0x0041,0x0041,0x0041,0x0041,0x0041,0x0041,0x0041,0x0041,0x0041,0x0041,0x0041,0x0041,0x0041,0x0041,0x0041,
  0x0041,0x0041,0x0041,0x0041,0x0041,0x0041,0x0041,0x0041,0x0041,0x0041,0x0041,0x0041,0x0041,0x0041,0x0041,0x0041,
  0x0041,0x0041,0x0041,0x0041,0x0041,0x0041,0x0041,0x0041,0x0041,0x0041,0x0041,0x0041,0x0041,0x0041,0x0041,0x0041,
  0x0041,0x0041,0x0041,0x0041,0x0041,0x0041,0x0041,0x0041,0x0041,0x0041,0x0041,0x0041,0x0041,0x0041,0x0041,0x0041,
  0x0041,0x0041,0x0041,0x0041,0x0041,0x0041,0x0041,0x0041,0x0041,0x0041,0x0041,0x0041,0x0041,0x0041,0x0041,0x0041,
  0x0041,0x0041,0x0041,0x0041,0x0041,0x0041,0x0041,0x0041,0x0041,0x0041,0x0041,0x0041,0x0041,0x0041,0x0041,0x0041,
  0x0041,0x0041,0x0041,0x0041,0x0041,0x0041,0x0041,0x0041,0x0041,0x0041,0x0041,0x0041,0x0041,0x0041,0x0041,0x0041,
  0x0041,0x0041,0x0041,0x0041,0x0041,0x0041,0x0041,0x0041,0x0041,0x0041,0x0041,0x0041,0x0041,0x0041,0x0041,0x0041,
  0x0041,0x0041,0x0041,0x0041,0x0041,0x0041,0x0041,0x0041,0x0041,0x0041,0x0041,0x0041,0x0041,0x0041,0x0041,0x0041,
  0x0041,0x0041,0x0041,0x0041,0x0041,0x0041,0x0041,0x0041,0x0041,0x0041,0x0041,0x0041,0x0041,0x0041,0x0041,0x0041,
  0x0041,0x0041,0x0041,0x0041,0x0041,0x0041,0x0041,0x0041,0x0041,0x0041,0x0041,0x0041,0x0041,0x0041,0x0041,0x0041,
  0x0041,0x0041,0x0041,0x0041,0x0041,0x0041,0x0041,0x0041,0x0041,0x0041,0x0041,0x0041,0x0041,0x0041,0x0041,0x0041,
  0x0041,0x0041,0x0041,0x0041,0x0041,0x0041,0x0041,0x0041,0x0041,0x0041,0x0041,0x0041,0x0041,0x0041,0x0041,0x0041,
  0x0041,0x0041,0x0041,0x0041,0x0041,0x0041,0x0041,0x0041,0x0041,0x1967,0x19A7,0x19A7,0x19A7,0x19A7,0x19A7,0x19A7,
  0x19A7,0x19A7,0x19A7,0x19A7,0x19A7,0x19A7,0x19A7,0x19A7,0x19A7,0x19A7,0x19A7,0x19A7,0x19A7,0x19A7,0x19A7,0x19A7,
  0x19A7,0x19A7,0x19A7,0x19A7,0x19A7,0x19A7,0x19A7,0x19A7,0x19A7,0x19A7,0x19A7,0x19A7,0x19A7,0x19A7,0x19A7,0x19A7,
  0x19A7,0x19A7,0x19A7,0x19A7,0x19A7,0x19A7,0x19A7,0x19A7,0x19A7,0x19A7,0x19A7,0x19A7,0x19A7,0x19A7,0x19A7,0x19A7,
  0x19A7,0x19A7,0x19A7,0x19A7,0x19A7,0x19A7,0x19A7,0x19A7,0x19A7,0x19A7,0x19A7,0x19A7,0x19A7,0x19A7,0x19A7,0x19A7,
  0x19A7,0x19A7,0x19A7,0x19A7,0x19A7,0x19A7,0x19A7,0x19A7,0x19A7,0x19A7,0x19A7,0x19A7,0x19A7,0x19A7,0x19A7,0x19A7,
  0x19A7,0x19A7,0x19A7,0x19A7,0x19A7,0x19A7,0x19A7,0x19A7,0x19A7,0x19A7,0x19A7,0x19A7,0x19A7,0x19A7,0x19A7,0x19A7,
  0x19A7,0x19A7,0x19A7,0x19A7,0x19A7,0x19A7,0x19A7,0x19A7,0x19A7,0x19A7,0x19A7,0x19A7,0x19A7,0x19A7,0x19A7,0x19A7,
  0x19A7,0x19A7,0x19A7,0x19A7,0x19A7,0x19A7,0x19A7,0x19A7,0x19A7,0x19A7,0x19A7,0x19A7,0x19A7,0x19A7,0x19A7,0x19A7,
  0x19A7,0x19A7,0x19A7,0x19A7,0x19A7,0x19A7,0x19A7,0x19A7,0x19A7,0x19A7,0x19A7,0x19A7,0x19A7,0x19A7,0x19A7,0x19A7,
  0x19A7,0x19A7,0x19A7,0x19A7,0x19A7,0x19A7,0x19A7,0x19A7,0x19A7,0x19A7,0x19A7,0x19A7,0x19A7,0x19A7,0x19A7,0x19A7,
  0x19A7,0x19A7,0x19A7,0x19A7,0x19A7,0x19A7,0x19A7,0x19A7,0x19A7,0x19A7,0x19A7,0x19A7,0x19A7,0x19A7,0x19A7,0x19A7,
  0x19A7,0x19A7,0x19A7,0x19A7,0x19A7,0x19A7,0x19A7,0x19A7,0x19A7,0x19A7,0x19A7,0x19A7,0x19A7,0x19A7,0x19A7,0x19A7,
  0x19A7,0x19A7,0x19A7,0x19A7,0x19A7,0x19A7,0x19A7,0x19A7,0x19A7,0x19A7,0x19A7,0x19A7,0x19A7,0x19A7,0x19A7,0x19A7,
  0x19A7,0x19A7,0x19A7,0x19A7,0x19A7,0x19A7,0x19A7,0x19A7,0x19A7,0x19A7,0x19A7,0x19A7,0x19A7,0x19A7,0x19A7,0x19A7,
  0x19A7,0x19A7,0x19A7,0x19A7,0x19A7,0x19A7,0x19A7,0x19A7,0x19A7,0x19A7,0x19A7,0x19A7,0x19A7,0x19A7,0x19A7,0x19A7,
  0x19A7,0x19A7,0x19A7,0x19A7,0x19A7,0x19A7,0x19A7,0x19A7,0x19A7,0x19A7,0x19A7,0x19A7,0x19A7,0x19A7,0x19A7,0x19A7,
  0x19A7,0x19A7,0x19A7,0x19A7,0x19A7,0x19A7,0x19A7,0x19A7,0x19A7,0x19A7,0x19A7,0x19A7,0x19A7,0x19A7,0x19A7,0x19A7,
  0x19A7,0x19A7,0x19A7,0x19A7,0x19A7,0x19A7,0x19A7,0x19A7,0x19A7,0x19A7,0x19A7,0x19A7,0x19A7,0x19A7,0x19A7,0x19A7,
  0x1987,0x0882,0x0041,0x0041,0x0041,0x0041,0x0041,0x0041,0x0041,0x0041,0x0041,0x0041,0x0041,0x0041,0x0041,0x0041,
  0x0041,0x0041,0x0041,0x0041,0x0041,0x0041,0x0041,0x0041,0x0041,0x2209,0x10E4,0x10E4,0x10E4,0x10E4,0x10E4,0x10E4,
  0x10E4,0x10E4,0x10E4,0x10E4,0x10E4,0x10E4,0x10E4,0x10E4,0x10E4,0x10E4,0x10E4,0x10E4,0x10E4,0x10E4,0x10E4,0x10E4,
  0x10E4,0x10E4,0x10E4,0x10E4,0x10E4,0x10E4,0x10E4,0x10E4,0x10E4,0x10E4,0x10E4,0x10E4,0x10E4,0x10E4,0x10E4,0x10E4,
  0x10E4,0x10E4,0x10E4,0x10E4,0x10E4,0x10E4,0x10E4,0x10E4,0x10E4,0x10E4,0x10E4,0x10E4,0x10E4,0x10E4,0x10E4,0x10E4,
  0x10E4,0x10E4,0x10E4,0x10E4,0x10E4,0x10E4,0x10E4,0x10E4,0x10E4,0x10E4,0x10E4,0x10E4,0x10E4,0x10E4,0x10E4,0x10E4,
  0x10E4,0x10E4,0x10E4,0x10E4,0x10E4,0x10E4,0x10E4,0x10E4,0x10E4,0x10E4,0x10E4,0x10E4,0x10E4,0x10E4,0x10E4,0x10E4,
  0x10E4,0x10E4,0x10E4,0x10E4,0x10E4,0x10E4,0x10E4,0x10E4,0x10E4,0x10E4,0x10E4,0x10E4,0x10E4,0x10E4,0x10E4,0x10E4,
  0x10E4,0x10E4,0x10E4,0x10E4,0x10E4,0x10E4,0x10E4,0x10E4,0x10E4,0x10E4,0x10E4,0x10E4,0x10E4,0x10E4,0x10E4,0x10E4,
  0x10E4,0x10E4,0x10E4,0x10E4,0x10E4,0x10E4,0x10E4,0x10E4,0x10E4,0x10E4,0x10E4,0x10E4,0x10E4,0x10E4,0x10E4,0x10E4,
  0x10E4,0x10E4,0x10E4,0x10E4,0x10E4,0x10E4,0x10E4,0x10E4,0x10E4,0x10E4,0x10E4,0x10E4,0x10E4,0x10E4,0x10E4,0x10E4,
  0x10E4,0x10E4,0x10E4,0x10E4,0x10E4,0x10E4,0x10E4,0x10E4,0x10E4,0x10E4,0x10E4,0x10E4,0x10E4,0x10E4,0x10E4,0x10E4,
  0x10E4,0x10E4,0x10E4,0x10E4,0x10E4,0x10E4,0x10E4,0x10E4,0x10E4,0x10E4,0x10E4,0x10E4,0x10E4,0x10E4,0x10E4,0x10E4,
  0x10E4,0x10E4,0x10E4,0x10E4,0x10E4,0x10E4,0x10E4,0x10E4,0x10E4,0x10E4,0x10E4,0x10E4,0x10E4,0x10E4,0x10E4,0x10E4,
  0x10E4,0x10E4,0x10E4,0x10E4,0x10E4,0x10E4,0x10E4,0x10E4,0x10E4,0x10E4,0x10E4,0x10E4,0x10E4,0x10E4,0x10E4,0x10E4,
  0x10E4,0x10E4,0x10E4,0x10E4,0x10E4,0x10E4,0x10E4,0x10E4,0x10E4,0x10E4,0x10E4,0x10E4,0x10E4,0x10E4,0x10E4,0x10E4,
  0x10E4,0x10E4,0x10E4,0x10E4,0x10E4,0x10E4,0x10E4,0x10E4,0x10E4,0x10E4,0x10E4,0x10E4,0x10E4,0x10E4,0x10E4,0x10E4,
  0x10E4,0x10E4,0x10E4,0x10E4,0x10E4,0x10E4,0x10E4,0x10E4,0x10E4,0x10E4,0x10E4,0x10E4,0x10E4,0x10E4,0x10E4,0x10E4,
  0x10E4,0x10E4,0x10E4,0x10E4,0x10E4,0x10E4,0x10E4,0x10E4,0x10E4,0x10E4,0x10E4,0x10E4,0x10E4,0x10E4,0x10E4,0x10E4,
  0x10E4,0x10E4,0x10E4,0x10E4,0x10E4,0x10E4,0x10E4,0x10E4,0x10E4,0x10E4,0x10E4,0x10E4,0x10E4,0x10E4,0x10E4,0x10E4,
  0x1125,0x19A7,0x0061,0x0041,0x0041,0x0041,0x0041,0x0041,0x0041,0x0041,0x0041,0x0041,0x0041,0x0041,0x0041,0x0041,
  0x0041,0x0041,0x0041,0x0041,0x0041,0x0041,0x0041,0x0041,0x0041,0x2209,0x0882,0x0882,0x0882,0x0882,0x0883,0x0883,
  0x08A3,0x08A3,0x08A3,0x08A3,0x08A3,0x08A3,0x08A3,0x0883,0x0883,0x0882,0x0882,0x0882,0x0882,0x0882,0x0882,0x0882,
  0x0882,0x0882,0x0882,0x0882,0x0882,0x0882,0x0882,0x0882,0x0882,0x0882,0x0882,0x0882,0x0882,0x0882,0x0882,0x0882,
  0x0882,0x0882,0x0882,0x0882,0x0882,0x0882,0x0882,0x0882,0x0882,0x0882,0x0882,0x0882,0x0882,0x0882,0x0882,0x0882,
  0x0882,0x0882,0x0882,0x0882,0x0882,0x0882,0x0882,0x0882,0x0882,0x0882,0x0882,0x0882,0x0882,0x0882,0x0882,0x0882,
  0x0882,0x0882,0x0882,0x0882,0x0882,0x0882,0x0882,0x0882,0x0882,0x0882,0x0882,0x0882,0x0882,0x0882,0x0882,0x0882,
  0x0882,0x0882,0x0882,0x0882,0x0882,0x0882,0x0882,0x0882,0x0882,0x0882,0x0882,0x0882,0x0882,0x0882,0x0882,0x0882,
  0x0882,0x0882,0x0882,0x0882,0x0882,0x0882,0x0882,0x0882,0x0882,0x0882,0x0882,0x0882,0x0882,0x0882,0x0882,0x0882,
  0x0882,0x0882,0x0882,0x0882,0x0882,0x0882,0x0882,0x0882,0x0882,0x0882,0x0882,0x0882,0x0882,0x0882,0x0882,0x0882,
  0x0882,0x0882,0x0882,0x0882,0x0882,0x0882,0x0882,0x0882,0x0882,0x0882,0x0882,0x0882,0x0882,0x0882,0x0882,0x0882,
  0x0882,0x0882,0x0882,0x0882,0x0882,0x0882,0x0882,0x0882,0x0882,0x0882,0x0882,0x0882,0x0882,0x0882,0x0882,0x0882,
  0x0882,0x0882,0x0882,0x0882,0x0882,0x0882,0x0882,0x0882,0x0882,0x0882,0x0882,0x0882,0x0882,0x0882,0x0882,0x0882,
  0x0882,0x0882,0x0882,0x0882,0x0882,0x0882,0x0882,0x0882,0x0882,0x0882,0x0882,0x0882,0x0882,0x0882,0x0882,0x0882,
  0x0882,0x0882,0x0882,0x0882,0x0882,0x0882,0x0882,0x0882,0x0882,0x0882,0x0882,0x0882,0x0882,0x0882,0x0882,0x0882,
  0x0882,0x0882,0x0882,0x0882,0x0882,0x0882,0x0882,0x0882,0x0882,0x0882,0x0882,0x0882,0x0882,0x0882,0x0882,0x0882,
  0x0882,0x0882,0x0882,0x0882,0x0882,0x0882,0x0882,0x0882,0x0882,0x0882,0x0882,0x0882,0x0882,0x0882,0x0882,0x0882,
  0x0882,0x0882,0x0882,0x0882,0x0882,0x0882,0x0882,0x0882,0x0882,0x0882,0x0882,0x0882,0x0882,0x0882,0x0882,0x0882,
  0x0882,0x0882,0x0882,0x0882,0x0882,0x0882,0x0882,0x0882,0x0882,0x0882,0x0882,0x0882,0x0882,0x0882,0x0882,0x0882,
  0x0882,0x0882,0x0882,0x0882,0x0882,0x0882,0x0882,0x0882,0x0882,0x0882,0x0882,0x0882,0x0882,0x0882,0x0882,0x0882,
  0x0882,0x1967,0x1966,0x0041,0x0041,0x0041,0x0041,0x0041,0x0041,0x0041,0x0041,0x0041,0x0041,0x0041,0x0041,0x0041,
  0x0041,0x0041,0x0041,0x0041,0x0041,0x0041,0x0041,0x0041,0x0041,0x2209,0x0882,0x0882,0x0882,0x0883,0x0883,0x08A3,
  0x08A3,0x08C3,0x08C4,0x08C4,0x08C4,0x08C3,0x08A3,0x08A3,0x0883,0x0883,0x0882,0x0882,0x0882,0x0882,0x0882,0x0882,
  0x0882,0x0882,0x0882,0x0882,0x0882,0x0882,0x0882,0x0882,0x0882,0x0882,0x0882,0x0882,0x0882,0x0882,0x0882,0x0882,
  0x0882,0x0882,0x0882,0x0882,0x0882,0x0882,0x0882,0x0882,0x0882,0x0882,0x0882,0x0882,0x0882,0x0882,0x0882,0x0882,
  0x0882,0x0882,0x0882,0x0882,0x0882,0x0882,0x0882,0x0882,0x0882,0x0882,0x0882,0x0882,0x0882,0x0882,0x0882,0x0882,
  0x0882,0x0882,0x0882,0x0882,0x0882,0x0882,0x0882,0x0882,0x0882,0x0882,0x0882,0x0882,0x0882,0x0882,0x0882,0x0882,
  0x0882,0x0882,0x0882,0x0882,0x0882,0x0882,0x0882,0x0882,0x0882,0x0882,0x0882,0x0882,0x0882,0x0882,0x0882,0x0882,
  0x0882,0x0882,0x0882,0x0882,0x0882,0x0882,0x0882,0x0882,0x0882,0x0882,0x0882,0x0882,0x0882,0x0882,0x0882,0x0882,
  0x0882,0x0882,0x0882,0x0882,0x0882,0x0882,0x0882,0x0882,0x0882,0x0882,0x0882,0x0882,0x0882,0x0882,0x0882,0x0882,
  0x0882,0x0882,0x0882,0x0882,0x0882,0x0882,0x0882,0x0882,0x0882,0x0882,0x0882,0x0882,0x0882,0x0882,0x0882,0x0882,
  0x0882,0x0882,0x0882,0x0882,0x0882,0x0882,0x0882,0x0882,0x0882,0x0882,0x0882,0x0882,0x0882,0x0882,0x0882,0x0882,
  0x0882,0x0882,0x0882,0x0882,0x0882,0x0882,0x0882,0x0882,0x0882,0x0882,0x0882,0x0882,0x0882,0x0882,0x0882,0x0882,
  0x0882,0x0882,0x0882,0x0882,0x0882,0x0882,0x0882,0x0882,0x0882,0x0882,0x0882,0x0882,0x0882,0x0882,0x0882,0x0882,
  0x0882,0x0882,0x0882,0x0882,0x0882,0x0882,0x0882,0x0882,0x0882,0x0882,0x0882,0x0882,0x0882,0x0882,0x0882,0x0882,
  0x0882,0x0882,0x0882,0x0882,0x0882,0x0882,0x0882,0x0882,0x0882,0x0882,0x0882,0x0882,0x0882,0x0882,0x0882,0x0882,
  0x0882,0x0882,0x0882,0x0882,0x0882,0x0882,0x0882,0x0882,0x0882,0x0882,0x0882,0x0882,0x0882,0x0882,0x0882,0x0882,
  0x0882,0x0882,0x0882,0x0882,0x0882,0x0882,0x0882,0x0882,0x0882,0x0882,0x0882,0x0882,0x0882,0x0882,0x0882,0x0882,
  0x0882,0x0882,0x0882,0x0882,0x0882,0x0882,0x0882,0x0882,0x0882,0x0882,0x0882,0x0882,0x0882,0x0882,0x0882,0x0882,
  0x0882,0x0882,0x0882,0x0882,0x0882,0x0882,0x0882,0x0882,0x0882,0x0882,0x0882,0x0882,0x0882,0x0882,0x0882,0x0882,
  0x0882,0x0882,0x1967,0x1966,0x0041,0x0041,0x0041,0x0041,0x0041,0x0041,0x0041,0x0041,0x0041,0x0041,0x0041,0x0041,
  0x0041,0x0041,0x0041,0x0041,0x0041,0x0041,0x0041,0x0041,0x0041,0x2209,0x0882,0x0882,0x0882,0x0883,0x08A3,0x08A3,
  0x08C4,0x08E4,0x0905,0x0925,0x0905,0x08E4,0x08C4,0x08A3,0x08A3,0x0883,0x0882,0x0882,0x0882,0x0882,0x0882,0x0882,
  0x0882,0x0882,0x0882,0x0882,0x0882,0x0882,0x0882,0x0882,0x0882,0x0882,0x0882,0x0882,0x0882,0x0882,0x0882,0x0882,
  0x0882,0x0882,0x0882,0x0882,0x0882,0x0882,0x0882,0x0882,0x0882,0x0882,0x0882,0x0882,0x0882,0x0882,0x0882,0x0882,
  0x0882,0x0882,0x0882,0x0882,0x0882,0x0882,0x0882,0x0882,0x0882,0x0882,0x0882,0x0882,0x0882,0x0882,0x0882,0x0882,
  0x0882,0x0882,0x0882,0x0882,0x0882,0x0882,0x0882,0x0882,0x0882,0x0882,0x0882,0x0882,0x0882,0x0882,0x0882,0x0882,
  0x0882,0x0882,0x0882,0x0882,0x0882,0x0882,0x0882,0x0882,0x0882,0x0882,0x0882,0x0882,0x0882,0x0882,0x0882,0x0882,
  0x0882,0x0882,0x0882,0x0882,0x0882,0x0882,0x0882,0x0882,0x0882,0x0882,0x0882,0x0882,0x0882,0x0882,0x0882,0x0882,
  0x0882,0x0882,0x0882,0x0882,0x0882,0x0882,0x0882,0x0882,0x0882,0x0882,0x0882,0x0882,0x0882,0x0882,0x0882,0x0882,
  0x0882,0x0882,0x0882,0x0882,0x0882,0x0882,0x0882,0x0882,0x0882,0x0882,0x0882,0x0882,0x0882,0x0882,0x0882,0x0882,
  0x0882,0x0882,0x0882,0x0882,0x0882,0x0882,0x0882,0x0882,0x0882,0x0882,0x0882,0x0882,0x0882,0x0882,0x0882,0x0882,
  0x0882,0x0882,0x0882,0x0882,0x0882,0x0882,0x0882,0x0882,0x0882,0x0882,0x0882,0x0882,0x0882,0x0882,0x0882,0x0882,
  0x0882,0x0882,0x0882,0x0882,0x0882,0x0882,0x0882,0x0882,0x0882,0x0882,0x0882,0x0882,0x0882,0x0882,0x0882,0x0882,
  0x0882,0x0882,0x0882,0x0882,0x0882,0x0882,0x0882,0x0882,0x0882,0x0882,0x0882,0x0882,0x0882,0x0882,0x0882,0x0882,
  0x0882,0x0882,0x0882,0x0882,0x0882,0x0882,0x0882,0x0882,0x0882,0x0882,0x0882,0x0882,0x0882,0x0882,0x0882,0x0882,
  0x0882,0x0882,0x0882,0x0882,0x0882,0x0882,0x0882,0x0882,0x0882,0x0882,0x0882,0x0882,0x0882,0x0882,0x0882,0x0882,
  0x0882,0x0882,0x0882,0x0882,0x0882,0x0882,0x0882,0x0882,0x0882,0x0882,0x0882,0x0882,0x0882,0x0882,0x0882,0x0882,
  0x0882,0x0882,0x0882,0x0882,0x0882,0x0882,0x0882,0x0882,0x0882,0x0882,0x0882,0x0882,0x0882,0x0882,0x0882,0x0882,
  0x0882,0x0882,0x0882,0x0882,0x0882,0x0882,0x0882,0x0882,0x0882,0x0882,0x0882,0x0882,0x0882,0x0882,0x0882,0x0882,
  0x0882,0x0882,0x0882,0x19A7,0x1105,0x0041,0x0041,0x0041,0x0041,0x0041,0x0041,0x0041,0x0041,0x0041,0x0041,0x0041,
  0x0041,0x0041,0x0041,0x0041,0x0041,0x0041,0x0041,0x0041,0x0041,0x2209,0x0882,0x0882,0x0882,0x0883,0x08A3,0x08C3,
  0x0904,0x0925,0x0966,0x0966,0x0966,0x0925,0x0904,0x08C3,0x08A3,0x0883,0x0882,0x0882,0x0882,0x0882,0x0882,0x0882,
  0x0882,0x0882,0x0882,0x0882,0x0882,0x0882,0x0882,0x0882,0x0882,0x0882,0x0882,0x0882,0x0882,0x0882,0x0882,0x0882,
  0x0882,0x0882,0x0882,0x0882,0x0882,0x0882,0x0882,0x0882,0x0882,0x0882,0x0882,0x0882,0x0882,0x0882,0x0882,0x0882,
  0x0882,0x0882,0x0882,0x0882,0x0882,0x0882,0x0882,0x0882,0x0882,0x0882,0x0882,0x0882,0x0882,0x0882,0x0882,0x0882,
  0x0882,0x0882,0x0882,0x0882,0x0882,0x0882,0x0882,0x0882,0x0882,0x0882,0x0882,0x0882,0x0882,0x0882,0x0882,0x0882,
  0x0882,0x0882,0x0882,0x0882,0x0882,0x0882,0x0882,0x0882,0x0882,0x0882,0x0882,0x0882,0x0882,0x0882,0x0882,0x0882,
  0x0882,0x0882,0x0882,0x0882,0x0882,0x0882,0x0882,0x0882,0x0882,0x0882,0x0882,0x0882,0x0882,0x0882,0x0882,0x0882,
  0x0882,0x0882,0x0882,0x0882,0x0882,0x0882,0x0882,0x0882,0x0882,0x0882,0x0882,0x0882,0x0882,0x0882,0x0882,0x0882,
  0x0882,0x0882,0x0882,0x0882,0x0882,0x0882,0x0882,0x0882,0x0882,0x0882,0x0882,0x0882,0x0882,0x0882,0x0882,0x0882,
  0x0882,0x0882,0x0882,0x0882,0x0882,0x0882,0x0882,0x0882,0x0882,0x0882,0x0882,0x0882,0x0882,0x0882,0x0882,0x0882,
  0x0882,0x0882,0x0882,0x0882,0x0882,0x0882,0x0882,0x0882,0x0882,0x0882,0x0882,0x0882,0x0882,0x0882,0x0882,0x0882,
  0x0882,0x0882,0x0882,0x0882,0x0882,0x0882,0x0882,0x0882,0x0882,0x0882,0x0882,0x0882,0x0882,0x0882,0x0882,0x0882,
  0x0882,0x0882,0x0882,0x0882,0x0882,0x0882,0x0882,0x0882,0x0882,0x0882,0x0882,0x0882,0x0882,0x0882,0x0882,0x0882,
  0x0882,0x0882,0x0882,0x0882,0x0882,0x0882,0x0882,0x0882,0x0882,0x0882,0x0882,0x0882,0x0882,0x0882,0x0882,0x0882,
  0x0882,0x0882,0x0882,0x0882,0x0882,0x0882,0x0882,0x0882,0x0882,0x0882,0x0882,0x0882,0x0882,0x0882,0x0882,0x0882,
  0x0882,0x0882,0x0882,0x0882,0x0882,0x0882,0x0882,0x0882,0x0882,0x0882,0x0882,0x0882,0x0882,0x0882,0x0882,0x0882,
  0x0882,0x0882,0x0882,0x0882,0x0882,0x0882,0x0882,0x0882,0x0882,0x0882,0x0882,0x0882,0x0882,0x0882,0x0882,0x0882,
  0x0882,0x0882,0x0882,0x0882,0x0882,0x0882,0x0882,0x0882,0x0882,0x0882,0x0882,0x0882,0x0882,0x0882,0x0882,0x0882,
  0x0882,0x0882,0x0882,0x08A3,0x21C8,0x1104,0x0041,0x0041,0x0041,0x0041,0x0041,0x0041,0x0041,0x0041,0x0041,0x0041,
  0x0041,0x0041,0x0041,0x0041,0x0041,0x0041,0x0041,0x0041,0x0041,0x2209,0x0882,0x0882,0x0883,0x0883,0x08A3,0x08E4,
  0x0925,0x0986,0x26FE,0x26FE,0x26FE,0x0986,0x0925,0x08E4,0x08A3,0x0883,0x0883,0x0882,0x0882,0x0882,0x0882,0x0882,
  0x0882,0x0882,0x0882,0x0882,0x0882,0x0882,0x0882,0x0882,0x0882,0x0882,0x0882,0x0882,0x0882,0x0882,0x0882,0x0882,
  0x0882,0x0882,0x0882,0x0882,0x0882,0x0882,0x0882,0x0882,0x0882,0x0882,0x0882,0x0882,0x0882,0x0882,0x0882,0x0882,
  0x0882,0x0882,0x0882,0x0882,0x0882,0x0882,0x0882,0x0882,0x0882,0x0882,0x0882,0x0882,0x0882,0x0882,0x0882,0x0882,
  0x0882,0x0882,0x0882,0x0882,0x0882,0x0882,0x0882,0x0882,0x0882,0x0882,0x0882,0x0882,0x0882,0x0882,0x0882,0x0882,
  0x0882,0x0882,0x0882,0x0882,0x0882,0x0882,0x0882,0x0882,0x0882,0x0882,0x0882,0x0882,0x0882,0x0882,0x0882,0x0882,
  0x0882,0x0882,0x0882,0x0882,0x0882,0x0882,0x0882,0x0882,0x0882,0x0882,0x0882,0x0882,0x0882,0x0882,0x0882,0x0882,
  0x0882,0x0882,0x0882,0x0882,0x0882,0x0882,0x0882,0x0882,0x0882,0x0882,0x0882,0x0882,0x0882,0x0882,0x0882,0x0882,
  0x0882,0x0882,0x0882,0x0882,0x0882,0x0882,0x0882,0x0882,0x0882,0x0882,0x0882,0x0882,0x0882,0x0882,0x0882,0x0882,
  0x0882,0x0882,0x0882,0x0882,0x0882,0x0882,0x0882,0x0882,0x0882,0x0882,0x0882,0x0882,0x0882,0x0882,0x0882,0x0882,
  0x0882,0x0882,0x0882,0x0882,0x0882,0x0882,0x0882,0x0882,0x0882,0x0882,0x0882,0x0882,0x0882,0x0882,0x0882,0x0882,
  0x0882,0x0882,0x0882,0x0882,0x0882,0x0882,0x0882,0x0882,0x0882,0x0882,0x0882,0x0882,0x0882,0x0882,0x0882,0x0882,
  0x0882,0x0882,0x0882,0x0882,0x0882,0x0882,0x0882,0x0882,0x0882,0x0882,0x0882,0x0882,0x0882,0x0882,0x0882,0x0882,
  0x0882,0x0882,0x0882,0x0882,0x0882,0x0882,0x0882,0x0882,0x0882,0x0882,0x0882,0x0882,0x0882,0x0882,0x0882,0x0882,
  0x0882,0x0882,0x0882,0x0882,0x0882,0x0882,0x0882,0x0882,0x0882,0x0882,0x0882,0x0882,0x0882,0x2209,0x0882,0x0882,
  0x0882,0x0882,0x0882,0x0882,0x0882,0x0882,0x0882,0x0882,0x0882,0x0882,0x0882,0x0882,0x0882,0x0882,0x0882,0x0882,
  0x0882,0x0882,0x0882,0x0882,0x0882,0x0882,0x0882,0x0882,0x0882,0x0882,0x0882,0x0882,0x0882,0x0882,0x0882,0x0882,
  0x0882,0x0882,0x0882,0x0882,0x0882,0x0882,0x0882,0x0882,0x0882,0x0882,0x0882,0x0882,0x0882,0x0882,0x0882,0x0882,
  0x0882,0x0882,0x0882,0x0882,0x08A3,0x21C8,0x08A3,0x0041,0x0041,0x0041,0x0041,0x0041,0x0041,0x0041,0x0041,0x0041,
  0x0041,0x0041,0x0041,0x0041,0x0041,0x0041,0x0041,0x0041,0x0041,0x2209,0x0882,0x0882,0x0883,0x08A3,0x08C3,0x0904,
  0x0946,0x09C8,0x26FE,0x26FE,0x26FE,0x09C8,0x0946,0x0904,0x08C3,0x08A3,0x0883,0x10C3,0x6BAF,0x8472,0x31C7,0x0882,
  0x426A,0x8CD3,0x3208,0x0882,0x0882,0x638E,0x7C72,0x1104,0x0882,0x0882,0x2145,0x7C51,0x7410,0x1925,0x0882,0x0882,
  0x2145,0x7C71,0x9514,0x8CF4,0x94F4,0x8CF4,0x9534,0x3A29,0x10C3,0x7410,0x9534,0x8CF3,0x94F4,0x8CF4,0x3A29,0x0882,
  0x08A3,0x5B6D,0x9D55,0x4269,0x0882,0x0882,0x3A49,0x9D76,0x5B2D,0x08A3,0x0882,0x0882,0x0882,0x0883,0x0882,0x1904,
  0x7C31,0x9514,0x8CF3,0x8CB3,0x4269,0x0882,0x0882,0x08A3,0x63AE,0x9534,0x8CF3,0x94F4,0x9514,0x4AAB,0x0882,0x08A3,
  0x0882,0x2987,0x8472,0x6BCF,0x10E4,0x0882,0x1925,0x7C51,0x9514,0x8CF3,0x9514,0x8CD3,0x29A7,0x0882,0x08A3,0x0883,
  0x0882,0x6BAF,0x8CD3,0x1104,0x0882,0x0883,0x0882,0x08C3,0x6BCF,0x9534,0x8CF3,0x8CD3,0x4ACB,0x0882,0x0883,0x0883,
  0x0882,0x2987,0x7C71,0x8472,0x3A49,0x0882,0x0882,0x0882,0x0882,0x5B4D,0x8472,0x1925,0x0882,0x0882,0x638E,0x7C51,
  0x1104,0x0882,0x0883,0x0882,0x0882,0x0882,0x0882,0x0882,0x0882,0x0882,0x0882,0x0882,0x0882,0x0882,0x0882,0x0882,
  0x0882,0x0882,0x0882,0x0882,0x0882,0x0882,0x0882,0x0882,0x0882,0x0882,0x0882,0x0882,0x0882,0x0882,0x0882,0x0882,
  0x0882,0x0882,0x0882,0x0882,0x0882,0x0882,0x0882,0x0882,0x0882,0x0882,0x0882,0x0882,0x0882,0x0882,0x0882,0x0882,
  0x0882,0x0882,0x0882,0x0882,0x0882,0x0882,0x0882,0x0882,0x0882,0x0882,0x0882,0x0882,0x0882,0x0882,0x0882,0x0882,
  0x0882,0x0882,0x0882,0x0882,0x0882,0x0882,0x0882,0x0882,0x0882,0x0882,0x0882,0x0882,0x0882,0x0882,0x0882,0x0882,
  0x0882,0x0882,0x0882,0x0882,0x0882,0x0882,0x0882,0x0882,0x0882,0x0882,0x0882,0x0882,0x0882,0x0882,0x0882,0x0882,
  0x0882,0x0882,0x0882,0x0882,0x0882,0x0882,0x0882,0x0882,0x0882,0x0882,0x0882,0x0882,0x0882,0x2209,0x0882,0x0882,
  0x0882,0x0882,0x0882,0x0882,0x0882,0x0882,0x0882,0x0882,0x0882,0x0882,0x0882,0x0882,0x0882,0x0882,0x0882,0x0882,
  0x0882,0x0882,0x0882,0x0882,0x0882,0x0882,0x0882,0x0882,0x0882,0x0882,0x0882,0x0882,0x0882,0x0882,0x0882,0x0882,
  0x0882,0x0882,0x0882,0x0882,0x0882,0x0882,0x0882,0x0882,0x0882,0x0882,0x0882,0x0882,0x0882,0x0882,0x0882,0x0882,
  0x0882,0x0882,0x0882,0x0882,0x0882,0x08C4,0x21C8,0x0882,0x0041,0x0041,0x0041,0x0041,0x0041,0x0041,0x0041,0x0041,
  0x0041,0x0041,0x0041,0x0041,0x0041,0x0041,0x0041,0x0041,0x0041,0x2209,0x0882,0x0882,0x0883,0x08A3,0x08C3,0x0905,
  0x0966,0x09E8,0x26FE,0x26FE,0x26FE,0x09E8,0x0966,0x0905,0x08C3,0x08A3,0x0883,0xA5B7,0xEFFF,0xEFFF,0xDF5D,0x29C7,
  0x530C,0xEFFF,0xA596,0x0882,0x2186,0xE7DF,0xCF1C,0x1925,0x0882,0x1925,0xD73C,0xEFFF,0xEFFF,0xBE59,0x1904,0x0882,
  0x426A,0xDFBE,0xEFFF,0xEFFF,0xEFFF,0xEFFF,0xEFFF,0x7C51,0x2166,0xD75D,0xEFFF,0xEFFF,0xE7DF,0xEFFF,0x7410,0x0882,
  0x10E4,0xBE59,0xEFFF,0x9D76,0x08A3,0x08A3,0xA596,0xEFFF,0xADF8,0x10E4,0x0882,0x0883,0x0882,0x08A3,0x0882,0x31E8,
  0xDF7E,0xEFFF,0xEFFF,0xEFFF,0xEFFF,0x5B6D,0x0882,0x1904,0xC6DB,0xEFFF,0xEFFF,0xE7FF,0xEFFF,0x9514,0x0882,0x0882,
  0x29A7,0xDF9E,0xEFFF,0xEFFF,0xADF7,0x0882,0x3A29,0xE7BE,0xEFFF,0xEFFF,0xE7DF,0xEFFF,0x530C,0x0882,0x10C3,0x0882,
  0x31E8,0xD73C,0xEFFF,0x5B6D,0x0882,0x08A3,0x0882,0x1925,0xCEFB,0xEFFF,0xEFFF,0xEFFF,0xEFFF,0x7C71,0x0882,0x0882,
  0x428A,0xE7DF,0xEFFF,0xEFFF,0xEFFF,0x6BCF,0x0882,0x08A3,0x0882,0xAE18,0xE7BE,0x426A,0x0882,0x08A3,0xBE9A,0xDF7D,
  0x3208,0x0882,0x08A3,0x0882,0x0882,0x0882,0x0882,0x0882,0x0882,0x0882,0x0882,0x0882,0x0882,0x0882,0x0882,0x0882,
  0x0882,0x0882,0x0882,0x0882,0x0882,0x0882,0x0882,0x0882,0x0882,0x0882,0x0882,0x0882,0x0882,0x0882,0x0882,0x0882,
  0x0882,0x0882,0x0882,0x0882,0x0882,0x0882,0x0882,0x0882,0x0882,0x0882,0x0882,0x0882,0x0882,0x0882,0x0882,0x0882,
  0x0882,0x0882,0x0882,0x0882,0x0882,0x0882,0x0882,0x0882,0x0882,0x0882,0x0882,0x0882,0x0882,0x0882,0x0882,0x0882,
  0x0882,0x0882,0x0882,0x0882,0x0882,0x0882,0x0882,0x0882,0x0882,0x0882,0x0882,0x0882,0x0882,0x0882,0x0882,0x0882,
  0x0882,0x0882,0x0882,0x0882,0x0882,0x0882,0x0882,0x0882,0x0882,0x0882,0x0882,0x0882,0x0882,0x0882,0x0882,0x0882,
  0x0882,0x0882,0x0882,0x0882,0x0882,0x0882,0x0882,0x0882,0x0882,0x0882,0x0882,0x0882,0x0882,0x2209,0x0882,0x0882,
  0x0882,0x0882,0x0882,0x0882,0x0882,0x0882,0x0882,0x0882,0x0882,0x0882,0x0882,0x0882,0x0882,0x0882,0x0882,0x0882,
  0x0882,0x0882,0x0882,0x0882,0x0882,0x0882,0x0882,0x0882,0x0882,0x0882,0x0882,0x0882,0x0882,0x0882,0x0882,0x0882,
  0x0882,0x0882,0x0882,0x0882,0x0882,0x0882,0x0882,0x0882,0x0882,0x0882,0x0882,0x0882,0x0882,0x0882,0x0882,0x0882,
  0x0882,0x0882,0x0882,0x0882,0x0882,0x0882,0x19A7,0x08C3,0x0041,0x0041,0x0041,0x0041,0x0041,0x0041,0x0041,0x0041,
  0x0041,0x0041,0x0041,0x0041,0x0041,0x0041,0x0041,0x0041,0x0041,0x2209,0x0882,0x0882,0x0883,0x08A3,0x08C3,0x0905,
  0x0987,0x0A09,0x26FE,0x26FE,0x26FE,0x0A09,0x0987,0x0905,0x08E4,0x08A3,0x428A,0xE7BE,0xC6BA,0x9534,0xEFFF,0x7C31,
  0x08A3,0xD75D,0xDFBE,0x29C7,0x7410,0xEFFF,0x8CD3,0x0882,0x0882,0x7410,0xEFFF,0xA5B7,0xB618,0xEFFF,0x4AAB,0x0882,
  0x1904,0x5B4D,0x6BEF,0xCEFB,0xE7DF,0x8CD3,0x6BCF,0x2186,0x2166,0xDF7D,0xD73C,0x7410,0x6BAF,0x6BCF,0x29A7,0x0882,
  0x10C3,0xBE79,0xEFFF,0xCEFB,0x2145,0x10E4,0xD75D,0xEFFF,0xAE18,0x10E4,0x0882,0x0883,0x0882,0x08A3,0x0882,0x31C7,
  0xDFBE,0xCF1C,0x6BEF,0x8CD3,0xEFFF,0xA5D7,0x10C3,0x10C3,0xCEFB,0xDF9E,0x7C72,0x6BAF,0x6BEF,0x3208,0x0882,0x0882,
  0x84B2,0xEFFF,0x9D75,0xBE9A,0xEFFF,0x29A7,0x3208,0xE7DF,0xC6DB,0x6BF0,0x6BCF,0x63AE,0x2145,0x0882,0x08C3,0x0882,
  0x636E,0xEFFF,0xEFFF,0x9D55,0x0882,0x08A3,0x0882,0x1904,0xCF1C,0xDF7D,0x7C31,0x7C51,0xEFFF,0xC69A,0x2145,0x08A3,
  0xCEFB,0xEFFF,0xA596,0x8492,0xEFFF,0xD73C,0x2145,0x0882,0x0882,0xAE18,0xE7BE,0x426A,0x0882,0x08A3,0xBE9A,0xDF7D,
  0x3208,0x0882,0x08A3,0x0882,0x0882,0x0882,0x0882,0x0882,0x0882,0x0882,0x0882,0x0882,0x0882,0x0882,0x0882,0x0882,
  0x0882,0x0882,0x0882,0x0882,0x0882,0x0882,0x0882,0x0882,0x0882,0x0882,0x0882,0x0882,0x0882,0x0882,0x0882,0x0882,
  0x0882,0x0882,0x0882,0x0882,0x0882,0x0882,0x0882,0x0882,0x0882,0x0882,0x0882,0x0882,0x0882,0x0882,0x0882,0x0882,
  0x0882,0x0882,0x0882,0x0882,0x0882,0x0882,0x0882,0x0882,0x0882,0x0882,0x0882,0x0882,0x0882,0x0882,0x0882,0x0882,
  0x0882,0x0882,0x0882,0x0882,0x0882,0x0882,0x0882,0x0882,0x0882,0x0882,0x0882,0x0882,0x0882,0x0882,0x0882,0x0882,
  0x0882,0x0882,0x0882,0x0882,0x0882,0x0882,0x0882,0x0882,0x0882,0x0882,0x0882,0x0882,0x0882,0x0882,0x0882,0x0882,
  0x0882,0x0882,0x0882,0x0882,0x0882,0x0882,0x0882,0x0882,0x0882,0x0882,0x0882,0x0882,0x0882,0x2209,0x0882,0x0882,
  0x0882,0x0882,0x0882,0x0882,0x0882,0x0882,0x0882,0x0882,0x0882,0x0882,0x0882,0x0882,0x0882,0x0882,0x0882,0x0882,
  0x0882,0x0882,0x0882,0x0882,0x0882,0x0882,0x0882,0x0882,0x0882,0x0882,0x0882,0x0882,0x0882,0x0882,0x0882,0x0882,
  0x0882,0x0882,0x0882,0x0882,0x0882,0x0882,0x0882,0x0882,0x0882,0x0882,0x0882,0x0882,0x0882,0x0882,0x0882,0x0882,
  0x0882,0x0882,0x0882,0x0882,0x0882,0x0882,0x19A7,0x08C3,0x0041,0x0041,0x0041,0x0041,0x0041,0x0041,0x0041,0x0041,
  0x0041,0x0041,0x0041,0x0041,0x0041,0x0041,0x0041,0x0041,0x0041,0x2209,0x0882,0x0882,0x0883,0x08A3,0x08C3,0x0925,
  0x0987,0x1229,0x26FE,0x26FE,0x26FE,0x1229,0x0987,0x0925,0x08E4,0x08A3,0x5B4D,0xEFFF,0x8CF4,0x29A7,0xEFFF,0x9D75,
  0x0883,0x7410,0xEFFF,0x8CF3,0xBE79,0xEFFF,0x29A7,0x0882,0x0882,0x8CF3,0xEFFF,0x5B2D,0x532C,0xEFFF,0x6BCF,0x0882,
  0x0883,0x0882,0x0882,0xB639,0xDF9E,0x3A49,0x0882,0x0882,0x2186,0xDF9E,0xBE7A,0x1925,0x0882,0x0883,0x0882,0x0882,
  0x08C3,0xBE7A,0xEFFF,0xEFFF,0x31E8,0x29A7,0xEFFF,0xEFFF,0xAE18,0x10E4,0x0882,0x0883,0x0882,0x08A3,0x0882,0x29C7,
  0xE7DF,0xB639,0x08A3,0x1945,0xE7BE,0xBE79,0x1904,0x08C3,0xCEFC,0xD71C,0x29A7,0x0882,0x08A3,0x0882,0x0883,0x0882,
  0x9D96,0xEFFF,0x428A,0x73F0,0xEFFF,0x52EC,0x31E8,0xEFFF,0xADD7,0x10C3,0x0882,0x0883,0x0882,0x0882,0x08A3,0x0882,
  0x8CF3,0xEFFF,0xEFFF,0xC6BA,0x08A3,0x08A3,0x0882,0x1904,0xD73C,0xCEFB,0x2166,0x0882,0xCF1C,0xD73C,0x2186,0x428A,
  0xEFFF,0xAE18,0x0882,0x0882,0x9D76,0xEFFF,0x530C,0x0882,0x0882,0xAE18,0xE7BE,0x426A,0x0882,0x08A3,0xBE9A,0xDF7D,
  0x3208,0x0882,0x08A3,0x0882,0x0882,0x0882,0x0882,0x0882,0x0882,0x0882,0x0882,0x0882,0x0882,0x0882,0x0882,0x0882,
  0x0882,0x0882,0x0882,0x0882,0x0882,0x0882,0x0882,0x0882,0x0882,0x0882,0x0882,0x0882,0x0882,0x0882,0x0882,0x0882,
  0x0882,0x0882,0x0882,0x0882,0x0882,0x0882,0x0882,0x0882,0x0882,0x0882,0x0882,0x0882,0x0882,0x0882,0x0882,0x0882,
  0x0882,0x0882,0x0882,0x0882,0x0882,0x0882,0x0882,0x0882,0x0882,0x0882,0x0882,0x0882,0x0882,0x0882,0x0882,0x0882,
  0x0882,0x0882,0x0882,0x0882,0x0882,0x0882,0x0882,0x0882,0x0882,0x0882,0x0882,0x0882,0x0882,0x0882,0x0882,0x0882,
  0x0882,0x0882,0x0882,0x0882,0x0882,0x0882,0x0882,0x0882,0x0882,0x0882,0x0882,0x0882,0x0882,0x0882,0x0882,0x0882,
  0x0882,0x0882,0x0882,0x0882,0x0882,0x0882,0x0882,0x0882,0x0882,0x0882,0x0882,0x0882,0x0882,0x2209,0x0882,0x0882,
  0x0882,0x0882,0x0882,0x0882,0x0882,0x0882,0x0882,0x0882,0x0882,0x0882,0x0882,0x0882,0x0882,0x0882,0x0882,0x0882,
  0x0882,0x0882,0x0882,0x0882,0x0882,0x0882,0x0882,0x0882,0x0882,0x0882,0x0882,0x0882,0x0882,0x0882,0x0882,0x0882,
  0x0882,0x0882,0x0882,0x0882,0x0882,0x0882,0x0882,0x0882,0x0882,0x0882,0x0882,0x0882,0x0882,0x0882,0x0882,0x0882,
  0x0882,0x0882,0x0882,0x0882,0x0882,0x0882,0x19A7,0x08C3,0x0041,0x0041,0x0041,0x0041,0x0041,0x0041,0x0041,0x0041,
  0x0041,0x0041,0x0041,0x0041,0x0041,0x0041,0x0041,0x0041,0x0041,0x2209,0x0882,0x0882,0x0883,0x08A3,0x08C3,0x0925,
  0x0987,0x1229,0x26FE,0x26FE,0x26FE,0x1229,0x0987,0x0925,0x08E4,0x08A3,0x426A,0xDF7D,0xEFFF,0xB638,0x5B2D,0x10E4,
  0x0882,0x2986,0xDFBE,0xEFFF,0xEFFF,0x9D96,0x0882,0x08A3,0x0882,0x6BCF,0xEFFF,0xE7DF,0xA596,0x426A,0x08A3,0x0882,
  0x0882,0x0882,0x0882,0xB639,0xDF9E,0x3A49,0x0882,0x0882,0x2186,0xDF7D,0xD75D,0x8492,0x8472,0x6BCF,0x1904,0x0882,
  0x10C3,0xBE7A,0xEFFF,0xEFFF,0x636E,0x638E,0xEFFF,0xEFFF,0xAE18,0x10E4,0x0882,0x0883,0x0882,0x08A3,0x0882,0x31C7,
  0xDFBE,0xD73C,0x7C72,0x9D55,0xEFFF,0x9535,0x0882,0x10E4,0xCEFB,0xDFBE,0x8CF3,0x7C71,0x7410,0x2145,0x0882,0x0882,
  0x7C51,0xEFFF,0xDF9E,0x9555,0x3A49,0x0882,0x3A29,0xE7DF,0xCEFB,0x7C72,0x8492,0x638E,0x10C4,0x0882,0x0882,0x1925,
  0xBE7A,0xD75D,0xCEFC,0xDF7D,0x3A49,0x0882,0x0882,0x1925,0xCF1C,0xDF9E,0x8CD3,0x8CF3,0xEFFF,0xB639,0x0882,0x7C51,
  0xEFFF,0x7410,0x0882,0x0882,0x3A08,0x9535,0x3208,0x0882,0x0882,0xADF8,0xEFFF,0x9D55,0x7C31,0x7C72,0xDF5D,0xD75D,
  0x3A08,0x0882,0x08A3,0x0882,0x0882,0x0882,0x0882,0x0882,0x0882,0x0882,0x0882,0x0882,0x0882,0x0882,0x0882,0x0882,
  0x0882,0x0882,0x0882,0x0882,0x0882,0x0882,0x0882,0x0882,0x0882,0x0882,0x0882,0x0882,0x0882,0x0882,0x0882,0x0882,
  0x0882,0x0882,0x0882,0x0882,0x0882,0x0882,0x0882,0x0882,0x0882,0x0882,0x0882,0x0882,0x0882,0x0882,0x0882,0x0882,
  0x0882,0x0882,0x0882,0x0882,0x0882,0x0882,0x0882,0x0882,0x0882,0x0882,0x0882,0x0882,0x0882,0x0882,0x0882,0x0882,
  0x0882,0x0882,0x0882,0x0882,0x0882,0x0882,0x0882,0x0882,0x0882,0x0882,0x0882,0x0882,0x0882,0x0882,0x0882,0x0882,
  0x0882,0x0882,0x0882,0x0882,0x0882,0x0882,0x0882,0x0882,0x0882,0x0882,0x0882,0x0882,0x0882,0x0882,0x0882,0x0882,
  0x0882,0x0882,0x0882,0x0882,0x0882,0x0882,0x0882,0x0882,0x0882,0x0882,0x0882,0x0882,0x0882,0x2209,0x0882,0x0882,
  0x0882,0x0882,0x0882,0x0882,0x0882,0x0882,0x0882,0x0882,0x0882,0x0882,0x0882,0x0882,0x0882,0x0882,0x0882,0x0882,
  0x0882,0x0882,0x0882,0x0882,0x0882,0x0882,0x0882,0x0882,0x0882,0x0882,0x0882,0x0882,0x0882,0x0882,0x0882,0x0882,
  0x0882,0x0882,0x0882,0x0882,0x0882,0x0882,0x0882,0x0882,0x0882,0x0882,0x0882,0x0882,0x0882,0x0882,0x0882,0x0882,
  0x0882,0x0882,0x0882,0x0882,0x0882,0x0882,0x19A7,0x08C3,0x0041,0x0041,0x0041,0x0041,0x0041,0x0041,0x0041,0x0041,
  0x0041,0x0041,0x0041,0x0041,0x0041,0x0041,0x0041,0x0041,0x0041,0x2209,0x0882,0x0882,0x0883,0x08A3,0x08C3,0x0925,
  0x0987,0x1229,0x26FE,0x26FE,0x26FE,0x1229,0x0987,0x0925,0x08C3,0x08A3,0x0883,0x8CD3,0xEFFF,0xEFFF,0xE7FF,0x4AAB,
  0x0882,0x08A3,0x8CD3,0xEFFF,0xEFFF,0x3A49,0x0882,0x0883,0x0882,0x10E4,0xB659,0xEFFF,0xEFFF,0xD73C,0x1945,0x0882,
  0x0883,0x0882,0x0882,0xB639,0xDF9E,0x3A49,0x0882,0x0882,0x2986,0xD75D,0xEFFF,0xE7FF,0xEFFF,0xDF7D,0x426A,0x0882,
  0x10C3,0xBE7A,0xEFFF,0xEFFF,0x9534,0xA596,0xEFFF,0xEFFF,0xAE18,0x10E4,0x0882,0x0883,0x0882,0x08A3,0x0882,0x31E8,
  0xDF7E,0xEFFF,0xEFFF,0xE7FF,0xEFFF,0x5B4D,0x0882,0x1904,0xC6DB,0xEFFF,0xEFFF,0xEFFF,0xE7DF,0x530C,0x0882,0x0882,
  0x1945,0xC6DB,0xEFFF,0xEFFF,0xC6DB,0x0882,0x3A29,0xE7BE,0xEFFF,0xE7DF,0xEFFF,0xCF1C,0x31C7,0x0882,0x0882,0x3A29,
  0xEFFF,0xCEFB,0xC6BA,0xEFFF,0x6BCF,0x0882,0x0882,0x1925,0xCEFB,0xEFFF,0xEFFF,0xE7FF,0xEFFF,0x8492,0x0882,0x94F4,
  0xEFFF,0x638E,0x0882,0x08A3,0x0882,0x0882,0x0882,0x0882,0x0882,0xADF7,0xEFFF,0xEFFF,0xEFFF,0xEFFF,0xEFFF,0xD73C,
  0x3A08,0x0882,0x08A3,0x0882,0x0882,0x0882,0x0882,0x0882,0x0882,0x0882,0x0882,0x0882,0x0882,0x0882,0x0882,0x0882,
  0x0882,0x0882,0x0882,0x0882,0x0882,0x0882,0x0882,0x0882,0x0882,0x0882,0x0882,0x0882,0x0882,0x0882,0x0882,0x0882,
  0x0882,0x0882,0x0882,0x0882,0x0882,0x0882,0x0882,0x0882,0x0882,0x0882,0x0882,0x0882,0x0882,0x0882,0x0882,0x0882,
  0x0882,0x0882,0x0882,0x0882,0x0882,0x0882,0x0882,0x0882,0x0882,0x0882,0x0882,0x0882,0x0882,0x0882,0x0882,0x0882,
  0x0882,0x0882,0x0882,0x0882,0x0882,0x0882,0x0882,0x0882,0x0882,0x0882,0x0882,0x0882,0x0882,0x0882,0x0882,0x0882,
  0x0882,0x0882,0x0882,0x0882,0x0882,0x0882,0x0882,0x0882,0x0882,0x0882,0x0882,0x0882,0x0882,0x0882,0x0882,0x0882,
  0x0882,0x0882,0x0882,0x0882,0x0882,0x0882,0x0882,0x0882,0x0882,0x0882,0x0882,0x0882,0x0882,0x2209,0x0882,0x0882,
  0x0882,0x0882,0x0882,0x0882,0x0882,0x0882,0x0882,0x0882,0x0882,0x0882,0x0882,0x0882,0x0882,0x0882,0x0882,0x0882,
  0x0882,0x0882,0x0882,0x0882,0x0882,0x0882,0x0882,0x0882,0x0882,0x0882,0x0882,0x0882,0x0882,0x0882,0x0882,0x0882,
  0x0882,0x0882,0x0882,0x0882,0x0882,0x0882,0x0882,0x0882,0x0882,0x0882,0x0882,0x0882,0x0882,0x0882,0x0882,0x0882,
  0x0882,0x0882,0x0882,0x0882,0x0882,0x0882,0x19A7,0x08C3,0x0041,0x0041,0x0041,0x0041,0x0041,0x0041,0x0041,0x0041,
  0x0041,0x0041,0x0041,0x0041,0x0041,0x0041,0x0041,0x0041,0x0041,0x2209,0x0882,0x0882,0x0883,0x08A3,0x08C3,0x0925,
  0x0987,0x1229,0x26FE,0x26FE,0x26FE,0x1229,0x0987,0x0925,0x08C4,0x08A3,0x1945,0x3208,0x426A,0xADF8,0xEFFF,0x9534,
  0x10C3,0x0882,0x428A,0xEFFF,0xB659,0x10E4,0x0882,0x0883,0x0882,0x29A7,0x31E8,0x530C,0xCEFB,0xEFFF,0x638E,0x0882,
  0x0883,0x0882,0x0882,0xB639,0xDF9E,0x3A49,0x0882,0x0882,0x2186,0xDF7D,0xD75D,0x8492,0x8472,0x6BCF,0x1904,0x0882,
  0x10C3,0xBE9A,0xE7FF,0xE7DF,0xCF1C,0xDF9E,0xE7BE,0xE7DF,0xB638,0x10E4,0x0882,0x0883,0x0882,0x08A3,0x0882,0x31C7,
  0xDFBE,0xD71C,0x8492,0xB638,0xEFFF,0x638E,0x0882,0x1904,0xCEDB,0xDFBE,0x8CF3,0x7C71,0x7430,0x2146,0x0882,0x0882,
  0x29C7,0x31E8,0x636E,0xD75D,0xEFFF,0x4AAB,0x31E8,0xE7DF,0xCEFB,0x7C72,0x8492,0x638E,0x10C4,0x0882,0x0882,0x638E,
  0xEFFF,0xE7DF,0xE7DF,0xEFFF,0x9D55,0x0882,0x0882,0x1925,0xCF1C,0xDF9E,0x84B3,0xA5B7,0xEFFF,0x8CD3,0x0882,0x8492,
  0xEFFF,0x7410,0x0882,0x0882,0x428A,0x9514,0x29C7,0x0882,0x0882,0xADF8,0xEFFF,0x9D55,0x7C31,0x7C72,0xDF5D,0xD75D,
  0x3A08,0x0882,0x08A3,0x0882,0x0882,0x0882,0x0882,0x0882,0x0882,0x0882,0x0882,0x0882,0x0882,0x0882,0x0882,0x0882,
  0x0882,0x0882,0x0882,0x0882,0x0882,0x0882,0x0882,0x0882,0x0882,0x0882,0x0882,0x0882,0x0882,0x0882,0x0882,0x0882,
  0x0882,0x0882,0x0882,0x0882,0x0882,0x0882,0x0882,0x0882,0x0882,0x0882,0x0882,0x0882,0x0882,0x0882,0x0882,0x0882,
  0x0882,0x0882,0x0882,0x0882,0x0882,0x0882,0x0882,0x0882,0x0882,0x0882,0x0882,0x0882,0x0882,0x0882,0x0882,0x0882,
  0x0882,0x0882,0x0882,0x0882,0x0882,0x0882,0x0882,0x0882,0x0882,0x0882,0x0882,0x0882,0x0882,0x0882,0x0882,0x0882,
  0x0882,0x0882,0x0882,0x0882,0x0882,0x0882,0x0882,0x0882,0x0882,0x0882,0x0882,0x0882,0x0882,0x0882,0x0882,0x0882,
  0x0882,0x0882,0x0882,0x0882,0x0882,0x0882,0x0882,0x0882,0x0882,0x0882,0x0882,0x0882,0x0882,0x2209,0x0882,0x0882,
  0x0882,0x0882,0x0882,0x0882,0x0882,0x0882,0x0882,0x0882,0x0882,0x0882,0x0882,0x0882,0x0882,0x0882,0x0882,0x0882,
  0x0882,0x0882,0x0882,0x0882,0x0882,0x0882,0x0882,0x0882,0x0882,0x0882,0x0882,0x0882,0x0882,0x0882,0x0882,0x0882,
  0x0882,0x0882,0x0882,0x0882,0x0882,0x0882,0x0882,0x0882,0x0882,0x0882,0x0882,0x0882,0x0882,0x0882,0x0882,0x0882,
  0x0882,0x0882,0x0882,0x0882,0x0882,0x0882,0x19A7,0x08C3,0x0041,0x0041,0x0041,0x0041,0x0041,0x0041,0x0041,0x0041,
  0x0041,0x0041,0x0041,0x0041,0x0041,0x0041,0x0041,0x0041,0x0041,0x2209,0x0882,0x0882,0x0883,0x08A3,0x08C3,0x0925,
  0x0987,0x1229,0x26FE,0x26FE,0x26FE,0x1229,0x0987,0x0925,0x08E4,0x08A3,0x8CF3,0xEFFF,0x3A08,0x29A7,0xEFFF,0xADF8,
  0x1904,0x0882,0x3A29,0xEFFF,0xADD7,0x10C3,0x0882,0x08A3,0x0882,0xCEFB,0xE7DF,0x08A3,0x636E,0xEFFF,0x8492,0x0882,
  0x0882,0x0882,0x0882,0xB639,0xDF9E,0x3A49,0x0882,0x0882,0x2186,0xDF9E,0xBE7A,0x1925,0x0882,0x0883,0x0882,0x0882,
  0x08A3,0xC6DB,0xCEFB,0xBE9A,0xEFFF,0xEFFF,0xBE9A,0xD73C,0xB639,0x10E4,0x0882,0x0883,0x0882,0x08A3,0x0882,0x29C7,
  0xE7DF,0xB639,0x08A3,0x426A,0xEFFF,0x7C51,0x0882,0x10E4,0xCEFB,0xD71C,0x29A7,0x0882,0x08A3,0x0882,0x0882,0x08A3,
  0xDFBE,0xCF1C,0x0882,0x7C31,0xEFFF,0x638E,0x31C7,0xEFFF,0xADD7,0x10C3,0x0882,0x0883,0x0883,0x0882,0x08A3,0x9D75,
  0xEFFF,0x9514,0x7C72,0xEFFF,0xBE9A,0x2145,0x0882,0x1925,0xD73C,0xCEFB,0x2145,0x2166,0xEFFF,0xA596,0x0882,0x5B2D,
  0xEFFF,0xADF7,0x0882,0x0882,0xA5D7,0xE7DF,0x4AAB,0x0882,0x0882,0xAE18,0xE7BE,0x426A,0x0882,0x08A3,0xBE9A,0xDF7D,
  0x3208,0x0882,0x08A3,0x0882,0x0882,0x0882,0x0882,0x0882,0x0882,0x0882,0x0882,0x0882,0x0882,0x0882,0x0882,0x0882,
  0x0882,0x0882,0x0882,0x0882,0x0882,0x0882,0x0882,0x0882,0x0882,0x0882,0x0882,0x0882,0x0882,0x0882,0x0882,0x0882,
  0x0882,0x0882,0x0882,0x0882,0x0882,0x0882,0x0882,0x0882,0x0882,0x0882,0x0882,0x0882,0x0882,0x0882,0x0882,0x0882,
  0x0882,0x0882,0x0882,0x0882,0x0882,0x0882,0x0882,0x0882,0x0882,0x0882,0x0882,0x0882,0x0882,0x0882,0x0882,0x0882,
  0x0882,0x0882,0x0882,0x0882,0x0882,0x0882,0x0882,0x0882,0x0882,0x0882,0x0882,0x0882,0x0882,0x0882,0x0882,0x0882,
  0x0882,0x0882,0x0882,0x0882,0x0882,0x0882,0x0882,0x0882,0x0882,0x0882,0x0882,0x0882,0x0882,0x0882,0x0882,0x0882,
  0x0882,0x0882,0x0882,0x0882,0x0882,0x0882,0x0882,0x0882,0x0882,0x0882,0x0882,0x0882,0x0882,0x2209,0x0882,0x0882,
  0x0882,0x0882,0x0882,0x0882,0x0882,0x0882,0x0882,0x0882,0x0882,0x0882,0x0882,0x0882,0x0882,0x0882,0x0882,0x0882,
  0x0882,0x0882,0x0882,0x0882,0x0882,0x0882,0x0882,0x0882,0x0882,0x0882,0x0882,0x0882,0x0882,0x0882,0x0882,0x0882,
  0x0882,0x0882,0x0882,0x0882,0x0882,0x0882,0x0882,0x0882,0x0882,0x0882,0x0882,0x0882,0x0882,0x0882,0x0882,0x0882,
  0x0882,0x0882,0x0882,0x0882,0x0882,0x0882,0x19A7,0x08C3,0x0041,0x0041,0x0041,0x0041,0x0041,0x0041,0x0041,0x0041,
  0x0041,0x0041,0x0041,0x0041,0x0041,0x0041,0x0041,0x0041,0x0041,0x2209,0x0882,0x0882,0x0883,0x08A3,0x08C3,0x0905,
  0x0987,0x0A09,0x26FE,0x26FE,0x26FE,0x0A09,0x0987,0x0905,0x10E4,0x08A3,0x73F0,0xEFFF,0xB639,0x8CD3,0xEFFF,0x9514,
  0x08C3,0x0882,0x3A29,0xEFFF,0xADD7,0x10C3,0x0882,0x08A3,0x0882,0xADD7,0xEFFF,0x9D75,0xA5B7,0xEFFF,0x638E,0x0882,
  0x0883,0x0882,0x0882,0xB639,0xDF9E,0x3A49,0x0882,0x0882,0x2186,0xDF7D,0xD73C,0x7410,0x6BAF,0x6BF0,0x31C7,0x0882,
  0x08C3,0xC6DB,0xC6DB,0x9534,0xEFFF,0xE7BE,0x8CD3,0xDF7D,0xB639,0x10E4,0x0882,0x0883,0x0882,0x08A3,0x0882,0x29C7,
  0xE7DF,0xB639,0x08A3,0x2987,0xEFFF,0x94F4,0x0882,0x10E4,0xCEFB,0xDF9E,0x7C72,0x6BAF,0x73F0,0x3A49,0x0882,0x0882,
  0xBE7A,0xEFFF,0x9514,0xB639,0xEFFF,0x428A,0x31E8,0xE7DF,0xC6DB,0x6BF0,0x6BCF,0x6BCF,0x2186,0x0882,0x1925,0xDF7D,
  0xC6DB,0x2145,0x0882,0xB638,0xE7FF,0x426A,0x0882,0x1925,0xD73C,0xCEFB,0x2166,0x08A3,0xEFFF,0xB618,0x08A3,0x10E4,
  0xD75D,0xEFFF,0x9D55,0x84B3,0xEFFF,0xCEFB,0x1104,0x0882,0x0882,0xAE18,0xE7BE,0x426A,0x0882,0x08A3,0xBE9A,0xDF7D,
  0x3208,0x0882,0x08A3,0x0882,0x0882,0x0882,0x0882,0x0882,0x0882,0x0882,0x0882,0x0882,0x0882,0x0882,0x0882,0x0882,
  0x0882,0x0882,0x0882,0x0882,0x0882,0x0882,0x0882,0x0882,0x0882,0x0882,0x0882,0x0882,0x0882,0x0882,0x0882,0x0882,
  0x0882,0x0882,0x0882,0x0882,0x0882,0x0882,0x0882,0x0882,0x0882,0x0882,0x0882,0x0882,0x0882,0x0882,0x0882,0x0882,
  0x0882,0x0882,0x0882,0x0882,0x0882,0x0882,0x0882,0x0882,0x0882,0x0882,0x0882,0x0882,0x0882,0x0882,0x0882,0x0882,
  0x0882,0x0882,0x0882,0x0882,0x0882,0x0882,0x0882,0x0882,0x0882,0x0882,0x0882,0x0882,0x0882,0x0882,0x0882,0x0882,
  0x0882,0x0882,0x0882,0x0882,0x0882,0x0882,0x0882,0x0882,0x0882,0x0882,0x0882,0x0882,0x0882,0x0882,0x0882,0x0882,
  0x0882,0x0882,0x0882,0x0882,0x0882,0x0882,0x0882,0x0882,0x0882,0x0882,0x0882,0x0882,0x0882,0x2209,0x0882,0x0882,
  0x0882,0x0882,0x0882,0x0882,0x0882,0x0882,0x0882,0x0882,0x0882,0x0882,0x0882,0x0882,0x0882,0x0882,0x0882,0x0882,
  0x0882,0x0882,0x0882,0x0882,0x0882,0x0882,0x0882,0x0882,0x0882,0x0882,0x0882,0x0882,0x0882,0x0882,0x0882,0x0882,
  0x0882,0x0882,0x0882,0x0882,0x0882,0x0882,0x0882,0x0882,0x0882,0x0882,0x0882,0x0882,0x0882,0x0882,0x0882,0x0882,
  0x0882,0x0882,0x0882,0x0882,0x0882,0x0882,0x19A7,0x08C3,0x0041,0x0041,0x0041,0x0041,0x0041,0x0041,0x0041,0x0041,
  0x0041,0x0041,0x0041,0x0041,0x0041,0x0041,0x0041,0x0041,0x0041,0x2209,0x0882,0x0882,0x0883,0x08A3,0x08C3,0x0905,
  0x0966,0x09E8,0x26FE,0x26FE,0x26FE,0x09E8,0x0966,0x0905,0x08C4,0x08A3,0x1925,0xBE9A,0xEFFF,0xEFFF,0xE7DF,0x426A,
  0x0882,0x0882,0x3A29,0xEFFF,0xADD7,0x10C3,0x0882,0x08A3,0x0882,0x3A29,0xDFBE,0xEFFF,0xEFFF,0xCEFB,0x1925,0x0882,
  0x0883,0x0882,0x0882,0xB639,0xDF9E,0x3A49,0x0882,0x0882,0x2986,0xD75D,0xEFFF,0xEFFF,0xE7DF,0xEFFF,0x8472,0x0882,
  0x10C3,0xC6BB,0xCF1C,0x63AE,0xD75D,0xDF7D,0x530C,0xE7BE,0xB638,0x10E4,0x0882,0x0883,0x0882,0x08A3,0x0882,0x29C7,
  0xE7DF,0xB639,0x08A3,0x1925,0xE7BE,0xBE59,0x1904,0x10C3,0xC6DB,0xEFFF,0xEFFF,0xE7DF,0xEFFF,0xA596,0x0882,0x0882,
  0x4ACB,0xEFFF,0xEFFF,0xEFFF,0xBE9A,0x0882,0x3A29,0xE7BE,0xEFFF,0xEFFF,0xE7DF,0xEFFF,0x638E,0x0882,0x3A49,0xEFFF,
  0x9534,0x0882,0x0882,0x73F0,0xEFFF,0x63AE,0x0882,0x1925,0xD73C,0xCEFB,0x2166,0x0882,0xCF1C,0xCF1C,0x29A7,0x0882,
  0x5B2D,0xEFFF,0xEFFF,0xEFFF,0xEFFF,0x5B4D,0x0882,0x08A3,0x0882,0xAE18,0xE7BE,0x426A,0x0882,0x08A3,0xBE9A,0xDF7D,
  0x3208,0x0882,0x08A3,0x0882,0x0882,0x0882,0x0882,0x0882,0x0882,0x0882,0x0882,0x0882,0x0882,0x0882,0x0882,0x0882,
  0x0882,0x0882,0x0882,0x0882,0x0882,0x0882,0x0882,0x0882,0x0882,0x0882,0x0882,0x0882,0x0882,0x0882,0x0882,0x0882,
  0x0882,0x0882,0x0882,0x0882,0x0882,0x0882,0x0882,0x0882,0x0882,0x0882,0x0882,0x0882,0x0882,0x0882,0x0882,0x0882,
  0x0882,0x0882,0x0882,0x0882,0x0882,0x0882,0x0882,0x0882,0x0882,0x0882,0x0882,0x0882,0x0882,0x0882,0x0882,0x0882,
  0x0882,0x0882,0x0882,0x0882,0x0882,0x0882,0x0882,0x0882,0x0882,0x0882,0x0882,0x0882,0x0882,0x0882,0x0882,0x0882,
  0x0882,0x0882,0x0882,0x0882,0x0882,0x0882,0x0882,0x0882,0x0882,0x0882,0x0882,0x0882,0x0882,0x0882,0x0882,0x0882,
  0x0882,0x0882,0x0882,0x0882,0x0882,0x0882,0x0882,0x0882,0x0882,0x0882,0x0882,0x0882,0x0882,0x2209,0x0882,0x0882,
  0x0882,0x0882,0x0882,0x0882,0x0882,0x0882,0x0882,0x0882,0x0882,0x0882,0x0882,0x0882,0x0882,0x0882,0x0882,0x0882,
  0x0882,0x0882,0x0882,0x0882,0x0882,0x0882,0x0882,0x0882,0x0882,0x0882,0x0882,0x0882,0x0882,0x0882,0x0882,0x0882,
  0x0882,0x0882,0x0882,0x0882,0x0882,0x0882,0x0882,0x0882,0x0882,0x0882,0x0882,0x0882,0x0882,0x0882,0x0882,0x0882,
  0x0882,0x0882,0x0882,0x0882,0x0882,0x0882,0x19A7,0x08C3,0x0041,0x0041,0x0041,0x0041,0x0041,0x0041,0x0041,0x0041,
  0x0041,0x0041,0x0041,0x0041,0x0041,0x0041,0x0041,0x0041,0x0041,0x2209,0x0882,0x0882,0x0883,0x08A3,0x08C3,0x0904,
  0x0946,0x09C8,0x26FE,0x26FE,0x26FE,0x09C8,0x0946,0x0904,0x08C3,0x08A3,0x0883,0x1925,0x6BEF,0x8492,0x3208,0x0882,
  0x08A3,0x0882,0x1925,0x8492,0x5B2D,0x0882,0x0882,0x0882,0x0882,0x0882,0x29A7,0x7C72,0x7C31,0x1945,0x0882,0x0883,
  0x0882,0x0882,0x0882,0x5B6D,0x7C72,0x1925,0x0882,0x0882,0x10E4,0x7410,0x9534,0x8CF3,0x8CF3,0x9534,0x426A,0x0882,
  0x08A3,0x6BAF,0x7C51,0x10E4,0x7410,0x7410,0x10E4,0x8472,0x5B4D,0x0882,0x0882,0x0882,0x0882,0x0883,0x0882,0x1104,
  0x7C72,0x636E,0x0882,0x08A3,0x6BAF,0x7431,0x10C3,0x0883,0x6BAF,0x9534,0x8CF3,0x8CF4,0x9534,0x530C,0x0882,0x08A3,
  0x0882,0x3208,0x8492,0x73F0,0x1904,0x0882,0x1925,0x7C51,0x9514,0x8CF3,0x8CF4,0x9514,0x31E8,0x0882,0x2186,0x9514,
  0x3A29,0x0882,0x0882,0x2166,0x9535,0x3A49,0x0882,0x10C3,0x7410,0x73F0,0x10C3,0x0882,0x532C,0x8492,0x1925,0x0882,
  0x0882,0x3208,0x8492,0x7C71,0x3A29,0x0882,0x0882,0x0882,0x0882,0x5B4D,0x8472,0x1925,0x0882,0x0882,0x638E,0x7C51,
  0x1104,0x0882,0x0883,0x0882,0x0882,0x0882,0x0882,0x0882,0x0882,0x0882,0x0882,0x0882,0x0882,0x0882,0x0882,0x0882,
  0x0882,0x0882,0x0882,0x0882,0x0882,0x0882,0x0882,0x0882,0x0882,0x0882,0x0882,0x0882,0x0882,0x0882,0x0882,0x0882,
  0x0882,0x0882,0x0882,0x0882,0x0882,0x0882,0x0882,0x0882,0x0882,0x0882,0x0882,0x0882,0x0882,0x0882,0x0882,0x0882,
  0x0882,0x0882,0x0882,0x0882,0x0882,0x0882,0x0882,0x0882,0x0882,0x0882,0x0882,0x0882,0x0882,0x0882,0x0882,0x0882,
  0x0882,0x0882,0x0882,0x0882,0x0882,0x0882,0x0882,0x0882,0x0882,0x0882,0x0882,0x0882,0x0882,0x0882,0x0882,0x0882,
  0x0882,0x0882,0x0882,0x0882,0x0882,0x0882,0x0882,0x0882,0x0882,0x0882,0x0882,0x0882,0x0882,0x0882,0x0882,0x0882,
  0x0882,0x0882,0x0882,0x0882,0x0882,0x0882,0x0882,0x0882,0x0882,0x0882,0x0882,0x0882,0x0882,0x2209,0x0882,0x0882,
  0x0882,0x0882,0x0882,0x0882,0x0882,0x0882,0x0882,0x0882,0x0882,0x0882,0x0882,0x0882,0x0882,0x0882,0x0882,0x0882,
  0x0882,0x0882,0x0882,0x0882,0x0882,0x0882,0x0882,0x0882,0x0882,0x0882,0x0882,0x0882,0x0882,0x0882,0x0882,0x0882,
  0x0882,0x0882,0x0882,0x0882,0x0882,0x0882,0x0882,0x0882,0x0882,0x0882,0x0882,0x0882,0x0882,0x0882,0x0882,0x0882,
  0x0882,0x0882,0x0882,0x0882,0x0882,0x0882,0x19A7,0x08C3,0x0041,0x0041,0x0041,0x0041,0x0041,0x0041,0x0041,0x0041,
  0x0041,0x0041,0x0041,0x0041,0x0041,0x0041,0x0041,0x0041,0x0041,0x21E9,0x08C4,0x0882,0x0883,0x0883,0x08A3,0x08E4,
  0x0925,0x0986,0x26FE,0x26FE,0x26FE,0x0986,0x0925,0x08E4,0x08A3,0x0883,0x0883,0x0882,0x0882,0x0882,0x0882,0x0882,
  0x0882,0x0882,0x0882,0x0882,0x0882,0x0882,0x0882,0x0882,0x0882,0x0882,0x0882,0x0882,0x0882,0x0882,0x0882,0x0882,
  0x0882,0x0882,0x0882,0x0882,0x0882,0x0882,0x0882,0x0882,0x0882,0x0882,0x0882,0x0882,0x0882,0x0882,0x0882,0x0882,
  0x0882,0x0882,0x0882,0x0882,0x0882,0x0882,0x0882,0x0882,0x0882,0x0882,0x0882,0x0882,0x0882,0x0882,0x0882,0x0882,
  0x0882,0x0882,0x0882,0x0882,0x0882,0x0882,0x0882,0x0882,0x0882,0x0882,0x0882,0x0882,0x0882,0x0882,0x0882,0x0882,
  0x0882,0x0882,0x0882,0x0882,0x0882,0x0882,0x0882,0x0882,0x0882,0x0882,0x0882,0x0882,0x0882,0x0882,0x0882,0x0882,
  0x0882,0x0882,0x0882,0x0882,0x0882,0x0882,0x0882,0x0882,0x0882,0x0882,0x0882,0x0882,0x0882,0x0882,0x0882,0x0882,
  0x0882,0x0882,0x0882,0x0882,0x0882,0x0882,0x0882,0x0882,0x0882,0x0882,0x0882,0x0882,0x0882,0x0882,0x0882,0x0882,
  0x0882,0x0882,0x0882,0x0882,0x0882,0x0882,0x0882,0x0882,0x0882,0x0882,0x0882,0x0882,0x0882,0x0882,0x0882,0x0882,
  0x0882,0x0882,0x0882,0x0882,0x0882,0x0882,0x0882,0x0882,0x0882,0x0882,0x0882,0x0882,0x0882,0x0882,0x0882,0x0882,
  0x0882,0x0882,0x0882,0x0882,0x0882,0x0882,0x0882,0x0882,0x0882,0x0882,0x0882,0x0882,0x0882,0x0882,0x0882,0x0882,
  0x0882,0x0882,0x0882,0x0882,0x0882,0x0882,0x0882,0x0882,0x0882,0x0882,0x0882,0x0882,0x0882,0x0882,0x0882,0x0882,
  0x0882,0x0882,0x0882,0x0882,0x0882,0x0882,0x0882,0x0882,0x0882,0x0882,0x0882,0x0882,0x0882,0x0882,0x0882,0x0882,
  0x0882,0x0882,0x0882,0x0882,0x0882,0x0882,0x0882,0x0882,0x0882,0x0882,0x0882,0x0882,0x0882,0x0882,0x0882,0x0882,
  0x0882,0x0882,0x0882,0x0882,0x0882,0x0882,0x0882,0x0882,0x0882,0x0882,0x0882,0x0882,0x0882,0x2209,0x0882,0x0882,
  0x0882,0x0882,0x0882,0x0882,0x0882,0x0882,0x0882,0x0882,0x0882,0x0882,0x0882,0x0882,0x0882,0x0882,0x0882,0x0882,
  0x0882,0x0882,0x0882,0x0882,0x0882,0x0882,0x0882,0x0882,0x0882,0x0882,0x0882,0x0882,0x0882,0x0882,0x0882,0x0882,
  0x0882,0x0882,0x0882,0x0882,0x0882,0x0882,0x0882,0x0882,0x0882,0x0882,0x0882,0x0882,0x0882,0x0882,0x0882,0x0882,
  0x0882,0x0882,0x0882,0x0882,0x0882,0x0882,0x19A7,0x08C3,0x0041,0x0041,0x0041,0x0041,0x0041,0x0041,0x0041,0x0041,
  0x0041,0x0041,0x0041,0x0041,0x0041,0x0041,0x0041,0x0041,0x0041,0x08A3,0x21C8,0x08C4,0x0882,0x0883,0x08A3,0x08C3,
  0x0904,0x0925,0x0966,0x0966,0x0966,0x0925,0x0904,0x08C3,0x08A3,0x0883,0x0882,0x0882,0x0882,0x0882,0x0882,0x0882,
  0x0882,0x0882,0x0882,0x0882,0x0882,0x0882,0x0882,0x0882,0x0882,0x0882,0x0882,0x0882,0x0882,0x0882,0x0882,0x0882,
  0x0882,0x0882,0x0882,0x0882,0x0882,0x0882,0x0882,0x0882,0x0882,0x0882,0x0882,0x0882,0x0882,0x0882,0x0882,0x0882,
  0x0882,0x0882,0x0882,0x0882,0x0882,0x0882,0x0882,0x0882,0x0882,0x0882,0x0882,0x0882,0x0882,0x0882,0x0882,0x0882,
  0x0882,0x0882,0x0882,0x0882,0x0882,0x0882,0x0882,0x0882,0x0882,0x0882,0x0882,0x0882,0x0882,0x0882,0x0882,0x0882,
  0x0882,0x0882,0x0882,0x0882,0x0882,0x0882,0x0882,0x0882,0x0882,0x0882,0x0882,0x0882,0x0882,0x0882,0x0882,0x0882,
  0x0882,0x0882,0x0882,0x0882,0x0882,0x0882,0x0882,0x0882,0x0882,0x0882,0x0882,0x0882,0x0882,0x0882,0x0882,0x0882,
  0x0882,0x0882,0x0882,0x0882,0x0882,0x0882,0x0882,0x0882,0x0882,0x0882,0x0882,0x0882,0x0882,0x0882,0x0882,0x0882,
  0x0882,0x0882,0x0882,0x0882,0x0882,0x0882,0x0882,0x0882,0x0882,0x0882,0x0882,0x0882,0x0882,0x0882,0x0882,0x0882,
  0x0882,0x0882,0x0882,0x0882,0x0882,0x0882,0x0882,0x0882,0x0882,0x0882,0x0882,0x0882,0x0882,0x0882,0x0882,0x0882,
  0x0882,0x0882,0x0882,0x0882,0x0882,0x0882,0x0882,0x0882,0x0882,0x0882,0x0882,0x0882,0x0882,0x0882,0x0882,0x0882,
  0x0882,0x0882,0x0882,0x0882,0x0882,0x0882,0x0882,0x0882,0x0882,0x0882,0x0882,0x0882,0x0882,0x0882,0x0882,0x0882,
  0x0882,0x0882,0x0882,0x0882,0x0882,0x0882,0x0882,0x0882,0x0882,0x0882,0x0882,0x0882,0x0882,0x0882,0x0882,0x0882,
  0x0882,0x0882,0x0882,0x0882,0x0882,0x0882,0x0882,0x0882,0x0882,0x0882,0x0882,0x0882,0x0882,0x0882,0x0882,0x0882,
  0x0882,0x0882,0x0882,0x0882,0x0882,0x0882,0x0882,0x0882,0x0882,0x0882,0x0882,0x0882,0x0882,0x0882,0x0882,0x0882,
  0x0882,0x0882,0x0882,0x0882,0x0882,0x0882,0x0882,0x0882,0x0882,0x0882,0x0882,0x0882,0x0882,0x0882,0x0882,0x0882,
  0x0882,0x0882,0x0882,0x0882,0x0882,0x0882,0x0882,0x0882,0x0882,0x0882,0x0882,0x0882,0x0882,0x0882,0x0882,0x0882,
  0x0882,0x0882,0x0882,0x0882,0x0882,0x0882,0x0882,0x0882,0x0882,0x0882,0x0882,0x0882,0x0882,0x0882,0x0882,0x0882,
  0x0882,0x0882,0x0882,0x0882,0x0882,0x0882,0x19A7,0x08C3,0x0041,0x0041,0x0041,0x0041,0x0041,0x0041,0x0041,0x0041,
  0x0041,0x0041,0x0041,0x0041,0x0041,0x0041,0x0041,0x0041,0x0041,0x0041,0x08A3,0x21C8,0x08C4,0x0883,0x08A3,0x08A3,
  0x08C4,0x08E4,0x0905,0x0925,0x0905,0x08E4,0x08C4,0x08A3,0x08A3,0x0883,0x0882,0x0882,0x0882,0x0882,0x0882,0x0882,
  0x0882,0x0882,0x0882,0x0882,0x0882,0x0882,0x0882,0x0882,0x0882,0x0882,0x0882,0x0882,0x0882,0x0882,0x0882,0x0882,
  0x0882,0x0882,0x0882,0x0882,0x0882,0x0882,0x0882,0x0882,0x0882,0x0882,0x0882,0x0882,0x0882,0x0882,0x0882,0x0882,
  0x0882,0x0882,0x0882,0x0882,0x0882,0x0882,0x0882,0x0882,0x0882,0x0882,0x0882,0x0882,0x0882,0x0882,0x0882,0x0882,
  0x0882,0x0882,0x0882,0x0882,0x0882,0x0882,0x0882,0x0882,0x0882,0x0882,0x0882,0x0882,0x0882,0x0882,0x0882,0x0882,
  0x0882,0x0882,0x0882,0x0882,0x0882,0x0882,0x0882,0x0882,0x0882,0x0882,0x0882,0x0882,0x0882,0x0882,0x0882,0x0882,
  0x0882,0x0882,0x0882,0x0882,0x0882,0x0882,0x0882,0x0882,0x0882,0x0882,0x0882,0x0882,0x0882,0x0882,0x0882,0x0882,
  0x0882,0x0882,0x0882,0x0882,0x0882,0x0882,0x0882,0x0882,0x0882,0x0882,0x0882,0x0882,0x0882,0x0882,0x0882,0x0882,
  0x0882,0x0882,0x0882,0x0882,0x0882,0x0882,0x0882,0x0882,0x0882,0x0882,0x0882,0x0882,0x0882,0x0882,0x0882,0x0882,
  0x0882,0x0882,0x0882,0x0882,0x0882,0x0882,0x0882,0x0882,0x0882,0x0882,0x0882,0x0882,0x0882,0x0882,0x0882,0x0882,
  0x0882,0x0882,0x0882,0x0882,0x0882,0x0882,0x0882,0x0882,0x0882,0x0882,0x0882,0x0882,0x0882,0x0882,0x0882,0x0882,
  0x0882,0x0882,0x0882,0x0882,0x0882,0x0882,0x0882,0x0882,0x0882,0x0882,0x0882,0x0882,0x0882,0x0882,0x0882,0x0882,
  0x0882,0x0882,0x0882,0x0882,0x0882,0x0882,0x0882,0x0882,0x0882,0x0882,0x0882,0x0882,0x0882,0x0882,0x0882,0x0882,
  0x0882,0x0882,0x0882,0x0882,0x0882,0x0882,0x0882,0x0882,0x0882,0x0882,0x0882,0x0882,0x0882,0x0882,0x0882,0x0882,
  0x0882,0x0882,0x0882,0x0882,0x0882,0x0882,0x0882,0x0882,0x0882,0x0882,0x0882,0x0882,0x0882,0x0882,0x0882,0x0882,
  0x0882,0x0882,0x0882,0x0882,0x0882,0x0882,0x0882,0x0882,0x0882,0x0882,0x0882,0x0882,0x0882,0x0882,0x0882,0x0882,
  0x0882,0x0882,0x0882,0x0882,0x0882,0x0882,0x0882,0x0882,0x0882,0x0882,0x0882,0x0882,0x0882,0x0882,0x0882,0x0882,
  0x0882,0x0882,0x0882,0x0882,0x0882,0x0882,0x0882,0x0882,0x0882,0x0882,0x0882,0x0882,0x0882,0x0882,0x0882,0x0882,
  0x0882,0x0882,0x0882,0x0882,0x0882,0x0882,0x19A7,0x08C3,0x0041,0x0041,0x0041,0x0041,0x0041,0x0041,0x0041,0x0041,
  0x0041,0x0041,0x0041,0x0041,0x0041,0x0041,0x0041,0x0041,0x0041,0x0041,0x0041,0x08A3,0x21C8,0x08C4,0x0883,0x08A3,
  0x08A3,0x08C3,0x08C4,0x08C4,0x08C4,0x08C3,0x08A3,0x08A3,0x0883,0x0883,0x0882,0x0882,0x0882,0x0882,0x0882,0x0882,
  0x0882,0x0882,0x0882,0x0882,0x0882,0x0882,0x0882,0x0882,0x0882,0x0882,0x0882,0x0882,0x0882,0x0882,0x0882,0x0882,
  0x0882,0x0882,0x0882,0x0882,0x0882,0x0882,0x0882,0x0882,0x0882,0x0882,0x0882,0x0882,0x0882,0x0882,0x0882,0x0882,
  0x0882,0x0882,0x0882,0x0882,0x0882,0x0882,0x0882,0x0882,0x0882,0x0882,0x0882,0x0882,0x0882,0x0882,0x0882,0x0882,
  0x0882,0x0882,0x0882,0x0882,0x0882,0x0882,0x0882,0x0882,0x0882,0x0882,0x0882,0x0882,0x0882,0x0882,0x0882,0x0882,
  0x0882,0x0882,0x0882,0x0882,0x0882,0x0882,0x0882,0x0882,0x0882,0x0882,0x0882,0x0882,0x0882,0x0882,0x0882,0x0882,
  0x0882,0x0882,0x0882,0x0882,0x0882,0x0882,0x0882,0x0882,0x0882,0x0882,0x0882,0x0882,0x0882,0x0882,0x0882,0x0882,
  0x0882,0x0882,0x0882,0x0882,0x0882,0x0882,0x0882,0x0882,0x0882,0x0882,0x0882,0x0882,0x0882,0x0882,0x0882,0x0882,
  0x0882,0x0882,0x0882,0x0882,0x0882,0x0882,0x0882,0x0882,0x0882,0x0882,0x0882,0x0882,0x0882,0x0882,0x0882,0x0882,
  0x0882,0x0882,0x0882,0x0882,0x0882,0x0882,0x0882,0x0882,0x0882,0x0882,0x0882,0x0882,0x0882,0x0882,0x0882,0x0882,
  0x0882,0x0882,0x0882,0x0882,0x0882,0x0882,0x0882,0x0882,0x0882,0x0882,0x0882,0x0882,0x0882,0x0882,0x0882,0x0882,
  0x0882,0x0882,0x0882,0x0882,0x0882,0x0882,0x0882,0x0882,0x0882,0x0882,0x0882,0x0882,0x0882,0x0882,0x0882,0x0882,
  0x0882,0x0882,0x0882,0x0882,0x0882,0x0882,0x0882,0x0882,0x0882,0x0882,0x0882,0x0882,0x0882,0x0882,0x0882,0x0882,
  0x0882,0x0882,0x0882,0x0882,0x0882,0x0882,0x0882,0x0882,0x0882,0x0882,0x0882,0x0882,0x0882,0x0882,0x0882,0x0882,
  0x0882,0x0882,0x0882,0x0882,0x0882,0x0882,0x0882,0x0882,0x0882,0x0882,0x0882,0x0882,0x0882,0x0882,0x0882,0x0882,
  0x0882,0x0882,0x0882,0x0882,0x0882,0x0882,0x0882,0x0882,0x0882,0x0882,0x0882,0x0882,0x0882,0x0882,0x0882,0x0882,
  0x0882,0x0882,0x0882,0x0882,0x0882,0x0882,0x0882,0x0882,0x0882,0x0882,0x0882,0x0882,0x0882,0x0882,0x0882,0x0882,
  0x0882,0x0882,0x0882,0x0882,0x0882,0x0882,0x0882,0x0882,0x0882,0x0882,0x0882,0x0882,0x0882,0x0882,0x0882,0x0882,
  0x0882,0x0882,0x0882,0x0882,0x0882,0x0882,0x19A7,0x08C3,0x0041,0x0041,0x0041,0x0041,0x0041,0x0041,0x0041,0x0041,
  0x0041,0x0041,0x0041,0x0041,0x0041,0x0041,0x0041,0x0041,0x0041,0x0041,0x0041,0x0041,0x08C3,0x21C8,0x08C4,0x0883,
  0x08A3,0x08A3,0x08A3,0x08A3,0x08A3,0x08A3,0x08A3,0x0883,0x0883,0x0882,0x0882,0x0882,0x0882,0x0882,0x0882,0x0882,
  0x0882,0x0882,0x0882,0x0882,0x0882,0x0882,0x0882,0x0882,0x0882,0x0882,0x0882,0x0882,0x0882,0x0882,0x0882,0x0882,
  0x0882,0x0882,0x0882,0x0882,0x0882,0x0882,0x0882,0x0882,0x0882,0x0882,0x0882,0x0882,0x0882,0x0882,0x0882,0x0882,
  0x0882,0x0882,0x0882,0x0882,0x0882,0x0882,0x0882,0x0882,0x0882,0x0882,0x0882,0x0882,0x0882,0x0882,0x0882,0x0882,
  0x0882,0x0882,0x0882,0x0882,0x0882,0x0882,0x0882,0x0882,0x0882,0x0882,0x0882,0x0882,0x0882,0x0882,0x0882,0x0882,
  0x0882,0x0882,0x0882,0x0882,0x0882,0x0882,0x0882,0x0882,0x0882,0x0882,0x0882,0x0882,0x0882,0x0882,0x0882,0x0882,
  0x0882,0x0882,0x0882,0x0882,0x0882,0x0882,0x0882,0x0882,0x0882,0x0882,0x0882,0x0882,0x0882,0x0882,0x0882,0x0882,
  0x0882,0x0882,0x0882,0x0882,0x0882,0x0882,0x0882,0x0882,0x0882,0x0882,0x0882,0x0882,0x0882,0x0882,0x0882,0x0882,
  0x0882,0x0882,0x0882,0x0882,0x0882,0x0882,0x0882,0x0882,0x0882,0x0882,0x0882,0x0882,0x0882,0x0882,0x0882,0x0882,
  0x0882,0x0882,0x0882,0x0882,0x0882,0x0882,0x0882,0x0882,0x0882,0x0882,0x0882,0x0882,0x0882,0x0882,0x0882,0x0882,
  0x0882,0x0882,0x0882,0x0882,0x0882,0x0882,0x0882,0x0882,0x0882,0x0882,0x0882,0x0882,0x0882,0x0882,0x0882,0x0882,
  0x0882,0x0882,0x0882,0x0882,0x0882,0x0882,0x0882,0x0882,0x0882,0x0882,0x0882,0x0882,0x0882,0x0882,0x0882,0x0882,
  0x0882,0x0882,0x0882,0x0882,0x0882,0x0882,0x0882,0x0882,0x0882,0x0882,0x0882,0x0882,0x0882,0x0882,0x0882,0x0882,
  0x0882,0x0882,0x0882,0x0882,0x0882,0x0882,0x0882,0x0882,0x0882,0x0882,0x0882,0x0882,0x0882,0x0882,0x0882,0x0882,
  0x0882,0x0882,0x0882,0x0882,0x0882,0x0882,0x0882,0x0882,0x0882,0x0882,0x0882,0x0882,0x0882,0x0882,0x0882,0x0882,
  0x0882,0x0882,0x0882,0x0882,0x0882,0x0882,0x0882,0x0882,0x0882,0x0882,0x0882,0x0882,0x0882,0x0882,0x0882,0x0882,
  0x0882,0x0882,0x0882,0x0882,0x0882,0x0882,0x0882,0x0882,0x0882,0x0882,0x0882,0x0882,0x0882,0x0882,0x0882,0x0882,
  0x0882,0x0882,0x0882,0x0882,0x0882,0x0882,0x0882,0x0882,0x0882,0x0882,0x0882,0x0882,0x0882,0x0882,0x0882,0x0882,
  0x0882,0x0882,0x0882,0x0882,0x0882,0x0882,0x19A7,0x08C3,0x0041,0x0041,0x0041,0x0041,0x0041,0x0041,0x0041,0x0041,
  0x0041,0x0041,0x0041,0x0041,0x0041,0x0041,0x0041,0x0041,0x0041,0x0041,0x0041,0x0041,0x0041,0x08C3,0x21C8,0x08C4,
  0x0883,0x0883,0x0883,0x0883,0x0883,0x0883,0x0883,0x0883,0x0882,0x0882,0x0882,0x0882,0x0882,0x0882,0x0882,0x0882,
  0x0882,0x0882,0x0882,0x0882,0x0882,0x0882,0x0882,0x0882,0x0882,0x0882,0x0882,0x0882,0x0882,0x0882,0x0882,0x0882,
  0x0882,0x0882,0x0882,0x0882,0x0882,0x0882,0x0882,0x0882,0x0882,0x0882,0x0882,0x0882,0x0882,0x0882,0x0882,0x0882,
  0x0882,0x0882,0x0882,0x0882,0x0882,0x0882,0x0882,0x0882,0x0882,0x0882,0x0882,0x0882,0x0882,0x0882,0x0882,0x0882,
  0x0882,0x0882,0x0882,0x0882,0x0882,0x0882,0x0882,0x0882,0x0882,0x0882,0x0882,0x0882,0x0882,0x0882,0x0882,0x0882,
  0x0882,0x0882,0x0882,0x0882,0x0882,0x0882,0x0882,0x0882,0x0882,0x0882,0x0882,0x0882,0x0882,0x0882,0x0882,0x0882,
  0x0882,0x0882,0x0882,0x0882,0x0882,0x0882,0x0882,0x0882,0x0882,0x0882,0x0882,0x0882,0x0882,0x0882,0x0882,0x0882,
  0x0882,0x0882,0x0882,0x0882,0x0882,0x0882,0x0882,0x0882,0x0882,0x0882,0x0882,0x0882,0x0882,0x0882,0x0882,0x0882,
  0x0882,0x0882,0x0882,0x0882,0x0882,0x0882,0x0882,0x0882,0x0882,0x0882,0x0882,0x0882,0x0882,0x0882,0x0882,0x0882,
  0x0882,0x0882,0x0882,0x0882,0x0882,0x0882,0x0882,0x0882,0x0882,0x0882,0x0882,0x0882,0x0882,0x0882,0x0882,0x0882,
  0x0882,0x0882,0x0882,0x0882,0x0882,0x0882,0x0882,0x0882,0x0882,0x0882,0x0882,0x0882,0x0882,0x0882,0x0882,0x0882,
  0x0882,0x0882,0x0882,0x0882,0x0882,0x0882,0x0882,0x0882,0x0882,0x0882,0x0882,0x0882,0x0882,0x0882,0x0882,0x0882,
  0x0882,0x0882,0x0882,0x0882,0x0882,0x0882,0x0882,0x0882,0x0882,0x0882,0x0882,0x0882,0x0882,0x0882,0x0882,0x0882,
  0x0882,0x0882,0x0882,0x0882,0x0882,0x0882,0x0882,0x0882,0x0882,0x0882,0x0882,0x0882,0x0882,0x0882,0x0882,0x0882,
  0x0882,0x0882,0x0882,0x0882,0x0882,0x0882,0x0882,0x0882,0x0882,0x0882,0x0882,0x0882,0x0882,0x0882,0x0882,0x0882,
  0x0882,0x0882,0x0882,0x0882,0x0882,0x0882,0x0882,0x0882,0x0882,0x0882,0x0882,0x0882,0x0882,0x0882,0x0882,0x0882,
  0x0882,0x0882,0x0882,0x0882,0x0882,0x0882,0x0882,0x0882,0x0882,0x0882,0x0882,0x0882,0x0882,0x0882,0x0882,0x0882,
  0x0882,0x0882,0x0882,0x0882,0x0882,0x0882,0x0882,0x0882,0x0882,0x0882,0x0882,0x0882,0x0882,0x0882,0x0882,0x0882,
  0x0882,0x0882,0x0882,0x0882,0x0882,0x0882,0x19A7,0x08C3,0x0041,0x0041,0x0041,0x0041,0x0041,0x0041,0x0041,0x0041,
  0x0041,0x0041,0x0041,0x0041,0x0041,0x0041,0x0041,0x0041,0x0041,0x0041,0x0041,0x0041,0x0041,0x0041,0x08C3,0x21E9,
  0x2209,0x2209,0x2209,0x2209,0x2209,0x2209,0x2209,0x2209,0x2209,0x2209,0x2209,0x2209,0x2209,0x2209,0x2209,0x2209,
  0x2209,0x2209,0x2209,0x2209,0x2209,0x2209,0x2209,0x2209,0x2209,0x2209,0x2209,0x2209,0x2209,0x2209,0x2209,0x2209,
  0x2209,0x2209,0x2209,0x2209,0x2209,0x2209,0x2209,0x2209,0x2209,0x2209,0x2209,0x2209,0x2209,0x2209,0x2209,0x2209,
  0x2209,0x2209,0x2209,0x2209,0x2209,0x2209,0x2209,0x2209,0x2209,0x2209,0x2209,0x2209,0x2209,0x2209,0x2209,0x2209,
  0x2209,0x2209,0x2209,0x2209,0x2209,0x2209,0x2209,0x2209,0x2209,0x2209,0x2209,0x2209,0x2209,0x2209,0x2209,0x2209,
  0x2209,0x2209,0x2209,0x2209,0x2209,0x2209,0x2209,0x2209,0x2209,0x2209,0x2209,0x2209,0x2209,0x2209,0x2209,0x2209,
  0x2209,0x2209,0x2209,0x2209,0x2209,0x2209,0x2209,0x2209,0x2209,0x2209,0x2209,0x2209,0x2209,0x2209,0x2209,0x2209,
  0x2209,0x2209,0x2209,0x2209,0x2209,0x2209,0x2209,0x2209,0x2209,0x2209,0x2209,0x2209,0x2209,0x2209,0x2209,0x2209,
  0x2209,0x2209,0x2209,0x2209,0x2209,0x2209,0x2209,0x2209,0x2209,0x2209,0x2209,0x2209,0x2209,0x2209,0x2209,0x2209,
  0x2209,0x2209,0x2209,0x2209,0x2209,0x2209,0x2209,0x2209,0x2209,0x2209,0x2209,0x2209,0x2209,0x2209,0x2209,0x2209,
  0x2209,0x2209,0x2209,0x2209,0x2209,0x2209,0x2209,0x2209,0x2209,0x2209,0x2209,0x2209,0x2209,0x2209,0x2209,0x2209,
  0x2209,0x2209,0x2209,0x2209,0x2209,0x2209,0x2209,0x2209,0x2209,0x2209,0x2209,0x2209,0x2209,0x2209,0x2209,0x2209,
  0x2209,0x2209,0x2209,0x2209,0x2209,0x2209,0x2209,0x2209,0x2209,0x2209,0x2209,0x2209,0x2209,0x2209,0x2209,0x2209,
  0x2209,0x2209,0x2209,0x2209,0x2209,0x2209,0x2209,0x2209,0x2209,0x2209,0x2209,0x2209,0x2209,0x2209,0x2209,0x2209,
  0x2209,0x2209,0x2209,0x2209,0x2209,0x2209,0x2209,0x2209,0x2209,0x2209,0x2209,0x2209,0x2209,0x2209,0x2209,0x2209,
  0x2209,0x2209,0x2209,0x2209,0x2209,0x2209,0x2209,0x2209,0x2209,0x2209,0x2209,0x2209,0x2209,0x2209,0x2209,0x2209,
  0x2209,0x2209,0x2209,0x2209,0x2209,0x2209,0x2209,0x2209,0x2209,0x2209,0x2209,0x2209,0x2209,0x2209,0x2209,0x2209,
  0x2209,0x2209,0x2209,0x2209,0x2209,0x2209,0x2209,0x2209,0x2209,0x2209,0x2209,0x2209,0x2209,0x2209,0x2209,0x2209,
  0x2209,0x2209,0x2209,0x2209,0x2209,0x2209,0x21E9,0x08A3,0x0041,0x0041,0x0041,0x0041,0x0041,0x0041,0x0041,0x0041,
  0x0041,0x0041,0x0041,0x0041,0x0041,0x0041,0x0041,0x0041,0x0041,0x0041,0x0041,0x0041,0x0041,0x0041,0x0041,0x0062,
  0x0062,0x0062,0x0062,0x0062,0x0062,0x0062,0x0062,0x0062,0x0062,0x0062,0x0062,0x0062,0x0062,0x0062,0x0062,0x0062,
  0x0062,0x0062,0x0062,0x0062,0x0062,0x0062,0x0062,0x0062,0x0062,0x0062,0x0062,0x0062,0x0062,0x0062,0x0062,0x0062,
  0x0062,0x0062,0x0062,0x0062,0x0062,0x0062,0x0062,0x0062,0x0062,0x0062,0x0062,0x0062,0x0062,0x0062,0x0062,0x0062,
  0x0062,0x0062,0x0062,0x0062,0x0062,0x0062,0x0062,0x0062,0x0062,0x0062,0x0062,0x0062,0x0062,0x0062,0x0062,0x0062,
  0x0062,0x0062,0x0062,0x0062,0x0062,0x0062,0x0062,0x0062,0x0062,0x0062,0x0062,0x0062,0x0062,0x0062,0x0062,0x0062,
  0x0062,0x0062,0x0062,0x0062,0x0062,0x0062,0x0062,0x0062,0x0062,0x0062,0x0062,0x0062,0x0062,0x0062,0x0062,0x0062,
  0x0062,0x0062,0x0062,0x0062,0x0062,0x0062,0x0062,0x0062,0x0062,0x0062,0x0062,0x0062,0x0062,0x0062,0x0062,0x0062,
  0x0062,0x0062,0x0062,0x0062,0x0062,0x0062,0x0062,0x0062,0x0062,0x0062,0x0062,0x0062,0x0062,0x0062,0x0062,0x0062,
  0x0062,0x0062,0x0062,0x0062,0x0062,0x0062,0x0062,0x0062,0x0062,0x0062,0x0062,0x0062,0x0062,0x0062,0x0062,0x0062,
  0x0062,0x0062,0x0062,0x0062,0x0062,0x0062,0x0062,0x0062,0x0062,0x0062,0x0062,0x0062,0x0062,0x0062,0x0062,0x0062,
  0x0062,0x0062,0x0062,0x0062,0x0062,0x0062,0x0062,0x0062,0x0062,0x0062,0x0062,0x0062,0x0062,0x0062,0x0062,0x0062,
  0x0062,0x0062,0x0062,0x0062,0x0062,0x0062,0x0062,0x0062,0x0062,0x0062,0x0062,0x0062,0x0062,0x0062,0x0062,0x0062,
  0x0062,0x0062,0x0062,0x0062,0x0062,0x0062,0x0062,0x0062,0x0062,0x0062,0x0062,0x0062,0x0062,0x0062,0x0062,0x0062,
  0x0062,0x0062,0x0062,0x0062,0x0062,0x0062,0x0062,0x0062,0x0062,0x0062,0x0062,0x0062,0x0062,0x0062,0x0062,0x0062,
  0x0062,0x0062,0x0062,0x0062,0x0062,0x0062,0x0062,0x0062,0x0062,0x0062,0x0062,0x0062,0x0062,0x0062,0x0062,0x0062,
  0x0062,0x0062,0x0062,0x0062,0x0062,0x0062,0x0062,0x0062,0x0062,0x0062,0x0062,0x0062,0x0062,0x0062,0x0062,0x0062,
  0x0062,0x0062,0x0062,0x0062,0x0062,0x0062,0x0062,0x0062,0x0062,0x0062,0x0062,0x0062,0x0062,0x0062,0x0062,0x0062,
  0x0062,0x0062,0x0062,0x0062,0x0062,0x0062,0x0062,0x0062,0x0062,0x0062,0x0062,0x0062,0x0062,0x0062,0x0062,0x0062,
  0x0062,0x0062,0x0062,0x0062,0x0062,0x0062,0x0062,0x0041,0x0041,0x0041,0x0041,0x0041,0x0041,0x0041,0x0041,0x0041,
  0x0041,0x0041,0x0041,0x0041,0x0041,0x0041,0x0041,0x0041,0x0041,0x0041,0x0041,0x0041,0x0041,0x0041,0x0041,0x0041,
  0x0041,0x0041,0x0041,0x0041,0x0041,0x0041,0x0041,0x0041,0x0041,0x0041,0x0041,0x0041,0x0041,0x0041,0x0041,0x0041,
  0x0041,0x0041,0x0041,0x0041,0x0041,0x0041,0x0041,0x0041,0x0041,0x0041,0x0041,0x0041,0x0041,0x0041,0x0041,0x0041,
  0x0041,0x0041,0x0041,0x0041,0x0041,0x0041,0x0041,0x0041,0x0041,0x0041,0x0041,0x0041,0x0041,0x0041,0x0041,0x0041,
  0x0041,0x0041,0x0041,0x0041,0x0041,0x0041,0x0041,0x0041,0x0041,0x0041,0x0041,0x0041,0x0041,0x0041,0x0041,0x0041,
  0x0041,0x0041,0x0041,0x0041,0x0041,0x0041,0x0041,0x0041,0x0041,0x0041,0x0041,0x0041,0x0041,0x0041,0x0041,0x0041,
  0x0041,0x0041,0x0041,0x0041,0x0041,0x0041,0x0041,0x0041,0x0041,0x0041,0x0041,0x0041,0x0041,0x0041,0x0041,0x0041,
  0x0041,0x0041,0x0041,0x0041,0x0041,0x0041,0x0041,0x0041,0x0041,0x0041,0x0041,0x0041,0x0041,0x0041,0x0041,0x0041,
  0x0041,0x0041,0x0041,0x0041,0x0041,0x0041,0x0041,0x0041,0x0041,0x0041,0x0041,0x0041,0x0041,0x0041,0x0041,0x0041,
  0x0041,0x0041,0x0041,0x0041,0x0041,0x0041,0x0041,0x0041,0x0041,0x0041,0x0041,0x0041,0x0041,0x0041,0x0041,0x0041,
  0x0041,0x0041,0x0041,0x0041,0x0041,0x0041,0x0041,0x0041,0x0041,0x0041,0x0041,0x0041,0x0041,0x0041,0x0041,0x0041,
  0x0041,0x0041,0x0041,0x0041,0x0041,0x0041,0x0041,0x0041,0x0041,0x0041,0x0041,0x0041,0x0041,0x0041,0x0041,0x0041,
  0x0041,0x0041,0x0041,0x0041,0x0041,0x0041,0x0041,0x0041,0x0041,0x0041,0x0041,0x0041,0x0041,0x0041,0x0041,0x0041,
  0x0041,0x0041,0x0041,0x0041,0x0041,0x0041,0x0041,0x0041,0x0041,0x0041,0x0041,0x0041,0x0041,0x0041,0x0041,0x0041,
  0x0041,0x0041,0x0041,0x0041,0x0041,0x0041,0x0041,0x0041,0x0041,0x0041,0x0041,0x0041,0x0041,0x0041,0x0041,0x0041,
  0x0041,0x0041,0x0041,0x0041,0x0041,0x0041,0x0041,0x0041,0x0041,0x0041,0x0041,0x0041,0x0041,0x0041,0x0041,0x0041,
  0x0041,0x0041,0x0041,0x0041,0x0041,0x0041,0x0041,0x0041,0x0041,0x0041,0x0041,0x0041,0x0041,0x0041,0x0041,0x0041,
  0x0041,0x0041,0x0041,0x0041,0x0041,0x0041,0x0041,0x0041,0x0041,0x0041,0x0041,0x0041,0x0041,0x0041,0x0041,0x0041,
  0x0041,0x0041,0x0041,0x0041,0x0041,0x0041,0x0041,0x0041,0x0041,0x0041,0x0041,0x0041,0x0041,0x0041,0x0041,0x0041,
  0x0041,0x0041,0x0041,0x0041,0x0041,0x0041,0x0041,0x0041,0x0041,0x0041,0x0041,0x0041,0x0041,0x0041,0x0041,0x0041,
  0x0041,0x0041,0x0041,0x0041,0x0041,0x0041,0x0041,0x0041,0x0041,0x0041,0x0041,0x0041,0x0041,0x0041,0x0041,0x0041,
  0x0041,0x0041,0x0041,0x0041,0x0041,0x0041,0x0041,0x0041,0x0041,0x0041,0x0041,0x0041,0x0041,0x0041,0x0041,0x0041,
  0x0041,0x0041,0x0041,0x0041,0x0041,0x0041,0x0041,0x0041,0x0041,0x0041,0x0041,0x0041,0x0041,0x0041,0x0041,0x0041,
  0x0041,0x0041,0x0041,0x0041,0x0041,0x0041,0x0041,0x0041,0x0041,0x0041,0x0041,0x0041,0x0041,0x0041,0x0041,0x0041,
  0x0041,0x0041,0x0041,0x0041,0x0041,0x0041,0x0041,0x0041,0x0041,0x0041,0x0041,0x0041,0x0041,0x0041,0x0041,0x0041,
  0x0041,0x0041,0x0041,0x0041,0x0041,0x0041,0x0041,0x0041,0x0041,0x0041,0x0041,0x0041,0x0041,0x0041,0x0041,0x0041,
  0x0041,0x0041,0x0041,0x0041,0x0041,0x0041,0x0041,0x0041,0x0041,0x0041,0x0041,0x0041,0x0041,0x0041,0x0041,0x0041,
  0x0041,0x0041,0x0041,0x0041,0x0041,0x0041,0x0041,0x0041,0x0041,0x0041,0x0041,0x0041,0x0041,0x0041,0x0041,0x0041,
  0x0041,0x0041,0x0041,0x0041,0x0041,0x0041,0x0041,0x0041,0x0041,0x0041,0x0041,0x0041,0x0041,0x0041,0x0041,0x0041,
  0x0041,0x0041,0x0041,0x0041,0x0041,0x0041,0x0041,0x0041,0x0041,0x0041,0x0041,0x0041,0x0041,0x0041,0x0041,0x0041,
  0x0041,0x0041,0x0041,0x0041,0x0041,0x0041,0x0041,0x0041,0x0041,0x0041,0x0041,0x0041,0x0041,0x0041,0x0041,0x0041,
  0x0041,0x0041,0x0041,0x0041,0x0041,0x0041,0x0041,0x0041,0x0041,0x0041,0x0041,0x0041,0x0041,0x0041,0x0041,0x0041,
  0x0041,0x0041,0x0041,0x0041,0x0041,0x0041,0x0041,0x0041,0x0041,0x0041,0x0041,0x0041,0x0041,0x0041,0x0041,0x0041,
  0x0041,0x0041,0x0041,0x0041,0x0041,0x0041,0x0041,0x0041,0x0041,0x0041,0x0041,0x0041,0x0041,0x0041,0x0041,0x0041,
  0x0041,0x0041,0x0041,0x0041,0x0041,0x0041,0x0041,0x0041,0x0041,0x0041,0x0041,0x0041,0x0041,0x0041,0x0041,0x0041,
  0x0041,0x0041,0x0041,0x0041,0x0041,0x0041,0x0041,0x0041,0x0041,0x0041,0x0041,0x0041,0x0041,0x0041,0x0041,0x0041,
  0x0041,0x0041,0x0041,0x0041,0x0041,0x0041,0x0041,0x0041,0x0041,0x0041,0x0041,0x0041,0x0041,0x0041,0x0041,0x0041,
  0x0041,0x0041,0x0041,0x0041,0x0041,0x0041,0x0041,0x0041,0x0041,0x0041,0x0041,0x0041,0x0041,0x0041,0x0041,0x0041,
  0x0041,0x0041,0x0041,0x0041,0x0041,0x0041,0x0041,0x0041,0x0041,0x0041,0x0041,0x0041,0x0041,0x0041,0x0041,0x0041,
  0x0041,0x0041,0x0041,0x0041,0x0041,0x0041,0x0041,0x0041,0x0041,0x0041,0x0041,0x0041,0x0041,0x0041,0x0041,0x0041,
  0x0041,0x0041,0x0041,0x0041,0x0041,0x0041,0x0041,0x0041,0x0041,0x0041,0x0041,0x0041,0x0041,0x0041,0x0041,0x0041,
  0x0041,0x0041,0x0041,0x0041,0x0041,0x0041,0x0041,0x0041,0x0041,0x0041,0x0041,0x0041,0x0041,0x0041,0x0041,0x0041,
  0x0041,0x0041,0x0041,0x0041,0x0041,0x0041,0x0041,0x0041,0x0041,0x0041,0x0041,0x0041,0x0041,0x0041,0x0041,0x0041,
  0x0041,0x0041,0x0041,0x0041,0x0041,0x0041,0x0041,0x0041,0x0041,0x0041,0x0041,0x0041,0x0041,0x0041,0x0041,0x0041,
  0x0041,0x0041,0x0041,0x0041,0x0041,0x0041,0x0041,0x0041,0x0041,0x0041,0x0041,0x0041,0x0041,0x0041,0x0041,0x0041,
  0x0041,0x0041,0x0041,0x0041,0x0041,0x0041,0x0041,0x0041,0x0041,0x0041,0x0041,0x0041,0x0041,0x0041,0x0041,0x0041,
  0x0041,0x0041,0x0041,0x0041,0x0041,0x0041,0x0041,0x0041,0x0041,0x0041,0x0041,0x0041,0x0041,0x0041,0x0041,0x0041,
  0x0041,0x0041,0x0041,0x0041,0x0041,0x0041,0x0041,0x0041,0x0041,0x0041,0x0041,0x0041,0x0041,0x0041,0x0041,0x0041,
  0x0041,0x0041,0x0041,0x0041,0x0041,0x0041,0x0041,0x0041,0x0041,0x0041,0x0041,0x0041,0x0041,0x0041,0x0041,0x0041,
  0x0041,0x0041,0x0041,0x0041,0x0041,0x0041,0x0041,0x0041,0x0041,0x0041,0x0041,0x0041,0x0041,0x0041,0x0041,0x0041,
  0x0041,0x0041,0x0041,0x0041,0x0041,0x0041,0x0041,0x0041,0x0041,0x0041,0x0041,0x0041,0x0041,0x0041,0x0041,0x0041,
  0x0041,0x0041,0x0041,0x0041,0x0041,0x0041,0x0041,0x0041,0x0041,0x0041,0x0041,0x0041,0x0041,0x0041,0x0041,0x0041,
  0x0041,0x0041,0x0041,0x0041,0x0041,0x0041,0x0041,0x0041,0x0041,0x0041,0x0041,0x0041,0x0041,0x0041,0x0041,0x0041,
  0x0041,0x0041,0x0041,0x0041,0x0041,0x0041,0x0041,0x0041,0x0041,0x0041,0x0041,0x0041,0x0041,0x0041,0x0041,0x0041,
  0x0041,0x0041,0x0041,0x0041,0x0041,0x0041,0x0041,0x0041,0x0041,0x0041,0x0041,0x0041,0x0041,0x0041,0x0041,0x0041,
  0x0041,0x0041,0x0041,0x0041,0x0041,0x0041,0x0041,0x0041,0x0041,0x0041,0x0041,0x0041,0x0041,0x0041,0x0041,0x0041,
  0x0041,0x0041,0x0041,0x0041,0x0041,0x0041,0x0041,0x0041,0x0041,0x0041,0x0041,0x0041,0x0041,0x0041,0x0041,0x0041,
  0x0041,0x0041,0x0041,0x0041,0x0041,0x0041,0x0041,0x0041,0x0041,0x0041,0x0041,0x0041,0x0041,0x0041,0x0041,0x0041,
  0x0041,0x0041,0x0041,0x0041,0x0041,0x0041,0x0041,0x0041,0x0041,0x0041,0x0041,0x0041,0x0041,0x0041,0x0041,0x0041,
  0x0041,0x0041,0x0041,0x0041,0x0041,0x0041,0x0041,0x0041,0x0041,0x0041,0x0041,0x0041,0x0041,0x0041,0x0041,0x0041,
  0x0041,0x0041,0x0041,0x0041,0x0041,0x0041,0x0041,0x0041,0x0041,0x0041,0x0041,0x0041,0x0041,0x0041,0x0041,0x0041,
  0x0041,0x0041,0x0041,0x0041,0x0041,0x0041,0x0041,0x0041,0x0041,0x0041,0x0041,0x0041,0x0041,0x0041,0x0041,0x0041,
  0x0041,0x0041,0x0041,0x0041,0x0041,0x0041,0x0041,0x0041,0x0041,0x0041,0x0041,0x0041,0x0041,0x0041,0x0041,0x0041,
  0x0041,0x0041,0x0041,0x0041,0x0041,0x0041,0x0041,0x0041,0x0041,0x0041,0x0041,0x0041,0x0041,0x0041,0x0041,0x0041,
  0x0041,0x0041,0x0041,0x0041,0x0041,0x0041,0x0041,0x0041,0x0041,0x0041,0x0041,0x0041,0x0041,0x0041,0x0041,0x0041,
  0x0041,0x0041,0x0041,0x0041,0x0041,0x0041,0x0041,0x0041,0x0041,0x0041,0x0041,0x0041,0x0041,0x0041,0x0041,0x0041,
  0x0041,0x0041,0x0041,0x0041,0x0041,0x0041,0x0041,0x0041,0x0041,0x0041,0x0041,0x0041,0x0041,0x0041,0x0041,0x0041,
  0x0041,0x0041,0x0041,0x0041,0x0041,0x0041,0x0041,0x0041,0x0041,0x0041,0x0041,0x0041,0x0041,0x0041,0x0041,0x0041,
  0x0041,0x0041,0x0041,0x0041,0x0041,0x0041,0x0041,0x0041,0x0041,0x0041,0x0041,0x0041,0x0041,0x0041,0x0041,0x0041,
  0x0041,0x0041,0x0041,0x0041,0x0041,0x0041,0x0041,0x0041,0x0041,0x0041,0x0041,0x0041,0x0041,0x0041,0x0041,0x0041,
  0x0041,0x0041,0x0041,0x0041,0x0041,0x0041,0x0041,0x0041,0x0041,0x0041,0x0041,0x0041,0x0041,0x0041,0x0041,0x0041,
  0x0041,0x0041,0x0041,0x0041,0x0041,0x0041,0x0041,0x0041,0x0041,0x0041,0x0041,0x0041,0x0041,0x0041,0x0041,0x0041,
  0x0041,0x0041,0x0041,0x0041,0x0041,0x0041,0x0041,0x0041,0x0041,0x0041,0x0041,0x0041,0x0041,0x0041,0x0041,0x0041,
  0x0041,0x0041,0x0041,0x0041,0x0041,0x0041,0x0041,0x0041,0x0041,0x0041,0x0041,0x0041,0x0041,0x0041,0x0041,0x0041,
  0x0041,0x0041,0x0041,0x0041,0x0041,0x0041,0x0041,0x0041,0x0041,0x0041,0x0041,0x0041,0x0041,0x0041,0x0041,0x0041,
  0x0041,0x0041,0x0041,0x0041,0x0041,0x0041,0x0041,0x0041,0x0041,0x0041,0x0041,0x0041,0x0041,0x0041,0x0041,0x0041,
  0x0041,0x0041,0x0041,0x0041,0x0041,0x0041,0x0041,0x0041,0x0041,0x0041,0x0041,0x0041,0x0041,0x0041,0x0041,0x0041,
  0x0041,0x0041,0x0041,0x0041,0x0041,0x0041,0x0041,0x0041,0x0041,0x0041,0x0041,0x0041,0x0041,0x0041,0x0041,0x0041,
  0x0041,0x0041,0x0041,0x0041,0x0041,0x0041,0x0041,0x0041,0x0041,0x0041,0x0041,0x0041,0x0041,0x0041,0x0041,0x0041,
  0x0041,0x0041,0x0041,0x0041,0x0041,0x0041,0x0041,0x0041,0x0041,0x0041,0x0041,0x0041,0x0041,0x0041,0x0041,0x0041,
  0x0041,0x0041,0x0041,0x0041,0x0041,0x0041,0x0041,0x0041,0x0041,0x1987,0x19A7,0x19A7,0x19A7,0x19A7,0x19A7,0x19A7,
  0x19A7,0x19A7,0x19A7,0x19A7,0x19A7,0x19A7,0x19A7,0x19A7,0x19A7,0x19A7,0x19A7,0x19A7,0x19A7,0x19A7,0x19A7,0x19A7,
  0x19A7,0x19A7,0x19A7,0x19A7,0x19A7,0x19A7,0x19A7,0x19A7,0x19A7,0x19A7,0x19A7,0x19A7,0x19A7,0x19A7,0x19A7,0x19A7,
  0x19A7,0x19A7,0x19A7,0x19A7,0x19A7,0x19A7,0x19A7,0x19A7,0x19A7,0x19A7,0x19A7,0x19A7,0x19A7,0x19A7,0x19A7,0x19A7,
  0x19A7,0x19A7,0x19A7,0x19A7,0x19A7,0x19A7,0x19A7,0x19A7,0x19A7,0x19A7,0x19A7,0x19A7,0x19A7,0x19A7,0x19A7,0x19A7,
  0x19A7,0x19A7,0x19A7,0x19A7,0x19A7,0x19A7,0x19A7,0x19A7,0x19A7,0x19A7,0x19A7,0x19A7,0x19A7,0x19A7,0x19A7,0x19A7,
  0x19A7,0x19A7,0x19A7,0x19A7,0x19A7,0x19A7,0x19A7,0x19A7,0x19A7,0x19A7,0x19A7,0x19A7,0x19A7,0x19A7,0x19A7,0x19A7,
  0x19A7,0x19A7,0x19A7,0x19A7,0x19A7,0x19A7,0x19A7,0x19A7,0x19A7,0x19A7,0x19A7,0x19A7,0x19A7,0x19A7,0x19A7,0x19A7,
  0x19A7,0x19A7,0x19A7,0x19A7,0x19A7,0x19A7,0x19A7,0x19A7,0x19A7,0x19A7,0x19A7,0x08C3,0x0041,0x0041,0x0041,0x0041,
  0x0041,0x0041,0x0041,0x0041,0x0041,0x0041,0x0041,0x2598,0x2598,0x2598,0x2598,0x2598,0x2598,0x2598,0x2598,0x2598,
  0x19A7,0x19A7,0x19A7,0x19A7,0x19A7,0x19A7,0x19A7,0x19A7,0x19A7,0x19A7,0x19A7,0x19A7,0x19A7,0x19A7,0x19A7,0x19A7,
  0x19A7,0x19A7,0x19A7,0x19A7,0x19A7,0x19A7,0x19A7,0x19A7,0x19A7,0x19A7,0x19A7,0x19A7,0x19A7,0x19A7,0x19A7,0x19A7,
  0x19A7,0x19A7,0x19A7,0x19A7,0x19A7,0x19A7,0x19A7,0x19A7,0x19A7,0x19A7,0x19A7,0x19A7,0x19A7,0x19A7,0x19A7,0x19A7,
  0x19A7,0x19A7,0x19A7,0x19A7,0x19A7,0x19A7,0x19A7,0x19A7,0x19A7,0x19A7,0x19A7,0x19A7,0x19A7,0x19A7,0x19A7,0x19A7,
  0x19A7,0x19A7,0x19A7,0x19A7,0x19A7,0x19A7,0x19A7,0x19A7,0x19A7,0x19A7,0x19A7,0x19A7,0x19A7,0x19A7,0x19A7,0x19A7,
  0x19A7,0x19A7,0x19A7,0x19A7,0x19A7,0x19A7,0x19A7,0x19A7,0x19A7,0x19A7,0x19A7,0x19A7,0x19A7,0x19A7,0x19A7,0x19A7,
  0x19A7,0x19A7,0x19A7,0x19A7,0x19A7,0x19A7,0x19A7,0x19A7,0x19A7,0x19A7,0x19A7,0x19A7,0x19A7,0x19A7,0x19A7,0x19A7,
  0x19A7,0x19A7,0x19A7,0x19A7,0x19A7,0x19A7,0x19A7,0x19A7,0x19A7,0x19A7,0x19A7,0x19A7,0x19A7,0x19A7,0x19A7,0x19A7,
  0x19A7,0x19A7,0x19A7,0x19A7,0x19A7,0x19A7,0x19A7,0x19A7,0x19A7,0x19A7,0x19A7,0x19A7,0x19A7,0x19A7,0x19A7,0x19A7,
  0x19A7,0x19A7,0x19A7,0x19A7,0x19A7,0x19A7,0x1987,0x0882,0x0041,0x0041,0x0041,0x0041,0x0041,0x0041,0x0041,0x0041,
  0x0041,0x0041,0x0041,0x0041,0x0041,0x0041,0x0041,0x0041,0x0041,0x2209,0x1105,0x1105,0x1105,0x1105,0x1105,0x1105,
  0x1105,0x1105,0x1105,0x1105,0x1105,0x1105,0x1105,0x1105,0x1105,0x1105,0x1105,0x1105,0x1105,0x1105,0x1105,0x1105,
  0x1105,0x1105,0x1105,0x1105,0x1105,0x1105,0x1105,0x1105,0x1105,0x1105,0x1105,0x1105,0x1105,0x1105,0x1105,0x1105,
  0x1104,0x1104,0x1104,0x1104,0x1104,0x1104,0x1104,0x1104,0x1104,0x1104,0x1104,0x1104,0x1104,0x1104,0x1104,0x1104,
  0x1104,0x1104,0x1104,0x1104,0x1104,0x1104,0x1104,0x1104,0x1104,0x1104,0x1104,0x1104,0x1104,0x1104,0x1104,0x1104,
  0x1104,0x1104,0x1104,0x1104,0x1104,0x1104,0x1104,0x1104,0x1104,0x1104,0x1104,0x1104,0x1104,0x1104,0x1104,0x1104,
  0x1104,0x1104,0x10E4,0x10E4,0x10E4,0x10E4,0x10E4,0x10E4,0x10E4,0x10E4,0x10E4,0x10E4,0x10E4,0x10E4,0x10E4,0x10E4,
  0x10E4,0x10E4,0x10E4,0x10E4,0x10E4,0x10E4,0x10E4,0x10E4,0x10E4,0x10E4,0x10E4,0x10E4,0x10E4,0x10E4,0x10E4,0x10E4,
  0x10E4,0x10E4,0x10E4,0x10E4,0x10E4,0x10E4,0x10E4,0x10E4,0x10E4,0x10E4,0x1105,0x21C8,0x08C3,0x0041,0x0041,0x0041,
  0x0041,0x0041,0x0041,0x0041,0x0041,0x0041,0x0041,0x25B9,0x1D78,0x1D78,0x1D78,0x1D78,0x1D78,0x1D78,0x1D78,0x1D78,
  0x1105,0x1105,0x1105,0x1105,0x1105,0x1105,0x1105,0x1105,0x1105,0x1105,0x1105,0x1105,0x1105,0x1105,0x1105,0x1105,
  0x1105,0x1105,0x1105,0x1105,0x1105,0x1105,0x1105,0x1105,0x1105,0x1105,0x1105,0x1105,0x1105,0x1105,0x1105,0x1105,
  0x1105,0x1105,0x1105,0x1105,0x1105,0x1105,0x1105,0x1105,0x1105,0x1105,0x1105,0x1104,0x1104,0x1104,0x1104,0x1104,
  0x1104,0x1104,0x1104,0x1104,0x1104,0x1104,0x1104,0x1104,0x1104,0x1104,0x1104,0x1104,0x1104,0x1104,0x1104,0x1104,
  0x1104,0x1104,0x1104,0x1104,0x1104,0x1104,0x1104,0x1104,0x1104,0x1104,0x1104,0x1104,0x1104,0x1104,0x1104,0x1104,
  0x1104,0x1104,0x1104,0x1104,0x1104,0x1104,0x1104,0x1104,0x1104,0x1104,0x1104,0x1104,0x1104,0x1104,0x1104,0x1104,
  0x1104,0x1104,0x1104,0x1104,0x1104,0x1104,0x1104,0x1104,0x1104,0x1104,0x1104,0x1104,0x1104,0x1104,0x1104,0x1104,
  0x1104,0x1104,0x1104,0x1104,0x1104,0x1104,0x1104,0x1104,0x1104,0x1104,0x1104,0x1104,0x1104,0x1104,0x1104,0x1104,
  0x1104,0x1104,0x1104,0x10E4,0x10E4,0x10E4,0x10E4,0x10E4,0x10E4,0x10E4,0x10E4,0x10E4,0x10E4,0x10E4,0x10E4,0x10E4,
  0x10E4,0x10E4,0x10E4,0x10E4,0x10E4,0x10E4,0x21C8,0x08C3,0x0041,0x0041,0x0041,0x0041,0x0041,0x0041,0x0041,0x0041,
  0x0041,0x0041,0x0041,0x0041,0x0041,0x0041,0x0041,0x0041,0x0041,0x2209,0x08A3,0x08A3,0x08A3,0x08A3,0x08A3,0x08A3,
  0x08A3,0x08A3,0x08A3,0x08A3,0x08A3,0x08A3,0x08A3,0x08A3,0x08A3,0x08A3,0x08A3,0x08A3,0x08A3,0x08A3,0x08A3,0x08A3,
  0x08A3,0x08A3,0x08A3,0x08A3,0x08A3,0x08A3,0x08A3,0x08A3,0x08A3,0x08A3,0x08A3,0x08A3,0x08A3,0x08A3,0x08A3,0x08A3,
  0x08A3,0x08A3,0x08A3,0x08A3,0x08A3,0x08A3,0x08A3,0x08A3,0x08A3,0x08A3,0x08A3,0x08A3,0x08A3,0x08A3,0x08A3,0x08A3,
  0x08A3,0x08A3,0x08A3,0x08A3,0x08A3,0x08A3,0x08A3,0x08A3,0x08A3,0x08A3,0x08A3,0x08A3,0x08A3,0x08A3,0x08A3,0x08A3,
  0x08A3,0x08A3,0x08A3,0x08A3,0x08A3,0x08A3,0x08A3,0x08A3,0x08A3,0x08A3,0x08A3,0x08A3,0x08A3,0x08A3,0x08A3,0x08A3,
  0x08A3,0x08A3,0x08A3,0x08A3,0x08A3,0x08A3,0x08A3,0x08A3,0x08A3,0x08A3,0x08A3,0x08A3,0x08A3,0x08A3,0x08A3,0x08A3,
  0x08A3,0x08A3,0x08A3,0x08A3,0x08A3,0x08A3,0x08A3,0x08A3,0x08A3,0x08A3,0x0883,0x0883,0x0883,0x0883,0x0883,0x0883,
  0x0883,0x0883,0x0883,0x0883,0x0883,0x0883,0x0883,0x0883,0x0883,0x0883,0x0883,0x08E4,0x21C8,0x1105,0x0041,0x0041,
  0x0041,0x0041,0x0041,0x0041,0x0041,0x0041,0x0041,0x25B9,0x1D77,0x08C3,0x08C3,0x08C3,0x08C3,0x08C3,0x08C3,0x08C3,
  0x08C3,0x08C3,0x08C3,0x08C3,0x08C3,0x08C3,0x08A3,0x08A3,0x08A3,0x08A3,0x08A3,0x08A3,0x08A3,0x08A3,0x08A3,0x08A3,
  0x08A3,0x08A3,0x08A3,0x08A3,0x08A3,0x08A3,0x08A3,0x08A3,0x08A3,0x08A3,0x08A3,0x08A3,0x08A3,0x08A3,0x08A3,0x08A3,
  0x08A3,0x08A3,0x08A3,0x08A3,0x08A3,0x08A3,0x08A3,0x08A3,0x08A3,0x08A3,0x08A3,0x08A3,0x08A3,0x08A3,0x08A3,0x08A3,
  0x08A3,0x08A3,0x08A3,0x08A3,0x08A3,0x08A3,0x08A3,0x08A3,0x08A3,0x08A3,0x08A3,0x08A3,0x08A3,0x08A3,0x08A3,0x08A3,
  0x08A3,0x08A3,0x08A3,0x08A3,0x08A3,0x08A3,0x08A3,0x08A3,0x08A3,0x08A3,0x08A3,0x08A3,0x08A3,0x08A3,0x08A3,0x08A3,
  0x08A3,0x08A3,0x08A3,0x08A3,0x08A3,0x08A3,0x08A3,0x08A3,0x08A3,0x08A3,0x08A3,0x08A3,0x08A3,0x08A3,0x08A3,0x08A3,
  0x08A3,0x08A3,0x08A3,0x08A3,0x08A3,0x08A3,0x08A3,0x08A3,0x08A3,0x08A3,0x08A3,0x08A3,0x08A3,0x08A3,0x08A3,0x08A3,
  0x08A3,0x08A3,0x08A3,0x08A3,0x08A3,0x08A3,0x08A3,0x08A3,0x08A3,0x08A3,0x08A3,0x08A3,0x08A3,0x08A3,0x08A3,0x08A3,
  0x08A3,0x08A3,0x08A3,0x08A3,0x08A3,0x08A3,0x08A3,0x08A3,0x08A3,0x08A3,0x08A3,0x08A3,0x08A3,0x08A3,0x08A3,0x08A3,
  0x08A3,0x08A3,0x08A3,0x08A3,0x08A3,0x08A3,0x19A7,0x08C3,0x0041,0x0041,0x0041,0x0041,0x0041,0x0041,0x0041,0x0041,
  0x0041,0x0041,0x0041,0x0041,0x0041,0x0041,0x0041,0x0041,0x0041,0x2209,0x08A3,0x08A3,0x08A3,0x08A3,0x08A3,0x08A3,
  0x08A3,0x08A3,0x08A3,0x08A3,0x08A3,0x08A3,0x08A3,0x08A3,0x08A3,0x08A3,0x08A3,0x08A3,0x08A3,0x08A3,0x08A3,0x08A3,
  0x08A3,0x08A3,0x08A3,0x08A3,0x08A3,0x08A3,0x08A3,0x08A3,0x08A3,0x08A3,0x08A3,0x08A3,0x08A3,0x08A3,0x08A3,0x08A3,
  0x08A3,0x08A3,0x08A3,0x08A3,0x08A3,0x08A3,0x08A3,0x08A3,0x08A3,0x08A3,0x08A3,0x08A3,0x08A3,0x08A3,0x08A3,0x08A3,
  0x08A3,0x08A3,0x08A3,0x08A3,0x08A3,0x08A3,0x08A3,0x08A3,0x08A3,0x08A3,0x08A3,0x08A3,0x08A3,0x08A3,0x08A3,0x08A3,
  0x08A3,0x08A3,0x08A3,0x08A3,0x08A3,0x08A3,0x08A3,0x08A3,0x08A3,0x08A3,0x08A3,0x08A3,0x08A3,0x08A3,0x08A3,0x08A3,
  0x08A3,0x08A3,0x08A3,0x08A3,0x08A3,0x08A3,0x08A3,0x08A3,0x08A3,0x08A3,0x08A3,0x08A3,0x08A3,0x08A3,0x08A3,0x08A3,
  0x08A3,0x08A3,0x08A3,0x08A3,0x08A3,0x08A3,0x08A3,0x08A3,0x08A3,0x0883,0x0883,0x0883,0x0883,0x0883,0x0883,0x0883,
  0x0883,0x0883,0x0883,0x0883,0x0883,0x0883,0x0883,0x0883,0x0883,0x0883,0x0883,0x0883,0x08A3,0x21C8,0x1105,0x0041,
  0x0041,0x0041,0x0041,0x0041,0x0041,0x0041,0x0041,0x25B9,0x1D77,0x08C3,0x08C3,0x08C3,0x08C3,0x08C3,0x08C3,0x08C3,
  0x08C3,0x08C3,0x08C3,0x08C3,0x08A3,0x08A3,0x08A3,0x08A3,0x08A3,0x08A3,0x08A3,0x08A3,0x08A3,0x08A3,0x08A3,0x08A3,
  0x08A3,0x08A3,0x08A3,0x08A3,0x08A3,0x08A3,0x08A3,0x08A3,0x08A3,0x08A3,0x08A3,0x08A3,0x08A3,0x08A3,0x08A3,0x08A3,
  0x08A3,0x08A3,0x08A3,0x08A3,0x08A3,0x08A3,0x08A3,0x08A3,0x08A3,0x08A3,0x08A3,0x08A3,0x08A3,0x08A3,0x08A3,0x08A3,
  0x08A3,0x08A3,0x08A3,0x08A3,0x08A3,0x08A3,0x08A3,0x08A3,0x08A3,0x08A3,0x08A3,0x08A3,0x08A3,0x08A3,0x08A3,0x08A3,
  0x08A3,0x08A3,0x08A3,0x08A3,0x08A3,0x08A3,0x08A3,0x08A3,0x08A3,0x08A3,0x08A3,0x08A3,0x08A3,0x08A3,0x08A3,0x08A3,
  0x08A3,0x08A3,0x08A3,0x08A3,0x08A3,0x08A3,0x08A3,0x08A3,0x08A3,0x08A3,0x08A3,0x08A3,0x08A3,0x08A3,0x08A3,0x08A3,
  0x08A3,0x08A3,0x08A3,0x08A3,0x08A3,0x08A3,0x08A3,0x08A3,0x08A3,0x08A3,0x08A3,0x08A3,0x08A3,0x08A3,0x08A3,0x08A3,
  0x08A3,0x08A3,0x08A3,0x08A3,0x08A3,0x08A3,0x08A3,0x08A3,0x08A3,0x08A3,0x08A3,0x08A3,0x08A3,0x08A3,0x08A3,0x08A3,
  0x08A3,0x08A3,0x08A3,0x08A3,0x08A3,0x08A3,0x08A3,0x08A3,0x08A3,0x08A3,0x08A3,0x08A3,0x08A3,0x08A3,0x08A3,0x08A3,
  0x08A3,0x08A3,0x08A3,0x08A3,0x08A3,0x08A3,0x19A7,0x08C3,0x0041,0x0041,0x0041,0x0041,0x0041,0x0041,0x0041,0x0041,
  0x0041,0x0041,0x0041,0x0041,0x0041,0x0041,0x0041,0x0041,0x0041,0x2209,0x08A3,0x08A3,0x08A3,0x1126,0x1146,0x1146,
  0x1146,0x1146,0x1146,0x1146,0x1146,0x1146,0x1146,0x1146,0x1146,0x1146,0x1146,0x1146,0x1146,0x1146,0x1146,0x1146,
  0x1146,0x1146,0x1146,0x1146,0x1146,0x1146,0x1146,0x1146,0x1146,0x1146,0x1146,0x1146,0x1146,0x1146,0x1146,0x1146,
  0x1146,0x1146,0x1146,0x1146,0x1146,0x1146,0x1146,0x1146,0x1146,0x1146,0x1146,0x1146,0x1146,0x1146,0x1146,0x1146,
  0x1146,0x1146,0x1146,0x1146,0x1146,0x1146,0x1146,0x1146,0x1146,0x1146,0x1146,0x1146,0x1146,0x1146,0x1146,0x1146,
  0x1146,0x1146,0x1146,0x1146,0x1146,0x1146,0x1146,0x1146,0x1146,0x1146,0x1146,0x1146,0x1146,0x1146,0x1146,0x1146,
  0x1146,0x1146,0x1146,0x1146,0x1146,0x1146,0x1146,0x1146,0x1146,0x1146,0x1146,0x1146,0x1146,0x1146,0x1146,0x1146,
  0x1146,0x1146,0x1146,0x1146,0x1146,0x1146,0x1146,0x1146,0x1146,0x1146,0x1146,0x1146,0x1146,0x1146,0x1146,0x1146,
  0x1146,0x1146,0x1146,0x1146,0x1146,0x1146,0x1146,0x1125,0x0883,0x0883,0x0883,0x0883,0x0883,0x08A3,0x21C8,0x1105,
  0x0041,0x0041,0x0041,0x0041,0x0041,0x0041,0x0041,0x25B9,0x1D77,0x08C3,0x08C3,0x08C3,0x08C3,0x08C3,0x08C3,0x10E4,
  0x5B4D,0x7451,0x3208,0x08A3,0x08C3,0x6BF0,0x532D,0x08A3,0x10E4,0x6C10,0x530C,0x08A3,0x08C3,0x530C,0x7451,0x3A49,
  0x08A3,0x08A3,0x63AF,0x7C92,0x7C72,0x7C72,0x84B3,0x5B4E,0x08C3,0x63AF,0x84B3,0x7C72,0x84B3,0x4ACB,0x08A3,0x3208,
  0x8493,0x4AEC,0x08A3,0x08C3,0x63CF,0x7410,0x1945,0x08A3,0x08A3,0x08A3,0x08A3,0x08A3,0x29A7,0x7C72,0x532D,0x08A3,
  0x08A3,0x5B6E,0x7451,0x2166,0x08A3,0x29C7,0x7C51,0x7C92,0x7C72,0x7C92,0x2166,0x08A3,0x530C,0x84B3,0x2186,0x08A3,
  0x2166,0x7C92,0x530C,0x08C3,0x08A3,0x08C3,0x42AB,0x7C72,0x5B8E,0x1925,0x08A3,0x08A3,0x08A3,0x428A,0x7C92,0x7C72,
  0x6BF0,0x2166,0x08A3,0x31E8,0x7C72,0x2186,0x08A3,0x3208,0x7C72,0x1945,0x08A3,0x08A3,0x08A3,0x08A3,0x08A3,0x08A3,
  0x08A3,0x08A3,0x08A3,0x08A3,0x08A3,0x08A3,0x08A3,0x08A3,0x08A3,0x08A3,0x08A3,0x08A3,0x08A3,0x08A3,0x08A3,0x08A3,
  0x08A3,0x08A3,0x08A3,0x08A3,0x08A3,0x08A3,0x08A3,0x08A3,0x08A3,0x08A3,0x08A3,0x08A3,0x08A3,0x08A3,0x08A3,0x08A3,
  0x08A3,0x08A3,0x08A3,0x08A3,0x08A3,0x08A3,0x08A3,0x08A3,0x08A3,0x08A3,0x08A3,0x08A3,0x08A3,0x08A3,0x08A3,0x08A3,
  0x08A3,0x08A3,0x08A3,0x08A3,0x08A3,0x08A3,0x19A7,0x08C3,0x0041,0x0041,0x0041,0x0041,0x0041,0x0041,0x0041,0x0041,
  0x0041,0x0041,0x0041,0x0041,0x0041,0x0041,0x0041,0x0041,0x0041,0x2209,0x08A3,0x08A3,0x08A3,0x1987,0x08E4,0x08E4,
  0x08E4,0x1166,0x3BF1,0x44B3,0x226A,0x08E4,0x10E4,0x08E4,0x2B0D,0x4D15,0x4CF4,0x4431,0x1987,0x08E4,0x1146,0x4452,
  0x332D,0x08E4,0x336E,0x3C31,0x1125,0x08E4,0x08E4,0x08E4,0x08E4,0x08E4,0x08E4,0x08E4,0x08E4,0x08E4,0x08E4,0x08E4,
  0x08E4,0x08E4,0x08E4,0x08E4,0x08E4,0x08E4,0x08E4,0x08E4,0x08E4,0x08E4,0x08E4,0x08E4,0x08E4,0x08E4,0x08E4,0x08E4,
  0x08E4,0x08E4,0x08E4,0x08E4,0x08E4,0x08E4,0x08E4,0x08E4,0x08E4,0x08E4,0x08E4,0x08E4,0x08E4,0x08E4,0x08E4,0x08E4,
  0x08E4,0x08E4,0x08E4,0x08E4,0x08E4,0x08E4,0x08E4,0x08E4,0x08E4,0x08E4,0x08E4,0x08E4,0x08E4,0x08E4,0x08C4,0x08C4,
  0x08C4,0x08C4,0x08C4,0x08C4,0x08C4,0x08C4,0x08C4,0x08C4,0x08C4,0x08C4,0x08C4,0x08C4,0x08C4,0x08C4,0x08C4,0x08C4,
  0x08C4,0x08C4,0x08C4,0x08C4,0x08C4,0x08C4,0x08C4,0x08C4,0x08C4,0x08C4,0x08C4,0x08C4,0x08C4,0x08C4,0x08C4,0x08C4,
  0x08C4,0x08C4,0x08C4,0x08C4,0x08C4,0x08C4,0x08C4,0x1125,0x1125,0x0883,0x0883,0x0883,0x0883,0x0883,0x08A3,0x19A7,
  0x1966,0x0061,0x0041,0x0041,0x0041,0x0041,0x0041,0x25B9,0x1D77,0x08C3,0x08C3,0x08C3,0x08C3,0x08C3,0x08C3,0x8CF4,
  0xCF1C,0xCF1C,0xC6DB,0x3A29,0x08A3,0xAE39,0xB67A,0x2186,0x428B,0xCF1C,0x84B3,0x08A3,0x7C72,0xCF1C,0xC6FC,0xC6FC,
  0x42AB,0x08A3,0xBE9A,0xCF1C,0xC71C,0xC6FC,0xCF1C,0xA5D7,0x2166,0xB639,0xCF1C,0xC6DB,0xCF1C,0x84D4,0x08A3,0x63AF,
  0xCF1C,0xA5B7,0x10E4,0x29A7,0xC6DB,0xC6DB,0x3A6A,0x08A3,0x08C3,0x08A3,0x08C3,0x08A3,0x532D,0xCF1C,0xAE39,0x1925,
  0x2146,0xBE7A,0xCF1C,0x4AEC,0x08A3,0x5B6E,0xC71C,0xCF1C,0xC6FC,0xCF1C,0x428A,0x10E4,0x9576,0xCF1C,0x63AF,0x08A3,
  0x5B8E,0xCF1C,0x9576,0x1104,0x08A3,0x7431,0xCF1C,0xC6FC,0xCF1C,0xA5F8,0x1945,0x08A3,0x08A3,0x84B3,0xCF1C,0xC6FC,
  0xCF1C,0xAE19,0x08A3,0x4ACB,0xCF1C,0x7431,0x08C3,0x8D14,0xCF1C,0x29C7,0x08A3,0x08A3,0x08A3,0x08A3,0x08A3,0x08A3,
  0x08A3,0x08A3,0x08A3,0x08A3,0x08A3,0x08A3,0x08A3,0x08A3,0x08A3,0x08A3,0x08A3,0x08A3,0x08A3,0x08A3,0x08A3,0x08A3,
  0x08A3,0x08A3,0x08A3,0x08A3,0x08A3,0x08A3,0x08A3,0x08A3,0x08A3,0x08A3,0x08A3,0x08A3,0x08A3,0x08A3,0x08A3,0x08A3,
  0x08A3,0x08A3,0x08A3,0x08A3,0x08A3,0x08A3,0x08A3,0x08A3,0x08A3,0x08A3,0x08A3,0x08A3,0x08A3,0x08A3,0x08A3,0x08A3,
  0x08A3,0x08A3,0x08A3,0x08A3,0x08A3,0x08A3,0x19A7,0x08C3,0x0041,0x0041,0x0041,0x0041,0x0041,0x0041,0x0041,0x0041,
  0x0041,0x0041,0x0041,0x0041,0x0041,0x0041,0x0041,0x0041,0x0041,0x2209,0x08A3,0x08A3,0x08A3,0x1987,0x08C3,0x08A3,
  0x1166,0x5E5A,0x77BF,0x779F,0x779F,0x2AEC,0x08A3,0x08E4,0x5556,0x77BF,0x779F,0x77BF,0x667B,0x08A3,0x19E8,0x6F3D,
  0x5576,0x08E4,0x55B8,0x6EFD,0x19A7,0x08A3,0x08C3,0x08A3,0x08A3,0x08A3,0x08A3,0x08A3,0x08A3,0x08A3,0x08A3,0x08A3,
  0x08A3,0x08A3,0x08A3,0x08A3,0x08A3,0x08A3,0x08A3,0x08A3,0x08A3,0x08A3,0x08A3,0x08A3,0x08A3,0x08A3,0x08A3,0x08A3,
  0x08A3,0x08A3,0x08A3,0x08A3,0x08A3,0x08A3,0x08A3,0x08A3,0x08A3,0x08A3,0x08A3,0x08A3,0x08A3,0x08A3,0x08A3,0x08A3,
  0x08A3,0x08A3,0x08A3,0x08A3,0x08A3,0x08A3,0x08A3,0x08A3,0x08A3,0x08A3,0x08A3,0x08A3,0x08A3,0x08A3,0x08A3,0x08A3,
  0x08A3,0x08A3,0x08A3,0x08A3,0x08A3,0x08A3,0x08A3,0x08A3,0x08A3,0x08A3,0x08A3,0x08A3,0x08A3,0x08A3,0x08A3,0x08A3,
  0x08A3,0x08A3,0x08A3,0x08A3,0x08A3,0x08A3,0x08A3,0x0883,0x0883,0x0883,0x0883,0x0883,0x0883,0x0883,0x0883,0x0883,
  0x0883,0x0883,0x0883,0x0883,0x0883,0x0883,0x0883,0x0883,0x1105,0x1146,0x08A3,0x0883,0x0883,0x0883,0x0883,0x0883,
  0x1987,0x1987,0x0041,0x0041,0x0041,0x0041,0x0041,0x25B9,0x1D77,0x08C3,0x08C3,0x08C3,0x08C3,0x08C3,0x31E8,0xBE9A,
  0x9D96,0x63CF,0xCF1C,0x7431,0x08A3,0x5B4D,0xCF1C,0x532D,0x84D3,0xCF1C,0x31E8,0x2166,0xB659,0xADF8,0x638E,0xCF1C,
  0x84B3,0x08A3,0x3229,0x5B6E,0xB67A,0xAE39,0x532D,0x29C7,0x2186,0xB659,0xA5F8,0x4AEC,0x4AEC,0x29C8,0x08A3,0x63CF,
  0xCF1C,0xBE9A,0x29C7,0x4AEC,0xCF1C,0xBEBB,0x3A6A,0x08A3,0x08C3,0x08A3,0x08C3,0x08A3,0x5B4D,0xCF1C,0xC6DB,0x3209,
  0x3A6A,0xC6FC,0xC6FC,0x4AEC,0x08A3,0x5B6E,0xC6FC,0x8492,0x42AB,0x4AEC,0x10E4,0x1104,0x9D76,0xCF1C,0x8CF4,0x10E4,
  0x84D3,0xCF1C,0x9D76,0x08C4,0x29C7,0xCF1C,0xAE18,0x5B4E,0x8CF4,0xCF1C,0x7410,0x08A3,0x08A3,0x84B3,0xC6FC,0x5B6E,
  0x9535,0xCF1C,0x428A,0x10E4,0xA5F8,0xBEBB,0x3208,0xCF1C,0x84D3,0x08C3,0x08A3,0x08A3,0x08A3,0x08A3,0x08A3,0x08A3,
  0x08A3,0x08A3,0x08A3,0x08A3,0x08A3,0x08A3,0x08A3,0x08A3,0x08A3,0x08A3,0x08A3,0x08A3,0x08A3,0x08A3,0x08A3,0x08A3,
  0x08A3,0x08A3,0x08A3,0x08A3,0x08A3,0x08A3,0x08A3,0x08A3,0x08A3,0x08A3,0x08A3,0x08A3,0x08A3,0x08A3,0x08A3,0x08A3,
  0x08A3,0x08A3,0x08A3,0x08A3,0x08A3,0x08A3,0x08A3,0x08A3,0x08A3,0x08A3,0x08A3,0x08A3,0x08A3,0x08A3,0x08A3,0x08A3,
  0x08A3,0x08A3,0x08A3,0x08A3,0x08A3,0x08A3,0x19A7,0x08C3,0x0041,0x0041,0x0041,0x0041,0x0041,0x0041,0x0041,0x0041,
  0x0041,0x0041,0x0041,0x0041,0x0041,0x0041,0x0041,0x0041,0x0041,0x2209,0x08A3,0x08A3,0x08A3,0x1987,0x08C4,0x08A3,
  0x4452,0x77BF,0x4D35,0x3BF0,0x77BF,0x5597,0x10E4,0x08A3,0x5576,0x777F,0x3BAF,0x55B7,0x77BF,0x226A,0x19C7,0x6F3E,
  0x5576,0x08E4,0x55B8,0x6EFD,0x19A7,0x08A3,0x08C3,0x08A3,0x08A3,0x08A3,0x08A3,0x08A3,0x08A3,0x08A3,0x08A3,0x08A3,
  0x08A3,0x08A3,0x08A3,0x08A3,0x08A3,0x08A3,0x08A3,0x08A3,0x08A3,0x08A3,0x08A3,0x08A3,0x08A3,0x08A3,0x08A3,0x08A3,
  0x08A3,0x08A3,0x08A3,0x08A3,0x08A3,0x08A3,0x08A3,0x08A3,0x08A3,0x08A3,0x08A3,0x08A3,0x08A3,0x08A3,0x08A3,0x08A3,
  0x08A3,0x08A3,0x08A3,0x08A3,0x08A3,0x08A3,0x08A3,0x08A3,0x08A3,0x08A3,0x08A3,0x08A3,0x08A3,0x08A3,0x08A3,0x08A3,
  0x08A3,0x08A3,0x08A3,0x08A3,0x08A3,0x08A3,0x08A3,0x08A3,0x08A3,0x08A3,0x08A3,0x08A3,0x08A3,0x08A3,0x08A3,0x08A3,
  0x08A3,0x08A3,0x08A3,0x08A3,0x08A3,0x08A3,0x0883,0x0883,0x0883,0x0883,0x0883,0x0883,0x0883,0x0883,0x0883,0x0883,
  0x0883,0x0883,0x0883,0x0883,0x0883,0x0883,0x0883,0x0883,0x0883,0x08E4,0x1146,0x08A3,0x0883,0x0883,0x0883,0x0883,
  0x0883,0x21C8,0x08C3,0x0041,0x0041,0x0041,0x0041,0x25B9,0x1D77,0x08C3,0x08C3,0x08C3,0x08C3,0x08A3,0x3A29,0xBEBB,
  0xA5B7,0x3209,0x9576,0x7451,0x08A3,0x2166,0xBEBB,0xB67A,0xC6DB,0x9DB7,0x08A3,0x29C7,0xB67A,0xAE18,0x3229,0x8D14,
  0x84B3,0x10E4,0x08A3,0x1946,0xAE18,0x9DB7,0x1105,0x08A3,0x29A7,0xB67A,0x9555,0x08C3,0x08A3,0x08C3,0x08A3,0x63CF,
  0xCF1C,0xCF1C,0x428A,0x6C10,0xCF1C,0xBEBB,0x3A6A,0x08A3,0x08C3,0x08A3,0x08C3,0x08A3,0x5B4D,0xC6FC,0xCF1C,0x530C,
  0x5B6E,0xCF1C,0xC6DB,0x4AEC,0x08A3,0x5B6E,0xC6FC,0x5B4D,0x08A3,0x08C3,0x08A3,0x1104,0x9D76,0xCF1C,0xB659,0x2186,
  0xAE18,0xCF1C,0x9D76,0x10E4,0x5B6E,0xCF1C,0x530C,0x08A3,0x1925,0xC6DB,0x9D96,0x1104,0x08A3,0x84D3,0xBEBB,0x29A7,
  0x532D,0xCF1C,0x532D,0x08A3,0x7410,0xCF1C,0xAE39,0xCF1C,0x4AEC,0x08A3,0x08C3,0x08A3,0x08A3,0x08A3,0x08A3,0x08A3,
  0x08A3,0x08A3,0x08A3,0x08A3,0x08A3,0x08A3,0x08A3,0x08A3,0x08A3,0x08A3,0x08A3,0x08A3,0x08A3,0x08A3,0x08A3,0x08A3,
  0x08A3,0x08A3,0x08A3,0x08A3,0x08A3,0x08A3,0x08A3,0x08A3,0x08A3,0x08A3,0x08A3,0x08A3,0x08A3,0x08A3,0x08A3,0x08A3,
  0x08A3,0x08A3,0x08A3,0x08A3,0x08A3,0x08A3,0x08A3,0x08A3,0x08A3,0x08A3,0x08A3,0x08A3,0x08A3,0x08A3,0x08A3,0x08A3,
  0x08A3,0x08A3,0x08A3,0x08A3,0x0883,0x0883,0x19A7,0x08C3,0x0041,0x0041,0x0041,0x0041,0x0041,0x0041,0x0041,0x0041,
  0x0041,0x0041,0x0041,0x0041,0x0041,0x0041,0x0041,0x0041,0x0041,0x2209,0x08A3,0x08A3,0x08A3,0x1987,0x08A3,0x1104,
  0x55B8,0x779F,0x1145,0x08A3,0x55B7,0x6EFC,0x1166,0x08A3,0x5597,0x6F3E,0x19A7,0x338F,0x77BF,0x2B2D,0x19A7,0x6F3E,
  0x5576,0x08E4,0x55B8,0x6EFD,0x19A7,0x08A3,0x08C3,0x08A3,0x08A3,0x08A3,0x08A3,0x08A3,0x08A3,0x08A3,0x08A3,0x08A3,
  0x08A3,0x08A3,0x08A3,0x08A3,0x08A3,0x08A3,0x08A3,0x08A3,0x08A3,0x08A3,0x08A3,0x08A3,0x08A3,0x08A3,0x08A3,0x08A3,
  0x08A3,0x08A3,0x08A3,0x08A3,0x08A3,0x08A3,0x08A3,0x08A3,0x08A3,0x08A3,0x08A3,0x08A3,0x08A3,0x08A3,0x08A3,0x08A3,
  0x08A3,0x08A3,0x08A3,0x08A3,0x08A3,0x08A3,0x08A3,0x08A3,0x08A3,0x08A3,0x08A3,0x08A3,0x08A3,0x08A3,0x08A3,0x08A3,
  0x08A3,0x08A3,0x08A3,0x08A3,0x08A3,0x08A3,0x08A3,0x08A3,0x08A3,0x08A3,0x08A3,0x08A3,0x08A3,0x08A3,0x08A3,0x08A3,
  0x08A3,0x08A3,0x08A3,0x08A3,0x08A3,0x0883,0x0883,0x0883,0x0883,0x0883,0x0883,0x0883,0x0883,0x0883,0x0883,0x0883,
  0x0883,0x0883,0x0883,0x0883,0x0883,0x0883,0x0883,0x0883,0x0883,0x0883,0x08E4,0x1146,0x08A3,0x0883,0x0883,0x0883,
  0x0883,0x19A7,0x08C3,0x0041,0x0041,0x0041,0x0041,0x25B9,0x1D77,0x08C3,0x08A3,0x08A3,0x08C3,0x08A3,0x10C4,0x9DB7,
  0xCF1C,0xCF1C,0x8CF4,0x1925,0x08A3,0x08C3,0x7C51,0xCF1C,0xCF1C,0x4AEC,0x08A3,0x08A3,0x9535,0xCF1C,0xCF1C,0x9555,
  0x1966,0x08A3,0x08A3,0x1945,0xAE18,0x9DB7,0x1105,0x08A3,0x29A7,0xB659,0xAE39,0x63AF,0x638E,0x29C7,0x08A3,0x6BCF,
  0xC6FC,0xCF1C,0x6BCF,0x9555,0xCF1C,0xBE9A,0x426A,0x08A3,0x08C3,0x08A3,0x08C3,0x08A3,0x5B4D,0xC6FC,0xCF1C,0x7451,
  0x84D3,0xCF1C,0xC6DB,0x4AEC,0x08A3,0x5B6E,0xC6FC,0x8D14,0x638E,0x532D,0x08C4,0x1104,0x9D96,0xCF1C,0xC6FC,0x4AEC,
  0xC6FC,0xCF1C,0x9D76,0x10E4,0x7451,0xC6DB,0x3229,0x08A3,0x10E4,0x9D96,0xB639,0x2166,0x08A3,0x84D3,0xC6FC,0x7411,
  0x9D97,0xC6FC,0x3229,0x08A3,0x29A7,0xB67A,0xCF1C,0xA5B7,0x1925,0x08A3,0x08A3,0x08A3,0x08A3,0x08A3,0x08A3,0x08A3,
  0x08A3,0x08A3,0x08A3,0x08A3,0x08A3,0x08A3,0x08A3,0x08A3,0x08A3,0x08A3,0x08A3,0x08A3,0x08A3,0x08A3,0x08A3,0x08A3,
  0x08A3,0x08A3,0x08A3,0x08A3,0x08A3,0x08A3,0x08A3,0x08A3,0x08A3,0x08A3,0x08A3,0x08A3,0x08A3,0x08A3,0x08A3,0x08A3,
  0x08A3,0x08A3,0x08A3,0x08A3,0x08A3,0x08A3,0x08A3,0x08A3,0x08A3,0x08A3,0x08A3,0x08A3,0x08A3,0x08A3,0x08A3,0x08A3,
  0x08A3,0x08A3,0x0883,0x0883,0x0883,0x0883,0x19A7,0x08C3,0x0041,0x0041,0x0041,0x0041,0x0041,0x0041,0x0041,0x0041,
  0x0041,0x0041,0x0041,0x0041,0x0041,0x0041,0x0041,0x0041,0x0041,0x2209,0x08A3,0x08A3,0x08A3,0x1987,0x08A3,0x1166,
  0x669B,0x5E5A,0x1104,0x08A3,0x19A7,0x224A,0x08A3,0x08A3,0x5576,0x779F,0x4472,0x5E39,0x77BF,0x2229,0x19C8,0x6F3E,
  0x5576,0x08E4,0x55B8,0x6EFD,0x19A7,0x08A3,0x08C3,0x08A3,0x08A3,0x08A3,0x08A3,0x08A3,0x08A3,0x08A3,0x08A3,0x08A3,
  0x08A3,0x08A3,0x08A3,0x08A3,0x08A3,0x08A3,0x08A3,0x08A3,0x08A3,0x08A3,0x08A3,0x08A3,0x08A3,0x08A3,0x08A3,0x08A3,
  0x08A3,0x08A3,0x08A3,0x08A3,0x08A3,0x08A3,0x08A3,0x08A3,0x08A3,0x08A3,0x08A3,0x08A3,0x08A3,0x08A3,0x08A3,0x08A3,
  0x08A3,0x08A3,0x08A3,0x08A3,0x08A3,0x08A3,0x08A3,0x08A3,0x08A3,0x08A3,0x08A3,0x08A3,0x08A3,0x08A3,0x08A3,0x08A3,
  0x08A3,0x08A3,0x08A3,0x08A3,0x08A3,0x08A3,0x08A3,0x08A3,0x08A3,0x08A3,0x08A3,0x08A3,0x08A3,0x08A3,0x08A3,0x08A3,
  0x08A3,0x08A3,0x08A3,0x08A3,0x0883,0x0883,0x0883,0x0883,0x0883,0x0883,0x0883,0x0883,0x0883,0x0883,0x0883,0x0883,
  0x0883,0x0883,0x0883,0x0883,0x0883,0x0883,0x0883,0x0883,0x0883,0x0883,0x0883,0x08C4,0x1166,0x08C3,0x0883,0x0883,
  0x0883,0x19A7,0x08C3,0x0041,0x0041,0x0041,0x0041,0x2209,0x08A3,0x08A3,0x08A3,0x08A3,0x08A3,0x08C3,0x08A3,0x2186,
  0x8CF4,0xC6DB,0xCF1C,0x6BF0,0x08A3,0x08A3,0x3A4A,0xCF1C,0xB659,0x1104,0x08A3,0x08A3,0x1945,0x7C92,0xC6DB,0xCF1C,
  0x7C72,0x08A3,0x08A3,0x1945,0xAE18,0x9DB7,0x1105,0x08A3,0x29A7,0xAE39,0xCF1C,0xC6FC,0xCF1C,0x63CF,0x08A3,0x6BF0,
  0xCF1C,0xCF1C,0xAE18,0xB67A,0xCF1C,0xBEBB,0x426A,0x08A3,0x08C3,0x08A3,0x08C3,0x08A3,0x5B4D,0xC6FC,0xCF1C,0xAE39,
  0xB659,0xCF1C,0xC6DB,0x4AEC,0x08A3,0x5B6E,0xC71C,0xCF1C,0xC71C,0xC6FC,0x2166,0x08C4,0x9D96,0xCF1C,0xC6FC,0xA5D7,
  0xC6FC,0xCF1C,0x9D76,0x10E4,0x7451,0xC6DB,0x3229,0x08A3,0x10E4,0x9D96,0xB639,0x2166,0x08A3,0x84B3,0xCF1C,0xC6FC,
  0xCF1C,0xB67A,0x08A3,0x08C3,0x08A3,0x8CF4,0xCF1C,0x6BF0,0x08A3,0x08C3,0x08A3,0x08A3,0x08A3,0x08A3,0x08A3,0x08A3,
  0x08A3,0x08A3,0x08A3,0x08A3,0x08A3,0x08A3,0x08A3,0x08A3,0x08A3,0x08A3,0x08A3,0x08A3,0x08A3,0x08A3,0x08A3,0x08A3,
  0x08A3,0x08A3,0x08A3,0x08A3,0x08A3,0x08A3,0x08A3,0x08A3,0x08A3,0x08A3,0x08A3,0x08A3,0x08A3,0x08A3,0x08A3,0x08A3,
  0x08A3,0x08A3,0x08A3,0x08A3,0x08A3,0x08A3,0x08A3,0x08A3,0x08A3,0x08A3,0x08A3,0x08A3,0x08A3,0x08A3,0x08A3,0x08A3,
  0x0883,0x0883,0x0883,0x0883,0x0883,0x0883,0x19A7,0x08C3,0x0041,0x0041,0x0041,0x0041,0x0041,0x0041,0x0041,0x0041,
  0x0041,0x0041,0x0041,0x0041,0x0041,0x0041,0x0041,0x0041,0x0041,0x2209,0x08A3,0x08A3,0x08A3,0x1987,0x08A3,0x1166,
  0x669B,0x5E5A,0x1104,0x08A3,0x19E8,0x224A,0x08A3,0x08C3,0x5556,0x77BF,0x779F,0x77BF,0x5DF8,0x08A3,0x1A08,0x6F3D,
  0x5576,0x08E4,0x55B8,0x6EFC,0x19A7,0x08A3,0x08C3,0x08A3,0x08A3,0x08A3,0x08A3,0x08A3,0x08A3,0x08A3,0x08A3,0x08A3,
  0x08A3,0x08A3,0x08A3,0x08A3,0x08A3,0x08A3,0x08A3,0x08A3,0x08A3,0x08A3,0x08A3,0x08A3,0x08A3,0x08A3,0x08A3,0x08A3,
  0x08A3,0x08A3,0x08A3,0x08A3,0x08A3,0x08A3,0x08A3,0x08A3,0x08A3,0x08A3,0x08A3,0x08A3,0x08A3,0x08A3,0x08A3,0x08A3,
  0x08A3,0x08A3,0x08A3,0x08A3,0x08A3,0x08A3,0x08A3,0x08A3,0x08A3,0x08A3,0x08A3,0x08A3,0x08A3,0x08A3,0x08A3,0x08A3,
  0x08A3,0x08A3,0x08A3,0x08A3,0x08A3,0x08A3,0x08A3,0x08A3,0x08A3,0x08A3,0x08A3,0x08A3,0x08A3,0x08A3,0x08A3,0x08A3,
  0x08A3,0x08A3,0x08A3,0x0883,0x0883,0x0883,0x0883,0x0883,0x0883,0x0883,0x0883,0x0883,0x0883,0x0883,0x0883,0x0883,
  0x0883,0x0883,0x0883,0x0883,0x0883,0x0883,0x0883,0x0883,0x0883,0x0883,0x0883,0x0883,0x08C3,0x1166,0x08A3,0x0883,
  0x0883,0x19A7,0x08C3,0x0041,0x0041,0x0041,0x0041,0x2209,0x08A3,0x08A3,0x08A3,0x08A3,0x10C4,0x08A3,0x530C,0xBE9A,
  0x29C7,0x29A7,0xC6DB,0x9555,0x1104,0x08A3,0x29A7,0xB67A,0x9555,0x10E4,0x08A3,0x428A,0xBEBB,0x3A29,0x1945,0xBE9A,
  0x9DB7,0x1945,0x08A3,0x1946,0xAE18,0x9DB7,0x1105,0x08A3,0x29A7,0xB659,0xAE39,0x63AF,0x638E,0x29C7,0x08A3,0x6BCF,
  0xCF1C,0xC6DB,0xCF1C,0xC6FC,0xC6DB,0xBEBB,0x426A,0x08A3,0x08C3,0x08A3,0x08C3,0x08A3,0x5B4D,0xC6FC,0xC6DB,0xCF1C,
  0xCF1C,0xC6DB,0xC6DB,0x4AEC,0x08A3,0x5B6E,0xC6FC,0x8D14,0x638E,0x532D,0x08C4,0x1104,0x9D96,0xCF1C,0xC6DB,0xCF1C,
  0xC6DB,0xCF1C,0x9D96,0x10E4,0x5B4E,0xCF1C,0x4AEC,0x08A3,0x1925,0xC6DB,0x9D96,0x1104,0x08A3,0x84B3,0xC6FC,0x7411,
  0xAE39,0xBEBB,0x10C4,0x08A3,0x08A3,0x6BCF,0xC6FC,0x4ACB,0x08A3,0x08C3,0x08A3,0x08A3,0x08A3,0x08A3,0x08A3,0x08A3,
  0x08A3,0x08A3,0x08A3,0x08A3,0x08A3,0x08A3,0x08A3,0x08A3,0x08A3,0x08A3,0x08A3,0x08A3,0x08A3,0x08A3,0x08A3,0x08A3,
  0x08A3,0x08A3,0x08A3,0x08A3,0x08A3,0x08A3,0x08A3,0x08A3,0x08A3,0x08A3,0x08A3,0x08A3,0x08A3,0x08A3,0x08A3,0x08A3,
  0x08A3,0x08A3,0x08A3,0x08A3,0x08A3,0x08A3,0x08A3,0x08A3,0x08A3,0x08A3,0x08A3,0x08A3,0x08A3,0x08A3,0x0883,0x0883,
  0x0883,0x0883,0x0883,0x0883,0x0883,0x0883,0x19A7,0x08C3,0x0041,0x0041,0x0041,0x0041,0x0041,0x0041,0x0041,0x0041,
  0x0041,0x0041,0x0041,0x0041,0x0041,0x0041,0x0041,0x0041,0x0041,0x2209,0x08A3,0x08A3,0x08A3,0x1987,0x08A3,0x1105,
  0x5DF8,0x779F,0x1125,0x08C4,0x5E19,0x669B,0x1146,0x08A3,0x5576,0x777F,0x44B3,0x2B0D,0x1105,0x08A3,0x19E8,0x6F1D,
  0x5597,0x08E4,0x5DF8,0x66DC,0x19A7,0x08A3,0x08C3,0x08A3,0x08A3,0x08A3,0x08A3,0x08A3,0x08A3,0x08A3,0x08A3,0x08A3,
  0x08A3,0x08A3,0x08A3,0x08A3,0x08A3,0x08A3,0x08A3,0x08A3,0x08A3,0x08A3,0x08A3,0x08A3,0x08A3,0x08A3,0x08A3,0x08A3,
  0x08A3,0x08A3,0x08A3,0x08A3,0x08A3,0x08A3,0x08A3,0x08A3,0x08A3,0x08A3,0x08A3,0x08A3,0x08A3,0x08A3,0x08A3,0x08A3,
  0x08A3,0x08A3,0x08A3,0x08A3,0x08A3,0x08A3,0x08A3,0x08A3,0x08A3,0x08A3,0x08A3,0x08A3,0x08A3,0x08A3,0x08A3,0x08A3,
  0x08A3,0x08A3,0x08A3,0x08A3,0x08A3,0x08A3,0x08A3,0x08A3,0x08A3,0x08A3,0x08A3,0x08A3,0x08A3,0x08A3,0x08A3,0x08A3,
  0x08A3,0x08A3,0x08A3,0x0883,0x0883,0x0883,0x0883,0x0883,0x0883,0x0883,0x0883,0x0883,0x0883,0x0883,0x0883,0x0883,
  0x0883,0x0883,0x0883,0x0883,0x0883,0x0883,0x0883,0x0883,0x0883,0x0883,0x0883,0x0883,0x0883,0x1146,0x08C4,0x0883,
  0x0883,0x19A7,0x08C3,0x0041,0x0041,0x0041,0x0041,0x2209,0x08A3,0x08A3,0x08A3,0x08A3,0x08C3,0x08A3,0x4AEC,0xCF1C,
  0x9D76,0x5B8E,0xC71C,0x84D3,0x10E4,0x08A3,0x29A7,0xB67A,0x9555,0x10E4,0x08A3,0x3A6A,0xC6FC,0xA5D7,0x5B6E,0xC6DB,
  0x9555,0x1104,0x08A3,0x1946,0xAE18,0x9DB7,0x1105,0x08A3,0x29A7,0xB659,0xA5F8,0x4AEC,0x52EC,0x31E8,0x08A3,0x6BF0,
  0xBE9A,0x9D76,0xCF1C,0xC6FC,0x9555,0xBEBB,0x426A,0x08A3,0x08C3,0x08A3,0x08C3,0x08A3,0x5B6E,0xBEBB,0x9576,0xCF1C,
  0xCF1C,0x9555,0xBEBB,0x4AEC,0x08A3,0x5B6E,0xC6FC,0x7C92,0x42AB,0x530C,0x1104,0x10E4,0xA5D7,0xA5F8,0xAE39,0xCF1C,
  0xAE39,0xA5F8,0xA5D7,0x08C3,0x29C7,0xCF1C,0xAE18,0x5B4D,0x8CF4,0xCF1C,0x7410,0x08A3,0x08A3,0x84D3,0xBEBB,0x2186,
  0x7431,0xC71C,0x29C8,0x08A3,0x08A3,0x6BCF,0xC6FC,0x4ACB,0x08A3,0x08C3,0x08A3,0x08A3,0x08A3,0x08A3,0x08A3,0x08A3,
  0x08A3,0x08A3,0x08A3,0x08A3,0x08A3,0x08A3,0x08A3,0x08A3,0x08A3,0x08A3,0x08A3,0x08A3,0x08A3,0x08A3,0x08A3,0x08A3,
  0x08A3,0x08A3,0x08A3,0x08A3,0x08A3,0x08A3,0x08A3,0x08A3,0x08A3,0x08A3,0x08A3,0x08A3,0x08A3,0x08A3,0x08A3,0x08A3,
  0x08A3,0x08A3,0x08A3,0x08A3,0x08A3,0x08A3,0x08A3,0x08A3,0x08A3,0x08A3,0x08A3,0x08A3,0x0883,0x0883,0x0883,0x0883,
  0x0883,0x0883,0x0883,0x0883,0x0883,0x0883,0x19A7,0x08C3,0x0041,0x0041,0x0041,0x0041,0x0041,0x0041,0x0041,0x0041,
  0x0041,0x0041,0x0041,0x0041,0x0041,0x0041,0x0041,0x0041,0x0041,0x2209,0x08A3,0x08A3,0x08A3,0x1987,0x08C4,0x08A3,
  0x4452,0x77BF,0x4D15,0x3C11,0x77BF,0x4D36,0x08C3,0x08A3,0x5597,0x6F3D,0x19E8,0x08A3,0x08C4,0x08A3,0x1145,0x5E5A,
  0x6F5E,0x3BD0,0x77BF,0x5DD8,0x1105,0x08A3,0x08C3,0x08A3,0x08A3,0x08A3,0x08A3,0x08A3,0x08A3,0x08A3,0x08A3,0x08A3,
  0x08A3,0x08A3,0x08A3,0x08A3,0x08A3,0x08A3,0x08A3,0x08A3,0x08A3,0x08A3,0x08A3,0x08A3,0x08A3,0x08A3,0x08A3,0x08A3,
  0x08A3,0x08A3,0x08A3,0x08A3,0x08A3,0x08A3,0x08A3,0x08A3,0x08A3,0x08A3,0x08A3,0x08A3,0x08A3,0x08A3,0x08A3,0x08A3,
  0x08A3,0x08A3,0x08A3,0x08A3,0x08A3,0x08A3,0x08A3,0x08A3,0x08A3,0x08A3,0x08A3,0x08A3,0x08A3,0x08A3,0x08A3,0x08A3,
  0x08A3,0x08A3,0x08A3,0x08A3,0x08A3,0x08A3,0x08A3,0x08A3,0x08A3,0x08A3,0x08A3,0x08A3,0x08A3,0x08A3,0x08A3,0x08A3,
  0x08A3,0x08A3,0x0883,0x0883,0x0883,0x0883,0x0883,0x0883,0x0883,0x0883,0x0883,0x0883,0x0883,0x0883,0x0883,0x0883,
  0x0883,0x0883,0x0883,0x0883,0x0883,0x0883,0x0883,0x0883,0x0883,0x0883,0x0883,0x0883,0x0883,0x1146,0x08C4,0x0883,
  0x0883,0x19A7,0x08C3,0x0041,0x0041,0x0041,0x0041,0x2209,0x08A3,0x08A3,0x08A3,0x08A3,0x08C3,0x08A3,0x10C4,0x9D76,
  0xCF1C,0xC6FC,0xCF1C,0x42AB,0x08A3,0x08A3,0x21A7,0xB67A,0x9555,0x10C4,0x08A3,0x08A3,0x8CF4,0xCF1C,0xC6FC,0xCF1C,
  0x532D,0x08A3,0x08A3,0x1945,0xAE18,0x9DB7,0x1105,0x08A3,0x29A7,0xAE39,0xCF1C,0xC6DB,0xCF1C,0x9535,0x08A3,0x6BF0,
  0xBE9B,0x7C72,0xBEBB,0xAE39,0x84B3,0xBEBB,0x3A6A,0x08A3,0x08C3,0x08A3,0x08C3,0x08A3,0x5B6E,0xBEBB,0x7C72,0xBE9A,
  0xB67A,0x7C92,0xBEBB,0x4AEC,0x08A3,0x5B6E,0xC71C,0xCF1C,0xC6FC,0xCF1C,0x530C,0x08C4,0xA5D7,0x9DB7,0x8CF4,0xCF1C,
  0x8D14,0x9D97,0xA5D7,0x10E4,0x08A3,0x7431,0xCF1C,0xC6FC,0xCF1C,0xA5D8,0x1945,0x08A3,0x08A3,0x84D3,0xBEBB,0x2187,
  0x5B4D,0xCF1C,0x4AEC,0x08A3,0x08A3,0x6BCF,0xC6FC,0x4ACB,0x08A3,0x08C3,0x08A3,0x08A3,0x08A3,0x08A3,0x08A3,0x08A3,
  0x08A3,0x08A3,0x08A3,0x08A3,0x08A3,0x08A3,0x08A3,0x08A3,0x08A3,0x08A3,0x08A3,0x08A3,0x08A3,0x08A3,0x08A3,0x08A3,
  0x08A3,0x08A3,0x08A3,0x08A3,0x08A3,0x08A3,0x08A3,0x08A3,0x08A3,0x08A3,0x08A3,0x08A3,0x08A3,0x08A3,0x08A3,0x08A3,
  0x08A3,0x08A3,0x08A3,0x08A3,0x08A3,0x08A3,0x08A3,0x08A3,0x08A3,0x08A3,0x0883,0x0883,0x0883,0x0883,0x0883,0x0883,
  0x0883,0x0883,0x0883,0x0883,0x0883,0x0883,0x19A7,0x08C3,0x0041,0x0041,0x0041,0x0041,0x0041,0x0041,0x0041,0x0041,
  0x0041,0x0041,0x0041,0x0041,0x0041,0x0041,0x0041,0x0041,0x0041,0x2209,0x08A3,0x08A3,0x08A3,0x1987,0x08C3,0x08A3,
  0x19A7,0x66BB,0x77BF,0x77BF,0x6F5E,0x2A8B,0x08A3,0x08C4,0x5577,0x6F3D,0x19E8,0x08A3,0x08C3,0x08C4,0x08A3,0x3C11,
  0x77BF,0x779F,0x77BF,0x3BAF,0x08A3,0x08C4,0x08A3,0x08A3,0x08A3,0x08A3,0x08A3,0x08A3,0x08A3,0x08A3,0x08A3,0x08A3,
  0x08A3,0x08A3,0x08A3,0x08A3,0x08A3,0x08A3,0x08A3,0x08A3,0x08A3,0x08A3,0x08A3,0x08A3,0x08A3,0x08A3,0x08A3,0x08A3,
  0x08A3,0x08A3,0x08A3,0x08A3,0x08A3,0x08A3,0x08A3,0x08A3,0x08A3,0x08A3,0x08A3,0x08A3,0x08A3,0x08A3,0x08A3,0x08A3,
  0x08A3,0x08A3,0x08A3,0x08A3,0x08A3,0x08A3,0x08A3,0x08A3,0x08A3,0x08A3,0x08A3,0x08A3,0x08A3,0x08A3,0x08A3,0x08A3,
  0x08A3,0x08A3,0x08A3,0x08A3,0x08A3,0x08A3,0x08A3,0x08A3,0x08A3,0x08A3,0x08A3,0x08A3,0x08A3,0x08A3,0x08A3,0x08A3,
  0x08A3,0x0883,0x0883,0x0883,0x0883,0x0883,0x0883,0x0883,0x0883,0x0883,0x0883,0x0883,0x0883,0x0883,0x0883,0x0883,
  0x0883,0x0883,0x0883,0x0883,0x0883,0x0883,0x0883,0x0883,0x0883,0x0883,0x0883,0x0883,0x0883,0x1146,0x08C4,0x0883,
  0x0883,0x19A7,0x08C3,0x0041,0x0041,0x0041,0x0041,0x2209,0x08A3,0x08A3,0x08A3,0x08A3,0x08A3,0x08A3,0x08A3,0x1104,
  0x5B6E,0x7451,0x3A29,0x08A3,0x08C3,0x08A3,0x10E4,0x63CF,0x4AEC,0x08A3,0x08A3,0x08A3,0x10E4,0x532D,0x7C52,0x426A,
  0x08A3,0x08C3,0x08A3,0x08C3,0x638E,0x532D,0x08A3,0x08A3,0x1104,0x638E,0x84B3,0x7C72,0x84B3,0x530C,0x08A3,0x3209,
  0x7431,0x29A7,0x63AF,0x4AEC,0x3A49,0x7410,0x1945,0x08A3,0x08A3,0x08A3,0x08A3,0x08A3,0x29C7,0x7431,0x29C8,0x5B6E,
  0x532D,0x3208,0x7431,0x2186,0x08A3,0x29C7,0x7451,0x7C92,0x7C72,0x7C92,0x29A7,0x08A3,0x5B4D,0x5B4E,0x29E8,0x7431,
  0x31E8,0x5B4E,0x532D,0x08A3,0x08A3,0x08C3,0x4AAB,0x7C72,0x638E,0x1925,0x08A3,0x08A3,0x08A3,0x42AB,0x6BF0,0x10E4,
  0x1945,0x7431,0x31E8,0x08A3,0x08A3,0x3208,0x7431,0x2166,0x08A3,0x08A3,0x08A3,0x08A3,0x08A3,0x08A3,0x08A3,0x08A3,
  0x08A3,0x08A3,0x08A3,0x08A3,0x08A3,0x08A3,0x08A3,0x08A3,0x08A3,0x08A3,0x08A3,0x08A3,0x08A3,0x08A3,0x08A3,0x08A3,
  0x08A3,0x08A3,0x08A3,0x08A3,0x08A3,0x08A3,0x08A3,0x08A3,0x08A3,0x08A3,0x08A3,0x08A3,0x08A3,0x08A3,0x08A3,0x08A3,
  0x08A3,0x08A3,0x08A3,0x08A3,0x08A3,0x08A3,0x08A3,0x08A3,0x0883,0x0883,0x0883,0x0883,0x0883,0x0883,0x0883,0x0883,
  0x0883,0x0883,0x0883,0x0883,0x0883,0x0883,0x19A7,0x08C3,0x0041,0x0041,0x0041,0x0041,0x0041,0x0041,0x0041,0x0041,
  0x0041,0x0041,0x0041,0x0041,0x0041,0x0041,0x0041,0x0041,0x0041,0x2209,0x08A3,0x08A3,0x08A3,0x1987,0x08A3,0x08A3,
  0x08A3,0x1987,0x3C31,0x4472,0x2209,0x08A3,0x08C3,0x08A3,0x2B0D,0x3C31,0x1105,0x08A3,0x08A3,0x08A3,0x08A3,0x08A3,
  0x2B0D,0x44B3,0x2ACC,0x08A3,0x08A3,0x08A3,0x08A3,0x08A3,0x08A3,0x08A3,0x08A3,0x08A3,0x08A3,0x08A3,0x08A3,0x08A3,
  0x08A3,0x08A3,0x08A3,0x08A3,0x08A3,0x08A3,0x08A3,0x08A3,0x08A3,0x08A3,0x08A3,0x08A3,0x08A3,0x08A3,0x08A3,0x08A3,
  0x08A3,0x08A3,0x08A3,0x08A3,0x08A3,0x08A3,0x08A3,0x08A3,0x08A3,0x08A3,0x08A3,0x08A3,0x08A3,0x08A3,0x08A3,0x08A3,
  0x08A3,0x08A3,0x08A3,0x08A3,0x08A3,0x08A3,0x08A3,0x08A3,0x08A3,0x08A3,0x08A3,0x08A3,0x08A3,0x08A3,0x08A3,0x08A3,
  0x08A3,0x08A3,0x08A3,0x08A3,0x08A3,0x08A3,0x08A3,0x08A3,0x08A3,0x08A3,0x08A3,0x08A3,0x08A3,0x08A3,0x08A3,0x08A3,
  0x0883,0x0883,0x0883,0x0883,0x0883,0x0883,0x0883,0x0883,0x0883,0x0883,0x0883,0x0883,0x0883,0x0883,0x0883,0x0883,
  0x0883,0x0883,0x0883,0x0883,0x0883,0x0883,0x0883,0x0883,0x0883,0x0883,0x0883,0x0883,0x0883,0x1146,0x08C4,0x0883,
  0x0883,0x19A7,0x08C3,0x0041,0x0041,0x0041,0x0041,0x2209,0x08A3,0x08A3,0x08A3,0x08A3,0x08A3,0x08A3,0x08A3,0x08A3,
  0x08A3,0x08A3,0x08A3,0x08A3,0x08A3,0x08A3,0x08A3,0x08A3,0x08A3,0x08A3,0x08A3,0x08A3,0x08A3,0x08A3,0x08A3,0x08A3,
  0x08A3,0x08A3,0x08A3,0x08A3,0x08A3,0x08A3,0x08A3,0x08A3,0x08A3,0x08A3,0x08A3,0x08A3,0x08A3,0x08A3,0x08A3,0x08A3,
  0x08A3,0x08A3,0x08A3,0x08A3,0x08A3,0x08A3,0x08A3,0x08A3,0x08A3,0x08A3,0x08A3,0x08A3,0x08A3,0x08A3,0x08A3,0x08A3,
  0x08A3,0x08A3,0x08A3,0x08A3,0x08A3,0x08A3,0x08A3,0x08A3,0x08A3,0x08A3,0x08A3,0x08A3,0x08A3,0x08A3,0x08A3,0x08A3,
  0x08A3,0x08A3,0x08A3,0x08A3,0x08A3,0x08A3,0x08A3,0x08A3,0x08A3,0x08A3,0x08A3,0x08A3,0x08A3,0x08A3,0x08A3,0x08A3,
  0x08A3,0x08A3,0x08A3,0x08A3,0x08A3,0x08A3,0x08A3,0x08A3,0x08A3,0x08A3,0x08A3,0x08A3,0x08A3,0x08A3,0x08A3,0x08A3,
  0x08A3,0x08A3,0x08A3,0x08A3,0x08A3,0x08A3,0x08A3,0x08A3,0x08A3,0x08A3,0x08A3,0x08A3,0x08A3,0x08A3,0x08A3,0x08A3,
  0x08A3,0x08A3,0x08A3,0x08A3,0x08A3,0x08A3,0x08A3,0x08A3,0x08A3,0x08A3,0x08A3,0x08A3,0x08A3,0x08A3,0x08A3,0x08A3,
  0x08A3,0x08A3,0x08A3,0x08A3,0x08A3,0x08A3,0x0883,0x0883,0x0883,0x0883,0x0883,0x0883,0x0883,0x0883,0x0883,0x0883,
  0x0883,0x0883,0x0883,0x0883,0x0883,0x0883,0x19A7,0x08C3,0x0041,0x0041,0x0041,0x0041,0x0041,0x0041,0x0041,0x0041,
  0x0041,0x0041,0x0041,0x0041,0x0041,0x0041,0x0041,0x0041,0x0041,0x2209,0x08A3,0x08A3,0x08A3,0x1987,0x08A3,0x08A3,
  0x08A3,0x08A3,0x08A3,0x08A3,0x08A3,0x08A3,0x08A3,0x08A3,0x08A3,0x08A3,0x08A3,0x08A3,0x08A3,0x08A3,0x08A3,0x08A3,
  0x08A3,0x08A3,0x08A3,0x08A3,0x08A3,0x08A3,0x08A3,0x08A3,0x08A3,0x08A3,0x08A3,0x08A3,0x08A3,0x08A3,0x08A3,0x08A3,
  0x08A3,0x08A3,0x08A3,0x08A3,0x08A3,0x08A3,0x08A3,0x08A3,0x08A3,0x08A3,0x08A3,0x08A3,0x08A3,0x08A3,0x08A3,0x08A3,
  0x08A3,0x08A3,0x08A3,0x08A3,0x08A3,0x08A3,0x08A3,0x08A3,0x08A3,0x08A3,0x08A3,0x08A3,0x08A3,0x08A3,0x08A3,0x08A3,
  0x08A3,0x08A3,0x08A3,0x08A3,0x08A3,0x08A3,0x08A3,0x08A3,0x08A3,0x08A3,0x08A3,0x08A3,0x08A3,0x08A3,0x08A3,0x08A3,
  0x08A3,0x08A3,0x08A3,0x08A3,0x08A3,0x08A3,0x08A3,0x08A3,0x08A3,0x08A3,0x08A3,0x08A3,0x08A3,0x08A3,0x08A3,0x0883,
  0x0883,0x0883,0x0883,0x0883,0x0883,0x0883,0x0883,0x0883,0x0883,0x0883,0x0883,0x0883,0x0883,0x0883,0x0883,0x0883,
  0x0883,0x0883,0x0883,0x0883,0x0883,0x0883,0x0883,0x0883,0x0883,0x0883,0x0883,0x0883,0x0883,0x1146,0x08C4,0x0883,
  0x0883,0x19A7,0x08C3,0x0041,0x0041,0x0041,0x0041,0x2209,0x08A3,0x08A3,0x08A3,0x08A3,0x08A3,0x08A3,0x08A3,0x08A3,
  0x08A3,0x08A3,0x08A3,0x08A3,0x08A3,0x08A3,0x08A3,0x08A3,0x08A3,0x08A3,0x08A3,0x08A3,0x08A3,0x08A3,0x08A3,0x08A3,
  0x08A3,0x08A3,0x08A3,0x08A3,0x08A3,0x08A3,0x08A3,0x08A3,0x08A3,0x08A3,0x08A3,0x08A3,0x08A3,0x08A3,0x08A3,0x08A3,
  0x08A3,0x08A3,0x08A3,0x08A3,0x08A3,0x08A3,0x08A3,0x08A3,0x08A3,0x08A3,0x08A3,0x08A3,0x08A3,0x08A3,0x08A3,0x08A3,
  0x08A3,0x08A3,0x08A3,0x08A3,0x08A3,0x08A3,0x08A3,0x08A3,0x08A3,0x08A3,0x08A3,0x08A3,0x08A3,0x08A3,0x08A3,0x08A3,
  0x08A3,0x08A3,0x08A3,0x08A3,0x08A3,0x08A3,0x08A3,0x08A3,0x08A3,0x08A3,0x08A3,0x08A3,0x08A3,0x08A3,0x08A3,0x08A3,
  0x08A3,0x08A3,0x08A3,0x08A3,0x08A3,0x08A3,0x08A3,0x08A3,0x08A3,0x08A3,0x08A3,0x08A3,0x08A3,0x08A3,0x08A3,0x08A3,
  0x08A3,0x08A3,0x08A3,0x08A3,0x08A3,0x08A3,0x08A3,0x08A3,0x08A3,0x08A3,0x08A3,0x08A3,0x08A3,0x08A3,0x08A3,0x08A3,
  0x08A3,0x08A3,0x08A3,0x08A3,0x08A3,0x08A3,0x08A3,0x08A3,0x08A3,0x08A3,0x08A3,0x08A3,0x08A3,0x08A3,0x08A3,0x08A3,
  0x08A3,0x08A3,0x08A3,0x08A3,0x0883,0x0883,0x0883,0x0883,0x0883,0x0883,0x0883,0x0883,0x0883,0x0883,0x0883,0x0883,
  0x0883,0x0883,0x0883,0x0883,0x0883,0x0883,0x19A7,0x08C3,0x0041,0x0041,0x0041,0x0041,0x0041,0x0041,0x0041,0x0041,
  0x0041,0x0041,0x0041,0x0041,0x0041,0x0041,0x0041,0x0041,0x0041,0x2209,0x08A3,0x08A3,0x08A3,0x1987,0x08A3,0x08A3,
  0x08A3,0x08A3,0x08A3,0x08A3,0x08A3,0x08A3,0x08A3,0x08A3,0x08A3,0x08A3,0x08A3,0x08A3,0x08A3,0x08A3,0x08A3,0x08A3,
  0x08A3,0x08A3,0x08A3,0x08A3,0x08A3,0x08A3,0x08A3,0x08A3,0x08A3,0x08A3,0x08A3,0x08A3,0x08A3,0x08A3,0x08A3,0x08A3,
  0x08A3,0x08A3,0x08A3,0x08A3,0x08A3,0x08A3,0x08A3,0x08A3,0x08A3,0x08A3,0x08A3,0x08A3,0x08A3,0x08A3,0x08A3,0x08A3,
  0x08A3,0x08A3,0x08A3,0x08A3,0x08A3,0x08A3,0x08A3,0x08A3,0x08A3,0x08A3,0x08A3,0x08A3,0x08A3,0x08A3,0x08A3,0x08A3,
  0x08A3,0x08A3,0x08A3,0x08A3,0x08A3,0x08A3,0x08A3,0x08A3,0x08A3,0x08A3,0x08A3,0x08A3,0x08A3,0x08A3,0x08A3,0x08A3,
  0x08A3,0x08A3,0x08A3,0x08A3,0x08A3,0x08A3,0x08A3,0x08A3,0x08A3,0x08A3,0x08A3,0x08A3,0x08A3,0x08A3,0x0883,0x0883,
  0x0883,0x0883,0x0883,0x0883,0x0883,0x0883,0x0883,0x0883,0x0883,0x0883,0x0883,0x0883,0x0883,0x0883,0x0883,0x0883,
  0x0883,0x0883,0x0883,0x0883,0x0883,0x0883,0x0883,0x0883,0x0883,0x0883,0x0883,0x0883,0x0883,0x1146,0x08C4,0x0883,
  0x0883,0x19A7,0x08C3,0x0041,0x0041,0x0041,0x0041,0x2209,0x08A3,0x08A3,0x08A3,0x08A3,0x08A3,0x08A3,0x08A3,0x08A3,
  0x08A3,0x08A3,0x08A3,0x08A3,0x08A3,0x08A3,0x08A3,0x08A3,0x08A3,0x08A3,0x08A3,0x08A3,0x08A3,0x08A3,0x08A3,0x08A3,
  0x08A3,0x08A3,0x08A3,0x08A3,0x08A3,0x08A3,0x08A3,0x08A3,0x08A3,0x08A3,0x08A3,0x08A3,0x08A3,0x08A3,0x08A3,0x08A3,
  0x08A3,0x08A3,0x08A3,0x08A3,0x08A3,0x08A3,0x08A3,0x08A3,0x08A3,0x08A3,0x08A3,0x08A3,0x08A3,0x08A3,0x08A3,0x08A3,
  0x08A3,0x08A3,0x08A3,0x08A3,0x08A3,0x08A3,0x08A3,0x08A3,0x08A3,0x08A3,0x08A3,0x08A3,0x08A3,0x08A3,0x08A3,0x08A3,
  0x08A3,0x08A3,0x08A3,0x08A3,0x08A3,0x08A3,0x08A3,0x08A3,0x08A3,0x08A3,0x08A3,0x08A3,0x08A3,0x08A3,0x08A3,0x08A3,
  0x08A3,0x08A3,0x08A3,0x08A3,0x08A3,0x08A3,0x08A3,0x08A3,0x08A3,0x08A3,0x08A3,0x08A3,0x08A3,0x08A3,0x08A3,0x08A3,
  0x08A3,0x08A3,0x08A3,0x08A3,0x08A3,0x08A3,0x08A3,0x08A3,0x08A3,0x08A3,0x08A3,0x08A3,0x08A3,0x08A3,0x08A3,0x08A3,
  0x08A3,0x08A3,0x08A3,0x08A3,0x08A3,0x08A3,0x08A3,0x08A3,0x08A3,0x08A3,0x08A3,0x08A3,0x08A3,0x08A3,0x08A3,0x08A3,
  0x08A3,0x0883,0x0883,0x0883,0x0883,0x0883,0x0883,0x0883,0x0883,0x0883,0x0883,0x0883,0x0883,0x0883,0x0883,0x0883,
  0x0883,0x0883,0x0883,0x0883,0x0883,0x0883,0x19A7,0x08C3,0x0041,0x0041,0x0041,0x0041,0x0041,0x0041,0x0041,0x0041,
  0x0041,0x0041,0x0041,0x0041,0x0041,0x0041,0x0041,0x0041,0x0041,0x2209,0x08A3,0x08A3,0x08A3,0x1987,0x08A3,0x08A3,
  0x08A3,0x21A8,0x21A8,0x21A8,0x21A8,0x21A8,0x21A8,0x21A8,0x21A8,0x21A8,0x21A8,0x21A8,0x21A8,0x21A8,0x21A8,0x21A8,
  0x21A8,0x21A8,0x21A8,0x21A8,0x21A8,0x21A8,0x21A8,0x21A8,0x21A8,0x21A8,0x21A8,0x21A8,0x21A8,0x21A8,0x21A8,0x21A8,
  0x21A8,0x21A8,0x21A8,0x21A8,0x21A8,0x21A8,0x21A8,0x21A8,0x21A8,0x21A8,0x21A8,0x21A8,0x21A8,0x21A8,0x21A8,0x21A8,
  0x21A8,0x21A8,0x21A8,0x21A8,0x21A8,0x21A8,0x21A8,0x21A8,0x21A8,0x21A8,0x21A8,0x21A8,0x21A8,0x21A8,0x21A8,0x21A8,
  0x21A8,0x21A8,0x21A8,0x21A8,0x21A8,0x21A8,0x21A8,0x21A8,0x21A8,0x21A8,0x21A8,0x21A8,0x21A8,0x21A8,0x21A8,0x21A8,
  0x21A8,0x21A8,0x21A8,0x21A8,0x21A8,0x21A8,0x21A8,0x21A8,0x21A8,0x21A8,0x21A8,0x21A8,0x21A8,0x21A8,0x21A8,0x21A8,
  0x21A8,0x21A8,0x21A8,0x21A8,0x21A8,0x21A8,0x21A8,0x21A8,0x21A8,0x21A8,0x21A8,0x21A8,0x21A8,0x21A8,0x21A8,0x21A8,
  0x21A8,0x21A8,0x21A8,0x21A8,0x21A8,0x21A8,0x21A8,0x21A8,0x21A8,0x21A8,0x21A8,0x21A8,0x21A8,0x1146,0x08C4,0x0883,
  0x0883,0x19A7,0x08C3,0x0041,0x0041,0x0041,0x0041,0x2209,0x08A3,0x08A3,0x08A3,0x08A3,0x08A3,0x08A3,0x08A3,0x21A8,
  0x21A8,0x21A8,0x21A8,0x21A8,0x21A8,0x21A8,0x21A8,0x21A8,0x21A8,0x21A8,0x21A8,0x21A8,0x21A8,0x21A8,0x21A8,0x21A8,
  0x21A8,0x21A8,0x21A8,0x21A8,0x21A8,0x21A8,0x21A8,0x21A8,0x21A8,0x21A8,0x21A8,0x21A8,0x21A8,0x21A8,0x21A8,0x21A8,
  0x21A8,0x21A8,0x21A8,0x21A8,0x21A8,0x21A8,0x21A8,0x21A8,0x21A8,0x21A8,0x21A8,0x21A8,0x21A8,0x21A8,0x21A8,0x21A8,
  0x21A8,0x21A8,0x21A8,0x21A8,0x21A8,0x21A8,0x21A8,0x21A8,0x21A8,0x21A8,0x21A8,0x21A8,0x21A8,0x21A8,0x21A8,0x21A8,
  0x21A8,0x21A8,0x21A8,0x21A8,0x21A8,0x21A8,0x21A8,0x21A8,0x21A8,0x21A8,0x21A8,0x21A8,0x21A8,0x21A8,0x21A8,0x21A8,
  0x21A8,0x21A8,0x21A8,0x21A8,0x21A8,0x21A8,0x21A8,0x21A8,0x21A8,0x21A8,0x21A8,0x21A8,0x21A8,0x21A8,0x21A8,0x21A8,
  0x21A8,0x21A8,0x21A8,0x21A8,0x21A8,0x21A8,0x21A8,0x21A8,0x21A8,0x21A8,0x21A8,0x21A8,0x21A8,0x21A8,0x21A8,0x21A8,
  0x21A8,0x21A8,0x21A8,0x21A8,0x21A8,0x21A8,0x21A8,0x21A8,0x21A8,0x21A8,0x21A8,0x21A8,0x21A8,0x21A8,0x21A8,0x21A8,
  0x21A8,0x21A8,0x21A8,0x21A8,0x21A8,0x21A8,0x21A8,0x21A8,0x21A8,0x21A8,0x21A8,0x21A8,0x21A8,0x21A8,0x21A8,0x0883,
  0x0883,0x0883,0x0883,0x0883,0x0883,0x0883,0x19A7,0x08C3,0x0041,0x0041,0x0041,0x0041,0x0041,0x0041,0x0041,0x0041,
  0x0041,0x0041,0x0041,0x0041,0x0041,0x0041,0x0041,0x0041,0x0041,0x2209,0x08A3,0x08A3,0x08A3,0x1987,0x08A3,0x08A3,
  0x08A3,0x08A3,0x08A3,0x08A3,0x08A3,0x08A3,0x08A3,0x08A3,0x08A3,0x08A3,0x08A3,0x08A3,0x08A3,0x08A3,0x08A3,0x08A3,
  0x08A3,0x08A3,0x08A3,0x08A3,0x08A3,0x08A3,0x08A3,0x08A3,0x08A3,0x08A3,0x08A3,0x08A3,0x08A3,0x08A3,0x08A3,0x08A3,
  0x08A3,0x08A3,0x08A3,0x08A3,0x08A3,0x08A3,0x08A3,0x08A3,0x08A3,0x08A3,0x08A3,0x08A3,0x08A3,0x08A3,0x08A3,0x08A3,
  0x08A3,0x08A3,0x08A3,0x08A3,0x08A3,0x08A3,0x08A3,0x08A3,0x08A3,0x08A3,0x08A3,0x08A3,0x08A3,0x08A3,0x08A3,0x08A3,
  0x08A3,0x08A3,0x08A3,0x08A3,0x08A3,0x08A3,0x08A3,0x08A3,0x08A3,0x08A3,0x08A3,0x08A3,0x08A3,0x08A3,0x08A3,0x08A3,
  0x08A3,0x08A3,0x08A3,0x08A3,0x08A3,0x08A3,0x08A3,0x08A3,0x08A3,0x08A3,0x08A3,0x08A3,0x08A3,0x0883,0x0883,0x0883,
  0x0883,0x0883,0x0883,0x0883,0x0883,0x0883,0x0883,0x0883,0x0883,0x0883,0x0883,0x0883,0x0883,0x0883,0x0883,0x0883,
  0x0883,0x0883,0x0883,0x0883,0x0883,0x0883,0x0883,0x0883,0x0883,0x0883,0x0883,0x0883,0x0883,0x1146,0x08C4,0x0883,
  0x0883,0x19A7,0x08C3,0x0041,0x0041,0x0041,0x0041,0x2209,0x08A3,0x08A3,0x08A3,0x08A3,0x08A3,0x08A3,0x08A3,0x08A3,
  0x08A3,0x08A3,0x08A3,0x08A3,0x08A3,0x08A3,0x08A3,0x08A3,0x08A3,0x08A3,0x08A3,0x08A3,0x08A3,0x08A3,0x08A3,0x08A3,
  0x08A3,0x08A3,0x08A3,0x08A3,0x08A3,0x08A3,0x08A3,0x08A3,0x08A3,0x08A3,0x08A3,0x08A3,0x08A3,0x08A3,0x08A3,0x08A3,
  0x08A3,0x08A3,0x08A3,0x08A3,0x08A3,0x08A3,0x08A3,0x08A3,0x08A3,0x08A3,0x08A3,0x08A3,0x08A3,0x08A3,0x08A3,0x08A3,
  0x08A3,0x08A3,0x08A3,0x08A3,0x08A3,0x08A3,0x08A3,0x08A3,0x08A3,0x08A3,0x08A3,0x08A3,0x08A3,0x08A3,0x08A3,0x08A3,
  0x08A3,0x08A3,0x08A3,0x08A3,0x08A3,0x08A3,0x08A3,0x08A3,0x08A3,0x08A3,0x08A3,0x08A3,0x08A3,0x08A3,0x08A3,0x08A3,
  0x08A3,0x08A3,0x08A3,0x08A3,0x08A3,0x08A3,0x08A3,0x08A3,0x08A3,0x08A3,0x08A3,0x08A3,0x08A3,0x08A3,0x08A3,0x08A3,
  0x08A3,0x08A3,0x08A3,0x08A3,0x08A3,0x08A3,0x08A3,0x08A3,0x08A3,0x08A3,0x08A3,0x08A3,0x08A3,0x08A3,0x08A3,0x08A3,
  0x08A3,0x08A3,0x08A3,0x08A3,0x08A3,0x08A3,0x08A3,0x08A3,0x08A3,0x08A3,0x08A3,0x08A3,0x08A3,0x0883,0x0883,0x0883,
  0x0883,0x0883,0x0883,0x0883,0x0883,0x0883,0x0883,0x0883,0x0883,0x0883,0x0883,0x0883,0x0883,0x0883,0x0883,0x0883,
  0x0883,0x0883,0x0883,0x0883,0x0883,0x0883,0x19A7,0x08C3,0x0041,0x0041,0x0041,0x0041,0x0041,0x0041,0x0041,0x0041,
  0x0041,0x0041,0x0041,0x0041,0x0041,0x0041,0x0041,0x0041,0x0041,0x2209,0x08A3,0x08A3,0x08A3,0x1987,0x08A3,0x08A3,
  0x08A3,0x08A3,0x08A3,0x08A3,0x08A3,0x08A3,0x08A3,0x08A3,0x08A3,0x08A3,0x08A3,0x08A3,0x08A3,0x08A3,0x08A3,0x08A3,
  0x08A3,0x08A3,0x08A3,0x08A3,0x08A3,0x08A3,0x08A3,0x08A3,0x08A3,0x08A3,0x08A3,0x08A3,0x08A3,0x08A3,0x08A3,0x08A3,
  0x08A3,0x08A3,0x08A3,0x08A3,0x08A3,0x08A3,0x08A3,0x08A3,0x08A3,0x08A3,0x08A3,0x08A3,0x08A3,0x08A3,0x08A3,0x08A3,
  0x08A3,0x08A3,0x08A3,0x08A3,0x08A3,0x08A3,0x08A3,0x08A3,0x08A3,0x08A3,0x08A3,0x08A3,0x08A3,0x08A3,0x08A3,0x08A3,
  0x08A3,0x08A3,0x08A3,0x08A3,0x08A3,0x08A3,0x08A3,0x08A3,0x08A3,0x08A3,0x08A3,0x08A3,0x08A3,0x08A3,0x08A3,0x08A3,
  0x08A3,0x08A3,0x08A3,0x08A3,0x08A3,0x08A3,0x08A3,0x08A3,0x08A3,0x08A3,0x08A3,0x08A3,0x0883,0x0883,0x0883,0x0883,
  0x0883,0x0883,0x0883,0x0883,0x0883,0x0883,0x0883,0x0883,0x0883,0x0883,0x0883,0x0883,0x0883,0x0883,0x0883,0x0883,
  0x0883,0x0883,0x0883,0x0883,0x0883,0x0883,0x0883,0x0883,0x0883,0x0883,0x0883,0x0883,0x0883,0x1146,0x08C4,0x0883,
  0x0883,0x19A7,0x08C3,0x0041,0x0041,0x0041,0x0041,0x2209,0x08A3,0x08A3,0x08A3,0x08A3,0x08A3,0x08A3,0x08A3,0x08A3,
  0x08A3,0x08A3,0x08A3,0x08A3,0x08A3,0x08A3,0x08A3,0x08A3,0x08A3,0x08A3,0x08A3,0x08A3,0x08A3,0x08A3,0x08A3,0x08A3,
  0x08A3,0x08A3,0x08A3,0x08A3,0x08A3,0x08A3,0x08A3,0x08A3,0x08A3,0x08A3,0x08A3,0x08A3,0x08A3,0x08A3,0x08A3,0x08A3,
  0x08A3,0x08A3,0x08A3,0x08A3,0x08A3,0x08A3,0x08A3,0x08A3,0x08A3,0x08A3,0x08A3,0x08A3,0x08A3,0x08A3,0x08A3,0x08A3,
  0x08A3,0x08A3,0x08A3,0x08A3,0x08A3,0x08A3,0x08A3,0x08A3,0x08A3,0x08A3,0x08A3,0x08A3,0x08A3,0x08A3,0x08A3,0x08A3,
  0x08A3,0x08A3,0x08A3,0x08A3,0x08A3,0x08A3,0x08A3,0x08A3,0x08A3,0x08A3,0x08A3,0x08A3,0x08A3,0x08A3,0x08A3,0x08A3,
  0x08A3,0x08A3,0x08A3,0x08A3,0x08A3,0x08A3,0x08A3,0x08A3,0x08A3,0x08A3,0x08A3,0x08A3,0x08A3,0x08A3,0x08A3,0x08A3,
  0x08A3,0x08A3,0x08A3,0x08A3,0x08A3,0x08A3,0x08A3,0x08A3,0x08A3,0x08A3,0x08A3,0x08A3,0x08A3,0x08A3,0x08A3,0x08A3,
  0x08A3,0x08A3,0x08A3,0x08A3,0x08A3,0x08A3,0x08A3,0x08A3,0x08A3,0x08A3,0x08A3,0x0883,0x0883,0x0883,0x0883,0x0883,
  0x0883,0x0883,0x0883,0x0883,0x0883,0x0883,0x0883,0x0883,0x0883,0x0883,0x0883,0x0883,0x0883,0x0883,0x0883,0x0883,
  0x0883,0x0883,0x0883,0x0883,0x0883,0x0883,0x19A7,0x08C3,0x0041,0x0041,0x0041,0x0041,0x0041,0x0041,0x0041,0x0041,
  0x0041,0x0041,0x0041,0x0041,0x0041,0x0041,0x0041,0x0041,0x0041,0x2209,0x08A3,0x08A3,0x08A3,0x1987,0x08A3,0x08A3,
  0x08A3,0x08A3,0x08A3,0x08A3,0x08A3,0x08A3,0x08A3,0x08A3,0x08A3,0x08A3,0x08A3,0x08A3,0x08A3,0x08A3,0x08A3,0x08A3,
  0x08A3,0x08A3,0x08A3,0x08A3,0x08A3,0x08A3,0x08A3,0x08A3,0x08A3,0x08A3,0x08A3,0x08A3,0x08A3,0x08A3,0x08A3,0x08A3,
  0x08A3,0x08A3,0x08A3,0x08A3,0x08A3,0x08A3,0x08A3,0x08A3,0x08A3,0x08A3,0x08A3,0x08A3,0x08A3,0x08A3,0x08A3,0x08A3,
  0x08A3,0x08A3,0x08A3,0x08A3,0x08A3,0x08A3,0x08A3,0x08A3,0x08A3,0x08A3,0x08A3,0x08A3,0x08A3,0x08A3,0x08A3,0x08A3,
  0x08A3,0x08A3,0x08A3,0x08A3,0x08A3,0x08A3,0x08A3,0x08A3,0x08A3,0x08A3,0x08A3,0x08A3,0x08A3,0x08A3,0x08A3,0x08A3,
  0x08A3,0x08A3,0x08A3,0x08A3,0x08A3,0x08A3,0x08A3,0x08A3,0x08A3,0x08A3,0x08A3,0x0883,0x0883,0x0883,0x0883,0x0883,
  0x0883,0x0883,0x0883,0x0883,0x0883,0x0883,0x0883,0x0883,0x0883,0x0883,0x0883,0x0883,0x0883,0x0883,0x0883,0x0883,
  0x0883,0x0883,0x0883,0x0883,0x0883,0x0883,0x0883,0x0883,0x0883,0x0883,0x0883,0x0883,0x0883,0x1146,0x08C4,0x0883,
  0x0883,0x19A7,0x08C3,0x0041,0x0041,0x0041,0x0041,0x2209,0x08A3,0x08A3,0x08A3,0x08A3,0x08A3,0x08A3,0x08A3,0x08A3,
  0x08A3,0x08A3,0x08A3,0x08A3,0x08A3,0x08A3,0x08A3,0x08A3,0x08A3,0x08A3,0x08A3,0x08A3,0x08A3,0x08A3,0x08A3,0x08A3,
  0x08A3,0x08A3,0x08A3,0x08A3,0x08A3,0x08A3,0x08A3,0x08A3,0x08A3,0x08A3,0x08A3,0x08A3,0x08A3,0x08A3,0x08A3,0x08A3,
  0x08A3,0x08A3,0x08A3,0x08A3,0x08A3,0x08A3,0x08A3,0x08A3,0x08A3,0x08A3,0x08A3,0x08A3,0x08A3,0x08A3,0x08A3,0x08A3,
  0x08A3,0x08A3,0x08A3,0x08A3,0x08A3,0x08A3,0x08A3,0x08A3,0x08A3,0x08A3,0x08A3,0x08A3,0x08A3,0x08A3,0x08A3,0x08A3,
  0x08A3,0x08A3,0x08A3,0x08A3,0x08A3,0x08A3,0x08A3,0x08A3,0x08A3,0x08A3,0x08A3,0x08A3,0x08A3,0x08A3,0x08A3,0x08A3,
  0x08A3,0x08A3,0x08A3,0x08A3,0x08A3,0x08A3,0x08A3,0x08A3,0x08A3,0x08A3,0x08A3,0x08A3,0x08A3,0x08A3,0x08A3,0x08A3,
  0x08A3,0x08A3,0x08A3,0x08A3,0x08A3,0x08A3,0x08A3,0x08A3,0x08A3,0x08A3,0x08A3,0x08A3,0x08A3,0x08A3,0x08A3,0x08A3,
  0x08A3,0x08A3,0x08A3,0x08A3,0x08A3,0x08A3,0x08A3,0x08A3,0x08A3,0x0883,0x0883,0x0883,0x0883,0x0883,0x0883,0x0883,
  0x0883,0x0883,0x0883,0x0883,0x0883,0x0883,0x0883,0x0883,0x0883,0x0883,0x0883,0x0883,0x0883,0x0883,0x0883,0x0883,
  0x0883,0x0883,0x0883,0x0883,0x0883,0x0883,0x19A7,0x08C3,0x0041,0x0041,0x0041,0x0041,0x0041,0x0041,0x0041,0x0041,
  0x0041,0x0041,0x0041,0x0041,0x0041,0x0041,0x0041,0x0041,0x0041,0x2209,0x08A3,0x08A3,0x08A3,0x1987,0x08A3,0x08A3,
  0x08A3,0x08A3,0x08A3,0x08A3,0x08A3,0x08A3,0x08A3,0x08A3,0x08A3,0x08A3,0x08A3,0x08A3,0x08A3,0x08A3,0x08A3,0x08A3,
  0x08A3,0x08A3,0x08A3,0x08A3,0x08A3,0x08A3,0x08A3,0x08A3,0x08A3,0x08A3,0x08A3,0x08A3,0x08A3,0x08A3,0x08A3,0x08A3,
  0x08A3,0x08A3,0x08A3,0x08A3,0x08A3,0x08A3,0x08A3,0x08A3,0x08A3,0x08A3,0x08A3,0x08A3,0x08A3,0x08A3,0x08A3,0x08A3,
  0x08A3,0x08A3,0x08A3,0x08A3,0x08A3,0x08A3,0x08A3,0x08A3,0x08A3,0x08A3,0x08A3,0x08A3,0x08A3,0x08A3,0x08A3,0x08A3,
  0x08A3,0x08A3,0x08A3,0x08A3,0x08A3,0x08A3,0x08A3,0x08A3,0x08A3,0x08A3,0x08A3,0x08A3,0x08A3,0x08A3,0x08A3,0x08A3,
  0x08A3,0x08A3,0x08A3,0x08A3,0x08A3,0x08A3,0x08A3,0x08A3,0x08A3,0x08A3,0x0883,0x0883,0x0883,0x0883,0x0883,0x0883,
  0x0883,0x0883,0x0883,0x0883,0x0883,0x0883,0x0883,0x0883,0x0883,0x0883,0x0883,0x0883,0x0883,0x0883,0x0883,0x0883,
  0x0883,0x0883,0x0883,0x0883,0x0883,0x0883,0x0883,0x0883,0x0883,0x0883,0x0883,0x0883,0x0883,0x1146,0x08C4,0x0883,
  0x0883,0x19A7,0x08C3,0x0041,0x0041,0x0041,0x0041,0x2209,0x08A3,0x08A3,0x08A3,0x08A3,0x08A3,0x08A3,0x08A3,0x10C4,
  0x8493,0x5B6E,0x6BD0,0x5B4E,0x08A3,0x10C3,0x8493,0x10C3,0x10C3,0x8493,0x428B,0x530C,0x08A3,0x4AEC,0x42AB,0x08A3,
  0x530D,0x63AF,0x6BF0,0x428B,0x08A3,0x10C3,0x8493,0x2186,0x6C11,0x5B6E,0x6BF0,0x1945,0x08A3,0x08A3,0x3A49,0x7C93,
  0x1104,0x08C3,0x8493,0x08C3,0x08A3,0x08A3,0x08A3,0x08A3,0x08A3,0x08A3,0x08A3,0x530D,0x1945,0x08A3,0x08A3,0x08C3,
  0x8493,0x08C3,0x8493,0x4AEC,0x08C3,0x8493,0x08C3,0x08A3,0x08A3,0x08A3,0x08C3,0x8493,0x08C3,0x08C3,0x8493,0x530D,
  0x63AF,0x6BF0,0x428B,0x08A3,0x08C3,0x8493,0x5B4E,0x5B4E,0x3229,0x08A3,0x08A3,0x08A3,0x08A3,0x08A3,0x08A3,0x08A3,
  0x08A3,0x08A3,0x08A3,0x08A3,0x08A3,0x08A3,0x08A3,0x08A3,0x08A3,0x08A3,0x08A3,0x08A3,0x08A3,0x08A3,0x08A3,0x08A3,
  0x08A3,0x08A3,0x08A3,0x08A3,0x08A3,0x08A3,0x08A3,0x08A3,0x08A3,0x08A3,0x08A3,0x08A3,0x08A3,0x08A3,0x08A3,0x08A3,
  0x08A3,0x08A3,0x08A3,0x08A3,0x08A3,0x08A3,0x08A3,0x0883,0x0883,0x0883,0x0883,0x0883,0x0883,0x0883,0x0883,0x0883,
  0x0883,0x0883,0x0883,0x0883,0x0883,0x0883,0x0883,0x0883,0x0883,0x0883,0x0883,0x0883,0x0883,0x0883,0x0883,0x0883,
  0x0883,0x0883,0x0883,0x0883,0x0883,0x0883,0x19A7,0x08C3,0x0041,0x0041,0x0041,0x0041,0x0041,0x0041,0x0041,0x0041,
  0x0041,0x0041,0x0041,0x0041,0x0041,0x0041,0x0041,0x0041,0x0041,0x2209,0x08A3,0x08A3,0x08A3,0x1987,0x08A3,0x08A3,
  0x08A3,0x08A3,0x08A3,0x08A3,0x08A3,0x08A3,0x08A3,0x08A3,0x08A3,0x08A3,0x08A3,0x08A3,0x08A3,0x08A3,0x08A3,0x08A3,
  0x08A3,0x08A3,0x08A3,0x08A3,0x08A3,0x08A3,0x08A3,0x08A3,0x08A3,0x08A3,0x08A3,0x08A3,0x08A3,0x08A3,0x08A3,0x08A3,
  0x08A3,0x08A3,0x08A3,0x08A3,0x08A3,0x08A3,0x08A3,0x08A3,0x08A3,0x08A3,0x08A3,0x08A3,0x08A3,0x08A3,0x08A3,0x08A3,
  0x08A3,0x08A3,0x08A3,0x08A3,0x08A3,0x08A3,0x08A3,0x08A3,0x08A3,0x08A3,0x08A3,0x08A3,0x08A3,0x08A3,0x08A3,0x08A3,
  0x08A3,0x08A3,0x08A3,0x08A3,0x08A3,0x08A3,0x08A3,0x08A3,0x08A3,0x08A3,0x08A3,0x08A3,0x08A3,0x08A3,0x08A3,0x08A3,
  0x08A3,0x08A3,0x08A3,0x08A3,0x08A3,0x08A3,0x08A3,0x08A3,0x08A3,0x0883,0x0883,0x0883,0x0883,0x0883,0x0883,0x0883,
  0x0883,0x0883,0x0883,0x0883,0x0883,0x0883,0x0883,0x0883,0x0883,0x0883,0x0883,0x0883,0x0883,0x0883,0x0883,0x0883,
  0x0883,0x0883,0x0883,0x0883,0x0883,0x0883,0x0883,0x0883,0x0883,0x0883,0x0883,0x0883,0x0883,0x1146,0x08C4,0x0883,
  0x0883,0x19A7,0x08C3,0x0041,0x0041,0x0041,0x0041,0x2209,0x08A3,0x08A3,0x08A3,0x08A3,0x08A3,0x08A3,0x08A3,0x10C4,
  0x8493,0x10C4,0x1925,0x7C93,0x08A3,0x10C3,0x8493,0x10C3,0x10C3,0x8493,0x10C4,0x7411,0x3208,0x7411,0x10C4,0x08A3,
  0x7C93,0x29A7,0x1104,0x4ACC,0x08A3,0x10C3,0x8493,0x6BF0,0x29C7,0x08A3,0x3209,0x426A,0x08A3,0x08A3,0x5B6E,0x42AB,
  0x3A4A,0x08C3,0x8493,0x08C3,0x08A3,0x08A3,0x08A3,0x08A3,0x08A3,0x08A3,0x08A3,0x63AF,0x08A3,0x08A3,0x08A3,0x08C3,
  0x8493,0x08C3,0x8493,0x6C11,0x1104,0x8493,0x08C3,0x08A3,0x08A3,0x08A3,0x08C3,0x8493,0x08C3,0x08C3,0x8493,0x7C93,
  0x2187,0x10E4,0x4ACC,0x08A3,0x08C3,0x8493,0x08C3,0x08A3,0x08A3,0x08A3,0x08A3,0x08A3,0x08A3,0x08A3,0x08A3,0x08A3,
  0x08A3,0x08A3,0x08A3,0x08A3,0x08A3,0x08A3,0x08A3,0x08A3,0x08A3,0x08A3,0x08A3,0x08A3,0x08A3,0x08A3,0x08A3,0x08A3,
  0x08A3,0x08A3,0x08A3,0x08A3,0x08A3,0x08A3,0x08A3,0x08A3,0x08A3,0x08A3,0x08A3,0x08A3,0x08A3,0x08A3,0x08A3,0x08A3,
  0x08A3,0x08A3,0x08A3,0x08A3,0x08A3,0x0883,0x0883,0x0883,0x0883,0x0883,0x0883,0x0883,0x0883,0x0883,0x0883,0x0883,
  0x0883,0x0883,0x0883,0x0883,0x0883,0x0883,0x0883,0x0883,0x0883,0x0883,0x0883,0x0883,0x0883,0x0883,0x0883,0x0883,
  0x0883,0x0883,0x0883,0x0883,0x0883,0x0883,0x19A7,0x08C3,0x0041,0x0041,0x0041,0x0041,0x0041,0x0041,0x0041,0x0041,
  0x0041,0x0041,0x0041,0x0041,0x0041,0x0041,0x0041,0x0041,0x0041,0x2209,0x08A3,0x08A3,0x08A3,0x1987,0x08A3,0x08A3,
  0x08A3,0x08A3,0x08A3,0x08A3,0x08A3,0x08A3,0x08A3,0x08A3,0x08A3,0x08A3,0x08A3,0x08A3,0x08A3,0x08A3,0x08A3,0x08A3,
  0x08A3,0x08A3,0x08A3,0x08A3,0x08A3,0x08A3,0x08A3,0x08A3,0x08A3,0x08A3,0x08A3,0x08A3,0x08A3,0x08A3,0x08A3,0x08A3,
  0x08A3,0x08A3,0x08A3,0x08A3,0x08A3,0x08A3,0x08A3,0x08A3,0x08A3,0x08A3,0x08A3,0x08A3,0x08A3,0x08A3,0x08A3,0x08A3,
  0x08A3,0x08A3,0x08A3,0x08A3,0x08A3,0x08A3,0x08A3,0x08A3,0x08A3,0x08A3,0x08A3,0x08A3,0x08A3,0x08A3,0x08A3,0x08A3,
  0x08A3,0x08A3,0x08A3,0x08A3,0x08A3,0x08A3,0x08A3,0x08A3,0x08A3,0x08A3,0x08A3,0x08A3,0x08A3,0x08A3,0x08A3,0x08A3,
  0x08A3,0x08A3,0x08A3,0x08A3,0x08A3,0x08A3,0x08A3,0x08A3,0x08A3,0x0883,0x0883,0x0883,0x0883,0x0883,0x0883,0x0883,
  0x0883,0x0883,0x0883,0x0883,0x0883,0x0883,0x0883,0x0883,0x0883,0x0883,0x0883,0x0883,0x0883,0x0883,0x0883,0x0883,
  0x0883,0x0883,0x0883,0x0883,0x0883,0x0883,0x0883,0x0883,0x0883,0x0883,0x0883,0x0883,0x0883,0x1146,0x08C4,0x0883,
  0x0883,0x19A7,0x08C3,0x0041,0x0041,0x0041,0x0041,0x2209,0x08A3,0x08A3,0x08A3,0x08A3,0x08A3,0x08A3,0x08A3,0x10C4,
  0x8493,0x6BF0,0x6BF0,0x3A4A,0x08A3,0x10C3,0x8493,0x6C11,0x6C11,0x8493,0x08A3,0x3209,0x8493,0x3209,0x08A3,0x08A3,
  0x29E8,0x638F,0x7411,0x3A29,0x08A3,0x10C3,0x8493,0x7C93,0x10E4,0x08A3,0x08A3,0x08A3,0x08A3,0x1104,0x7C52,0x6BF0,
  0x638F,0x08C3,0x8493,0x08C3,0x08A3,0x08A3,0x08A3,0x08A3,0x08A3,0x08A3,0x29A7,0x4ACB,0x08A3,0x08A3,0x08A3,0x08C3,
  0x8493,0x08C3,0x8493,0x428B,0x428B,0x8493,0x08C3,0x08A3,0x08A3,0x08A3,0x08C3,0x8493,0x08C3,0x08C3,0x8493,0x29E8,
  0x638F,0x7411,0x3A29,0x08A3,0x08C3,0x8493,0x6BF0,0x6BF0,0x29C7,0x08A3,0x08A3,0x08A3,0x08A3,0x08A3,0x08A3,0x08A3,
  0x08A3,0x08A3,0x08A3,0x08A3,0x08A3,0x08A3,0x08A3,0x08A3,0x08A3,0x08A3,0x08A3,0x08A3,0x08A3,0x08A3,0x08A3,0x08A3,
  0x08A3,0x08A3,0x08A3,0x08A3,0x08A3,0x08A3,0x08A3,0x08A3,0x08A3,0x08A3,0x08A3,0x08A3,0x08A3,0x08A3,0x08A3,0x08A3,
  0x08A3,0x08A3,0x08A3,0x0883,0x0883,0x0883,0x0883,0x0883,0x0883,0x0883,0x0883,0x0883,0x0883,0x0883,0x0883,0x0883,
  0x0883,0x0883,0x0883,0x0883,0x0883,0x0883,0x0883,0x0883,0x0883,0x0883,0x0883,0x0883,0x0883,0x0883,0x0883,0x0883,
  0x0883,0x0883,0x0883,0x0883,0x0883,0x0883,0x19A7,0x08C3,0x0041,0x0041,0x0041,0x0041,0x0041,0x0041,0x0041,0x0041,
  0x0041,0x0041,0x0041,0x0041,0x0041,0x0041,0x0041,0x0041,0x0041,0x2209,0x08A3,0x08A3,0x08A3,0x1987,0x08A3,0x08A3,
  0x08A3,0x08A3,0x08A3,0x08A3,0x08A3,0x08A3,0x08A3,0x08A3,0x08A3,0x08A3,0x08A3,0x08A3,0x08A3,0x08A3,0x08A3,0x08A3,
  0x08A3,0x08A3,0x08A3,0x08A3,0x08A3,0x08A3,0x08A3,0x08A3,0x08A3,0x08A3,0x08A3,0x08A3,0x08A3,0x08A3,0x08A3,0x08A3,
  0x08A3,0x08A3,0x08A3,0x08A3,0x08A3,0x08A3,0x08A3,0x08A3,0x08A3,0x08A3,0x08A3,0x08A3,0x08A3,0x08A3,0x08A3,0x08A3,
  0x08A3,0x08A3,0x08A3,0x08A3,0x08A3,0x08A3,0x08A3,0x08A3,0x08A3,0x08A3,0x08A3,0x08A3,0x08A3,0x08A3,0x08A3,0x08A3,
  0x08A3,0x08A3,0x08A3,0x08A3,0x08A3,0x08A3,0x08A3,0x08A3,0x08A3,0x08A3,0x08A3,0x08A3,0x08A3,0x08A3,0x08A3,0x08A3,
  0x08A3,0x08A3,0x08A3,0x08A3,0x08A3,0x08A3,0x08A3,0x08A3,0x0883,0x0883,0x0883,0x0883,0x0883,0x0883,0x0883,0x0883,
  0x0883,0x0883,0x0883,0x0883,0x0883,0x0883,0x0883,0x0883,0x0883,0x0883,0x0883,0x0883,0x0883,0x0883,0x0883,0x0883,
  0x0883,0x0883,0x0883,0x0883,0x0883,0x0883,0x0883,0x0883,0x0883,0x0883,0x0883,0x0883,0x0883,0x1146,0x08C4,0x0883,
  0x0883,0x19A7,0x08C3,0x0041,0x0041,0x0041,0x0041,0x2209,0x08A3,0x08A3,0x08A3,0x08A3,0x08A3,0x08A3,0x08A3,0x10C3,
  0x8493,0x10C3,0x08A3,0x08A3,0x08A3,0x10C3,0x8493,0x10C3,0x10C3,0x8493,0x08A3,0x10C3,0x8493,0x10C3,0x08A3,0x1925,
  0x4ACC,0x08A3,0x1945,0x7C73,0x08A3,0x08C3,0x8493,0x7411,0x29A7,0x08A3,0x3A29,0x3A6A,0x08A3,0x3A6A,0x3A29,0x08A3,
  0x63AF,0x1925,0x8493,0x08C3,0x08A3,0x08A3,0x08A3,0x08A3,0x08A3,0x08A3,0x4AEC,0x2186,0x08A3,0x08A3,0x08A3,0x08C3,
  0x8493,0x08C3,0x8493,0x1104,0x6C11,0x8493,0x08C3,0x08A3,0x08A3,0x08A3,0x08A3,0x7C93,0x10E4,0x1104,0x7C93,0x4ACC,
  0x08A3,0x1945,0x7C73,0x08A3,0x08C3,0x8493,0x08C3,0x08A3,0x08A3,0x08A3,0x08A3,0x08A3,0x08A3,0x08A3,0x08A3,0x08A3,
  0x08A3,0x08A3,0x08A3,0x08A3,0x08A3,0x08A3,0x08A3,0x08A3,0x08A3,0x08A3,0x08A3,0x08A3,0x08A3,0x08A3,0x08A3,0x08A3,
  0x08A3,0x08A3,0x08A3,0x08A3,0x08A3,0x08A3,0x08A3,0x08A3,0x08A3,0x08A3,0x08A3,0x08A3,0x08A3,0x08A3,0x08A3,0x08A3,
  0x08A3,0x0883,0x0883,0x0883,0x0883,0x0883,0x0883,0x0883,0x0883,0x0883,0x0883,0x0883,0x0883,0x0883,0x0883,0x0883,
  0x0883,0x0883,0x0883,0x0883,0x0883,0x0883,0x0883,0x0883,0x0883,0x0883,0x0883,0x0883,0x0883,0x0883,0x0883,0x0883,
  0x0883,0x0883,0x0883,0x0883,0x0883,0x0883,0x19A7,0x08C3,0x0041,0x0041,0x0041,0x0041,0x0041,0x0041,0x0041,0x0041,
  0x0041,0x0041,0x0041,0x0041,0x0041,0x0041,0x0041,0x0041,0x0041,0x2209,0x08A3,0x08A3,0x08A3,0x1987,0x08A3,0x08A3,
  0x08A3,0x08A3,0x08A3,0x08A3,0x08A3,0x08A3,0x08A3,0x08A3,0x08A3,0x08A3,0x08A3,0x08A3,0x08A3,0x08A3,0x08A3,0x08A3,
  0x08A3,0x08A3,0x08A3,0x08A3,0x08A3,0x08A3,0x08A3,0x08A3,0x08A3,0x08A3,0x08A3,0x08A3,0x08A3,0x08A3,0x08A3,0x08A3,
  0x08A3,0x08A3,0x08A3,0x08A3,0x08A3,0x08A3,0x08A3,0x08A3,0x08A3,0x08A3,0x08A3,0x08A3,0x08A3,0x08A3,0x08A3,0x08A3,
  0x08A3,0x08A3,0x08A3,0x08A3,0x08A3,0x08A3,0x08A3,0x08A3,0x08A3,0x08A3,0x08A3,0x08A3,0x08A3,0x08A3,0x08A3,0x08A3,
  0x08A3,0x08A3,0x08A3,0x08A3,0x08A3,0x08A3,0x08A3,0x08A3,0x08A3,0x08A3,0x08A3,0x08A3,0x08A3,0x08A3,0x08A3,0x08A3,
  0x08A3,0x08A3,0x08A3,0x08A3,0x08A3,0x08A3,0x08A3,0x0883,0x0883,0x0883,0x0883,0x0883,0x0883,0x0883,0x0883,0x0883,
  0x0883,0x0883,0x0883,0x0883,0x0883,0x0883,0x0883,0x0883,0x0883,0x0883,0x0883,0x0883,0x0883,0x0883,0x0883,0x0883,
  0x0883,0x0883,0x0883,0x0883,0x0883,0x0883,0x0883,0x0883,0x0883,0x0883,0x0883,0x0883,0x0883,0x1146,0x08C4,0x0883,
  0x0883,0x19A7,0x08C3,0x0041,0x0041,0x0041,0x0041,0x2209,0x08A3,0x08A3,0x08A3,0x08A3,0x08A3,0x08A3,0x08A3,0x10C3,
  0x8493,0x10C3,0x08A3,0x08A3,0x08A3,0x10C3,0x8493,0x10C3,0x10C3,0x8493,0x08A3,0x10C3,0x8493,0x10C3,0x08A3,0x08C3,
  0x5B6E,0x63AF,0x63D0,0x530D,0x08A3,0x08C3,0x8493,0x29C8,0x7431,0x5B6E,0x6BD0,0x1925,0x08A3,0x63D0,0x1925,0x08A3,
  0x4ACB,0x3A4A,0x8493,0x5B4E,0x5B4E,0x3A4A,0x08A3,0x08A3,0x08A3,0x08A3,0x63AF,0x08A3,0x08A3,0x08A3,0x08A3,0x08C3,
  0x8493,0x08C3,0x8493,0x08C3,0x4AEC,0x8493,0x08C3,0x08A3,0x08A3,0x08A3,0x08A3,0x4AEC,0x6BD0,0x6BF0,0x4AEC,0x5B6E,
  0x63AF,0x63D0,0x530D,0x08A3,0x08C3,0x8493,0x5B4E,0x5B4E,0x3A4A,0x08A3,0x08A3,0x08A3,0x08A3,0x08A3,0x08A3,0x08A3,
  0x08A3,0x08A3,0x08A3,0x08A3,0x08A3,0x08A3,0x08A3,0x08A3,0x08A3,0x08A3,0x08A3,0x08A3,0x08A3,0x08A3,0x08A3,0x08A3,
  0x08A3,0x08A3,0x08A3,0x08A3,0x08A3,0x08A3,0x08A3,0x08A3,0x08A3,0x08A3,0x08A3,0x08A3,0x08A3,0x08A3,0x08A3,0x0883,
  0x0883,0x0883,0x0883,0x0883,0x0883,0x0883,0x0883,0x0883,0x0883,0x0883,0x0883,0x0883,0x0883,0x0883,0x0883,0x0883,
  0x0883,0x0883,0x0883,0x0883,0x0883,0x0883,0x0883,0x0883,0x0883,0x0883,0x0883,0x0883,0x0883,0x0883,0x0883,0x0883,
  0x0883,0x0883,0x0883,0x0883,0x0883,0x0882,0x19A7,0x08C3,0x0041,0x0041,0x0041,0x0041,0x0041,0x0041,0x0041,0x0041,
  0x0041,0x0041,0x0041,0x0041,0x0041,0x0041,0x0041,0x0041,0x0041,0x2209,0x08A3,0x08A3,0x08A3,0x1987,0x08A3,0x08A3,
  0x08A3,0x08A3,0x08A3,0x08A3,0x08A3,0x08A3,0x08A3,0x08A3,0x08A3,0x08A3,0x08A3,0x08A3,0x08A3,0x08A3,0x08A3,0x08A3,
  0x08A3,0x08A3,0x08A3,0x08A3,0x08A3,0x08A3,0x08A3,0x08A3,0x08A3,0x08A3,0x08A3,0x08A3,0x08A3,0x08A3,0x08A3,0x08A3,
  0x08A3,0x08A3,0x08A3,0x08A3,0x08A3,0x08A3,0x08A3,0x08A3,0x08A3,0x08A3,0x08A3,0x08A3,0x08A3,0x08A3,0x08A3,0x08A3,
  0x08A3,0x08A3,0x08A3,0x08A3,0x08A3,0x08A3,0x08A3,0x08A3,0x08A3,0x08A3,0x08A3,0x08A3,0x08A3,0x08A3,0x08A3,0x08A3,
  0x08A3,0x08A3,0x08A3,0x08A3,0x08A3,0x08A3,0x08A3,0x08A3,0x08A3,0x08A3,0x08A3,0x08A3,0x08A3,0x08A3,0x08A3,0x08A3,
  0x08A3,0x08A3,0x08A3,0x08A3,0x08A3,0x08A3,0x0883,0x0883,0x0883,0x0883,0x0883,0x0883,0x0883,0x0883,0x0883,0x0883,
  0x0883,0x0883,0x0883,0x0883,0x0883,0x0883,0x0883,0x0883,0x0883,0x0883,0x0883,0x0883,0x0883,0x0883,0x0883,0x0883,
  0x0883,0x0883,0x0883,0x0883,0x0883,0x0883,0x0883,0x0883,0x0883,0x0883,0x0883,0x0883,0x0883,0x1146,0x08C4,0x0883,
  0x0883,0x19A7,0x08C3,0x0041,0x0041,0x0041,0x0041,0x2209,0x08A3,0x08A3,0x08A3,0x08A3,0x08A3,0x08A3,0x08A3,0x08A3,
  0x1945,0x08A3,0x08A3,0x08A3,0x08A3,0x08A3,0x1945,0x08A3,0x08A3,0x1945,0x08A3,0x08A3,0x1945,0x08A3,0x08A3,0x08A3,
  0x08A3,0x1105,0x1104,0x08A3,0x08A3,0x08A3,0x1945,0x08A3,0x08C3,0x1925,0x08A3,0x08A3,0x08A3,0x1925,0x08A3,0x08A3,
  0x10C4,0x10E4,0x1945,0x1945,0x1945,0x1104,0x08A3,0x08A3,0x08A3,0x10E4,0x3A49,0x08A3,0x08A3,0x08A3,0x08A3,0x08A3,
  0x1925,0x08A3,0x1925,0x08A3,0x10C3,0x1945,0x08A3,0x08A3,0x08A3,0x08A3,0x08A3,0x08A3,0x1104,0x1104,0x08A3,0x08A3,
  0x1104,0x1104,0x08A3,0x08A3,0x08A3,0x1945,0x1945,0x1945,0x10E4,0x08A3,0x08A3,0x08A3,0x08A3,0x08A3,0x08A3,0x08A3,
  0x08A3,0x08A3,0x08A3,0x08A3,0x08A3,0x08A3,0x08A3,0x08A3,0x08A3,0x08A3,0x08A3,0x08A3,0x08A3,0x08A3,0x08A3,0x08A3,
  0x08A3,0x08A3,0x08A3,0x08A3,0x08A3,0x08A3,0x08A3,0x08A3,0x08A3,0x08A3,0x08A3,0x08A3,0x08A3,0x0883,0x0883,0x0883,
  0x0883,0x0883,0x0883,0x0883,0x0883,0x0883,0x0883,0x0883,0x0883,0x0883,0x0883,0x0883,0x0883,0x0883,0x0883,0x0883,
  0x0883,0x0883,0x0883,0x0883,0x0883,0x0883,0x0883,0x0883,0x0883,0x0883,0x0883,0x0883,0x0883,0x0883,0x0883,0x0883,
  0x0883,0x0883,0x0883,0x0882,0x0882,0x0882,0x19A7,0x08C3,0x0041,0x0041,0x0041,0x0041,0x0041,0x0041,0x0041,0x0041,
  0x0041,0x0041,0x0041,0x0041,0x0041,0x0041,0x0041,0x0041,0x0041,0x2209,0x08A3,0x08A3,0x08A3,0x1987,0x08A3,0x08A3,
  0x08A3,0x08A3,0x08A3,0x08A3,0x08A3,0x08A3,0x08A3,0x08A3,0x08A3,0x08A3,0x08A3,0x08A3,0x08A3,0x08A3,0x08A3,0x08A3,
  0x08A3,0x08A3,0x08A3,0x08A3,0x08A3,0x08A3,0x08A3,0x08A3,0x08A3,0x08A3,0x08A3,0x08A3,0x08A3,0x08A3,0x08A3,0x08A3,
  0x08A3,0x08A3,0x08A3,0x08A3,0x08A3,0x08A3,0x08A3,0x08A3,0x08A3,0x08A3,0x08A3,0x08A3,0x08A3,0x08A3,0x08A3,0x08A3,
  0x08A3,0x08A3,0x08A3,0x08A3,0x08A3,0x08A3,0x08A3,0x08A3,0x08A3,0x08A3,0x08A3,0x08A3,0x08A3,0x08A3,0x08A3,0x08A3,
  0x08A3,0x08A3,0x08A3,0x08A3,0x08A3,0x08A3,0x08A3,0x08A3,0x08A3,0x08A3,0x08A3,0x08A3,0x08A3,0x08A3,0x08A3,0x08A3,
  0x08A3,0x08A3,0x08A3,0x08A3,0x08A3,0x0883,0x0883,0x0883,0x0883,0x0883,0x0883,0x0883,0x0883,0x0883,0x0883,0x0883,
  0x0883,0x0883,0x0883,0x0883,0x0883,0x0883,0x0883,0x0883,0x0883,0x0883,0x0883,0x0883,0x0883,0x0883,0x0883,0x0883,
  0x0883,0x0883,0x0883,0x0883,0x0883,0x0883,0x0883,0x0883,0x0883,0x0883,0x0883,0x0883,0x0883,0x1146,0x08C4,0x0883,
  0x0882,0x19A7,0x08C3,0x0041,0x0041,0x0041,0x0041,0x2209,0x08A3,0x08A3,0x08A3,0x08A3,0x08A3,0x08A3,0x08A3,0x08A3,
  0x08A3,0x08A3,0x08A3,0x08A3,0x08A3,0x08A3,0x08A3,0x08A3,0x08A3,0x08A3,0x08A3,0x08A3,0x08A3,0x08A3,0x08A3,0x08A3,
  0x08A3,0x08A3,0x08A3,0x08A3,0x08A3,0x08A3,0x08A3,0x08A3,0x08A3,0x08A3,0x08A3,0x08A3,0x08A3,0x08A3,0x08A3,0x08A3,
  0x08A3,0x08A3,0x08A3,0x08A3,0x08A3,0x08A3,0x08A3,0x08A3,0x08A3,0x08A3,0x08A3,0x08A3,0x08A3,0x08A3,0x08A3,0x08A3,
  0x08A3,0x08A3,0x08A3,0x08A3,0x08A3,0x08A3,0x08A3,0x08A3,0x08A3,0x08A3,0x08A3,0x08A3,0x08A3,0x08A3,0x08A3,0x08A3,
  0x08A3,0x08A3,0x08A3,0x08A3,0x08A3,0x08A3,0x08A3,0x08A3,0x08A3,0x08A3,0x08A3,0x08A3,0x08A3,0x08A3,0x08A3,0x08A3,
  0x08A3,0x08A3,0x08A3,0x08A3,0x08A3,0x08A3,0x08A3,0x08A3,0x08A3,0x08A3,0x08A3,0x08A3,0x08A3,0x08A3,0x08A3,0x08A3,
  0x08A3,0x08A3,0x08A3,0x08A3,0x08A3,0x08A3,0x08A3,0x08A3,0x08A3,0x08A3,0x0883,0x0883,0x0883,0x0883,0x0883,0x0883,
  0x0883,0x0883,0x0883,0x0883,0x0883,0x0883,0x0883,0x0883,0x0883,0x0883,0x0883,0x0883,0x0883,0x0883,0x0883,0x0883,
  0x0883,0x0883,0x0883,0x0883,0x0883,0x0883,0x0883,0x0883,0x0883,0x0883,0x0883,0x0883,0x0883,0x0883,0x0883,0x0883,
  0x0883,0x0882,0x0882,0x0882,0x0882,0x0882,0x19A7,0x08C3,0x0041,0x0041,0x0041,0x0041,0x0041,0x0041,0x0041,0x0041,
  0x0041,0x0041,0x0041,0x0041,0x0041,0x0041,0x0041,0x0041,0x0041,0x2209,0x08A3,0x08A3,0x08A3,0x1987,0x08A3,0x08A3,
  0x08A3,0x08A3,0x08A3,0x08A3,0x08A3,0x08A3,0x08A3,0x08A3,0x08A3,0x08A3,0x08A3,0x08A3,0x08A3,0x08A3,0x08A3,0x08A3,
  0x08A3,0x08A3,0x08A3,0x08A3,0x08A3,0x08A3,0x08A3,0x08A3,0x08A3,0x08A3,0x08A3,0x08A3,0x08A3,0x08A3,0x08A3,0x08A3,
  0x08A3,0x08A3,0x08A3,0x08A3,0x08A3,0x08A3,0x08A3,0x08A3,0x08A3,0x08A3,0x08A3,0x08A3,0x08A3,0x08A3,0x08A3,0x08A3,
  0x08A3,0x08A3,0x08A3,0x08A3,0x08A3,0x08A3,0x08A3,0x08A3,0x08A3,0x08A3,0x08A3,0x08A3,0x08A3,0x08A3,0x08A3,0x08A3,
  0x08A3,0x08A3,0x08A3,0x08A3,0x08A3,0x08A3,0x08A3,0x08A3,0x08A3,0x08A3,0x08A3,0x08A3,0x08A3,0x08A3,0x08A3,0x08A3,
  0x08A3,0x08A3,0x08A3,0x08A3,0x0883,0x0883,0x0883,0x0883,0x0883,0x0883,0x0883,0x0883,0x0883,0x0883,0x0883,0x0883,
  0x0883,0x0883,0x0883,0x0883,0x0883,0x0883,0x0883,0x0883,0x0883,0x0883,0x0883,0x0883,0x0883,0x0883,0x0883,0x0883,
  0x0883,0x0883,0x0883,0x0883,0x0883,0x0883,0x0883,0x0883,0x0883,0x0883,0x0883,0x0883,0x0883,0x1146,0x08C4,0x0882,
  0x0882,0x19A7,0x08C3,0x0041,0x0041,0x0041,0x0041,0x2209,0x08A3,0x08A3,0x08A3,0x08A3,0x08A3,0x08A3,0x08A3,0x08A3,
  0x08A3,0x08A3,0x08A3,0x08A3,0x08A3,0x08A3,0x08A3,0x08A3,0x08A3,0x08A3,0x08A3,0x08A3,0x08A3,0x08A3,0x08A3,0x08A3,
  0x08A3,0x08A3,0x08A3,0x08A3,0x08A3,0x08A3,0x08A3,0x08A3,0x08A3,0x08A3,0x08A3,0x08A3,0x08A3,0x08A3,0x08A3,0x08A3,
  0x08A3,0x08A3,0x08A3,0x08A3,0x08A3,0x08A3,0x08A3,0x08A3,0x08A3,0x08A3,0x08A3,0x08A3,0x08A3,0x08A3,0x08A3,0x08A3,
  0x08A3,0x08A3,0x08A3,0x08A3,0x08A3,0x08A3,0x08A3,0x08A3,0x08A3,0x08A3,0x08A3,0x08A3,0x08A3,0x08A3,0x08A3,0x08A3,
  0x08A3,0x08A3,0x08A3,0x08A3,0x08A3,0x08A3,0x08A3,0x08A3,0x08A3,0x08A3,0x08A3,0x08A3,0x08A3,0x08A3,0x08A3,0x08A3,
  0x08A3,0x08A3,0x08A3,0x08A3,0x08A3,0x08A3,0x08A3,0x08A3,0x08A3,0x08A3,0x08A3,0x08A3,0x08A3,0x08A3,0x08A3,0x08A3,
  0x08A3,0x08A3,0x08A3,0x08A3,0x08A3,0x08A3,0x08A3,0x08A3,0x0883,0x0883,0x0883,0x0883,0x0883,0x0883,0x0883,0x0883,
  0x0883,0x0883,0x0883,0x0883,0x0883,0x0883,0x0883,0x0883,0x0883,0x0883,0x0883,0x0883,0x0883,0x0883,0x0883,0x0883,
  0x0883,0x0883,0x0883,0x0883,0x0883,0x0883,0x0883,0x0883,0x0883,0x0883,0x0883,0x0883,0x0883,0x0883,0x0882,0x0882,
  0x0882,0x0882,0x0882,0x0882,0x0882,0x0882,0x19A7,0x08C3,0x0041,0x0041,0x0041,0x0041,0x0041,0x0041,0x0041,0x0041,
  0x0041,0x0041,0x0041,0x0041,0x0041,0x0041,0x0041,0x0041,0x0041,0x2209,0x08A3,0x08A3,0x08A3,0x1987,0x08A3,0x08A3,
  0x08A3,0x08A3,0x08A3,0x08A3,0x08A3,0x08A3,0x08A3,0x08A3,0x08A3,0x08A3,0x08A3,0x08A3,0x08A3,0x08A3,0x08A3,0x08A3,
  0x08A3,0x08A3,0x08A3,0x08A3,0x08A3,0x08A3,0x08A3,0x08A3,0x08A3,0x08A3,0x08A3,0x08A3,0x08C3,0x10E4,0x1125,0x1946,
  0x1946,0x1946,0x1946,0x1125,0x10E4,0x08C4,0x08A3,0x08A3,0x08A3,0x08A3,0x08A3,0x08A3,0x08A3,0x08A3,0x08A3,0x08A3,
  0x08A3,0x08A3,0x08A3,0x08A3,0x08A3,0x08A3,0x08A3,0x08A3,0x08A3,0x08A3,0x08A3,0x08A3,0x08A3,0x08A3,0x08A3,0x08A3,
  0x08A3,0x08A3,0x08A3,0x08A3,0x08A3,0x08A3,0x08A3,0x08A3,0x08A3,0x08A3,0x08A3,0x08A3,0x08A3,0x08A3,0x08A3,0x08A3,
  0x08A3,0x08A3,0x08A3,0x08A3,0x0883,0x0883,0x0883,0x0883,0x0883,0x0883,0x0883,0x0883,0x0883,0x0883,0x0883,0x0883,
  0x0883,0x0883,0x0883,0x0883,0x0883,0x0883,0x0883,0x0883,0x0883,0x0883,0x0883,0x0883,0x0883,0x0883,0x0883,0x0883,
  0x0883,0x0883,0x0883,0x0883,0x0883,0x0883,0x0883,0x0883,0x0883,0x0883,0x0883,0x0883,0x0883,0x1146,0x08C4,0x0882,
  0x0882,0x19A7,0x08C3,0x0041,0x0041,0x0041,0x0041,0x2209,0x08A3,0x08A3,0x08A3,0x08A3,0x08A3,0x08A3,0x08A3,0x08A3,
  0x08A3,0x08A3,0x08A3,0x08A3,0x08A3,0x08A3,0x08A3,0x08A3,0x08A3,0x08A3,0x08A3,0x08A3,0x08A3,0x08A3,0x08A3,0x08A3,
  0x08A3,0x08A3,0x08A3,0x08A3,0x08A3,0x08A3,0x08A3,0x08A3,0x08A3,0x08A3,0x08A3,0x08A3,0x08A3,0x08A3,0x08A3,0x08A3,
  0x08A3,0x08A3,0x08A3,0x08A3,0x08A3,0x08A3,0x08A3,0x08A3,0x08A3,0x08A3,0x08A3,0x08A3,0x08A3,0x08A3,0x08A3,0x08A3,
  0x08A3,0x08A3,0x08A3,0x08A3,0x08A3,0x08A3,0x08A3,0x08A3,0x08A3,0x08A3,0x08A3,0x08A3,0x08A3,0x08A3,0x08A3,0x08A3,
  0x08A3,0x08A3,0x08A3,0x08A3,0x08A3,0x08A3,0x08A3,0x08A3,0x08A3,0x08A3,0x08A3,0x08A3,0x08A3,0x08A3,0x08A3,0x08A3,
  0x08A3,0x08A3,0x08A3,0x08A3,0x08A3,0x08A3,0x08A3,0x08A3,0x08A3,0x08A3,0x08A3,0x08A3,0x08A3,0x08A3,0x08A3,0x08A3,
  0x08A3,0x08A3,0x08A3,0x08A3,0x08A3,0x08A3,0x0883,0x0883,0x0883,0x0883,0x0883,0x0883,0x0883,0x0883,0x0883,0x0883,
  0x0883,0x0883,0x0883,0x0883,0x0883,0x0883,0x0883,0x0883,0x0883,0x0883,0x0883,0x0883,0x0883,0x0883,0x0883,0x0883,
  0x0883,0x0883,0x0883,0x0883,0x0883,0x0883,0x0883,0x0883,0x0883,0x0883,0x0883,0x0883,0x0882,0x0882,0x0882,0x0882,
  0x0882,0x0882,0x0882,0x0882,0x0882,0x0882,0x19A7,0x08C3,0x0041,0x0041,0x0041,0x0041,0x0041,0x0041,0x0041,0x0041,
  0x0041,0x0041,0x0041,0x0041,0x0041,0x0041,0x0041,0x0041,0x0041,0x2209,0x08A3,0x08A3,0x08A3,0x1987,0x08A3,0x08A3,
  0x08A3,0x08A3,0x08A3,0x08A3,0x08A3,0x08A3,0x08A3,0x08A3,0x08A3,0x08A3,0x08A3,0x08A3,0x08A3,0x08A3,0x08A3,0x08A3,
  0x08A3,0x08A3,0x08A3,0x08A3,0x08A3,0x08A3,0x08A3,0x08A3,0x08C3,0x1105,0x1966,0x21C8,0x21E8,0x19A7,0x1987,0x1946,
  0x1946,0x1946,0x1946,0x1966,0x19A7,0x21C8,0x21E8,0x1987,0x1125,0x08C4,0x08A3,0x08A3,0x08A3,0x08A3,0x08A3,0x08A3,
  0x08A3,0x08A3,0x08A3,0x08A3,0x08A3,0x08A3,0x08A3,0x08A3,0x08A3,0x08A3,0x08A3,0x08A3,0x08A3,0x08A3,0x08A3,0x08A3,
  0x08A3,0x08A3,0x08A3,0x08A3,0x08A3,0x08A3,0x08A3,0x08A3,0x08A3,0x08A3,0x08A3,0x08A3,0x08A3,0x08A3,0x08A3,0x08A3,
  0x08A3,0x08A3,0x08A3,0x0883,0x0883,0x0883,0x0883,0x0883,0x0883,0x0883,0x0883,0x0883,0x0883,0x0883,0x0883,0x0883,
  0x0883,0x0883,0x0883,0x0883,0x0883,0x0883,0x0883,0x0883,0x0883,0x0883,0x0883,0x0883,0x0883,0x0883,0x0883,0x0883,
  0x0883,0x0883,0x0883,0x0883,0x0883,0x0883,0x0883,0x0883,0x0883,0x0883,0x0883,0x0883,0x0883,0x1146,0x08C4,0x0882,
  0x0882,0x19A7,0x08C3,0x0041,0x0041,0x0041,0x0041,0x2209,0x08A3,0x08A3,0x08A3,0x08A3,0x08A3,0x08A3,0x08A3,0x08A3,
  0x08A3,0x08A3,0x08A3,0x08A3,0x08A3,0x08A3,0x08A3,0x08A3,0x08A3,0x08A3,0x08A3,0x08A3,0x08A3,0x08A3,0x08A3,0x08A3,
  0x08A3,0x08A3,0x08A3,0x08A3,0x08A3,0x08A3,0x08A3,0x08A3,0x08A3,0x08A3,0x08A3,0x08A3,0x08A3,0x08A3,0x08A3,0x08A3,
  0x08A3,0x08A3,0x08A3,0x08A3,0x08A3,0x08A3,0x08A3,0x08A3,0x08A3,0x08A3,0x08A3,0x08A3,0x08A3,0x08A3,0x08A3,0x08A3,
  0x08A3,0x08A3,0x08A3,0x08A3,0x08A3,0x08A3,0x08A3,0x08A3,0x08A3,0x08A3,0x08A3,0x08A3,0x08A3,0x08A3,0x08A3,0x08A3,
  0x08A3,0x08A3,0x08A3,0x08A3,0x08A3,0x08A3,0x08A3,0x08A3,0x08A3,0x08A3,0x08A3,0x08A3,0x08A3,0x08A3,0x08A3,0x08A3,
  0x08A3,0x08A3,0x08A3,0x08A3,0x08A3,0x08A3,0x08A3,0x08A3,0x08A3,0x08A3,0x08A3,0x08A3,0x08A3,0x08A3,0x08A3,0x08A3,
  0x08A3,0x08A3,0x08A3,0x08A3,0x0883,0x0883,0x0883,0x0883,0x0883,0x0883,0x0883,0x0883,0x0883,0x0883,0x0883,0x0883,
  0x0883,0x0883,0x0883,0x0883,0x0883,0x0883,0x0883,0x0883,0x0883,0x0883,0x0883,0x0883,0x0883,0x0883,0x0883,0x0883,
  0x0883,0x0883,0x0883,0x0883,0x0883,0x0883,0x0883,0x0883,0x0883,0x0883,0x0882,0x0882,0x0882,0x0882,0x0882,0x0882,
  0x0882,0x0882,0x0882,0x0882,0x0882,0x0882,0x19A7,0x08C3,0x0041,0x0041,0x0041,0x0041,0x0041,0x0041,0x0041,0x0041,
  0x0041,0x0041,0x0041,0x0041,0x0041,0x0041,0x0041,0x0041,0x0041,0x2209,0x08A3,0x08A3,0x08A3,0x1987,0x08A3,0x08A3,
  0x08A3,0x08A3,0x08A3,0x08A3,0x08A3,0x08A3,0x08A3,0x08A3,0x08A3,0x08A3,0x08A3,0x08A3,0x08A3,0x08A3,0x08A3,0x08A3,
  0x08A3,0x08A3,0x08A3,0x08A3,0x08A3,0x08A3,0x08C4,0x1966,0x21E8,0x1987,0x1125,0x08C3,0x0882,0x0882,0x0882,0x0882,
  0x0882,0x0882,0x0882,0x0882,0x0882,0x0882,0x08A3,0x1105,0x1966,0x21E8,0x1987,0x10E4,0x08A3,0x08A3,0x08A3,0x08A3,
  0x08A3,0x08A3,0x08A3,0x08A3,0x08A3,0x08A3,0x08A3,0x08A3,0x08A3,0x08A3,0x08A3,0x08A3,0x08A3,0x08A3,0x08A3,0x08A3,
  0x08A3,0x08A3,0x08A3,0x08A3,0x08A3,0x08A3,0x08A3,0x08A3,0x08A3,0x08A3,0x08A3,0x08A3,0x08A3,0x08A3,0x08A3,0x08A3,
  0x08A3,0x08A3,0x0883,0x0883,0x0883,0x0883,0x0883,0x0883,0x0883,0x0883,0x0883,0x0883,0x0883,0x0883,0x0883,0x0883,
  0x0883,0x0883,0x0883,0x0883,0x0883,0x0883,0x0883,0x0883,0x0883,0x0883,0x0883,0x0883,0x0883,0x0883,0x0883,0x0883,
  0x0883,0x0883,0x0883,0x0883,0x0883,0x0883,0x0883,0x0883,0x0883,0x0883,0x0883,0x0883,0x0883,0x1146,0x08C4,0x0882,
  0x0882,0x19A7,0x08C3,0x0041,0x0041,0x0041,0x0041,0x2209,0x08A3,0x08A3,0x08A3,0x08A3,0x08A3,0x08A3,0x08A3,0x08A3,
  0x08A3,0x08A3,0x08A3,0x08A3,0x08A3,0x08A3,0x08A3,0x08A3,0x08A3,0x08A3,0x08A3,0x08A3,0x08A3,0x08A3,0x08A3,0x08A3,
  0x08A3,0x08A3,0x08A3,0x08A3,0x08A3,0x08A3,0x08A3,0x08A3,0x08A3,0x08A3,0x08A3,0x08A3,0x08A3,0x08A3,0x08A3,0x08A3,
  0x08A3,0x08A3,0x08A3,0x08A3,0x08A3,0x08A3,0x08A3,0x08A3,0x08A3,0x08A3,0x08A3,0x08A3,0x08A3,0x08A3,0x08A3,0x08A3,
  0x08A3,0x08A3,0x08A3,0x08A3,0x08A3,0x08A3,0x08A3,0x08A3,0x08A3,0x08A3,0x08A3,0x08A3,0x08A3,0x08A3,0x08A3,0x08A3,
  0x08A3,0x08A3,0x08A3,0x08A3,0x08A3,0x08A3,0x08A3,0x08A3,0x08A3,0x08A3,0x08A3,0x08A3,0x08A3,0x08A3,0x08A3,0x08A3,
  0x08A3,0x08A3,0x08A3,0x08A3,0x08A3,0x08A3,0x08A3,0x08A3,0x08A3,0x08A3,0x08A3,0x08A3,0x08A3,0x08A3,0x08A3,0x08A3,
  0x08A3,0x08A3,0x0883,0x0883,0x0883,0x0883,0x0883,0x0883,0x0883,0x0883,0x0883,0x0883,0x0883,0x0883,0x0883,0x0883,
  0x0883,0x0883,0x0883,0x0883,0x0883,0x0883,0x0883,0x0883,0x0883,0x0883,0x0883,0x0883,0x0883,0x0883,0x0883,0x0883,
  0x0883,0x0883,0x0883,0x0883,0x0883,0x0883,0x0883,0x0883,0x0882,0x0882,0x0882,0x0882,0x0882,0x0882,0x0882,0x0882,
  0x0882,0x0882,0x0882,0x0882,0x0882,0x0882,0x19A7,0x08C3,0x0041,0x0041,0x0041,0x0041,0x0041,0x0041,0x0041,0x0041,
  0x0041,0x0041,0x0041,0x0041,0x0041,0x0041,0x0041,0x0041,0x0041,0x2209,0x08A3,0x08A3,0x08A3,0x1987,0x08A3,0x08A3,
  0x08A3,0x08A3,0x08A3,0x08A3,0x08A3,0x08A3,0x08A3,0x08A3,0x08A3,0x08A3,0x08A3,0x08A3,0x08A3,0x08A3,0x08A3,0x08A3,
  0x08A3,0x08A3,0x08A3,0x08A3,0x08C4,0x19A7,0x21C8,0x1946,0x0883,0x0882,0x0882,0x0882,0x0882,0x0882,0x0882,0x0882,
  0x0882,0x0882,0x0882,0x0882,0x0882,0x0882,0x0882,0x0882,0x0882,0x0882,0x1105,0x21A8,0x21C8,0x10E4,0x08A3,0x08A3,
  0x08A3,0x08A3,0x08A3,0x08A3,0x08A3,0x08A3,0x08A3,0x08A3,0x08A3,0x08A3,0x08A3,0x08A3,0x08A3,0x08A3,0x08A3,0x08A3,
  0x08A3,0x08A3,0x08A3,0x08A3,0x08A3,0x08A3,0x08A3,0x08A3,0x08A3,0x08A3,0x08A3,0x08A3,0x08A3,0x08A3,0x08A3,0x08A3,
  0x08A3,0x0883,0x0883,0x0883,0x0883,0x0883,0x0883,0x0883,0x0883,0x0883,0x0883,0x0883,0x0883,0x0883,0x0883,0x0883,
  0x0883,0x0883,0x0883,0x0883,0x0883,0x0883,0x0883,0x0883,0x0883,0x0883,0x0883,0x0883,0x0883,0x0883,0x0883,0x0883,
  0x0883,0x0883,0x0883,0x0883,0x0883,0x0883,0x0883,0x0883,0x0883,0x0883,0x0883,0x0883,0x0882,0x1146,0x08C4,0x0882,
  0x0882,0x19A7,0x08C3,0x0041,0x0041,0x0041,0x0041,0x2209,0x08A3,0x08A3,0x08A3,0x08A3,0x08A3,0x08A3,0x08A3,0x08A3,
  0x08A3,0x08A3,0x08A3,0x08A3,0x08A3,0x08A3,0x08A3,0x08A3,0x08A3,0x08A3,0x08A3,0x08A3,0x08A3,0x08A3,0x08A3,0x08A3,
  0x08A3,0x08A3,0x08A3,0x08A3,0x08A3,0x08A3,0x08A3,0x08A3,0x08A3,0x08A3,0x08A3,0x08A3,0x08A3,0x08A3,0x08A3,0x08A3,
  0x08A3,0x08A3,0x08A3,0x08A3,0x08A3,0x08A3,0x08A3,0x08A3,0x08A3,0x08A3,0x08A3,0x08A3,0x08A3,0x08A3,0x08A3,0x08A3,
  0x08A3,0x08A3,0x08A3,0x08A3,0x08A3,0x08A3,0x08A3,0x08A3,0x08A3,0x08A3,0x08A3,0x08A3,0x08A3,0x08A3,0x08A3,0x08A3,
  0x08A3,0x08A3,0x08A3,0x08A3,0x08A3,0x08A3,0x08A3,0x08A3,0x08A3,0x08A3,0x08A3,0x08A3,0x08A3,0x08A3,0x08A3,0x08A3,
  0x08A3,0x08A3,0x08A3,0x08A3,0x08A3,0x08A3,0x08A3,0x08A3,0x08A3,0x08A3,0x08A3,0x08A3,0x08A3,0x08A3,0x08A3,0x08A3,
  0x0883,0x0883,0x0883,0x0883,0x0883,0x0883,0x0883,0x0883,0x0883,0x0883,0x0883,0x0883,0x0883,0x0883,0x0883,0x0883,
  0x0883,0x0883,0x0883,0x0883,0x0883,0x0883,0x0883,0x0883,0x0883,0x0883,0x0883,0x0883,0x0883,0x0883,0x0883,0x0883,
  0x0883,0x0883,0x0883,0x0883,0x0883,0x0883,0x0882,0x0882,0x0882,0x0882,0x0882,0x0882,0x0882,0x0882,0x0882,0x0882,
  0x0882,0x0882,0x0882,0x0882,0x0882,0x0882,0x19A7,0x08C3,0x0041,0x0041,0x0041,0x0041,0x0041,0x0041,0x0041,0x0041,
  0x0041,0x0041,0x0041,0x0041,0x0041,0x0041,0x0041,0x0041,0x0041,0x2209,0x08A3,0x08A3,0x08A3,0x1987,0x08A3,0x08A3,
  0x08A3,0x08A3,0x08A3,0x08A3,0x08A3,0x08A3,0x08A3,0x08A3,0x08A3,0x08A3,0x08A3,0x08A3,0x08A3,0x08A3,0x08A3,0x08A3,
  0x08A3,0x08A3,0x08C3,0x1966,0x21E8,0x1125,0x0882,0x0882,0x0882,0x0882,0x0882,0x0882,0x0882,0x0882,0x0882,0x0882,
  0x0882,0x0882,0x0882,0x0882,0x0882,0x0882,0x0882,0x0882,0x0882,0x0882,0x0882,0x0882,0x10E4,0x21C8,0x19A7,0x08C4,
  0x08A3,0x08A3,0x08A3,0x08A3,0x08A3,0x08A3,0x08A3,0x08A3,0x08A3,0x08A3,0x08A3,0x08A3,0x08A3,0x08A3,0x08A3,0x08A3,
  0x08A3,0x08A3,0x08A3,0x08A3,0x08A3,0x08A3,0x08A3,0x08A3,0x08A3,0x08A3,0x08A3,0x08A3,0x08A3,0x08A3,0x08A3,0x08A3,
  0x0883,0x0883,0x0883,0x0883,0x0883,0x0883,0x0883,0x0883,0x0883,0x0883,0x0883,0x0883,0x0883,0x0883,0x0883,0x0883,
  0x0883,0x0883,0x0883,0x0883,0x0883,0x0883,0x0883,0x0883,0x0883,0x0883,0x0883,0x0883,0x0883,0x0883,0x0883,0x0883,
  0x0883,0x0883,0x0883,0x0883,0x0883,0x0883,0x0883,0x0883,0x0883,0x0883,0x0883,0x0882,0x0882,0x1146,0x08C4,0x0882,
  0x0882,0x19A7,0x08C3,0x0041,0x0041,0x0041,0x0041,0x2209,0x08A3,0x08A3,0x08A3,0x08A3,0x08A3,0x08A3,0x08A3,0x08A3,
  0x08A3,0x08A3,0x08A3,0x08A3,0x08A3,0x08A3,0x08A3,0x08A3,0x08A3,0x08A3,0x08A3,0x08A3,0x08A3,0x08A3,0x08A3,0x08A3,
  0x08A3,0x08A3,0x08A3,0x08A3,0x08A3,0x08A3,0x08A3,0x08A3,0x08A3,0x08A3,0x08A3,0x08A3,0x08A3,0x08A3,0x08A3,0x08A3,
  0x08A3,0x08A3,0x08A3,0x08A3,0x08A3,0x08A3,0x08A3,0x08A3,0x08A3,0x08A3,0x08A3,0x08A3,0x08A3,0x08A3,0x08A3,0x08A3,
  0x08A3,0x08A3,0x08A3,0x08A3,0x08A3,0x08A3,0x08A3,0x08A3,0x08A3,0x08A3,0x08A3,0x08A3,0x08A3,0x08A3,0x08A3,0x08A3,
  0x08A3,0x08A3,0x08A3,0x08A3,0x08A3,0x08A3,0x08A3,0x08A3,0x08A3,0x08A3,0x08A3,0x08A3,0x08A3,0x08A3,0x08A3,0x08A3,
  0x08A3,0x08A3,0x08A3,0x08A3,0x08A3,0x08A3,0x08A3,0x08A3,0x08A3,0x08A3,0x08A3,0x08A3,0x08A3,0x08A3,0x0883,0x0883,
  0x0883,0x0883,0x0883,0x0883,0x0883,0x0883,0x0883,0x0883,0x0883,0x0883,0x0883,0x0883,0x0883,0x0883,0x0883,0x0883,
  0x0883,0x0883,0x0883,0x0883,0x0883,0x0883,0x0883,0x0883,0x0883,0x0883,0x0883,0x0883,0x0883,0x0883,0x0883,0x0883,
  0x0883,0x0883,0x0883,0x0883,0x0882,0x0882,0x0882,0x0882,0x0882,0x0882,0x0882,0x0882,0x0882,0x0882,0x0882,0x0882,
  0x0882,0x0882,0x0882,0x0882,0x0882,0x0882,0x19A7,0x08C3,0x0041,0x0041,0x0041,0x0041,0x0041,0x0041,0x0041,0x0041,
  0x0041,0x0041,0x0041,0x0041,0x0041,0x0041,0x0041,0x0041,0x0041,0x2209,0x08A3,0x08A3,0x08A3,0x1987,0x08A3,0x08A3,
  0x08A3,0x08A3,0x08A3,0x08A3,0x08A3,0x08A3,0x08A3,0x08A3,0x08A3,0x08A3,0x08A3,0x08A3,0x08A3,0x08A3,0x08A3,0x08A3,
  0x08A3,0x10E4,0x21A8,0x1987,0x0883,0x0882,0x0882,0x0882,0x0882,0x0882,0x0882,0x0882,0x0882,0x0882,0x0882,0x0882,
  0x0882,0x0882,0x0882,0x0882,0x0882,0x0882,0x0882,0x0882,0x0882,0x0882,0x0882,0x0882,0x0882,0x0882,0x1946,0x21E8,
  0x1105,0x08A3,0x08A3,0x08A3,0x08A3,0x08A3,0x08A3,0x08A3,0x08A3,0x08A3,0x08A3,0x08A3,0x08A3,0x08A3,0x08A3,0x08A3,
  0x08A3,0x08A3,0x08A3,0x08A3,0x08A3,0x08A3,0x08A3,0x08A3,0x08A3,0x08A3,0x08A3,0x08A3,0x08A3,0x08A3,0x08A3,0x0883,
  0x0883,0x0883,0x0883,0x0883,0x0883,0x0883,0x0883,0x0883,0x0883,0x0883,0x0883,0x0883,0x0883,0x0883,0x0883,0x0883,
  0x0883,0x0883,0x0883,0x0883,0x0883,0x0883,0x0883,0x0883,0x0883,0x0883,0x0883,0x0883,0x0883,0x0883,0x0883,0x0883,
  0x0883,0x0883,0x0883,0x0883,0x0883,0x0883,0x0883,0x0883,0x0883,0x0883,0x0882,0x0882,0x0882,0x1146,0x08C4,0x0882,
  0x0882,0x19A7,0x08C3,0x0041,0x0041,0x0041,0x0041,0x2209,0x08A3,0x08A3,0x08A3,0x08A3,0x08A3,0x08A3,0x08A3,0x08A3,
  0x08A3,0x08A3,0x08A3,0x08A3,0x08A3,0x08A3,0x08A3,0x08A3,0x08A3,0x08A3,0x08A3,0x08A3,0x08A3,0x08A3,0x08A3,0x08A3,
  0x08A3,0x08A3,0x08A3,0x08A3,0x08A3,0x08A3,0x08A3,0x08A3,0x08A3,0x08A3,0x08A3,0x08A3,0x08A3,0x08A3,0x08A3,0x08A3,
  0x08A3,0x08A3,0x08A3,0x08A3,0x08A3,0x08A3,0x08A3,0x08A3,0x08A3,0x08A3,0x08A3,0x08A3,0x08A3,0x08A3,0x08A3,0x08A3,
  0x08A3,0x08A3,0x08A3,0x08A3,0x08A3,0x08A3,0x08A3,0x08A3,0x08A3,0x08A3,0x08A3,0x08A3,0x08A3,0x08A3,0x08A3,0x08A3,
  0x08A3,0x08A3,0x08A3,0x08A3,0x08A3,0x08A3,0x08A3,0x08A3,0x08A3,0x08A3,0x08A3,0x08A3,0x08A3,0x08A3,0x08A3,0x08A3,
  0x08A3,0x08A3,0x08A3,0x08A3,0x08A3,0x08A3,0x08A3,0x08A3,0x08A3,0x08A3,0x08A3,0x08A3,0x0883,0x0883,0x0883,0x0883,
  0x0883,0x0883,0x0883,0x0883,0x0883,0x0883,0x0883,0x0883,0x0883,0x0883,0x0883,0x0883,0x0883,0x0883,0x0883,0x0883,
  0x0883,0x0883,0x0883,0x0883,0x0883,0x0883,0x0883,0x0883,0x0883,0x0883,0x0883,0x0883,0x0883,0x0883,0x0883,0x0883,
  0x0883,0x0883,0x0882,0x0882,0x0882,0x0882,0x0882,0x0882,0x0882,0x0882,0x0882,0x0882,0x0882,0x0882,0x0882,0x0882,
  0x0882,0x0882,0x0882,0x0882,0x0882,0x0882,0x19A7,0x08C3,0x0041,0x0041,0x0041,0x0041,0x0041,0x0041,0x0041,0x0041,
  0x0041,0x0041,0x0041,0x0041,0x0041,0x0041,0x0041,0x0041,0x0041,0x2209,0x08A3,0x08A3,0x08A3,0x1987,0x08A3,0x08A3,
  0x08A3,0x08A3,0x08A3,0x08A3,0x08A3,0x08A3,0x08A3,0x08A3,0x08A3,0x08A3,0x08A3,0x08A3,0x08A3,0x08A3,0x08A3,0x08A3,
  0x1125,0x21C8,0x1105,0x0882,0x0882,0x0882,0x0882,0x0882,0x0882,0x0882,0x0882,0x0882,0x0882,0x1105,0x21A7,0x2A09,
  0x10E4,0x2A09,0x2A09,0x1125,0x0882,0x0883,0x10E4,0x0882,0x0882,0x0882,0x0882,0x0882,0x0882,0x0882,0x0882,0x08C3,
  0x21C8,0x1966,0x08A3,0x08A3,0x08A3,0x08A3,0x08A3,0x08A3,0x08A3,0x08A3,0x08A3,0x08A3,0x08A3,0x08A3,0x08A3,0x08A3,
  0x08A3,0x08A3,0x08A3,0x08A3,0x08A3,0x08A3,0x08A3,0x08A3,0x08A3,0x08A3,0x08A3,0x08A3,0x08A3,0x08A3,0x08A3,0x0883,
  0x0883,0x0883,0x0883,0x0883,0x0883,0x0883,0x0883,0x0883,0x0883,0x0883,0x0883,0x0883,0x0883,0x0883,0x0883,0x0883,
  0x0883,0x0883,0x0883,0x0883,0x0883,0x0883,0x0883,0x0883,0x0883,0x0883,0x0883,0x0883,0x0883,0x0883,0x0883,0x0883,
  0x0883,0x0883,0x0883,0x0883,0x0883,0x0883,0x0883,0x0883,0x0883,0x0882,0x0882,0x0882,0x0882,0x1146,0x08C4,0x0882,
  0x0882,0x19A7,0x08C3,0x0041,0x0041,0x0041,0x0041,0x2209,0x08A3,0x08A3,0x08A3,0x08A3,0x08A3,0x08A3,0x08A3,0x08A3,
  0x08A3,0x08A3,0x08A3,0x08A3,0x08A3,0x08A3,0x08A3,0x08A3,0x08A3,0x08A3,0x08A3,0x08A3,0x08A3,0x08A3,0x08A3,0x08A3,
  0x08A3,0x08A3,0x08A3,0x08A3,0x08A3,0x08A3,0x08A3,0x08A3,0x08A3,0x08A3,0x08A3,0x08A3,0x08A3,0x08A3,0x08A3,0x08A3,
  0x08A3,0x08A3,0x08A3,0x08A3,0x08A3,0x08A3,0x08A3,0x08A3,0x08A3,0x08A3,0x08A3,0x08A3,0x08A3,0x08A3,0x08A3,0x08A3,
  0x08A3,0x08A3,0x08A3,0x08A3,0x08A3,0x08A3,0x08A3,0x08A3,0x08A3,0x08A3,0x08A3,0x08A3,0x08A3,0x08A3,0x08A3,0x08A3,
  0x08A3,0x08A3,0x08A3,0x08A3,0x08A3,0x08A3,0x08A3,0x08A3,0x08A3,0x08A3,0x08A3,0x08A3,0x08A3,0x08A3,0x08A3,0x08A3,
  0x08A3,0x08A3,0x08A3,0x08A3,0x08A3,0x08A3,0x08A3,0x08A3,0x08A3,0x08A3,0x0883,0x0883,0x0883,0x0883,0x0883,0x0883,
  0x0883,0x0883,0x0883,0x0883,0x0883,0x0883,0x0883,0x0883,0x0883,0x0883,0x0883,0x0883,0x0883,0x0883,0x0883,0x0883,
  0x0883,0x0883,0x0883,0x0883,0x0883,0x0883,0x0883,0x0883,0x0883,0x0883,0x0883,0x0883,0x0883,0x0883,0x0883,0x0883,
  0x0882,0x0882,0x0882,0x0882,0x0882,0x0882,0x0882,0x0882,0x0882,0x0882,0x0882,0x0882,0x0882,0x0882,0x0882,0x0882,
  0x0882,0x0882,0x0882,0x0882,0x0882,0x0882,0x19A7,0x08C3,0x0041,0x0041,0x0041,0x0041,0x0041,0x0041,0x0041,0x0041,
  0x0041,0x0041,0x0041,0x0041,0x0041,0x0041,0x0041,0x0041,0x0041,0x2209,0x08A3,0x08A3,0x08A3,0x1987,0x08A3,0x08A3,
  0x08A3,0x08A3,0x08A3,0x08A3,0x08A3,0x08A3,0x08A3,0x08A3,0x08A3,0x08A3,0x08A3,0x08A3,0x08A3,0x08A3,0x08A3,0x1125,
  0x21E8,0x08C3,0x0882,0x0882,0x0882,0x0882,0x0882,0x0882,0x0883,0x1946,0x21C8,0x1946,0x0882,0x08A3,0x10E4,0x0882,
  0x0882,0x0882,0x0882,0x0883,0x0882,0x08C3,0x21C8,0x21E8,0x10E4,0x0882,0x0882,0x0882,0x0882,0x0882,0x0882,0x0882,
  0x0883,0x21A8,0x1966,0x08A3,0x08A3,0x08A3,0x08A3,0x08A3,0x08A3,0x08A3,0x08A3,0x08A3,0x08A3,0x08A3,0x08A3,0x08A3,
  0x08A3,0x08A3,0x08A3,0x08A3,0x08A3,0x08A3,0x08A3,0x08A3,0x08A3,0x08A3,0x08A3,0x08A3,0x08A3,0x08A3,0x0883,0x0883,
  0x0883,0x0883,0x0883,0x0883,0x0883,0x0883,0x0883,0x0883,0x0883,0x0883,0x0883,0x0883,0x0883,0x0883,0x0883,0x0883,
  0x0883,0x0883,0x0883,0x0883,0x0883,0x0883,0x0883,0x0883,0x0883,0x0883,0x0883,0x0883,0x0883,0x0883,0x0883,0x0883,
  0x0883,0x0883,0x0883,0x0883,0x0883,0x0883,0x0883,0x0883,0x0883,0x0882,0x0882,0x0882,0x0882,0x1146,0x08C4,0x0882,
  0x0882,0x19A7,0x08C3,0x0041,0x0041,0x0041,0x0041,0x2209,0x08A3,0x08A3,0x08A3,0x08A3,0x08A3,0x08A3,0x08A3,0x08A3,
  0x08A3,0x08A3,0x08A3,0x08A3,0x08A3,0x08A3,0x08A3,0x08A3,0x08A3,0x08A3,0x08A3,0x08A3,0x08A3,0x08A3,0x08A3,0x08A3,
  0x08A3,0x08A3,0x08A3,0x08A3,0x08A3,0x08A3,0x08A3,0x08A3,0x08A3,0x08A3,0x08A3,0x08A3,0x08A3,0x08A3,0x08A3,0x08A3,
  0x08A3,0x08A3,0x08A3,0x08A3,0x08A3,0x08A3,0x08A3,0x08A3,0x08A3,0x08A3,0x08A3,0x08A3,0x08A3,0x08A3,0x08A3,0x08A3,
  0x08A3,0x08A3,0x08A3,0x08A3,0x08A3,0x08A3,0x08A3,0x08A3,0x08A3,0x08A3,0x08A3,0x08A3,0x08A3,0x08A3,0x08A3,0x08A3,
  0x08A3,0x08A3,0x08A3,0x08A3,0x08A3,0x08A3,0x08A3,0x08A3,0x08A3,0x08A3,0x08A3,0x08A3,0x08A3,0x08A3,0x08A3,0x08A3,
  0x08A3,0x08A3,0x08A3,0x08A3,0x08A3,0x08A3,0x08A3,0x08A3,0x0883,0x0883,0x0883,0x0883,0x0883,0x0883,0x0883,0x0883,
  0x0883,0x0883,0x0883,0x0883,0x0883,0x0883,0x0883,0x0883,0x0883,0x0883,0x0883,0x0883,0x0883,0x0883,0x0883,0x0883,
  0x0883,0x0883,0x0883,0x0883,0x0883,0x0883,0x0883,0x0883,0x0883,0x0883,0x0883,0x0883,0x0883,0x0883,0x0882,0x0882,
  0x0882,0x0882,0x0882,0x0882,0x0882,0x0882,0x0882,0x0882,0x0882,0x0882,0x0882,0x0882,0x0882,0x0882,0x0882,0x0882,
  0x0882,0x0882,0x0882,0x0882,0x0882,0x0882,0x19A7,0x08C3,0x0041,0x0041,0x0041,0x0041,0x0041,0x0041,0x0041,0x0041,
  0x0041,0x0041,0x0041,0x0041,0x0041,0x0041,0x0041,0x0041,0x0041,0x2209,0x08A3,0x08A3,0x08A3,0x1987,0x08A3,0x08A3,
  0x08A3,0x08A3,0x08A3,0x08A3,0x08A3,0x08A3,0x08A3,0x08A3,0x08A3,0x08A3,0x08A3,0x08A3,0x08A3,0x08A3,0x1125,0x21A8,
  0x0883,0x0882,0x0882,0x0882,0x0882,0x0882,0x0882,0x0882,0x0882,0x1966,0x08C3,0x0882,0x0882,0x0882,0x0882,0x0882,
  0x0882,0x0882,0x0882,0x0882,0x0882,0x0882,0x0882,0x08A3,0x0882,0x0882,0x1125,0x08A3,0x0882,0x0882,0x0882,0x0882,
  0x0882,0x0882,0x1966,0x1966,0x08A3,0x08A3,0x08A3,0x08A3,0x08A3,0x08A3,0x08A3,0x08A3,0x08A3,0x08A3,0x08A3,0x08A3,
  0x08A3,0x08A3,0x08A3,0x08A3,0x08A3,0x08A3,0x08A3,0x08A3,0x08A3,0x08A3,0x08A3,0x08A3,0x08A3,0x0883,0x0883,0x0883,
  0x0883,0x0883,0x0883,0x0883,0x0883,0x0883,0x0883,0x0883,0x0883,0x0883,0x0883,0x0883,0x0883,0x0883,0x0883,0x0883,
  0x0883,0x0883,0x0883,0x0883,0x0883,0x0883,0x0883,0x0883,0x0883,0x0883,0x0883,0x0883,0x0883,0x0883,0x0883,0x0883,
  0x0883,0x0883,0x0883,0x0883,0x0883,0x0883,0x0883,0x0883,0x0882,0x0882,0x0882,0x0882,0x0882,0x1146,0x08C4,0x0882,
  0x0882,0x19A7,0x08C3,0x0041,0x0041,0x0041,0x0041,0x2209,0x08A3,0x08A3,0x08A3,0x08A3,0x08A3,0x08A3,0x08A3,0x08A3,
  0x08A3,0x08A3,0x08A3,0x08A3,0x08A3,0x08A3,0x08A3,0x08A3,0x08A3,0x08A3,0x08A3,0x08A3,0x08A3,0x08A3,0x08A3,0x08A3,
  0x08A3,0x08A3,0x08A3,0x08A3,0x08A3,0x08A3,0x08A3,0x08A3,0x08A3,0x08A3,0x08A3,0x08A3,0x08A3,0x08A3,0x08A3,0x08A3,
  0x08A3,0x08A3,0x08A3,0x08A3,0x08A3,0x08A3,0x08A3,0x08A3,0x08A3,0x08A3,0x08A3,0x08A3,0x08A3,0x08A3,0x08A3,0x08A3,
  0x08A3,0x08A3,0x08A3,0x08A3,0x08A3,0x08A3,0x08A3,0x08A3,0x08A3,0x08A3,0x08A3,0x08A3,0x08A3,0x08A3,0x08A3,0x08A3,
  0x08A3,0x08A3,0x08A3,0x08A3,0x08A3,0x08A3,0x08A3,0x08A3,0x08A3,0x08A3,0x08A3,0x08A3,0x08A3,0x08A3,0x08A3,0x08A3,
  0x08A3,0x08A3,0x08A3,0x08A3,0x08A3,0x08A3,0x0883,0x0883,0x0883,0x0883,0x0883,0x0883,0x0883,0x0883,0x0883,0x0883,
  0x0883,0x0883,0x0883,0x0883,0x0883,0x0883,0x0883,0x0883,0x0883,0x0883,0x0883,0x0883,0x0883,0x0883,0x0883,0x0883,
  0x0883,0x0883,0x0883,0x0883,0x0883,0x0883,0x0883,0x0883,0x0883,0x0883,0x0883,0x0883,0x0882,0x0882,0x0882,0x0882,
  0x0882,0x0882,0x0882,0x0882,0x0882,0x0882,0x0882,0x0882,0x0882,0x0882,0x0882,0x0882,0x0882,0x0882,0x0882,0x0882,
  0x0882,0x0882,0x0882,0x0882,0x0882,0x0882,0x19A7,0x08C3,0x0041,0x0041,0x0041,0x0041,0x0041,0x0041,0x0041,0x0041,
  0x0041,0x0041,0x0041,0x0041,0x0041,0x0041,0x0041,0x0041,0x0041,0x2209,0x08A3,0x08A3,0x08A3,0x1987,0x08A3,0x08A3,
  0x08A3,0x08A3,0x08A3,0x08A3,0x08A3,0x08A3,0x08A3,0x08A3,0x08A3,0x08A3,0x08A3,0x08A3,0x08A3,0x1125,0x21E8,0x0883,
  0x0882,0x0882,0x0882,0x0882,0x0882,0x10E4,0x21C8,0x0883,0x0882,0x0882,0x0882,0x0882,0x0882,0x0882,0x0882,0x0882,
  0x0882,0x0882,0x0882,0x0882,0x0882,0x0882,0x0882,0x0882,0x0882,0x0882,0x1125,0x21C8,0x10E4,0x0882,0x0882,0x0882,
  0x0882,0x0882,0x0882,0x19A7,0x1966,0x08A3,0x08A3,0x08A3,0x08A3,0x08A3,0x08A3,0x08A3,0x08A3,0x08A3,0x08A3,0x08A3,
  0x08A3,0x08A3,0x08A3,0x08A3,0x08A3,0x08A3,0x08A3,0x08A3,0x08A3,0x08A3,0x08A3,0x08A3,0x0883,0x0883,0x0883,0x0883,
  0x0883,0x0883,0x0883,0x0883,0x0883,0x0883,0x0883,0x0883,0x0883,0x0883,0x0883,0x0883,0x0883,0x0883,0x0883,0x0883,
  0x0883,0x0883,0x0883,0x0883,0x0883,0x0883,0x0883,0x0883,0x0883,0x0883,0x0883,0x0883,0x0883,0x0883,0x0883,0x0883,
  0x0883,0x0883,0x0883,0x0883,0x0883,0x0883,0x0883,0x0882,0x0882,0x0882,0x0882,0x0882,0x0882,0x1146,0x08C4,0x0882,
  0x0882,0x19A7,0x08C3,0x0041,0x0041,0x0041,0x0041,0x2209,0x08A3,0x08A3,0x08A3,0x08A3,0x08A3,0x08A3,0x08A3,0x08A3,
  0x08A3,0x08A3,0x08A3,0x08A3,0x08A3,0x08A3,0x08A3,0x08A3,0x08A3,0x08A3,0x08A3,0x08A3,0x08A3,0x08A3,0x08A3,0x08A3,
  0x08A3,0x08A3,0x08A3,0x08A3,0x08A3,0x08A3,0x08A3,0x08A3,0x08A3,0x08A3,0x08A3,0x08A3,0x08A3,0x08A3,0x08A3,0x08A3,
  0x08A3,0x08A3,0x08A3,0x08A3,0x08A3,0x08A3,0x08A3,0x08A3,0x08A3,0x08A3,0x08A3,0x08A3,0x08A3,0x08A3,0x08A3,0x08A3,
  0x08A3,0x08A3,0x08A3,0x08A3,0x08A3,0x08A3,0x08A3,0x08A3,0x08A3,0x08A3,0x08A3,0x08A3,0x08A3,0x08A3,0x08A3,0x08A3,
  0x08A3,0x08A3,0x08A3,0x08A3,0x08A3,0x08A3,0x08A3,0x08A3,0x08A3,0x08A3,0x08A3,0x08A3,0x08A3,0x08A3,0x08A3,0x08A3,
  0x08A3,0x08A3,0x08A3,0x0883,0x0883,0x0883,0x0883,0x0883,0x0883,0x0883,0x0883,0x0883,0x0883,0x0883,0x0883,0x0883,
  0x0883,0x0883,0x0883,0x0883,0x0883,0x0883,0x0883,0x0883,0x0883,0x0883,0x0883,0x0883,0x0883,0x0883,0x0883,0x0883,
  0x0883,0x0883,0x0883,0x0883,0x0883,0x0883,0x0883,0x0883,0x0883,0x0883,0x0882,0x0882,0x0882,0x0882,0x0882,0x0882,
  0x0882,0x0882,0x0882,0x0882,0x0882,0x0882,0x0882,0x0882,0x0882,0x0882,0x0882,0x0882,0x0882,0x0882,0x0882,0x0882,
  0x0882,0x0882,0x0882,0x0882,0x0882,0x0882,0x19A7,0x08C3,0x0041,0x0041,0x0041,0x0041,0x0041,0x0041,0x0041,0x0041,
  0x0041,0x0041,0x0041,0x0041,0x0041,0x0041,0x0041,0x0041,0x0041,0x2209,0x08A3,0x08A3,0x08A3,0x1987,0x08A3,0x08A3,
  0x08A3,0x08A3,0x08A3,0x08A3,0x08A3,0x08A3,0x08A3,0x08A3,0x08A3,0x08A3,0x08A3,0x08A3,0x10E4,0x21C8,0x08C3,0x0882,
  0x0882,0x0882,0x0882,0x0882,0x08A3,0x21C8,0x08C3,0x0882,0x0882,0x0882,0x0882,0x0882,0x0882,0x0882,0x0882,0x0882,
  0x0882,0x0882,0x0882,0x0882,0x0882,0x0882,0x0882,0x0882,0x0882,0x0882,0x0882,0x0883,0x08C3,0x0882,0x0882,0x0882,
  0x0882,0x0882,0x0882,0x0883,0x21A8,0x1125,0x08A3,0x08A3,0x08A3,0x08A3,0x08A3,0x08A3,0x08A3,0x08A3,0x08A3,0x08A3,
  0x08A3,0x08A3,0x08A3,0x08A3,0x08A3,0x08A3,0x08A3,0x08A3,0x08A3,0x08A3,0x08A3,0x0883,0x0883,0x0883,0x0883,0x0883,
  0x0883,0x0883,0x0883,0x0883,0x0883,0x0883,0x0883,0x0883,0x0883,0x0883,0x0883,0x0883,0x0883,0x0883,0x0883,0x0883,
  0x0883,0x0883,0x0883,0x0883,0x0883,0x0883,0x0883,0x0883,0x0883,0x0883,0x0883,0x0883,0x0883,0x0883,0x0883,0x0883,
  0x0883,0x0883,0x0883,0x0883,0x0883,0x0883,0x0882,0x0882,0x0882,0x0882,0x0882,0x0882,0x0882,0x1146,0x08C4,0x0882,
  0x0882,0x19A7,0x08C3,0x0041,0x0041,0x0041,0x0041,0x2209,0x08A3,0x08A3,0x08A3,0x08A3,0x08A3,0x08A3,0x08A3,0x08A3,
  0x08A3,0x08A3,0x08A3,0x08A3,0x08A3,0x08A3,0x08A3,0x08A3,0x08A3,0x08A3,0x08A3,0x08A3,0x08A3,0x08A3,0x08A3,0x08A3,
  0x08A3,0x08A3,0x08A3,0x08A3,0x08A3,0x08A3,0x08A3,0x08A3,0x08A3,0x08A3,0x08A3,0x08A3,0x08A3,0x08A3,0x08A3,0x08A3,
  0x08A3,0x08A3,0x08A3,0x08A3,0x08A3,0x08A3,0x08A3,0x08A3,0x08A3,0x08A3,0x08A3,0x08A3,0x08A3,0x08A3,0x08A3,0x08A3,
  0x08A3,0x08A3,0x08A3,0x08A3,0x08A3,0x08A3,0x08A3,0x08A3,0x08A3,0x08A3,0x08A3,0x08A3,0x08A3,0x08A3,0x08A3,0x08A3,
  0x08A3,0x08A3,0x08A3,0x08A3,0x08A3,0x08A3,0x08A3,0x08A3,0x08A3,0x08A3,0x08A3,0x08A3,0x08A3,0x08A3,0x08A3,0x08A3,
  0x08A3,0x0883,0x0883,0x0883,0x0883,0x0883,0x0883,0x0883,0x0883,0x0883,0x0883,0x0883,0x0883,0x0883,0x0883,0x0883,
  0x0883,0x0883,0x0883,0x0883,0x0883,0x0883,0x0883,0x0883,0x0883,0x0883,0x0883,0x0883,0x0883,0x0883,0x0883,0x0883,
  0x0883,0x0883,0x0883,0x0883,0x0883,0x0883,0x0883,0x0882,0x0882,0x0882,0x0882,0x0882,0x0882,0x0882,0x0882,0x0882,
  0x0882,0x0882,0x0882,0x0882,0x0882,0x0882,0x0882,0x0882,0x0882,0x0882,0x0882,0x0882,0x0882,0x0882,0x0882,0x0882,
  0x0882,0x0882,0x0882,0x0882,0x0882,0x0882,0x19A7,0x08C3,0x0041,0x0041,0x0041,0x0041,0x0041,0x0041,0x0041,0x0041,
  0x0041,0x0041,0x0041,0x0041,0x0041,0x0041,0x0041,0x0041,0x0041,0x2209,0x08A3,0x08A3,0x08A3,0x1987,0x08A3,0x08A3,
  0x08A3,0x08A3,0x08A3,0x08A3,0x08A3,0x08A3,0x08A3,0x08A3,0x08A3,0x08A3,0x08A3,0x08C3,0x21A8,0x1105,0x0882,0x0882,
  0x0882,0x0882,0x0882,0x0882,0x0882,0x0882,0x0882,0x0882,0x0882,0x0882,0x0882,0x0882,0x0882,0x0882,0x0882,0x0882,
  0x0882,0x0882,0x0882,0x0882,0x0882,0x0882,0x0882,0x0882,0x0882,0x0882,0x0882,0x0882,0x0882,0x0882,0x1966,0x0883,
  0x0882,0x0882,0x0882,0x0882,0x08C3,0x21C8,0x08E4,0x08A3,0x08A3,0x08A3,0x08A3,0x08A3,0x08A3,0x08A3,0x08A3,0x08A3,
  0x08A3,0x08A3,0x08A3,0x08A3,0x08A3,0x08A3,0x08A3,0x08A3,0x08A3,0x08A3,0x0883,0x0883,0x0883,0x0883,0x0883,0x0883,
  0x0883,0x0883,0x0883,0x0883,0x0883,0x0883,0x0883,0x0883,0x0883,0x0883,0x0883,0x0883,0x0883,0x0883,0x0883,0x0883,
  0x0883,0x0883,0x0883,0x0883,0x0883,0x0883,0x0883,0x0883,0x0883,0x0883,0x0883,0x0883,0x0883,0x0883,0x0883,0x0883,
  0x0883,0x0883,0x0883,0x0883,0x0883,0x0882,0x0882,0x0882,0x0882,0x0882,0x0882,0x0882,0x0882,0x1146,0x08C4,0x0882,
  0x0882,0x19A7,0x08C3,0x0041,0x0041,0x0041,0x0041,0x2209,0x08A3,0x08A3,0x08A3,0x08A3,0x08A3,0x08A3,0x08A3,0x08A3,
  0x08A3,0x08A3,0x08A3,0x08A3,0x08A3,0x08A3,0x08A3,0x08A3,0x08A3,0x08A3,0x08A3,0x08A3,0x08A3,0x08A3,0x08A3,0x08A3,
  0x08A3,0x08A3,0x08A3,0x08A3,0x08A3,0x08A3,0x08A3,0x08A3,0x08A3,0x08A3,0x08A3,0x08A3,0x08A3,0x08A3,0x08A3,0x08A3,
  0x08A3,0x08A3,0x08A3,0x08A3,0x08A3,0x08A3,0x08A3,0x08A3,0x08A3,0x08A3,0x08A3,0x08A3,0x08A3,0x08A3,0x08A3,0x08A3,
  0x08A3,0x08A3,0x08A3,0x08A3,0x08A3,0x08A3,0x08A3,0x08A3,0x08A3,0x08A3,0x08A3,0x08A3,0x08A3,0x08A3,0x08A3,0x08A3,
  0x08A3,0x08A3,0x08A3,0x08A3,0x08A3,0x08A3,0x08A3,0x08A3,0x08A3,0x08A3,0x08A3,0x08A3,0x08A3,0x08A3,0x08A3,0x0883,
  0x0883,0x0883,0x0883,0x0883,0x0883,0x0883,0x0883,0x0883,0x0883,0x0883,0x0883,0x0883,0x0883,0x0883,0x0883,0x0883,
  0x0883,0x0883,0x0883,0x0883,0x0883,0x0883,0x0883,0x0883,0x0883,0x0883,0x0883,0x0883,0x0883,0x0883,0x0883,0x0883,
  0x0883,0x0883,0x0883,0x0883,0x0883,0x0882,0x0882,0x0882,0x0882,0x0882,0x0882,0x0882,0x0882,0x0882,0x0882,0x0882,
  0x0882,0x0882,0x0882,0x0882,0x0882,0x0882,0x0882,0x0882,0x0882,0x0882,0x0882,0x0882,0x0882,0x0882,0x0882,0x0882,
  0x0882,0x0882,0x0882,0x0882,0x0882,0x0882,0x19A7,0x08C3,0x0041,0x0041,0x0041,0x0041,0x0041,0x0041,0x0041,0x0041,
  0x0041,0x0041,0x0041,0x0041,0x0041,0x0041,0x0041,0x0041,0x0041,0x2209,0x08A3,0x08A3,0x08A3,0x1987,0x08A3,0x08A3,
  0x08A3,0x08A3,0x08A3,0x08A3,0x08A3,0x08A3,0x08A3,0x08A3,0x08A3,0x08A3,0x08A3,0x1966,0x1987,0x0882,0x0882,0x0882,
  0x0882,0x0882,0x1966,0x1105,0x0882,0x0882,0x0882,0x0882,0x0882,0x0882,0x0882,0x0882,0x0882,0x0882,0x0882,0x0882,
  0x0882,0x0882,0x0882,0x0882,0x0882,0x0882,0x0882,0x0882,0x0882,0x0882,0x0882,0x0882,0x0882,0x0882,0x1105,0x21C8,
  0x0883,0x0882,0x0882,0x0882,0x0882,0x1125,0x21A8,0x08A3,0x08A3,0x08A3,0x08A3,0x08A3,0x08A3,0x08A3,0x08A3,0x08A3,
  0x08A3,0x08A3,0x08A3,0x08A3,0x08A3,0x08A3,0x08A3,0x08A3,0x08A3,0x08A3,0x0883,0x0883,0x0883,0x0883,0x0883,0x0883,
  0x0883,0x0883,0x0883,0x0883,0x0883,0x0883,0x0883,0x0883,0x0883,0x0883,0x0883,0x0883,0x0883,0x0883,0x0883,0x0883,
  0x0883,0x0883,0x0883,0x0883,0x0883,0x0883,0x0883,0x0883,0x0883,0x0883,0x0883,0x0883,0x0883,0x0883,0x0883,0x0883,
  0x0883,0x0883,0x0883,0x0883,0x0882,0x0882,0x0882,0x0882,0x0882,0x0882,0x0882,0x0882,0x0882,0x1146,0x08C4,0x0882,
  0x0882,0x19A7,0x08C3,0x0041,0x0041,0x0041,0x0041,0x2209,0x08A3,0x08A3,0x08A3,0x08A3,0x08A3,0x08A3,0x08A3,0x08A3,
  0x08A3,0x08A3,0x08A3,0x08A3,0x08A3,0x08A3,0x08A3,0x08A3,0x08A3,0x08A3,0x08A3,0x08A3,0x08A3,0x08A3,0x08A3,0x08A3,
  0x08A3,0x08A3,0x08A3,0x08A3,0x08A3,0x08A3,0x08A3,0x08A3,0x08A3,0x08A3,0x08A3,0x08A3,0x08A3,0x08A3,0x08A3,0x08A3,
  0x08A3,0x08A3,0x08A3,0x08A3,0x08A3,0x08A3,0x08A3,0x08A3,0x08A3,0x08A3,0x08A3,0x08A3,0x08A3,0x08A3,0x08A3,0x08A3,
  0x08A3,0x08A3,0x08A3,0x08A3,0x08A3,0x08A3,0x08A3,0x08A3,0x08A3,0x08A3,0x08A3,0x08A3,0x08A3,0x08A3,0x08A3,0x08A3,
  0x08A3,0x08A3,0x08A3,0x08A3,0x08A3,0x08A3,0x08A3,0x08A3,0x08A3,0x08A3,0x08A3,0x08A3,0x08A3,0x0883,0x0883,0x0883,
  0x0883,0x0883,0x0883,0x0883,0x0883,0x0883,0x0883,0x0883,0x0883,0x0883,0x0883,0x0883,0x0883,0x0883,0x0883,0x0883,
  0x0883,0x0883,0x0883,0x0883,0x0883,0x0883,0x0883,0x0883,0x0883,0x0883,0x0883,0x0883,0x0883,0x0883,0x0883,0x0883,
  0x0883,0x0883,0x0883,0x0882,0x0882,0x0882,0x0882,0x0882,0x0882,0x0882,0x0882,0x0882,0x0882,0x0882,0x0882,0x0882,
  0x0882,0x0882,0x0882,0x0882,0x0882,0x0882,0x0882,0x0882,0x0882,0x0882,0x0882,0x0882,0x0882,0x0882,0x0882,0x0882,
  0x0882,0x0882,0x0882,0x0882,0x0882,0x0882,0x19A7,0x08C3,0x0041,0x0041,0x0041,0x0041,0x0041,0x0041,0x0041,0x0041,
  0x0041,0x0041,0x0041,0x0041,0x0041,0x0041,0x0041,0x0041,0x0041,0x2209,0x08A3,0x08A3,0x08A3,0x1987,0x08A3,0x08A3,
  0x08A3,0x08A3,0x08A3,0x08A3,0x08A3,0x08A3,0x08A3,0x08A3,0x08A3,0x08A3,0x08C4,0x21E8,0x0883,0x0882,0x0882,0x0882,
  0x0882,0x1946,0x1987,0x0882,0x0882,0x0882,0x0882,0x0882,0x0882,0x0882,0x0882,0x0882,0x0882,0x0882,0x0882,0x0882,
  0x0882,0x0882,0x0882,0x0882,0x0882,0x0882,0x0882,0x0882,0x0882,0x0882,0x0882,0x0882,0x0882,0x0882,0x0882,0x10E4,
  0x0883,0x0882,0x0882,0x0882,0x0882,0x0882,0x19A7,0x1125,0x08A3,0x08A3,0x08A3,0x08A3,0x08A3,0x08A3,0x08A3,0x08A3,
  0x08A3,0x08A3,0x08A3,0x08A3,0x08A3,0x08A3,0x08A3,0x08A3,0x08A3,0x0883,0x0883,0x0883,0x0883,0x0883,0x0883,0x0883,
  0x0883,0x0883,0x0883,0x0883,0x0883,0x0883,0x0883,0x0883,0x0883,0x0883,0x0883,0x0883,0x0883,0x0883,0x0883,0x0883,
  0x0883,0x0883,0x0883,0x0883,0x0883,0x0883,0x0883,0x0883,0x0883,0x0883,0x0883,0x0883,0x0883,0x0883,0x0883,0x0883,
  0x0883,0x0883,0x0883,0x0883,0x0882,0x0882,0x0882,0x0882,0x0882,0x0882,0x0882,0x0882,0x0882,0x1146,0x08C4,0x0882,
  0x0882,0x19A7,0x08C3,0x0041,0x0041,0x0041,0x0041,0x2209,0x08A3,0x08A3,0x08A3,0x08A3,0x08A3,0x08A3,0x08A3,0x08A3,
  0x08A3,0x08A3,0x08A3,0x08A3,0x08A3,0x08A3,0x08A3,0x08A3,0x08A3,0x08A3,0x08A3,0x08A3,0x08A3,0x08A3,0x08A3,0x08A3,
  0x08A3,0x08A3,0x08A3,0x08A3,0x08A3,0x08A3,0x08A3,0x08A3,0x08A3,0x08A3,0x08A3,0x08A3,0x08A3,0x08A3,0x08A3,0x08A3,
  0x08A3,0x08A3,0x08A3,0x08A3,0x08A3,0x08A3,0x08A3,0x08A3,0x08A3,0x08A3,0x08A3,0x08A3,0x08A3,0x08A3,0x08A3,0x08A3,
  0x08A3,0x08A3,0x08A3,0x08A3,0x08A3,0x08A3,0x08A3,0x08A3,0x08A3,0x08A3,0x08A3,0x08A3,0x08A3,0x08A3,0x08A3,0x08A3,
  0x08A3,0x08A3,0x08A3,0x08A3,0x08A3,0x08A3,0x08A3,0x08A3,0x08A3,0x08A3,0x08A3,0x0883,0x0883,0x0883,0x0883,0x0883,
  0x0883,0x0883,0x0883,0x0883,0x0883,0x0883,0x0883,0x0883,0x0883,0x0883,0x0883,0x0883,0x0883,0x0883,0x0883,0x0883,
  0x0883,0x0883,0x0883,0x0883,0x0883,0x0883,0x0883,0x0883,0x0883,0x0883,0x0883,0x0883,0x0883,0x0883,0x0883,0x0883,
  0x0883,0x0882,0x0882,0x0882,0x0882,0x0882,0x0882,0x0882,0x0882,0x0882,0x0882,0x0882,0x0882,0x0882,0x0882,0x0882,
  0x0882,0x0882,0x0882,0x0882,0x0882,0x0882,0x0882,0x0882,0x0882,0x0882,0x0882,0x0882,0x0882,0x0882,0x0882,0x0882,
  0x0882,0x0882,0x0882,0x0882,0x0882,0x1D57,0x2598,0x08C3,0x0041,0x0041,0x0041,0x0041,0x0041,0x0041,0x0041,0x0041,
  0x0041,0x0041,0x0041,0x0041,0x0041,0x0041,0x0041,0x0041,0x0041,0x2209,0x08A3,0x08A3,0x08A3,0x1987,0x08A3,0x08A3,
  0x08A3,0x08A3,0x08A3,0x08A3,0x08A3,0x08A3,0x08A3,0x08A3,0x08A3,0x08A3,0x19A7,0x1125,0x0882,0x0882,0x0882,0x0882,
  0x0882,0x08A3,0x0883,0x0882,0x0882,0x0882,0x0882,0x0882,0x0882,0x0882,0x0882,0x0882,0x0882,0x0882,0x0882,0x0882,
  0x0882,0x0882,0x0882,0x0882,0x0882,0x0882,0x0882,0x0882,0x0882,0x0882,0x0882,0x0882,0x0882,0x0882,0x0882,0x0882,
  0x0882,0x0882,0x0882,0x0882,0x0882,0x0882,0x08C3,0x21E8,0x08A3,0x08A3,0x08A3,0x08A3,0x08A3,0x08A3,0x08A3,0x08A3,
  0x08A3,0x08A3,0x08A3,0x08A3,0x08A3,0x08A3,0x08A3,0x08A3,0x0883,0x0883,0x0883,0x0883,0x0883,0x0883,0x0883,0x0883,
  0x0883,0x0883,0x0883,0x0883,0x0883,0x0883,0x0883,0x0883,0x0883,0x0883,0x0883,0x0883,0x0883,0x0883,0x0883,0x0883,
  0x0883,0x0883,0x0883,0x0883,0x0883,0x0883,0x0883,0x0883,0x0883,0x0883,0x0883,0x0883,0x0883,0x0883,0x0883,0x0883,
  0x0883,0x0883,0x0883,0x0882,0x0882,0x0882,0x0882,0x0882,0x0882,0x0882,0x0882,0x0882,0x0882,0x1146,0x08C4,0x0882,
  0x0882,0x19A7,0x08C3,0x0041,0x0041,0x0041,0x0041,0x2209,0x08A3,0x08A3,0x08A3,0x08A3,0x08A3,0x08A3,0x08A3,0x08A3,
  0x08A3,0x08A3,0x08A3,0x08A3,0x08A3,0x08A3,0x08A3,0x08A3,0x08A3,0x08A3,0x08A3,0x08A3,0x08A3,0x08A3,0x08A3,0x08A3,
  0x08A3,0x08A3,0x08A3,0x08A3,0x08A3,0x08A3,0x08A3,0x08A3,0x08A3,0x08A3,0x08A3,0x08A3,0x08A3,0x08A3,0x08A3,0x08A3,
  0x08A3,0x08A3,0x08A3,0x08A3,0x08A3,0x08A3,0x08A3,0x08A3,0x08A3,0x08A3,0x08A3,0x08A3,0x08A3,0x08A3,0x08A3,0x08A3,
  0x08A3,0x08A3,0x08A3,0x08A3,0x08A3,0x08A3,0x08A3,0x08A3,0x08A3,0x08A3,0x08A3,0x08A3,0x08A3,0x08A3,0x08A3,0x08A3,
  0x08A3,0x08A3,0x08A3,0x08A3,0x08A3,0x08A3,0x08A3,0x08A3,0x08A3,0x0883,0x0883,0x0883,0x0883,0x0883,0x0883,0x0883,
  0x0883,0x0883,0x0883,0x0883,0x0883,0x0883,0x0883,0x0883,0x0883,0x0883,0x0883,0x0883,0x0883,0x0883,0x0883,0x0883,
  0x0883,0x0883,0x0883,0x0883,0x0883,0x0883,0x0883,0x0883,0x0883,0x0883,0x0883,0x0883,0x0883,0x0883,0x0883,0x0882,
  0x0882,0x0882,0x0882,0x0882,0x0882,0x0882,0x0882,0x0882,0x0882,0x0882,0x0882,0x0882,0x0882,0x0882,0x0882,0x0882,
  0x0882,0x0882,0x0882,0x0882,0x0882,0x0882,0x0882,0x0882,0x0882,0x0882,0x0882,0x0882,0x0882,0x0882,0x0882,0x0882,
  0x0882,0x0882,0x0882,0x0882,0x0882,0x1D57,0x2598,0x08C3,0x0041,0x0041,0x0041,0x0041,0x0041,0x0041,0x0041,0x0041,
  0x0041,0x0041,0x0041,0x0041,0x0041,0x0041,0x0041,0x0041,0x0041,0x2209,0x08A3,0x08A3,0x08A3,0x1987,0x08A3,0x08A3,
  0x08A3,0x08A3,0x08A3,0x08A3,0x08A3,0x08A3,0x08A3,0x08A3,0x08A3,0x08C4,0x21C8,0x0882,0x0882,0x0882,0x0882,0x0883,
  0x0883,0x0882,0x0882,0x0882,0x0882,0x0882,0x0882,0x0882,0x0882,0x0882,0x0882,0x0882,0x0882,0x0882,0x0882,0x0882,
  0x0882,0x0882,0x0882,0x0882,0x0882,0x0882,0x0882,0x0882,0x0882,0x0882,0x0882,0x0882,0x0882,0x0882,0x0882,0x0882,
  0x0882,0x21C8,0x08C3,0x0882,0x0882,0x0882,0x0882,0x1966,0x1125,0x08A3,0x08A3,0x08A3,0x08A3,0x08A3,0x08A3,0x08A3,
  0x08A3,0x08A3,0x08A3,0x08A3,0x08A3,0x08A3,0x08A3,0x0883,0x0883,0x0883,0x0883,0x0883,0x0883,0x0883,0x0883,0x0883,
  0x0883,0x0883,0x0883,0x0883,0x0883,0x0883,0x0883,0x0883,0x0883,0x0883,0x0883,0x0883,0x0883,0x0883,0x0883,0x0883,
  0x0883,0x0883,0x0883,0x0883,0x0883,0x0883,0x0883,0x0883,0x0883,0x0883,0x0883,0x0883,0x0883,0x0883,0x0883,0x0883,
  0x0883,0x0883,0x0882,0x0882,0x0882,0x0882,0x0882,0x0882,0x0882,0x0882,0x0882,0x0882,0x0882,0x1146,0x08C4,0x0882,
  0x0882,0x19A7,0x08C3,0x0041,0x0041,0x0041,0x0041,0x2209,0x08A3,0x08A3,0x08A3,0x08A3,0x08A3,0x08A3,0x08A3,0x08A3,
  0x08A3,0x08A3,0x08A3,0x08A3,0x08A3,0x08A3,0x08A3,0x08A3,0x08A3,0x08A3,0x08A3,0x08A3,0x08A3,0x08A3,0x08A3,0x08A3,
  0x08A3,0x08A3,0x08A3,0x08A3,0x08A3,0x08A3,0x08A3,0x08A3,0x08A3,0x08A3,0x08A3,0x08A3,0x08A3,0x08A3,0x08A3,0x08A3,
  0x08A3,0x08A3,0x08A3,0x08A3,0x08A3,0x08A3,0x08A3,0x08A3,0x08A3,0x08A3,0x08A3,0x08A3,0x08A3,0x08A3,0x08A3,0x08A3,
  0x08A3,0x08A3,0x08A3,0x08A3,0x08A3,0x08A3,0x08A3,0x08A3,0x08A3,0x08A3,0x08A3,0x08A3,0x08A3,0x08A3,0x08A3,0x08A3,
  0x08A3,0x08A3,0x08A3,0x08A3,0x08A3,0x08A3,0x08A3,0x0883,0x0883,0x0883,0x0883,0x0883,0x0883,0x0883,0x0883,0x0883,
  0x0883,0x0883,0x0883,0x0883,0x0883,0x0883,0x0883,0x0883,0x0883,0x0883,0x0883,0x0883,0x0883,0x0883,0x0883,0x0883,
  0x0883,0x0883,0x0883,0x0883,0x0883,0x0883,0x0883,0x0883,0x0883,0x0883,0x0883,0x0883,0x0883,0x0882,0x0882,0x0882,
  0x0882,0x0882,0x0882,0x0882,0x0882,0x0882,0x0882,0x0882,0x0882,0x0882,0x0882,0x0882,0x0882,0x0882,0x0882,0x0882,
  0x0882,0x0882,0x0882,0x0882,0x0882,0x0882,0x0882,0x0882,0x0882,0x0882,0x0882,0x0882,0x0882,0x0882,0x0882,0x0882,
  0x0882,0x0882,0x0882,0x0882,0x0882,0x1D57,0x2598,0x08C3,0x0041,0x0041,0x0041,0x0041,0x0041,0x0041,0x0041,0x0041,
  0x0041,0x0041,0x0041,0x0041,0x0041,0x0041,0x0041,0x0041,0x0041,0x2209,0x08A3,0x08A3,0x08A3,0x1987,0x08A3,0x08A3,
  0x08A3,0x08A3,0x08A3,0x08A3,0x08A3,0x08A3,0x08A3,0x08A3,0x08A3,0x1966,0x1946,0x0882,0x0882,0x0882,0x0882,0x1946,
  0x1946,0x0882,0x0882,0x0882,0x0882,0x0882,0x0882,0x0882,0x0882,0x0882,0x0882,0x0882,0x0882,0x0882,0x0882,0x0882,
  0x0882,0x0882,0x0882,0x0882,0x0882,0x0882,0x0882,0x0882,0x0882,0x0882,0x0882,0x0882,0x0882,0x0882,0x0882,0x0882,
  0x0882,0x10E4,0x21A7,0x0882,0x0882,0x0882,0x0882,0x10E4,0x21C8,0x08A3,0x08A3,0x08A3,0x08A3,0x08A3,0x08A3,0x08A3,
  0x08A3,0x08A3,0x08A3,0x08A3,0x08A3,0x08A3,0x0883,0x0883,0x0883,0x0883,0x0883,0x0883,0x0883,0x0883,0x0883,0x0883,
  0x0883,0x0883,0x0883,0x0883,0x0883,0x0883,0x0883,0x0883,0x0883,0x0883,0x0883,0x0883,0x0883,0x0883,0x0883,0x0883,
  0x0883,0x0883,0x0883,0x0883,0x0883,0x0883,0x0883,0x0883,0x0883,0x0883,0x0883,0x0883,0x0883,0x0883,0x0883,0x0883,
  0x0883,0x0882,0x0882,0x0882,0x0882,0x0882,0x0882,0x0882,0x0882,0x0882,0x0882,0x0882,0x0882,0x1146,0x08C4,0x0882,
  0x0882,0x19A7,0x08C3,0x0041,0x0041,0x0041,0x0041,0x2209,0x08A3,0x08A3,0x08A3,0x08A3,0x08A3,0x08A3,0x08A3,0x08A3,
  0x08A3,0x08A3,0x08A3,0x08A3,0x08A3,0x08A3,0x08A3,0x08A3,0x08A3,0x08A3,0x08A3,0x08A3,0x08A3,0x08A3,0x08A3,0x08A3,
  0x08A3,0x08A3,0x08A3,0x08A3,0x08A3,0x08A3,0x08A3,0x08A3,0x08A3,0x08A3,0x08A3,0x08A3,0x08A3,0x08A3,0x08A3,0x08A3,
  0x08A3,0x08A3,0x08A3,0x08A3,0x08A3,0x08A3,0x08A3,0x08A3,0x08A3,0x08A3,0x08A3,0x08A3,0x08A3,0x08A3,0x08A3,0x08A3,
  0x08A3,0x08A3,0x08A3,0x08A3,0x08A3,0x08A3,0x08A3,0x08A3,0x08A3,0x08A3,0x08A3,0x08A3,0x08A3,0x08A3,0x08A3,0x08A3,
  0x08A3,0x08A3,0x08A3,0x08A3,0x08A3,0x0883,0x0883,0x0883,0x0883,0x0883,0x0883,0x0883,0x0883,0x0883,0x0883,0x0883,
  0x0883,0x0883,0x0883,0x0883,0x0883,0x0883,0x0883,0x0883,0x0883,0x0883,0x0883,0x0883,0x0883,0x0883,0x0883,0x0883,
  0x0883,0x0883,0x0883,0x0883,0x0883,0x0883,0x0883,0x0883,0x0883,0x0883,0x0883,0x0882,0x0882,0x0882,0x0882,0x0882,
  0x0882,0x0882,0x0882,0x0882,0x0882,0x0882,0x0882,0x0882,0x0882,0x0882,0x0882,0x0882,0x0882,0x0882,0x0882,0x0882,
  0x0882,0x0882,0x0882,0x0882,0x0882,0x0882,0x0882,0x0882,0x0882,0x0882,0x0882,0x0882,0x0882,0x0882,0x0882,0x0882,
  0x0882,0x0882,0x0882,0x0882,0x0882,0x1D57,0x2598,0x08C3,0x0041,0x0041,0x0041,0x0041,0x0041,0x0041,0x0041,0x0041,
  0x0041,0x0041,0x0041,0x0041,0x0041,0x0041,0x0041,0x0041,0x0041,0x2209,0x08A3,0x08A3,0x08A3,0x1987,0x08A3,0x08A3,
  0x08A3,0x08A3,0x08A3,0x08A3,0x08A3,0x08A3,0x08A3,0x08A3,0x08C3,0x21E8,0x0883,0x0882,0x0882,0x0882,0x0883,0x21C8,
  0x0883,0x0882,0x0882,0x0882,0x0882,0x0882,0x0882,0x0882,0x0882,0x0882,0x0882,0x0882,0x0882,0x0882,0x0882,0x0882,
  0x0882,0x0882,0x0882,0x0882,0x0882,0x0882,0x0882,0x0882,0x0882,0x0882,0x0882,0x0882,0x0882,0x0882,0x0882,0x0882,
  0x0882,0x0882,0x08C3,0x0882,0x0882,0x0882,0x0882,0x0882,0x21A8,0x10E4,0x08A3,0x08A3,0x08A3,0x08A3,0x08A3,0x08A3,
  0x08A3,0x08A3,0x08A3,0x08A3,0x08A3,0x0883,0x0883,0x0883,0x0883,0x0883,0x0883,0x0883,0x0883,0x0883,0x0883,0x0883,
  0x0883,0x0883,0x0883,0x0883,0x0883,0x0883,0x0883,0x0883,0x0883,0x0883,0x0883,0x0883,0x0883,0x0883,0x0883,0x0883,
  0x0883,0x0883,0x0883,0x0883,0x0883,0x0883,0x0883,0x0883,0x0883,0x0883,0x0883,0x0883,0x0883,0x0883,0x0883,0x0883,
  0x0882,0x0882,0x0882,0x0882,0x0882,0x0882,0x0882,0x0882,0x0882,0x0882,0x0882,0x0882,0x0882,0x1146,0x08C4,0x0882,
  0x0882,0x19A7,0x08C3,0x0041,0x0041,0x0041,0x0041,0x2209,0x08A3,0x08A3,0x08A3,0x08A3,0x08A3,0x08A3,0x08A3,0x08A3,
  0x08A3,0x08A3,0x08A3,0x08A3,0x08A3,0x08A3,0x08A3,0x08A3,0x08A3,0x08A3,0x08A3,0x08A3,0x08A3,0x08A3,0x08A3,0x08A3,
  0x08A3,0x08A3,0x08A3,0x08A3,0x08A3,0x08A3,0x08A3,0x08A3,0x08A3,0x08A3,0x08A3,0x08A3,0x08A3,0x08A3,0x08A3,0x08A3,
  0x08A3,0x08A3,0x08A3,0x08A3,0x08A3,0x08A3,0x08A3,0x08A3,0x08A3,0x08A3,0x08A3,0x08A3,0x08A3,0x08A3,0x08A3,0x08A3,
  0x08A3,0x08A3,0x08A3,0x08A3,0x08A3,0x08A3,0x08A3,0x08A3,0x08A3,0x08A3,0x08A3,0x08A3,0x08A3,0x08A3,0x08A3,0x08A3,
  0x08A3,0x08A3,0x08A3,0x0883,0x0883,0x0883,0x0883,0x0883,0x0883,0x0883,0x0883,0x0883,0x0883,0x0883,0x0883,0x0883,
  0x0883,0x0883,0x0883,0x0883,0x0883,0x0883,0x0883,0x0883,0x0883,0x0883,0x0883,0x0883,0x0883,0x0883,0x0883,0x0883,
  0x0883,0x0883,0x0883,0x0883,0x0883,0x0883,0x0883,0x0883,0x0883,0x0882,0x0882,0x0882,0x0882,0x0882,0x0882,0x0882,
  0x0882,0x0882,0x0882,0x0882,0x0882,0x0882,0x0882,0x0882,0x0882,0x0882,0x0882,0x0882,0x0882,0x0882,0x0882,0x0882,
  0x0882,0x0882,0x0882,0x0882,0x0882,0x0882,0x0882,0x0882,0x0882,0x0882,0x0882,0x0882,0x0882,0x0882,0x0882,0x0882,
  0x0882,0x0882,0x0882,0x0882,0x0882,0x1D57,0x2598,0x08C3,0x0041,0x0041,0x0041,0x0041,0x0041,0x0041,0x0041,0x0041,
  0x0041,0x0041,0x0041,0x0041,0x0041,0x0041,0x0041,0x0041,0x0041,0x2209,0x08A3,0x08A3,0x08A3,0x1987,0x08A3,0x08A3,
  0x08A3,0x08A3,0x08A3,0x08A3,0x08A3,0x08A3,0x08A3,0x08A3,0x1105,0x1987,0x0882,0x0882,0x0882,0x0882,0x0882,0x08C3,
  0x0882,0x0882,0x0882,0x0882,0x0882,0x0882,0x0882,0x0882,0x0882,0x0882,0x0882,0x0882,0x0882,0x0882,0x0882,0x0882,
  0x0882,0x0882,0x0882,0x0882,0x0882,0x0882,0x0882,0x0882,0x0882,0x0882,0x0882,0x0882,0x0882,0x0882,0x0882,0x0882,
  0x0882,0x0882,0x0882,0x0882,0x0882,0x0882,0x0882,0x0882,0x1125,0x1966,0x08A3,0x08A3,0x08A3,0x08A3,0x08A3,0x08A3,
  0x08A3,0x08A3,0x08A3,0x08A3,0x08A3,0x0883,0x0883,0x0883,0x0883,0x0883,0x0883,0x0883,0x0883,0x0883,0x0883,0x0883,
  0x0883,0x0883,0x0883,0x0883,0x0883,0x0883,0x0883,0x0883,0x0883,0x0883,0x0883,0x0883,0x0883,0x0883,0x0883,0x0883,
  0x0883,0x0883,0x0883,0x0883,0x0883,0x0883,0x0883,0x0883,0x0883,0x0883,0x0883,0x0883,0x0883,0x0883,0x0883,0x0882,
  0x0882,0x0882,0x0882,0x0882,0x0882,0x0882,0x0882,0x0882,0x0882,0x0882,0x0882,0x0882,0x0882,0x1146,0x08C4,0x0882,
  0x0882,0x19A7,0x08C3,0x0041,0x0041,0x0041,0x0041,0x2209,0x08A3,0x08A3,0x08A3,0x08A3,0x08A3,0x08A3,0x08A3,0x08A3,
  0x08A3,0x08A3,0x08A3,0x08A3,0x08A3,0x08A3,0x08A3,0x08A3,0x08A3,0x08A3,0x08A3,0x08A3,0x08A3,0x08A3,0x08A3,0x08A3,
  0x08A3,0x08A3,0x08A3,0x08A3,0x08A3,0x08A3,0x08A3,0x08A3,0x08A3,0x08A3,0x08A3,0x08A3,0x08A3,0x08A3,0x08A3,0x08A3,
  0x08A3,0x08A3,0x08A3,0x08A3,0x08A3,0x08A3,0x08A3,0x08A3,0x08A3,0x08A3,0x08A3,0x08A3,0x08A3,0x08A3,0x08A3,0x08A3,
  0x08A3,0x08A3,0x08A3,0x08A3,0x08A3,0x08A3,0x08A3,0x08A3,0x08A3,0x08A3,0x08A3,0x08A3,0x08A3,0x08A3,0x08A3,0x08A3,
  0x08A3,0x0883,0x0883,0x0883,0x0883,0x0883,0x0883,0x0883,0x0883,0x0883,0x0883,0x0883,0x0883,0x0883,0x0883,0x0883,
  0x0883,0x0883,0x0883,0x0883,0x0883,0x0883,0x0883,0x0883,0x0883,0x0883,0x0883,0x0883,0x0883,0x0883,0x0883,0x0883,
  0x0883,0x0883,0x0883,0x0883,0x0883,0x0883,0x0883,0x0882,0x0882,0x0882,0x0882,0x0882,0x0882,0x0882,0x0882,0x0882,
  0x0882,0x0882,0x0882,0x0882,0x0882,0x0882,0x0882,0x0882,0x0882,0x0882,0x0882,0x0882,0x0882,0x0882,0x0882,0x0882,
  0x0882,0x0882,0x0882,0x0882,0x0882,0x0882,0x0882,0x0882,0x0882,0x0882,0x0882,0x0882,0x0882,0x0882,0x0882,0x0882,
  0x0882,0x0882,0x0882,0x0882,0x0882,0x1D57,0x2598,0x08C3,0x0041,0x0041,0x0041,0x0041,0x0041,0x0041,0x0041,0x0041,
  0x0041,0x0041,0x0041,0x0041,0x0041,0x0041,0x0041,0x0041,0x0041,0x2209,0x08A3,0x08A3,0x08A3,0x1987,0x08A3,0x08A3,
  0x08A3,0x08A3,0x08A3,0x08A3,0x08A3,0x08A3,0x08A3,0x08A3,0x1966,0x1125,0x0882,0x0882,0x0882,0x0882,0x0882,0x0882,
  0x0882,0x0882,0x0882,0x0882,0x0882,0x0882,0x0882,0x0882,0x0882,0x0882,0x0882,0x0882,0x0882,0x0882,0x0882,0x0882,
  0x0882,0x0882,0x0882,0x0882,0x0882,0x0882,0x0882,0x0882,0x0882,0x0882,0x0882,0x0882,0x0882,0x0882,0x0882,0x0882,
  0x0882,0x0882,0x0882,0x1966,0x08A3,0x0882,0x0882,0x0882,0x08C3,0x21C8,0x08A3,0x08A3,0x08A3,0x08A3,0x08A3,0x08A3,
  0x08A3,0x08A3,0x08A3,0x08A3,0x0883,0x0883,0x0883,0x0883,0x0883,0x0883,0x0883,0x0883,0x0883,0x0883,0x0883,0x0883,
  0x0883,0x0883,0x0883,0x0883,0x0883,0x0883,0x0883,0x0883,0x0883,0x0883,0x0883,0x0883,0x0883,0x0883,0x0883,0x0883,
  0x0883,0x0883,0x0883,0x0883,0x0883,0x0883,0x0883,0x0883,0x0883,0x0883,0x0883,0x0883,0x0883,0x0883,0x0883,0x0882,
  0x0882,0x0882,0x0882,0x0882,0x0882,0x0882,0x0882,0x0882,0x0882,0x0882,0x0882,0x0882,0x0882,0x1146,0x08C4,0x0882,
  0x0882,0x19A7,0x08C3,0x0041,0x0041,0x0041,0x0041,0x2209,0x08A3,0x08A3,0x08A3,0x08A3,0x08A3,0x08A3,0x08A3,0x08A3,
  0x08A3,0x08A3,0x08A3,0x08A3,0x08A3,0x08A3,0x08A3,0x08A3,0x08A3,0x08A3,0x08A3,0x08A3,0x08A3,0x08A3,0x08A3,0x08A3,
  0x08A3,0x08A3,0x08A3,0x08A3,0x08A3,0x08A3,0x08A3,0x08A3,0x08A3,0x08A3,0x08A3,0x08A3,0x08A3,0x08A3,0x08A3,0x08A3,
  0x08A3,0x08A3,0x08A3,0x08A3,0x08A3,0x08A3,0x08A3,0x08A3,0x08A3,0x08A3,0x08A3,0x08A3,0x08A3,0x08A3,0x08A3,0x08A3,
  0x08A3,0x08A3,0x08A3,0x08A3,0x08A3,0x08A3,0x08A3,0x08A3,0x08A3,0x08A3,0x08A3,0x08A3,0x08A3,0x08A3,0x08A3,0x0883,
  0x0883,0x0883,0x0883,0x0883,0x0883,0x0883,0x0883,0x0883,0x0883,0x0883,0x0883,0x0883,0x0883,0x0883,0x0883,0x0883,
  0x0883,0x0883,0x0883,0x0883,0x0883,0x0883,0x0883,0x0883,0x0883,0x0883,0x0883,0x0883,0x0883,0x0883,0x0883,0x0883,
  0x0883,0x0883,0x0883,0x0883,0x0883,0x0882,0x0882,0x0882,0x0882,0x0882,0x0882,0x0882,0x0882,0x0882,0x0882,0x0882,
  0x0882,0x0882,0x0882,0x0882,0x0882,0x0882,0x0882,0x0882,0x0882,0x0882,0x0882,0x0882,0x0882,0x0882,0x0882,0x0882,
  0x0882,0x0882,0x0882,0x0882,0x0882,0x0882,0x0882,0x0882,0x0882,0x0882,0x0882,0x0882,0x0882,0x0882,0x0882,0x0882,
  0x0882,0x0882,0x0882,0x0882,0x0882,0x1D57,0x2598,0x08C3,0x0041,0x0041,0x0041,0x0041,0x0041,0x0041,0x0041,0x0041,
  0x0041,0x0041,0x0041,0x0041,0x0041,0x0041,0x0041,0x0041,0x0041,0x2209,0x08A3,0x08A3,0x08A3,0x1987,0x08A3,0x08A3,
  0x08A3,0x08A3,0x08A3,0x08A3,0x08A3,0x08A3,0x08A3,0x08A3,0x21C8,0x08C3,0x0882,0x0882,0x0882,0x08C3,0x1946,0x0882,
  0x0882,0x0882,0x0882,0x0882,0x0882,0x0882,0x0882,0x0882,0x0882,0x0882,0x0882,0x0882,0x0882,0x0882,0x0882,0x0882,
  0x0882,0x0882,0x0882,0x0882,0x0882,0x0882,0x0882,0x0882,0x0882,0x0882,0x0882,0x0882,0x0882,0x0882,0x0882,0x0882,
  0x0882,0x0882,0x0882,0x1966,0x1125,0x0882,0x0882,0x0882,0x0882,0x21E8,0x08C3,0x08A3,0x08A3,0x08A3,0x08A3,0x08A3,
  0x08A3,0x08A3,0x08A3,0x0883,0x0883,0x0883,0x0883,0x0883,0x0883,0x0883,0x0883,0x0883,0x0883,0x0883,0x0883,0x0883,
  0x0883,0x0883,0x0883,0x0883,0x0883,0x0883,0x0883,0x0883,0x0883,0x0883,0x0883,0x0883,0x0883,0x0883,0x0883,0x0883,
  0x0883,0x0883,0x0883,0x0883,0x0883,0x0883,0x0883,0x0883,0x0883,0x0883,0x0883,0x0883,0x0883,0x0883,0x0882,0x0882,
  0x0882,0x0882,0x0882,0x0882,0x0882,0x0882,0x0882,0x0882,0x0882,0x0882,0x0882,0x0882,0x0882,0x1146,0x08C4,0x0882,
  0x0882,0x19A7,0x08C3,0x0041,0x0041,0x0041,0x0041,0x2209,0x08A3,0x08A3,0x08A3,0x08A3,0x08A3,0x08A3,0x08A3,0x08A3,
  0x08A3,0x08A3,0x08A3,0x08A3,0x08A3,0x08A3,0x08A3,0x08A3,0x08A3,0x08A3,0x08A3,0x08A3,0x08A3,0x08A3,0x08A3,0x08A3,
  0x08A3,0x08A3,0x08A3,0x08A3,0x08A3,0x08A3,0x08A3,0x08A3,0x08A3,0x08A3,0x08A3,0x08A3,0x08A3,0x08A3,0x08A3,0x08A3,
  0x08A3,0x08A3,0x08A3,0x08A3,0x08A3,0x08A3,0x08A3,0x08A3,0x08A3,0x08A3,0x08A3,0x08A3,0x08A3,0x08A3,0x08A3,0x08A3,
  0x08A3,0x08A3,0x08A3,0x08A3,0x08A3,0x08A3,0x08A3,0x08A3,0x08A3,0x08A3,0x08A3,0x08A3,0x0883,0x0883,0x0883,0x0883,
  0x0883,0x0883,0x0883,0x0883,0x0883,0x0883,0x0883,0x0883,0x0883,0x0883,0x0883,0x0883,0x0883,0x0883,0x0883,0x0883,
  0x0883,0x0883,0x0883,0x0883,0x0883,0x0883,0x0883,0x0883,0x0883,0x0883,0x0883,0x0883,0x0883,0x0883,0x0883,0x0883,
  0x0883,0x0883,0x0883,0x0882,0x0882,0x0882,0x0882,0x0882,0x0882,0x0882,0x0882,0x0882,0x0882,0x0882,0x0882,0x0882,
  0x0882,0x0882,0x0882,0x0882,0x0882,0x0882,0x0882,0x0882,0x0882,0x0882,0x0882,0x0882,0x0882,0x0882,0x0882,0x0882,
  0x0882,0x0882,0x0882,0x0882,0x0882,0x0882,0x0882,0x0882,0x0882,0x0882,0x0882,0x0882,0x0882,0x0882,0x1D57,0x1D57,
  0x1D57,0x1D57,0x1D57,0x1D57,0x1D57,0x1D57,0x2598,0x08C3,0x0041,0x0041,0x0041,0x0041,0x0041,0x0041,0x0041,0x0041,
  0x0041,0x0041,0x0041,0x0041,0x0041,0x0041,0x0041,0x0041,0x0041,0x2209,0x08A3,0x08A3,0x08A3,0x1987,0x08A3,0x08A3,
  0x08A3,0x08A3,0x08A3,0x08A3,0x08A3,0x08A3,0x08A3,0x08C3,0x21E8,0x0882,0x0882,0x0882,0x0882,0x1125,0x1966,0x0882,
  0x0882,0x0882,0x0882,0x0882,0x0882,0x0882,0x0882,0x0882,0x0882,0x0882,0x0882,0x0882,0x0882,0x0882,0x0882,0x0882,
  0x0882,0x0882,0x0882,0x0882,0x0882,0x0882,0x0882,0x0882,0x0882,0x0882,0x0882,0x0882,0x0882,0x0882,0x0882,0x0882,
  0x0882,0x0882,0x0882,0x10E4,0x1946,0x0882,0x0882,0x0882,0x0882,0x1987,0x1105,0x08A3,0x08A3,0x08A3,0x08A3,0x08A3,
  0x08A3,0x08A3,0x0883,0x2166,0x6C11,0x5B6E,0x6BF0,0x1925,0x0883,0x08A3,0x8493,0x08A3,0x0883,0x0883,0x08A3,0x8493,
  0x08A3,0x3A29,0x5B6E,0x08A3,0x0883,0x0883,0x0883,0x0883,0x0883,0x0883,0x0883,0x0883,0x0883,0x0883,0x0883,0x0883,
  0x0883,0x0883,0x0883,0x0883,0x0883,0x0883,0x0883,0x0883,0x0883,0x0883,0x0883,0x0883,0x0883,0x0882,0x0882,0x0882,
  0x0882,0x0882,0x0882,0x0882,0x0882,0x0882,0x0882,0x0882,0x0882,0x0882,0x0882,0x0882,0x0882,0x1146,0x08C4,0x0882,
  0x0882,0x19A7,0x08C3,0x0041,0x0041,0x0041,0x0041,0x21E8,0x2209,0x2209,0x2209,0x2209,0x2209,0x2209,0x2209,0x2209,
  0x2209,0x2209,0x2209,0x2209,0x2209,0x2209,0x2209,0x2209,0x2209,0x2209,0x2209,0x2209,0x2209,0x2209,0x2209,0x2209,
  0x2209,0x2209,0x2209,0x2209,0x2209,0x2209,0x2209,0x2209,0x2209,0x2209,0x2209,0x2209,0x2209,0x2209,0x2209,0x2209,
  0x2209,0x2209,0x2209,0x2209,0x2209,0x2209,0x2209,0x2209,0x2209,0x2209,0x2209,0x2209,0x2209,0x2209,0x2209,0x2209,
  0x2209,0x2209,0x2209,0x2209,0x2209,0x2209,0x2209,0x2209,0x2209,0x2209,0x2209,0x2209,0x2209,0x2209,0x2209,0x2209,
  0x2209,0x2209,0x2209,0x2209,0x2209,0x2209,0x2209,0x2209,0x2209,0x2209,0x2209,0x2209,0x2209,0x2209,0x2209,0x2209,
  0x2209,0x2209,0x2209,0x2209,0x2209,0x2209,0x2209,0x2209,0x2209,0x2209,0x2209,0x2209,0x2209,0x2209,0x2209,0x2209,
  0x2209,0x2209,0x2209,0x2209,0x2209,0x2209,0x2209,0x2209,0x2209,0x2209,0x2209,0x2209,0x2209,0x2209,0x2209,0x2209,
  0x2209,0x2209,0x2209,0x2209,0x2209,0x2209,0x2209,0x2209,0x2209,0x2209,0x2209,0x2209,0x2209,0x2209,0x2209,0x2209,
  0x2209,0x2209,0x2209,0x2209,0x2209,0x2209,0x2209,0x2209,0x2209,0x2209,0x2209,0x2209,0x2209,0x2209,0x25B9,0x25B9,
  0x25B9,0x25B9,0x25B9,0x25B9,0x25B9,0x25B9,0x25B9,0x08A3,0x0041,0x0041,0x0041,0x0041,0x0041,0x0041,0x0041,0x0041,
  0x0041,0x0041,0x0041,0x0041,0x0041,0x0041,0x0041,0x0041,0x0041,0x2209,0x08A3,0x08A3,0x08A3,0x1987,0x08A3,0x08A3,
  0x08A3,0x08A3,0x08A3,0x08A3,0x08A3,0x08A3,0x08A3,0x10E4,0x19A7,0x0882,0x0882,0x0882,0x0882,0x1946,0x10E4,0x0882,
  0x0882,0x0882,0x0882,0x0882,0x0882,0x0882,0x0882,0x0882,0x0882,0x0882,0x0882,0x0882,0x0882,0x0882,0x0882,0x0882,
  0x0882,0x0882,0x0882,0x0882,0x0882,0x0882,0x0882,0x0882,0x0882,0x0882,0x0882,0x0882,0x0882,0x0882,0x0882,0x0882,
  0x0882,0x0882,0x0882,0x0882,0x0882,0x0882,0x0882,0x0882,0x0882,0x1946,0x1946,0x08A3,0x08A3,0x08A3,0x08A3,0x08A3,
  0x08A3,0x0883,0x0883,0x6BD0,0x29A7,0x0883,0x3208,0x426A,0x0883,0x08A3,0x8493,0x08A3,0x0883,0x0883,0x08A3,0x8493,
  0x31E8,0x63AF,0x08C3,0x0883,0x0883,0x0883,0x0883,0x0883,0x0883,0x0883,0x0883,0x0883,0x0883,0x0883,0x0883,0x0883,
  0x0883,0x0883,0x0883,0x0883,0x0883,0x0883,0x0883,0x0883,0x0883,0x0883,0x0883,0x0883,0x0882,0x0882,0x0882,0x0882,
  0x0882,0x0882,0x0882,0x0882,0x0882,0x0882,0x0882,0x0882,0x0882,0x0882,0x0882,0x0882,0x0882,0x1146,0x08C4,0x0882,
  0x0882,0x19A7,0x08C3,0x0041,0x0041,0x0041,0x0041,0x0062,0x0062,0x0062,0x0062,0x0062,0x0062,0x0062,0x0062,0x0062,
  0x0062,0x0062,0x0062,0x0062,0x0062,0x0062,0x0062,0x0062,0x0062,0x0062,0x0062,0x0062,0x0062,0x0062,0x0062,0x0062,
  0x0062,0x0062,0x0062,0x0062,0x0062,0x0062,0x0062,0x0062,0x0062,0x0062,0x0062,0x0062,0x0062,0x0062,0x0062,0x0062,
  0x0062,0x0062,0x0062,0x0062,0x0062,0x0062,0x0062,0x0062,0x0062,0x0062,0x0062,0x0062,0x0062,0x0062,0x0062,0x0062,
  0x0062,0x0062,0x0062,0x0062,0x0062,0x0062,0x0062,0x0062,0x0062,0x0062,0x0062,0x0062,0x0062,0x0062,0x0062,0x0062,
  0x0062,0x0062,0x0062,0x0062,0x0062,0x0062,0x0062,0x0062,0x0062,0x0062,0x0062,0x0062,0x0062,0x0062,0x0062,0x0062,
  0x0062,0x0062,0x0062,0x0062,0x0062,0x0062,0x0062,0x0062,0x0062,0x0062,0x0062,0x0062,0x0062,0x0062,0x0062,0x0062,
  0x0062,0x0062,0x0062,0x0062,0x0062,0x0062,0x0062,0x0062,0x0062,0x0062,0x0062,0x0062,0x0062,0x0062,0x0062,0x0062,
  0x0062,0x0062,0x0062,0x0061,0x0061,0x0061,0x0061,0x0061,0x0061,0x0061,0x0061,0x0061,0x0061,0x0061,0x0061,0x0061,
  0x0061,0x0061,0x0061,0x0061,0x0061,0x0061,0x0061,0x0061,0x0061,0x0061,0x0061,0x0061,0x0061,0x0061,0x0061,0x0061,
  0x0061,0x0061,0x0061,0x0061,0x0061,0x0061,0x0061,0x0041,0x0041,0x0041,0x0041,0x0041,0x0041,0x0041,0x0041,0x0041,
  0x0041,0x0041,0x0041,0x0041,0x0041,0x0041,0x0041,0x0041,0x0041,0x2209,0x08A3,0x08A3,0x08A3,0x1987,0x08A3,0x08A3,
  0x08A3,0x08A3,0x08A3,0x08A3,0x08A3,0x08A3,0x08A3,0x1125,0x1987,0x0882,0x0882,0x0882,0x0882,0x0882,0x0882,0x0882,
  0x0882,0x0882,0x0882,0x0882,0x0882,0x0882,0x0882,0x0882,0x0882,0x0882,0x0882,0x0882,0x0882,0x0882,0x0882,0x0882,
  0x0882,0x0882,0x0882,0x0882,0x0882,0x0882,0x0882,0x0882,0x0882,0x0882,0x0882,0x0882,0x0882,0x0882,0x0882,0x0882,
  0x0882,0x0882,0x0882,0x0882,0x0882,0x0882,0x0882,0x0882,0x0882,0x1125,0x1966,0x08A3,0x08A3,0x08A3,0x08A3,0x08A3,
  0x0883,0x0883,0x0883,0x7C93,0x10C4,0x0883,0x0883,0x0883,0x0883,0x08A3,0x8493,0x08A3,0x0883,0x0883,0x08A3,0x8493,
  0x7C73,0x2166,0x0883,0x0883,0x0883,0x0883,0x0883,0x0883,0x0883,0x0883,0x0883,0x0883,0x0883,0x0883,0x0883,0x0883,
  0x0883,0x0883,0x0883,0x0883,0x0883,0x0883,0x0883,0x0883,0x0883,0x0883,0x0883,0x0882,0x0882,0x0882,0x0882,0x0882,
  0x0882,0x0882,0x0882,0x0882,0x0882,0x0882,0x0882,0x0882,0x0882,0x0882,0x0882,0x0882,0x0882,0x1146,0x08C4,0x0882,
  0x0882,0x19A7,0x08C3,0x0041,0x0041,0x0041,0x0041,0x0041,0x0041,0x0041,0x0041,0x0041,0x0041,0x0041,0x0041,0x0041,
  0x0041,0x0041,0x0041,0x0041,0x0041,0x0041,0x0041,0x0041,0x0041,0x0041,0x0041,0x0041,0x0041,0x0041,0x0041,0x0041,
  0x0041,0x0041,0x0041,0x0041,0x0041,0x0041,0x0041,0x0041,0x0041,0x0041,0x0041,0x0041,0x0041,0x0041,0x0041,0x0041,
  0x0041,0x0041,0x0041,0x0041,0x0041,0x0041,0x0041,0x0041,0x0041,0x0041,0x0041,0x0041,0x0041,0x0041,0x0041,0x0041,
  0x0041,0x0041,0x0041,0x0041,0x0041,0x0041,0x0041,0x0041,0x0041,0x0041,0x0041,0x0041,0x0041,0x0041,0x0041,0x0041,
  0x0041,0x0041,0x0041,0x0041,0x0041,0x0041,0x0041,0x0041,0x0041,0x0041,0x0041,0x0041,0x0041,0x0041,0x0041,0x0041,
  0x0041,0x0041,0x0041,0x0041,0x0041,0x0041,0x0041,0x0041,0x0041,0x0041,0x0041,0x0041,0x0041,0x0041,0x0041,0x0041,
  0x0041,0x0041,0x0041,0x0041,0x0041,0x0041,0x0041,0x0041,0x0041,0x0041,0x0041,0x0041,0x0041,0x0041,0x0041,0x0041,
  0x0041,0x0041,0x0041,0x0041,0x0041,0x0041,0x0041,0x0041,0x0041,0x0041,0x0041,0x0041,0x0041,0x0041,0x0041,0x0041,
  0x0041,0x0041,0x0041,0x0041,0x0041,0x0041,0x0041,0x0041,0x0041,0x0041,0x0041,0x0041,0x0041,0x0041,0x0041,0x0041,
  0x0041,0x0041,0x0041,0x0041,0x0041,0x0041,0x0041,0x0041,0x0041,0x0041,0x0041,0x0041,0x0041,0x0041,0x0041,0x0041,
  0x0041,0x0041,0x0041,0x0041,0x0041,0x0041,0x0041,0x0041,0x0041,0x2209,0x08A3,0x08A3,0x08A3,0x1987,0x08A3,0x08A3,
  0x08A3,0x08A3,0x08A3,0x08A3,0x08A3,0x08A3,0x08A3,0x1946,0x1946,0x0882,0x0882,0x0882,0x0882,0x0882,0x0882,0x0882,
  0x0882,0x0882,0x0882,0x0882,0x0882,0x0882,0x0882,0x0882,0x0882,0x0882,0x0882,0x0882,0x0882,0x0882,0x0882,0x0882,
  0x0882,0x0882,0x0882,0x0882,0x0882,0x0882,0x0882,0x0882,0x0882,0x0882,0x0882,0x0882,0x0882,0x0882,0x0882,0x0882,
  0x0882,0x0882,0x0882,0x0882,0x21A7,0x10E4,0x0882,0x0882,0x0882,0x10E4,0x19A7,0x08A3,0x08A3,0x08A3,0x08A3,0x08A3,
  0x0883,0x0883,0x0883,0x7411,0x29A7,0x0883,0x3A29,0x3A4A,0x0883,0x08A3,0x8493,0x08A3,0x0883,0x0883,0x08A3,0x8493,
  0x428A,0x6BD0,0x08C3,0x0883,0x0883,0x0883,0x0883,0x0883,0x0883,0x0883,0x0883,0x0883,0x0883,0x0883,0x0883,0x0883,
  0x0883,0x0883,0x0883,0x0883,0x0883,0x0883,0x0883,0x0883,0x0883,0x0883,0x0882,0x0882,0x0882,0x0882,0x0882,0x0882,
  0x0882,0x0882,0x0882,0x0882,0x0882,0x0882,0x0882,0x0882,0x0882,0x0882,0x0882,0x0882,0x0882,0x1146,0x08C4,0x0882,
  0x0882,0x19A7,0x08C3,0x0041,0x0041,0x0041,0x0041,0x0041,0x0041,0x0041,0x0041,0x0041,0x0041,0x0041,0x0041,0x0041,
  0x0041,0x0041,0x0041,0x0041,0x0041,0x0041,0x0041,0x0041,0x0041,0x0041,0x0041,0x0041,0x0041,0x0041,0x0041,0x0041,
  0x0041,0x0041,0x0041,0x0041,0x0041,0x0041,0x0041,0x0041,0x0041,0x0041,0x0041,0x0041,0x0041,0x0041,0x0041,0x0041,
  0x0041,0x0041,0x0041,0x0041,0x0041,0x0041,0x0041,0x0041,0x0041,0x0041,0x0041,0x0041,0x0041,0x0041,0x0041,0x0041,
  0x0041,0x0041,0x0041,0x0041,0x0041,0x0041,0x0041,0x0041,0x0041,0x0041,0x0041,0x0041,0x0041,0x0041,0x0041,0x0041,
  0x0041,0x0041,0x0041,0x0041,0x0041,0x0041,0x0041,0x0041,0x0041,0x0041,0x0041,0x0041,0x0041,0x0041,0x0041,0x0041,
  0x0041,0x0041,0x0041,0x0041,0x0041,0x0041,0x0041,0x0041,0x0041,0x0041,0x0041,0x0041,0x0041,0x0041,0x0041,0x0041,
  0x0041,0x0041,0x0041,0x0041,0x0041,0x0041,0x0041,0x0041,0x0041,0x0041,0x0041,0x0041,0x0041,0x0041,0x0041,0x0041,
  0x0041,0x0041,0x0041,0x0041,0x0041,0x0041,0x0041,0x0041,0x0041,0x0041,0x0041,0x0041,0x0041,0x0041,0x0041,0x0041,
  0x0041,0x0041,0x0041,0x0041,0x0041,0x0041,0x0041,0x0041,0x0041,0x0041,0x0041,0x0041,0x0041,0x0041,0x0041,0x0041,
  0x0041,0x0041,0x0041,0x0041,0x0041,0x0041,0x0041,0x0041,0x0041,0x0041,0x0041,0x0041,0x0041,0x0041,0x0041,0x0041,
  0x0041,0x0041,0x0041,0x0041,0x0041,0x0041,0x0041,0x0041,0x0041,0x2209,0x08A3,0x08A3,0x08A3,0x1987,0x08A3,0x08A3,
  0x08A3,0x08A3,0x08A3,0x08A3,0x08A3,0x08A3,0x08A3,0x1946,0x1946,0x0882,0x0882,0x0882,0x0882,0x2A09,0x0882,0x0882,
  0x0882,0x0882,0x0882,0x0882,0x0882,0x0882,0x0882,0x0882,0x0882,0x0882,0x0882,0x0882,0x0882,0x0882,0x0882,0x0882,
  0x0882,0x0882,0x0882,0x0882,0x0882,0x0882,0x0882,0x0882,0x0882,0x0882,0x0882,0x0882,0x0882,0x0882,0x0882,0x0882,
  0x0882,0x0882,0x0882,0x0882,0x21A7,0x10E4,0x0882,0x0882,0x0882,0x10E4,0x19A7,0x08A3,0x08A3,0x08A3,0x08A3,0x0883,
  0x0883,0x0883,0x0883,0x29C7,0x7431,0x5B6E,0x6BD0,0x1105,0x0883,0x08A3,0x8493,0x5B4E,0x5B4E,0x3A49,0x08A3,0x8493,
  0x08A3,0x4AEC,0x532D,0x0883,0x0883,0x0883,0x0883,0x0883,0x0883,0x0883,0x0883,0x0883,0x0883,0x0883,0x0883,0x0883,
  0x0883,0x0883,0x0883,0x0883,0x0883,0x0883,0x0883,0x0883,0x0883,0x0883,0x0882,0x0882,0x0882,0x0882,0x0882,0x0882,
  0x0882,0x0882,0x0882,0x0882,0x0882,0x0882,0x0882,0x0882,0x0882,0x0882,0x0882,0x0882,0x0882,0x1146,0x08C4,0x0882,
  0x0882,0x19A7,0x08C3,0x0041,0x0041,0x0041,0x0041,0x0041,0x0041,0x0041,0x0041,0x0041,0x0041,0x0041,0x0041,0x0041,
  0x0041,0x0041,0x0041,0x0041,0x0041,0x0041,0x0041,0x0041,0x0041,0x0041,0x0041,0x0041,0x0041,0x0041,0x0041,0x0041,
  0x0041,0x0041,0x0041,0x0041,0x0041,0x0041,0x0041,0x0041,0x0041,0x0041,0x0041,0x0041,0x0041,0x0041,0x0041,0x0041,
  0x0041,0x0041,0x0041,0x0041,0x0041,0x0041,0x0041,0x0041,0x0041,0x0041,0x0041,0x0041,0x0041,0x0041,0x0041,0x0041,
  0x0041,0x0041,0x0041,0x0041,0x0041,0x0041,0x0041,0x0041,0x0041,0x0041,0x0041,0x0041,0x0041,0x0041,0x0041,0x0041,
  0x0041,0x0041,0x0041,0x0041,0x0041,0x0041,0x0041,0x0041,0x0041,0x0041,0x0041,0x0041,0x0041,0x0041,0x0041,0x0041,
  0x0041,0x0041,0x0041,0x0041,0x0041,0x0041,0x0041,0x0041,0x0041,0x0041,0x0041,0x0041,0x0041,0x0041,0x0041,0x0041,
  0x0041,0x0041,0x0041,0x0041,0x0041,0x0041,0x0041,0x0041,0x0041,0x0041,0x0041,0x0041,0x0041,0x0041,0x0041,0x0041,
  0x0041,0x0041,0x0041,0x0041,0x0041,0x0041,0x0041,0x0041,0x0041,0x0041,0x0041,0x0041,0x0041,0x0041,0x0041,0x0041,
  0x0041,0x0041,0x0041,0x0041,0x0041,0x0041,0x0041,0x0041,0x0041,0x0041,0x0041,0x0041,0x0041,0x0041,0x0041,0x0041,
  0x0041,0x0041,0x0041,0x0041,0x0041,0x0041,0x0041,0x0041,0x0041,0x0041,0x0041,0x0041,0x0041,0x0041,0x0041,0x0041,
  0x0041,0x0041,0x0041,0x0041,0x0041,0x0041,0x0041,0x0041,0x0041,0x2209,0x08A3,0x08A3,0x08A3,0x1987,0x08A3,0x08A3,
  0x08A3,0x08A3,0x08A3,0x08A3,0x08A3,0x08A3,0x08A3,0x1946,0x1946,0x0882,0x0882,0x0882,0x0882,0x2A09,0x0882,0x0882,
  0x0882,0x0882,0x0882,0x0882,0x0882,0x0882,0x0882,0x0882,0x0882,0x0882,0x0882,0x0882,0x0882,0x0882,0x0882,0x0882,
  0x0882,0x0882,0x0882,0x0882,0x0882,0x0882,0x0882,0x0882,0x0882,0x0882,0x0882,0x0882,0x0882,0x0882,0x0882,0x0882,
  0x0882,0x0882,0x0882,0x0882,0x1105,0x08A3,0x0882,0x0882,0x0882,0x10E4,0x19A7,0x08A3,0x08A3,0x08A3,0x0883,0x0883,
  0x0883,0x0883,0x0883,0x0883,0x08A3,0x1105,0x08A3,0x0883,0x0883,0x0883,0x1925,0x1925,0x1925,0x10E4,0x0883,0x1925,
  0x0883,0x08A3,0x1925,0x0883,0x0883,0x0883,0x0883,0x0883,0x0883,0x0883,0x0883,0x0883,0x0883,0x0883,0x0883,0x0883,
  0x0883,0x0883,0x0883,0x0883,0x0883,0x0883,0x0883,0x0883,0x0883,0x0882,0x0882,0x0882,0x0882,0x0882,0x0882,0x0882,
  0x0882,0x0882,0x0882,0x0882,0x0882,0x0882,0x0882,0x0882,0x0882,0x0882,0x0882,0x0882,0x0882,0x1146,0x08C4,0x0882,
  0x0882,0x19A7,0x08C3,0x0041,0x0041,0x0041,0x0041,0x0041,0x0041,0x0041,0x0041,0x0041,0x0041,0x0041,0x0041,0x0041,
  0x0041,0x0041,0x0041,0x0041,0x0041,0x0041,0x0041,0x0041,0x0041,0x0041,0x0041,0x0041,0x0041,0x0041,0x0041,0x0041,
  0x0041,0x0041,0x0041,0x0041,0x0041,0x0041,0x0041,0x0041,0x0041,0x0041,0x0041,0x0041,0x0041,0x0041,0x0041,0x0041,
  0x0041,0x0041,0x0041,0x0041,0x0041,0x0041,0x0041,0x0041,0x0041,0x0041,0x0041,0x0041,0x0041,0x0041,0x0041,0x0041,
  0x0041,0x0041,0x0041,0x0041,0x0041,0x0041,0x0041,0x0041,0x0041,0x0041,0x0041,0x0041,0x0041,0x0041,0x0041,0x0041,
  0x0041,0x0041,0x0041,0x0041,0x0041,0x0041,0x0041,0x0041,0x0041,0x0041,0x0041,0x0041,0x0041,0x0041,0x0041,0x0041,
  0x0041,0x0041,0x0041,0x0041,0x0041,0x0041,0x0041,0x0041,0x0041,0x0041,0x0041,0x0041,0x0041,0x0041,0x0041,0x0041,
  0x0041,0x0041,0x0041,0x0041,0x0041,0x0041,0x0041,0x0041,0x0041,0x0041,0x0041,0x0041,0x0041,0x0041,0x0041,0x0041,
  0x0041,0x0041,0x0041,0x0041,0x0041,0x0041,0x0041,0x0041,0x0041,0x0041,0x0041,0x0041,0x0041,0x0041,0x0041,0x0041,
  0x0041,0x0041,0x0041,0x0041,0x0041,0x0041,0x0041,0x0041,0x0041,0x0041,0x0041,0x0041,0x0041,0x0041,0x0041,0x0041,
  0x0041,0x0041,0x0041,0x0041,0x0041,0x0041,0x0041,0x0041,0x0041,0x0041,0x0041,0x0041,0x0041,0x0041,0x0041,0x0041,
  0x0041,0x0041,0x0041,0x0041,0x0041,0x0041,0x0041,0x0041,0x0041,0x2209,0x08A3,0x08A3,0x08A3,0x1987,0x08A3,0x08A3,
  0x08A3,0x08A3,0x08A3,0x08A3,0x08A3,0x08A3,0x08A3,0x1946,0x1946,0x0882,0x0882,0x0882,0x0882,0x1946,0x0882,0x0882,
  0x0882,0x0882,0x0882,0x0882,0x0882,0x0882,0x0882,0x0882,0x0882,0x0882,0x0882,0x0882,0x0882,0x0882,0x0882,0x0882,
  0x0882,0x0882,0x0882,0x0882,0x0882,0x0882,0x0882,0x0882,0x0882,0x0882,0x0882,0x0882,0x0882,0x0882,0x0882,0x0882,
  0x0882,0x0882,0x0882,0x0882,0x0882,0x0882,0x0882,0x0882,0x0882,0x10E4,0x19A7,0x08A3,0x08A3,0x0883,0x0883,0x0883,
  0x0883,0x0883,0x0883,0x0883,0x0883,0x0883,0x0883,0x0883,0x0883,0x0883,0x0883,0x0883,0x0883,0x0883,0x0883,0x0883,
  0x0883,0x0883,0x0883,0x0883,0x0883,0x0883,0x0883,0x0883,0x0883,0x0883,0x0883,0x0883,0x0883,0x0883,0x0883,0x0883,
  0x0883,0x0883,0x0883,0x0883,0x0883,0x0883,0x0883,0x0883,0x0882,0x0882,0x0882,0x0882,0x0882,0x0882,0x0882,0x0882,
  0x0882,0x0882,0x0882,0x0882,0x0882,0x0882,0x0882,0x0882,0x0882,0x0882,0x0882,0x0882,0x0882,0x1146,0x08C4,0x0882,
  0x0882,0x19A7,0x08C3,0x0041,0x0041,0x0041,0x0041,0x0041,0x0041,0x0041,0x0041,0x0041,0x0041,0x0041,0x0041,0x0041,
  0x0041,0x0041,0x0041,0x0041,0x0041,0x0041,0x0041,0x0041,0x0041,0x0041,0x0041,0x0041,0x0041,0x0041,0x0041,0x0041,
  0x0041,0x0041,0x0041,0x0041,0x0041,0x0041,0x0041,0x0041,0x0041,0x0041,0x0041,0x0041,0x0041,0x0041,0x0041,0x0041,
  0x0041,0x0041,0x0041,0x0041,0x0041,0x0041,0x0041,0x0041,0x0041,0x0041,0x0041,0x0041,0x0041,0x0041,0x0041,0x0041,
  0x0041,0x0041,0x0041,0x0041,0x0041,0x0041,0x0041,0x0041,0x0041,0x0041,0x0041,0x0041,0x0041,0x0041,0x0041,0x0041,
  0x0041,0x0041,0x0041,0x0041,0x0041,0x0041,0x0041,0x0041,0x0041,0x0041,0x0041,0x0041,0x0041,0x0041,0x0041,0x0041,
  0x0041,0x0041,0x0041,0x0041,0x0041,0x0041,0x0041,0x0041,0x0041,0x0041,0x0041,0x0041,0x0041,0x0041,0x0041,0x0041,
  0x0041,0x0041,0x0041,0x0041,0x0041,0x0041,0x0041,0x0041,0x0041,0x0041,0x0041,0x0041,0x0041,0x0041,0x0041,0x0041,
  0x0041,0x0041,0x0041,0x0041,0x0041,0x0041,0x0041,0x0041,0x0041,0x0041,0x0041,0x0041,0x0041,0x0041,0x0041,0x0041,
  0x0041,0x0041,0x0041,0x0041,0x0041,0x0041,0x0041,0x0041,0x0041,0x0041,0x0041,0x0041,0x0041,0x0041,0x0041,0x0041,
  0x0041,0x0041,0x0041,0x0041,0x0041,0x0041,0x0041,0x0041,0x0041,0x0041,0x0041,0x0041,0x0041,0x0041,0x0041,0x0041,
  0x0041,0x0041,0x0041,0x0041,0x0041,0x0041,0x0041,0x0041,0x0041,0x2209,0x08A3,0x08A3,0x08A3,0x1987,0x08A3,0x08A3,
  0x08A3,0x08A3,0x08A3,0x08A3,0x08A3,0x08A3,0x08A3,0x1125,0x1966,0x0882,0x0882,0x0882,0x0882,0x0882,0x0882,0x0882,
  0x0882,0x0882,0x0882,0x0882,0x0882,0x0882,0x0882,0x0882,0x0882,0x0882,0x0882,0x0882,0x0882,0x0882,0x0882,0x0882,
  0x0882,0x0882,0x0882,0x0882,0x0882,0x0882,0x0882,0x0882,0x0882,0x0882,0x0882,0x0882,0x0882,0x0882,0x0882,0x0882,
  0x0882,0x0882,0x0882,0x0882,0x08C3,0x0882,0x0882,0x0882,0x0882,0x1105,0x1987,0x08A3,0x0883,0x0883,0x0883,0x0883,
  0x0883,0x0883,0x0883,0x21A8,0x21A8,0x21A8,0x21A8,0x21A8,0x21A8,0x21A8,0x21A8,0x21A8,0x21A8,0x21A8,0x21A8,0x21A8,
  0x21A8,0x21A8,0x21A8,0x21A8,0x21A8,0x21A8,0x21A8,0x21A8,0x21A8,0x21A8,0x21A8,0x21A8,0x21A8,0x21A8,0x21A8,0x21A8,
  0x21A8,0x21A8,0x21A8,0x21A8,0x21A8,0x21A8,0x21A8,0x21A8,0x21A8,0x21A8,0x21A8,0x21A8,0x21A8,0x21A8,0x21A8,0x21A8,
  0x21A8,0x21A8,0x21A8,0x21A8,0x21A8,0x21A8,0x21A8,0x21A8,0x21A8,0x21A8,0x21A8,0x21A8,0x21A8,0x21A8,0x08C4,0x0882,
  0x0882,0x19A7,0x08C3,0x0041,0x0041,0x0041,0x0041,0x2598,0x2598,0x2598,0x2598,0x2598,0x2598,0x2598,0x2598,0x2598,
  0x19A7,0x19A7,0x19A7,0x19A7,0x19A7,0x19A7,0x19A7,0x19A7,0x19A7,0x19A7,0x19A7,0x19A7,0x19A7,0x19A7,0x19A7,0x19A7,
  0x19A7,0x19A7,0x19A7,0x19A7,0x19A7,0x19A7,0x19A7,0x19A7,0x19A7,0x19A7,0x19A7,0x19A7,0x19A7,0x19A7,0x19A7,0x19A7,
  0x19A7,0x19A7,0x19A7,0x19A7,0x19A7,0x19A7,0x19A7,0x19A7,0x19A7,0x19A7,0x19A7,0x19A7,0x19A7,0x19A7,0x19A7,0x19A7,
  0x19A7,0x19A7,0x19A7,0x19A7,0x19A7,0x19A7,0x19A7,0x19A7,0x19A7,0x19A7,0x19A7,0x19A7,0x19A7,0x19A7,0x19A7,0x19A7,
  0x19A7,0x19A7,0x19A7,0x19A7,0x19A7,0x19A7,0x19A7,0x19A7,0x19A7,0x19A7,0x19A7,0x19A7,0x19A7,0x19A7,0x19A7,0x19A7,
  0x19A7,0x19A7,0x19A7,0x19A7,0x19A7,0x19A7,0x19A7,0x19A7,0x19A7,0x19A7,0x19A7,0x19A7,0x19A7,0x19A7,0x19A7,0x19A7,
  0x19A7,0x19A7,0x19A7,0x19A7,0x19A7,0x19A7,0x19A7,0x19A7,0x19A7,0x19A7,0x19A7,0x19A7,0x19A7,0x19A7,0x19A7,0x19A7,
  0x19A7,0x19A7,0x19A7,0x19A7,0x19A7,0x19A7,0x19A7,0x19A7,0x19A7,0x19A7,0x19A7,0x19A7,0x19A7,0x19A7,0x19A7,0x19A7,
  0x19A7,0x19A7,0x19A7,0x19A7,0x19A7,0x19A7,0x19A7,0x19A7,0x19A7,0x19A7,0x19A7,0x19A7,0x19A7,0x19A7,0x19A7,0x19A7,
  0x19A7,0x19A7,0x19A7,0x19A7,0x19A7,0x19A7,0x1987,0x0882,0x0041,0x0041,0x0041,0x0041,0x0041,0x0041,0x0041,0x0041,
  0x0041,0x0041,0x0041,0x0041,0x0041,0x0041,0x0041,0x0041,0x0041,0x2209,0x08A3,0x08A3,0x08A3,0x1987,0x08A3,0x08A3,
  0x08A3,0x08A3,0x08A3,0x08A3,0x08A3,0x08A3,0x08A3,0x10E4,0x19A7,0x0882,0x0882,0x0882,0x0882,0x0883,0x0883,0x0882,
  0x0882,0x0882,0x0882,0x0882,0x0882,0x0882,0x0882,0x0882,0x0882,0x0882,0x0882,0x0882,0x0882,0x0882,0x0882,0x0882,
  0x0882,0x0882,0x0882,0x0882,0x0882,0x0882,0x0882,0x0882,0x0882,0x0882,0x0882,0x0882,0x0882,0x0882,0x0882,0x0882,
  0x0882,0x0882,0x0882,0x0882,0x2A09,0x0882,0x0882,0x0882,0x0882,0x1946,0x1946,0x08A3,0x0883,0x0883,0x0883,0x0883,
  0x0883,0x0883,0x0883,0x0883,0x0883,0x0883,0x0883,0x0883,0x0883,0x0883,0x0883,0x0883,0x0883,0x0883,0x0883,0x0883,
  0x0883,0x0883,0x0883,0x0883,0x0883,0x0883,0x0883,0x0883,0x0883,0x0883,0x0883,0x0883,0x0883,0x0883,0x0883,0x0883,
  0x0883,0x0883,0x0883,0x0883,0x0883,0x0883,0x0882,0x0882,0x0882,0x0882,0x0882,0x0882,0x0882,0x0882,0x0882,0x0882,
  0x0882,0x0882,0x0882,0x0882,0x0882,0x0882,0x0882,0x0882,0x0882,0x0882,0x0882,0x0882,0x0882,0x1146,0x08C4,0x0882,
  0x0882,0x19A7,0x08C3,0x0041,0x0041,0x0041,0x0041,0x25B9,0x1D78,0x1D78,0x1D78,0x1D78,0x1D78,0x1D78,0x1D78,0x1D78,
  0x1104,0x1104,0x1104,0x1104,0x1104,0x1104,0x1104,0x1104,0x1104,0x1104,0x1104,0x1104,0x1104,0x1104,0x1104,0x1104,
  0x1104,0x1104,0x1104,0x1104,0x1104,0x1104,0x1104,0x1104,0x1104,0x1104,0x1104,0x1104,0x1104,0x1104,0x1104,0x1104,
  0x1104,0x1104,0x1104,0x1104,0x1104,0x1104,0x1104,0x1104,0x1104,0x1104,0x1104,0x1104,0x1104,0x1104,0x1104,0x1104,
  0x1104,0x1104,0x1104,0x1104,0x1104,0x1104,0x1104,0x1104,0x1104,0x1104,0x1104,0x1104,0x1104,0x1104,0x1104,0x1104,
  0x1104,0x1104,0x1104,0x1104,0x1104,0x1104,0x1104,0x1104,0x1104,0x1104,0x1104,0x1104,0x1104,0x1104,0x1104,0x1104,
  0x1104,0x10E4,0x10E4,0x10E4,0x10E4,0x10E4,0x10E4,0x10E4,0x10E4,0x10E4,0x10E4,0x10E4,0x10E4,0x10E4,0x10E4,0x10E4,
  0x10E4,0x10E4,0x10E4,0x10E4,0x10E4,0x10E4,0x10E4,0x10E4,0x10E4,0x10E4,0x10E4,0x10E4,0x10E4,0x10E4,0x10E4,0x10E4,
  0x10E4,0x10E4,0x10E4,0x10E4,0x10E4,0x10E4,0x10E4,0x10E4,0x10E4,0x10E4,0x10E4,0x10E4,0x10E4,0x10E4,0x10E4,0x10E4,
  0x10E4,0x10E4,0x10E4,0x10E4,0x10E4,0x10E4,0x10E4,0x10E4,0x10E4,0x10E4,0x10E4,0x10E4,0x10E4,0x10E4,0x10E4,0x10E4,
  0x10E4,0x10E4,0x10E4,0x10E4,0x10E4,0x10E4,0x21C8,0x08C3,0x0041,0x0041,0x0041,0x0041,0x0041,0x0041,0x0041,0x0041,
  0x0041,0x0041,0x0041,0x0041,0x0041,0x0041,0x0041,0x0041,0x0041,0x2209,0x08A3,0x08A3,0x08A3,0x1987,0x08A3,0x08A3,
  0x08A3,0x08A3,0x08A3,0x08A3,0x08A3,0x08A3,0x08A3,0x08C4,0x21C8,0x0882,0x0882,0x0882,0x0882,0x1946,0x1946,0x0882,
  0x0882,0x0882,0x0882,0x0882,0x0882,0x0882,0x0882,0x0882,0x0882,0x0882,0x0882,0x0882,0x0882,0x0882,0x0882,0x0882,
  0x0882,0x0882,0x0882,0x0882,0x0882,0x0882,0x0882,0x0882,0x0882,0x0882,0x0882,0x0882,0x0882,0x0882,0x0882,0x0882,
  0x0882,0x0882,0x0882,0x10E4,0x21A7,0x0882,0x0882,0x0882,0x0882,0x1966,0x1105,0x0883,0x0883,0x0883,0x0883,0x0883,
  0x0883,0x0883,0x0883,0x0883,0x0883,0x0883,0x0883,0x0883,0x0883,0x0883,0x0883,0x0883,0x0883,0x0883,0x0883,0x0883,
  0x0883,0x0883,0x0883,0x0883,0x0883,0x0883,0x0883,0x0883,0x0883,0x0883,0x0883,0x0883,0x0883,0x0883,0x0883,0x0883,
  0x0883,0x0883,0x0883,0x0883,0x0883,0x0882,0x0882,0x0882,0x0882,0x0882,0x0882,0x0882,0x0882,0x0882,0x0882,0x0882,
  0x0882,0x0882,0x0882,0x0882,0x0882,0x0882,0x0882,0x0882,0x0882,0x0882,0x0882,0x0882,0x0882,0x1146,0x08C4,0x0882,
  0x0882,0x19A7,0x08C3,0x0041,0x0041,0x0041,0x0041,0x25B9,0x1D57,0x08A3,0x08A3,0x08A3,0x08A3,0x08A3,0x08A3,0x08A3,
  0x08A3,0x08A3,0x08A3,0x08A3,0x08A3,0x08A3,0x08A3,0x08A3,0x08A3,0x08A3,0x08A3,0x08A3,0x08A3,0x08A3,0x08A3,0x08A3,
  0x08A3,0x08A3,0x08A3,0x08A3,0x08A3,0x08A3,0x08A3,0x08A3,0x08A3,0x08A3,0x08A3,0x08A3,0x08A3,0x08A3,0x08A3,0x08A3,
  0x08A3,0x08A3,0x08A3,0x08A3,0x08A3,0x08A3,0x08A3,0x08A3,0x08A3,0x08A3,0x08A3,0x08A3,0x08A3,0x08A3,0x08A3,0x08A3,
  0x08A3,0x08A3,0x08A3,0x08A3,0x08A3,0x08A3,0x08A3,0x08A3,0x08A3,0x08A3,0x08A3,0x08A3,0x08A3,0x08A3,0x08A3,0x08A3,
  0x08A3,0x08A3,0x08A3,0x08A3,0x08A3,0x08A3,0x08A3,0x08A3,0x08A3,0x08A3,0x08A3,0x08A3,0x08A3,0x08A3,0x08A3,0x08A3,
  0x08A3,0x08A3,0x08A3,0x08A3,0x08A3,0x08A3,0x08A3,0x08A3,0x08A3,0x08A3,0x08A3,0x08A3,0x08A3,0x08A3,0x08A3,0x08A3,
  0x08A3,0x08A3,0x08A3,0x08A3,0x08A3,0x08A3,0x08A3,0x08A3,0x08A3,0x08A3,0x08A3,0x08A3,0x08A3,0x08A3,0x08A3,0x08A3,
  0x08A3,0x08A3,0x08A3,0x08A3,0x08A3,0x08A3,0x08A3,0x08A3,0x08A3,0x0883,0x0883,0x0883,0x0883,0x0883,0x0883,0x0883,
  0x0883,0x0883,0x0883,0x0883,0x0883,0x0883,0x0883,0x0883,0x0883,0x0883,0x0883,0x0883,0x0883,0x0883,0x0883,0x0883,
  0x0883,0x0883,0x0883,0x0883,0x0883,0x0883,0x19A7,0x08C3,0x0041,0x0041,0x0041,0x0041,0x0041,0x0041,0x0041,0x0041,
  0x0041,0x0041,0x0041,0x0041,0x0041,0x0041,0x0041,0x0041,0x0041,0x2209,0x08A3,0x08A3,0x08A3,0x1987,0x08A3,0x08A3,
  0x08A3,0x08A3,0x08A3,0x08A3,0x08A3,0x08A3,0x08A3,0x08A3,0x21E8,0x08A3,0x0882,0x0882,0x0882,0x10E4,0x21C8,0x0882,
  0x0882,0x0882,0x0882,0x0882,0x0882,0x0882,0x0882,0x0882,0x0882,0x0882,0x0882,0x0882,0x0882,0x0882,0x0882,0x0882,
  0x0882,0x0882,0x0882,0x0882,0x0882,0x0882,0x0882,0x0882,0x0882,0x0882,0x0882,0x0882,0x0882,0x0882,0x0882,0x0882,
  0x0882,0x0882,0x0882,0x08A3,0x08A3,0x0882,0x0882,0x0882,0x0882,0x21C8,0x08C4,0x0883,0x0883,0x0883,0x0883,0x0883,
  0x0883,0x0883,0x0883,0x08A3,0x8493,0x5B6E,0x6BD0,0x532D,0x0883,0x6C11,0x1925,0x29C7,0x8493,0x1104,0x29C8,0x532D,
  0x08A3,0x8493,0x5B4E,0x63B0,0x5B6E,0x0883,0x0883,0x0883,0x0883,0x0883,0x0883,0x0883,0x0883,0x0883,0x0883,0x0883,
  0x0883,0x0883,0x0883,0x0883,0x0883,0x0882,0x0882,0x0882,0x0882,0x0882,0x0882,0x0882,0x0882,0x0882,0x0882,0x0882,
  0x0882,0x0882,0x0882,0x0882,0x0882,0x0882,0x0882,0x0882,0x0882,0x0882,0x0882,0x0882,0x0882,0x1146,0x08C4,0x0882,
  0x0882,0x19A7,0x08C3,0x0041,0x0041,0x0041,0x0041,0x25B9,0x1D57,0x08A3,0x08A3,0x08A3,0x08A3,0x08A3,0x08A3,0x08A3,
  0x08A3,0x08A3,0x08A3,0x08A3,0x08A3,0x08A3,0x08A3,0x08A3,0x08A3,0x08A3,0x08A3,0x08A3,0x08A3,0x08A3,0x08A3,0x08A3,
  0x08A3,0x08A3,0x08A3,0x08A3,0x08A3,0x08A3,0x08A3,0x08A3,0x08A3,0x08A3,0x08A3,0x08A3,0x08A3,0x08A3,0x08A3,0x08A3,
  0x08A3,0x08A3,0x08A3,0x08A3,0x08A3,0x08A3,0x08A3,0x08A3,0x08A3,0x08A3,0x08A3,0x08A3,0x08A3,0x08A3,0x08A3,0x08A3,
  0x08A3,0x08A3,0x08A3,0x08A3,0x08A3,0x08A3,0x08A3,0x08A3,0x08A3,0x08A3,0x08A3,0x08A3,0x08A3,0x08A3,0x08A3,0x08A3,
  0x08A3,0x08A3,0x08A3,0x08A3,0x08A3,0x08A3,0x08A3,0x08A3,0x08A3,0x08A3,0x08A3,0x08A3,0x08A3,0x08A3,0x08A3,0x08A3,
  0x08A3,0x08A3,0x08A3,0x08A3,0x08A3,0x08A3,0x08A3,0x08A3,0x08A3,0x08A3,0x08A3,0x08A3,0x08A3,0x08A3,0x08A3,0x08A3,
  0x08A3,0x08A3,0x08A3,0x08A3,0x08A3,0x08A3,0x08A3,0x08A3,0x08A3,0x08A3,0x08A3,0x08A3,0x08A3,0x08A3,0x08A3,0x08A3,
  0x08A3,0x08A3,0x08A3,0x08A3,0x08A3,0x08A3,0x08A3,0x0883,0x0883,0x0883,0x0883,0x0883,0x0883,0x0883,0x0883,0x0883,
  0x0883,0x0883,0x0883,0x0883,0x0883,0x0883,0x0883,0x0883,0x0883,0x0883,0x0883,0x0883,0x0883,0x0883,0x0883,0x0883,
  0x0883,0x0883,0x0883,0x0883,0x0883,0x0883,0x19A7,0x08C3,0x0041,0x0041,0x0041,0x0041,0x0041,0x0041,0x0041,0x0041,
  0x0041,0x0041,0x0041,0x0041,0x0041,0x0041,0x0041,0x0041,0x0041,0x2209,0x08A3,0x08A3,0x08A3,0x1987,0x08A3,0x08A3,
  0x08A3,0x08A3,0x08A3,0x08A3,0x08A3,0x08A3,0x08A3,0x08A3,0x1987,0x1105,0x0882,0x0882,0x0882,0x0882,0x08C3,0x0882,
  0x0882,0x0882,0x0882,0x0882,0x0882,0x0882,0x0882,0x0882,0x0882,0x0882,0x0882,0x0882,0x0882,0x0882,0x0882,0x0882,
  0x0882,0x0882,0x0882,0x0882,0x0882,0x0882,0x0882,0x0882,0x0882,0x0882,0x0882,0x0882,0x0882,0x0882,0x0882,0x0882,
  0x0882,0x0882,0x0882,0x0882,0x0882,0x0882,0x0882,0x0882,0x08A3,0x21E8,0x0883,0x0883,0x0883,0x0883,0x0883,0x0883,
  0x0883,0x0883,0x0883,0x08A3,0x8493,0x08A3,0x1104,0x7C73,0x08A3,0x530C,0x3209,0x4ACC,0x7411,0x31E8,0x4ACC,0x3209,
  0x08A3,0x8493,0x08A3,0x1104,0x7C72,0x08A3,0x0883,0x0883,0x0883,0x0883,0x0883,0x0883,0x0883,0x0883,0x0883,0x0883,
  0x0883,0x0883,0x0883,0x0883,0x0882,0x0882,0x0882,0x0882,0x0882,0x0882,0x0882,0x0882,0x0882,0x0882,0x0882,0x0882,
  0x0882,0x0882,0x0882,0x0882,0x0882,0x0882,0x0882,0x0882,0x0882,0x0882,0x0882,0x0882,0x0882,0x1146,0x08C4,0x0882,
  0x0882,0x19A7,0x08C3,0x0041,0x0041,0x0041,0x0041,0x25B9,0x1D57,0x08A3,0x08A3,0x08A3,0x08C3,0x08A3,0x1945,0x6C10,
  0x6BF0,0x08A3,0x1104,0x6BF0,0x4ACB,0x08A3,0x10E4,0x5B6E,0x84B3,0x7C72,0x84B3,0x530C,0x08A3,0x530D,0x8493,0x7C72,
  0x7C72,0x7C92,0x6BCF,0x29E8,0x7431,0x2186,0x08A3,0x7410,0x532D,0x08A3,0x428A,0x7431,0x08C4,0x08A3,0x08C4,0x4AEC,
  0x7C72,0x534D,0x10E4,0x08A3,0x08A3,0x3229,0x7C92,0x7C72,0x7411,0x21A7,0x08A3,0x08A3,0x1925,0x6C10,0x426A,0x08A3,
  0x426A,0x7C52,0x1925,0x08A3,0x08A3,0x08A3,0x08A3,0x08A3,0x08A3,0x08A3,0x08A3,0x08A3,0x08A3,0x08A3,0x08A3,0x08A3,
  0x08A3,0x08A3,0x08A3,0x08A3,0x08A3,0x08A3,0x08A3,0x08A3,0x08A3,0x08A3,0x08A3,0x08A3,0x08A3,0x08A3,0x08A3,0x08A3,
  0x08A3,0x08A3,0x08A3,0x08A3,0x08A3,0x08A3,0x08A3,0x08A3,0x08A3,0x08A3,0x08A3,0x08A3,0x08A3,0x08A3,0x08A3,0x08A3,
  0x08A3,0x08A3,0x08A3,0x08A3,0x08A3,0x08A3,0x08A3,0x08A3,0x08A3,0x08A3,0x08A3,0x08A3,0x08A3,0x08A3,0x08A3,0x08A3,
  0x08A3,0x08A3,0x08A3,0x08A3,0x08A3,0x0883,0x0883,0x0883,0x0883,0x0883,0x0883,0x0883,0x0883,0x0883,0x0883,0x0883,
  0x0883,0x0883,0x0883,0x0883,0x0883,0x0883,0x0883,0x0883,0x0883,0x0883,0x0883,0x0883,0x0883,0x0883,0x0883,0x0883,
  0x0883,0x0883,0x0883,0x0883,0x0883,0x0883,0x19A7,0x08C3,0x0041,0x0041,0x0041,0x0041,0x0041,0x0041,0x0041,0x0041,
  0x0041,0x0041,0x0041,0x0041,0x0041,0x0041,0x0041,0x0041,0x0041,0x2209,0x08A3,0x08A3,0x08A3,0x1987,0x08A3,0x08A3,
  0x08A3,0x08A3,0x08A3,0x08A3,0x08A3,0x08A3,0x08A3,0x08A3,0x1125,0x1966,0x0882,0x0882,0x0882,0x0882,0x0882,0x0882,
  0x0882,0x0882,0x0882,0x0882,0x0882,0x0882,0x0882,0x0882,0x0882,0x0882,0x0882,0x0882,0x0882,0x0882,0x0882,0x0882,
  0x0882,0x0882,0x0882,0x0882,0x0882,0x0882,0x0882,0x0882,0x0882,0x0882,0x0882,0x0882,0x0882,0x0882,0x0882,0x0882,
  0x0882,0x0882,0x10E4,0x1125,0x0882,0x0882,0x0882,0x0882,0x1105,0x1966,0x0883,0x0883,0x0883,0x0883,0x0883,0x0883,
  0x0883,0x0883,0x0883,0x08A3,0x8493,0x6BF0,0x6BF0,0x3A4A,0x0883,0x31E8,0x530D,0x63D0,0x3A29,0x4AEC,0x63B0,0x1104,
  0x08A3,0x8493,0x6C11,0x7C72,0x4AAB,0x0883,0x0883,0x0883,0x0883,0x0883,0x0883,0x0883,0x0883,0x0883,0x0883,0x0883,
  0x0883,0x0883,0x0883,0x0882,0x0882,0x0882,0x0882,0x0882,0x0882,0x0882,0x0882,0x0882,0x0882,0x0882,0x0882,0x0882,
  0x0882,0x0882,0x0882,0x0882,0x0882,0x0882,0x0882,0x0882,0x0882,0x0882,0x0882,0x0882,0x0882,0x1146,0x08C4,0x0882,
  0x0882,0x19A7,0x08C3,0x0041,0x0041,0x0041,0x0041,0x25B9,0x1D57,0x08A3,0x08A3,0x08A3,0x08C3,0x08A3,0x3A4A,0xBEBB,
  0xCF1C,0x3A6A,0x21A7,0xBE9B,0x8D14,0x08A3,0x2166,0xAE18,0xCF1C,0xC6DB,0xCF1C,0x9555,0x08A3,0x9D96,0xCF1C,0xC6FC,
  0xCF1C,0xCF1C,0xBEBB,0x52EC,0xCF1C,0x532D,0x29C8,0xCF1C,0xAE19,0x08A3,0x8D14,0xCF1C,0x10E4,0x08A3,0x84D3,0xCF1C,
  0xC6FC,0xCF1C,0x9D76,0x1104,0x08A3,0x7431,0xCF1C,0xC71C,0xCF1C,0xBE7A,0x1945,0x08A3,0x3A29,0xC6DB,0x7C51,0x2166,
  0xBE9A,0xB67A,0x2166,0x08A3,0x08A3,0x08A3,0x08A3,0x08A3,0x08A3,0x08A3,0x08A3,0x08A3,0x08A3,0x08A3,0x08A3,0x08A3,
  0x08A3,0x08A3,0x08A3,0x08A3,0x08A3,0x08A3,0x08A3,0x08A3,0x08A3,0x08A3,0x08A3,0x08A3,0x08A3,0x08A3,0x08A3,0x08A3,
  0x08A3,0x08A3,0x08A3,0x08A3,0x08A3,0x08A3,0x08A3,0x08A3,0x08A3,0x08A3,0x08A3,0x08A3,0x08A3,0x08A3,0x08A3,0x08A3,
  0x08A3,0x08A3,0x08A3,0x08A3,0x08A3,0x08A3,0x08A3,0x08A3,0x08A3,0x08A3,0x08A3,0x08A3,0x08A3,0x08A3,0x08A3,0x08A3,
  0x08A3,0x08A3,0x08A3,0x0883,0x0883,0x0883,0x0883,0x0883,0x0883,0x0883,0x0883,0x0883,0x0883,0x0883,0x0883,0x0883,
  0x0883,0x0883,0x0883,0x0883,0x0883,0x0883,0x0883,0x0883,0x0883,0x0883,0x0883,0x0883,0x0883,0x0883,0x0883,0x0883,
  0x0883,0x0883,0x0883,0x0883,0x0883,0x0883,0x19A7,0x08C3,0x0041,0x0041,0x0041,0x0041,0x0041,0x0041,0x0041,0x0041,
  0x0041,0x0041,0x0041,0x0041,0x0041,0x0041,0x0041,0x0041,0x0041,0x2209,0x08A3,0x08A3,0x08A3,0x1987,0x08A3,0x08A3,
  0x08A3,0x08A3,0x08A3,0x08A3,0x08A3,0x08A3,0x08A3,0x08A3,0x08C4,0x21E8,0x0882,0x0882,0x0882,0x0882,0x0882,0x1966,
  0x0882,0x0882,0x0882,0x0882,0x0882,0x0882,0x0882,0x0882,0x0882,0x0882,0x0882,0x0882,0x0882,0x0882,0x0882,0x0882,
  0x0882,0x0882,0x0882,0x0882,0x0882,0x0882,0x0882,0x0882,0x0882,0x0882,0x0882,0x0882,0x0882,0x0882,0x0882,0x0882,
  0x0882,0x0882,0x1966,0x1105,0x0882,0x0882,0x0882,0x0882,0x1987,0x1105,0x0883,0x0883,0x0883,0x0883,0x0883,0x0883,
  0x0883,0x0883,0x0883,0x08A3,0x8493,0x08A3,0x0883,0x0883,0x0883,0x10E4,0x7411,0x6BD0,0x10E4,0x6C11,0x6BD0,0x0883,
  0x08A3,0x8493,0x08A3,0x29C8,0x5B6E,0x0883,0x0883,0x0883,0x0883,0x0883,0x0883,0x0883,0x0883,0x0883,0x0883,0x0883,
  0x0883,0x0883,0x0882,0x0882,0x0882,0x0882,0x0882,0x0882,0x0882,0x0882,0x0882,0x0882,0x0882,0x0882,0x0882,0x0882,
  0x0882,0x0882,0x0882,0x0882,0x0882,0x0882,0x0882,0x0882,0x0882,0x0882,0x0882,0x0882,0x0882,0x1146,0x08C4,0x0882,
  0x0882,0x19A7,0x08C3,0x0041,0x0041,0x0041,0x0041,0x25B9,0x1D57,0x08A3,0x08A3,0x08A3,0x08C3,0x08A3,0x3A4A,0xBE9A,
  0xCF1C,0x84D3,0x2186,0xBEBB,0x8D14,0x08A3,0x2166,0xAE39,0xAE18,0x4AEC,0x4AEC,0x31E8,0x08A3,0x31E8,0x52EC,0xA5D8,
  0xBE9A,0x638E,0x3208,0x29A7,0xCF1C,0x6BCF,0x5B4D,0xCF1C,0xB659,0x3A4A,0xA5B7,0xAE18,0x08A3,0x428A,0xCF1C,0xA5B7,
  0x532D,0x9535,0xCF1C,0x5B6E,0x08A3,0x7451,0xCF1C,0x63CF,0x84B3,0xCF1C,0x534D,0x08A3,0x3A29,0xBEBB,0x7C92,0x84D3,
  0xCF1C,0x532D,0x08A3,0x08A3,0x08A3,0x08A3,0x08A3,0x08A3,0x08A3,0x08A3,0x08A3,0x08A3,0x08A3,0x08A3,0x08A3,0x08A3,
  0x08A3,0x08A3,0x08A3,0x08A3,0x08A3,0x08A3,0x08A3,0x08A3,0x08A3,0x08A3,0x08A3,0x08A3,0x08A3,0x08A3,0x08A3,0x08A3,
  0x08A3,0x08A3,0x08A3,0x08A3,0x08A3,0x08A3,0x08A3,0x08A3,0x08A3,0x08A3,0x08A3,0x08A3,0x08A3,0x08A3,0x08A3,0x08A3,
  0x08A3,0x08A3,0x08A3,0x08A3,0x08A3,0x08A3,0x08A3,0x08A3,0x08A3,0x08A3,0x08A3,0x08A3,0x08A3,0x08A3,0x08A3,0x08A3,
  0x08A3,0x0883,0x0883,0x0883,0x0883,0x0883,0x0883,0x0883,0x0883,0x0883,0x0883,0x0883,0x0883,0x0883,0x0883,0x0883,
  0x0883,0x0883,0x0883,0x0883,0x0883,0x0883,0x0883,0x0883,0x0883,0x0883,0x0883,0x0883,0x0883,0x0883,0x0883,0x0883,
  0x0883,0x0883,0x0883,0x0883,0x0883,0x0883,0x19A7,0x08C3,0x0041,0x0041,0x0041,0x0041,0x0041,0x0041,0x0041,0x0041,
  0x0041,0x0041,0x0041,0x0041,0x0041,0x0041,0x0041,0x0041,0x0041,0x2209,0x08A3,0x08A3,0x08A3,0x1987,0x08A3,0x08A3,
  0x08A3,0x08A3,0x08A3,0x08A3,0x08A3,0x08A3,0x08A3,0x08A3,0x08A3,0x1987,0x1105,0x0882,0x0882,0x0882,0x0882,0x1966,
  0x1125,0x0882,0x0882,0x0882,0x0882,0x0882,0x0882,0x0882,0x0882,0x0882,0x0882,0x0882,0x0882,0x0882,0x0882,0x0882,
  0x0882,0x0882,0x0882,0x0882,0x0882,0x0882,0x0882,0x0882,0x0882,0x0882,0x0882,0x0882,0x0882,0x0882,0x0882,0x0882,
  0x0882,0x0882,0x1987,0x0882,0x0882,0x0882,0x0882,0x08A3,0x21E8,0x0883,0x0883,0x0883,0x0883,0x0883,0x0883,0x0883,
  0x0883,0x0883,0x0883,0x08A3,0x8493,0x08A3,0x0883,0x0883,0x0883,0x0883,0x6BF0,0x4ACC,0x0883,0x6BD0,0x4AEC,0x0883,
  0x08A3,0x8493,0x08A3,0x10E4,0x7452,0x08A3,0x0883,0x0883,0x0883,0x0883,0x0883,0x0883,0x0883,0x0883,0x0883,0x0883,
  0x0883,0x0882,0x0882,0x0882,0x0882,0x0882,0x0882,0x0882,0x0882,0x0882,0x0882,0x0882,0x0882,0x0882,0x0882,0x0882,
  0x0882,0x0882,0x0882,0x0882,0x0882,0x0882,0x0882,0x0882,0x0882,0x0882,0x0882,0x0882,0x0882,0x1146,0x08C4,0x0882,
  0x0882,0x19A7,0x08C3,0x0041,0x0041,0x0041,0x0041,0x25B9,0x1D57,0x08A3,0x08A3,0x08A3,0x08C3,0x08A3,0x3A4A,0xBE9A,
  0xCF1C,0xAE39,0x530D,0xB67A,0x8D14,0x08A3,0x2146,0xB639,0x9D96,0x10E4,0x08A3,0x08A3,0x08A3,0x08A3,0x08C3,0x9535,
  0xB67A,0x29A7,0x08A3,0x1945,0xC6DB,0x84B3,0x84D3,0xCF1C,0xBE9A,0x6BF0,0xB659,0x7C92,0x08A3,0x7410,0xCF1C,0x3A49,
  0x08A3,0x2186,0xCF1C,0x8D14,0x08A3,0x7431,0xC6FC,0x3209,0x428A,0xCF1C,0x6BCF,0x08A3,0x3A49,0xBE9A,0xB67A,0xCF1C,
  0x8D14,0x08A3,0x08A3,0x08A3,0x08A3,0x08A3,0x08A3,0x08A3,0x08A3,0x08A3,0x08A3,0x08A3,0x08A3,0x08A3,0x08A3,0x08A3,
  0x08A3,0x08A3,0x08A3,0x08A3,0x08A3,0x08A3,0x08A3,0x08A3,0x08A3,0x08A3,0x08A3,0x08A3,0x08A3,0x08A3,0x08A3,0x08A3,
  0x08A3,0x08A3,0x08A3,0x08A3,0x08A3,0x08A3,0x08A3,0x08A3,0x08A3,0x08A3,0x08A3,0x08A3,0x08A3,0x08A3,0x08A3,0x08A3,
  0x08A3,0x08A3,0x08A3,0x08A3,0x08A3,0x08A3,0x08A3,0x08A3,0x08A3,0x08A3,0x08A3,0x08A3,0x08A3,0x08A3,0x08A3,0x0883,
  0x0883,0x0883,0x0883,0x0883,0x0883,0x0883,0x0883,0x0883,0x0883,0x0883,0x0883,0x0883,0x0883,0x0883,0x0883,0x0883,
  0x0883,0x0883,0x0883,0x0883,0x0883,0x0883,0x0883,0x0883,0x0883,0x0883,0x0883,0x0883,0x0883,0x0883,0x0883,0x0883,
  0x0883,0x0883,0x0883,0x0883,0x0883,0x0883,0x19A7,0x08C3,0x0041,0x0041,0x0041,0x0041,0x0041,0x0041,0x0041,0x0041,
  0x0041,0x0041,0x0041,0x0041,0x0041,0x0041,0x0041,0x0041,0x0041,0x2209,0x08A3,0x08A3,0x08A3,0x1987,0x08A3,0x08A3,
  0x08A3,0x08A3,0x08A3,0x08A3,0x08A3,0x08A3,0x08A3,0x08A3,0x08A3,0x10E4,0x21A8,0x0882,0x0882,0x0882,0x0882,0x08A3,
  0x1946,0x0882,0x0882,0x0882,0x0882,0x0882,0x0882,0x0882,0x0882,0x0882,0x0882,0x0882,0x0882,0x0882,0x0882,0x0882,
  0x0882,0x0882,0x0882,0x0882,0x0882,0x0882,0x0882,0x0882,0x0882,0x0882,0x0882,0x0882,0x0882,0x0882,0x0882,0x0882,
  0x0882,0x0882,0x0882,0x0882,0x0882,0x0882,0x0882,0x1946,0x1946,0x0883,0x0883,0x0883,0x0883,0x0883,0x0883,0x0883,
  0x0883,0x0883,0x0883,0x0883,0x1925,0x0883,0x0883,0x0883,0x0883,0x0883,0x1104,0x10C3,0x0883,0x10E4,0x10C3,0x0883,
  0x0883,0x1925,0x0883,0x0883,0x1925,0x08A3,0x0883,0x0883,0x0883,0x0883,0x0883,0x0883,0x0883,0x0883,0x0883,0x0883,
  0x0883,0x0882,0x0882,0x0882,0x0882,0x0882,0x0882,0x0882,0x0882,0x0882,0x0882,0x0882,0x0882,0x0882,0x0882,0x0882,
  0x0882,0x0882,0x0882,0x0882,0x0882,0x0882,0x0882,0x0882,0x0882,0x0882,0x0882,0x0882,0x0882,0x1146,0x08C4,0x0882,
  0x0882,0x19A7,0x08C3,0x0041,0x0041,0x0041,0x0041,0x25B9,0x1D57,0x08A3,0x08A3,0x08A3,0x08C3,0x08A3,0x3A4A,0xBE9B,
  0xCF1C,0xCF1C,0x9535,0xAE18,0x9535,0x08A3,0x2166,0xAE18,0xB659,0x63CF,0x638E,0x29C8,0x08A3,0x08A3,0x08C3,0x9535,
  0xB67A,0x29A7,0x08A3,0x10E4,0x9D96,0xA5F8,0xAE39,0xCF1C,0xC6DB,0x9D97,0xC6FC,0x532D,0x08A3,0x8D14,0xBE9A,0x29A7,
  0x08A3,0x1925,0xAE18,0xA5F8,0x1104,0x6C10,0xCF1C,0x7C52,0x9535,0xCF1C,0x42AB,0x08A3,0x3A49,0xBE9A,0xCF1C,0xB65A,
  0x29A7,0x08A3,0x08A3,0x08A3,0x08A3,0x08A3,0x08A3,0x08A3,0x08A3,0x08A3,0x530D,0x1945,0x08A3,0x08A3,0x08C3,0x8493,
  0x5B4E,0x63D0,0x5B6E,0x08A3,0x08C3,0x8493,0x5B4E,0x5B4E,0x3229,0x08A3,0x08A3,0x3A29,0x7C93,0x10E4,0x08C3,0x8493,
  0x08C3,0x08A3,0x08A3,0x08A3,0x08A3,0x08A3,0x428B,0x5B4E,0x8493,0x5B4E,0x428B,0x08A3,0x08C3,0x8493,0x08C3,0x08C3,
  0x8493,0x4ACC,0x08A3,0x4ACC,0x8493,0x08C3,0x8493,0x5B4E,0x5B4E,0x3229,0x08A3,0x08A3,0x08A3,0x0883,0x0883,0x0883,
  0x0883,0x0883,0x0883,0x0883,0x0883,0x0883,0x0883,0x0883,0x0883,0x0883,0x0883,0x0883,0x0883,0x0883,0x0883,0x0883,
  0x0883,0x0883,0x0883,0x0883,0x0883,0x0883,0x0883,0x0883,0x0883,0x0883,0x0883,0x0883,0x0883,0x0883,0x0883,0x0883,
  0x0883,0x0883,0x0883,0x0883,0x0883,0x0883,0x19A7,0x08C3,0x0041,0x0041,0x0041,0x0041,0x0041,0x0041,0x0041,0x0041,
  0x0041,0x0041,0x0041,0x0041,0x0041,0x0041,0x0041,0x0041,0x0041,0x2209,0x08A3,0x08A3,0x08A3,0x1987,0x08A3,0x08A3,
  0x08A3,0x08A3,0x08A3,0x08A3,0x08A3,0x08A3,0x08A3,0x08A3,0x08A3,0x08A3,0x21C8,0x10E4,0x0882,0x0882,0x0882,0x0882,
  0x0882,0x0882,0x0882,0x0882,0x0882,0x0882,0x0882,0x0882,0x0882,0x0882,0x0882,0x0882,0x0882,0x0882,0x0882,0x0882,
  0x0882,0x0882,0x0882,0x0882,0x0882,0x0882,0x0882,0x0882,0x0882,0x0882,0x0882,0x0882,0x0882,0x0882,0x0882,0x0882,
  0x1105,0x0883,0x0882,0x0882,0x0882,0x0882,0x0883,0x21E8,0x08C3,0x0883,0x0883,0x0883,0x0883,0x0883,0x0883,0x0883,
  0x0883,0x0883,0x0883,0x0883,0x0883,0x0883,0x0883,0x0883,0x0883,0x0883,0x0883,0x0883,0x0883,0x0883,0x0883,0x0883,
  0x0883,0x0883,0x0883,0x0883,0x0883,0x0883,0x0883,0x0883,0x0883,0x0883,0x0883,0x0883,0x0883,0x0883,0x0883,0x0883,
  0x0882,0x0882,0x0882,0x0882,0x0882,0x0882,0x0882,0x0882,0x0882,0x0882,0x0882,0x0882,0x0882,0x0882,0x0882,0x0882,
  0x0882,0x0882,0x0882,0x0882,0x0882,0x0882,0x0882,0x0882,0x0882,0x0882,0x0882,0x0882,0x0882,0x1146,0x08C4,0x0882,
  0x0882,0x19A7,0x08C3,0x0041,0x0041,0x0041,0x0041,0x2209,0x08A3,0x08A3,0x08A3,0x08A3,0x08C3,0x08A3,0x3A4A,0xBEBB,
  0x8CF4,0xB67A,0xC71C,0xCF1C,0x8CF4,0x08A3,0x2166,0xADF8,0xCF1C,0xC6FC,0xCF1C,0x7431,0x08A3,0x08A3,0x08C3,0x9535,
  0xB67A,0x2187,0x08A3,0x08A3,0x7451,0xCF1C,0xC6FC,0x9555,0xC6DB,0xC6FC,0xCF1C,0x3208,0x08A3,0x8D14,0xBE9A,0x29A7,
  0x08A3,0x1925,0xAE18,0xA5D8,0x1104,0x6C10,0xCF1C,0xC71C,0xCF1C,0xC6FC,0x1104,0x08A3,0x3A29,0xBE9A,0xCF1C,0xBE7A,
  0x3208,0x08A3,0x08A3,0x08A3,0x08A3,0x08A3,0x08A3,0x08A3,0x08A3,0x08A3,0x63AF,0x08A3,0x08A3,0x08A3,0x08C3,0x8493,
  0x08C3,0x1104,0x7C72,0x08A3,0x08C3,0x8493,0x08C3,0x08A3,0x08A3,0x08A3,0x08A3,0x5B6E,0x42AB,0x3A49,0x08C3,0x8493,
  0x08C3,0x08A3,0x08A3,0x08A3,0x08A3,0x08A3,0x08A3,0x08C3,0x8493,0x08C3,0x08A3,0x08A3,0x08C3,0x8493,0x08C3,0x08C3,
  0x8493,0x6BF0,0x08A3,0x6BF0,0x8493,0x08C3,0x8493,0x08C3,0x08A3,0x08A3,0x08A3,0x0883,0x0883,0x0883,0x0883,0x0883,
  0x0883,0x0883,0x0883,0x0883,0x0883,0x0883,0x0883,0x0883,0x0883,0x0883,0x0883,0x0883,0x0883,0x0883,0x0883,0x0883,
  0x0883,0x0883,0x0883,0x0883,0x0883,0x0883,0x0883,0x0883,0x0883,0x0883,0x0883,0x0883,0x0883,0x0883,0x0883,0x0883,
  0x0883,0x0883,0x0883,0x0883,0x0883,0x0883,0x19A7,0x08C3,0x0041,0x0041,0x0041,0x0041,0x0041,0x0041,0x0041,0x0041,
  0x0041,0x0041,0x0041,0x0041,0x0041,0x0041,0x0041,0x0041,0x0041,0x2209,0x08A3,0x08A3,0x08A3,0x1987,0x08A3,0x08A3,
  0x08A3,0x08A3,0x08A3,0x08A3,0x08A3,0x08A3,0x08A3,0x08A3,0x08A3,0x08A3,0x10E4,0x21C8,0x0882,0x0882,0x0882,0x0882,
  0x0882,0x10E4,0x1125,0x0882,0x0882,0x0882,0x0882,0x0882,0x0882,0x0882,0x0882,0x0882,0x0882,0x0882,0x0882,0x0882,
  0x0882,0x0882,0x0882,0x0882,0x0882,0x0882,0x0882,0x0882,0x0882,0x0882,0x0882,0x0882,0x0882,0x0882,0x0882,0x10E4,
  0x21C8,0x0883,0x0882,0x0882,0x0882,0x0882,0x1966,0x1946,0x0883,0x0883,0x0883,0x0883,0x0883,0x0883,0x0883,0x0883,
  0x0883,0x0883,0x0883,0x21A8,0x21A8,0x21A8,0x21A8,0x21A8,0x21A8,0x21A8,0x21A8,0x21A8,0x21A8,0x21A8,0x21A8,0x21A8,
  0x21A8,0x21A8,0x21A8,0x21A8,0x21A8,0x21A8,0x21A8,0x21A8,0x21A8,0x21A8,0x21A8,0x21A8,0x21A8,0x21A8,0x21A8,0x21A8,
  0x21A8,0x21A8,0x21A8,0x21A8,0x21A8,0x21A8,0x21A8,0x21A8,0x21A8,0x21A8,0x21A8,0x21A8,0x21A8,0x21A8,0x21A8,0x21A8,
  0x21A8,0x21A8,0x21A8,0x21A8,0x21A8,0x21A8,0x21A8,0x21A8,0x21A8,0x21A8,0x21A8,0x21A8,0x21A8,0x21A8,0x08C4,0x0882,
  0x0882,0x19A7,0x08C3,0x0041,0x0041,0x0041,0x0041,0x2209,0x08A3,0x08A3,0x08A3,0x08A3,0x08C3,0x08A3,0x3A49,0xC6DB,
  0x7C52,0x6C10,0xCF1C,0xCF1C,0x8CF4,0x08A3,0x2166,0xAE18,0xB659,0x63CF,0x638E,0x29E8,0x08A3,0x08A3,0x08C3,0x9535,
  0xB67A,0x2187,0x08A3,0x08A3,0x532D,0xCF1C,0xC71C,0x6BCF,0xA5D7,0xCF1C,0xB67A,0x2186,0x08A3,0x7431,0xCF1C,0x3A49,
  0x08A3,0x2186,0xCF1C,0x8D14,0x08A3,0x7431,0xCF1C,0x7C51,0x9DB7,0xCF1C,0x1946,0x08A3,0x3A29,0xBE9A,0xBEBB,0xCF1C,
  0x8CF4,0x08A3,0x08A3,0x08A3,0x08A3,0x08A3,0x08A3,0x08A3,0x08A3,0x29A7,0x4AAB,0x08A3,0x08A3,0x08A3,0x08C3,0x8493,
  0x6C11,0x7C72,0x4AAB,0x08A3,0x08C3,0x8493,0x6BF0,0x6BF0,0x29A7,0x08A3,0x1104,0x7C52,0x6BF0,0x638F,0x08C3,0x8493,
  0x08C3,0x08A3,0x08A3,0x08A3,0x08A3,0x08A3,0x08A3,0x08C3,0x8493,0x08C3,0x08A3,0x08A3,0x08C3,0x8493,0x08C3,0x08C3,
  0x8493,0x63D0,0x2166,0x63AF,0x8493,0x08C3,0x8493,0x6BF0,0x6BF0,0x29A7,0x0883,0x0883,0x0883,0x0883,0x0883,0x0883,
  0x0883,0x0883,0x0883,0x0883,0x0883,0x0883,0x0883,0x0883,0x0883,0x0883,0x0883,0x0883,0x0883,0x0883,0x0883,0x0883,
  0x0883,0x0883,0x0883,0x0883,0x0883,0x0883,0x0883,0x0883,0x0883,0x0883,0x0883,0x0883,0x0883,0x0883,0x0883,0x0883,
  0x0883,0x0883,0x0883,0x0883,0x0883,0x0883,0x19A7,0x08C3,0x0041,0x0041,0x0041,0x0041,0x0041,0x0041,0x0041,0x0041,
  0x0041,0x0041,0x0041,0x0041,0x0041,0x0041,0x0041,0x0041,0x0041,0x2209,0x08A3,0x08A3,0x08A3,0x1987,0x08A3,0x08A3,
  0x08A3,0x08A3,0x08A3,0x08A3,0x08A3,0x08A3,0x08A3,0x08A3,0x08A3,0x08A3,0x08A3,0x19A7,0x1946,0x0882,0x0882,0x0882,
  0x0882,0x0883,0x21C8,0x1105,0x0882,0x0882,0x0882,0x0882,0x0882,0x0882,0x0882,0x0882,0x0882,0x0882,0x0882,0x0882,
  0x0882,0x0882,0x0882,0x0882,0x0882,0x0882,0x0882,0x0882,0x0882,0x0882,0x0882,0x0882,0x0882,0x0882,0x0882,0x1946,
  0x08C3,0x0882,0x0882,0x0882,0x0882,0x10E4,0x21E8,0x08A3,0x0883,0x0883,0x0883,0x0883,0x0883,0x0883,0x0883,0x0883,
  0x0883,0x0883,0x0883,0x0883,0x0883,0x0883,0x0883,0x0883,0x0883,0x0883,0x0883,0x0883,0x0883,0x0883,0x0883,0x0883,
  0x0883,0x0883,0x0883,0x0883,0x0883,0x0883,0x0883,0x0883,0x0883,0x0883,0x0883,0x0883,0x0883,0x0883,0x0882,0x0882,
  0x0882,0x0882,0x0882,0x0882,0x0882,0x0882,0x0882,0x0882,0x0882,0x0882,0x0882,0x0882,0x0882,0x0882,0x0882,0x0882,
  0x0882,0x0882,0x0882,0x0882,0x0882,0x0882,0x0882,0x0882,0x0882,0x0882,0x0882,0x0882,0x0882,0x1146,0x08C4,0x0882,
  0x0882,0x19A7,0x08C3,0x0041,0x0041,0x0041,0x0041,0x2209,0x08A3,0x08A3,0x08A3,0x08A3,0x08C3,0x08A3,0x3A49,0xC6DB,
  0x7411,0x29C7,0xC71C,0xCF1C,0x8CD4,0x08A3,0x2166,0xAE39,0xAE18,0x4AEC,0x4AEC,0x3208,0x08A3,0x08A3,0x08C3,0x9535,
  0xB67A,0x2187,0x08A3,0x08A3,0x3A6A,0xCF1C,0xCF1C,0x3A6A,0x7C92,0xCF1C,0x9555,0x1925,0x08A3,0x428B,0xCF1C,0x9DB7,
  0x532D,0x9535,0xCF1C,0x5B6E,0x08A3,0x7C51,0xC6FC,0x31E8,0x5B6E,0xCF1C,0x426A,0x08A3,0x3A29,0xBEBB,0x84B3,0x9DB7,
  0xCF1C,0x4ACB,0x08A3,0x08A3,0x08A3,0x08A3,0x08A3,0x08A3,0x08A3,0x4AEC,0x2166,0x08A3,0x08A3,0x08A3,0x08C3,0x8493,
  0x08C3,0x29C8,0x5B6E,0x08A3,0x08C3,0x8493,0x08C3,0x08A3,0x08A3,0x08A3,0x3A4A,0x3229,0x08A3,0x63AF,0x1105,0x8493,
  0x08C3,0x08A3,0x08A3,0x08A3,0x08A3,0x08A3,0x08A3,0x08C3,0x8493,0x08C3,0x08A3,0x08A3,0x08C3,0x8493,0x08C3,0x08C3,
  0x8493,0x428B,0x63AF,0x428B,0x8493,0x08C3,0x8493,0x08A3,0x0883,0x0883,0x0883,0x0883,0x0883,0x0883,0x0883,0x0883,
  0x0883,0x0883,0x0883,0x0883,0x0883,0x0883,0x0883,0x0883,0x0883,0x0883,0x0883,0x0883,0x0883,0x0883,0x0883,0x0883,
  0x0883,0x0883,0x0883,0x0883,0x0883,0x0883,0x0883,0x0883,0x0883,0x0883,0x0883,0x0883,0x0883,0x0883,0x0883,0x0883,
  0x0883,0x0883,0x0883,0x0883,0x0883,0x0883,0x19A7,0x08C3,0x0041,0x0041,0x0041,0x0041,0x0041,0x0041,0x0041,0x0041,
  0x0041,0x0041,0x0041,0x0041,0x0041,0x0041,0x0041,0x0041,0x0041,0x2209,0x08A3,0x08A3,0x08A3,0x1987,0x08A3,0x08A3,
  0x08A3,0x08A3,0x08A3,0x08A3,0x08A3,0x08A3,0x08A3,0x08A3,0x08A3,0x08A3,0x08A3,0x08C4,0x21E8,0x08C3,0x0882,0x0882,
  0x0882,0x0882,0x0883,0x10E4,0x0882,0x0882,0x0882,0x0882,0x0882,0x0882,0x0882,0x0882,0x0882,0x0882,0x0882,0x0882,
  0x0882,0x0882,0x0882,0x0882,0x0882,0x0882,0x0882,0x0882,0x0882,0x0882,0x0882,0x0882,0x0882,0x0883,0x0882,0x0882,
  0x0882,0x0882,0x0882,0x0882,0x0883,0x21C8,0x1104,0x0883,0x0883,0x0883,0x0883,0x0883,0x0883,0x0883,0x0883,0x0883,
  0x0883,0x0883,0x0883,0x0883,0x0883,0x0883,0x0883,0x0883,0x0883,0x0883,0x0883,0x0883,0x0883,0x0883,0x0883,0x0883,
  0x0883,0x0883,0x0883,0x0883,0x0883,0x0883,0x0883,0x0883,0x0883,0x0883,0x0883,0x0883,0x0883,0x0882,0x0882,0x0882,
  0x0882,0x0882,0x0882,0x0882,0x0882,0x0882,0x0882,0x0882,0x0882,0x0882,0x0882,0x0882,0x0882,0x0882,0x0882,0x0882,
  0x0882,0x0882,0x0882,0x0882,0x0882,0x0882,0x0882,0x0882,0x0882,0x0882,0x0882,0x0882,0x0882,0x1146,0x08C4,0x0882,
  0x0882,0x19A7,0x08C3,0x0041,0x0041,0x0041,0x0041,0x2209,0x08A3,0x08A3,0x08A3,0x08A3,0x08C3,0x08A3,0x3A49,0xC6DB,
  0x7451,0x08A3,0x8CF4,0xCF1C,0x84D3,0x08A3,0x2166,0xADF8,0xCF1C,0xC6FC,0xCF1C,0x9D96,0x10E4,0x08A3,0x08C3,0x9535,
  0xB67A,0x2187,0x08A3,0x08A3,0x29C7,0xB65A,0xCF1C,0x1925,0x5B4D,0xCF1C,0x7451,0x08A3,0x08A3,0x08C3,0x84D3,0xCF1C,
  0xC6FC,0xCF1C,0x9D76,0x1104,0x08A3,0x7451,0xC6FC,0x3208,0x42AB,0xCF1C,0x63AF,0x08A3,0x3A29,0xC6DB,0x7451,0x3A49,
  0xCF1C,0x9D96,0x1925,0x08A3,0x08A3,0x08A3,0x08A3,0x08A3,0x08A3,0x63AF,0x08A3,0x08A3,0x08A3,0x08A3,0x08C3,0x8493,
  0x08C3,0x10E4,0x7452,0x08A3,0x08C3,0x8493,0x5B4E,0x5B4E,0x3A4A,0x08A3,0x63AF,0x1925,0x08A3,0x4AAB,0x3A4A,0x8493,
  0x5B4E,0x5B4E,0x3A4A,0x08A3,0x08A3,0x08A3,0x08A3,0x08C3,0x8493,0x08C3,0x08A3,0x08A3,0x08C3,0x8493,0x08C3,0x08C3,
  0x8493,0x2166,0x8493,0x2166,0x8493,0x08A3,0x8493,0x5B4E,0x5B4E,0x3A49,0x0883,0x0883,0x0883,0x0883,0x0883,0x0883,
  0x0883,0x0883,0x0883,0x0883,0x0883,0x0883,0x0883,0x0883,0x0883,0x0883,0x0883,0x0883,0x0883,0x0883,0x0883,0x0883,
  0x0883,0x0883,0x0883,0x0883,0x0883,0x0883,0x0883,0x0883,0x0883,0x0883,0x0883,0x0883,0x0883,0x0883,0x0883,0x0883,
  0x0883,0x0883,0x0883,0x0883,0x0883,0x0883,0x19A7,0x08C3,0x0041,0x0041,0x0041,0x0041,0x0041,0x0041,0x0041,0x0041,
  0x0041,0x0041,0x0041,0x0041,0x0041,0x0041,0x0041,0x0041,0x0041,0x2209,0x08A3,0x08A3,0x08A3,0x1987,0x08A3,0x08A3,
  0x08A3,0x08A3,0x08A3,0x08A3,0x08A3,0x08A3,0x08A3,0x08A3,0x08A3,0x08A3,0x08A3,0x08A3,0x1105,0x21C8,0x0883,0x0882,
  0x0882,0x0882,0x0882,0x0882,0x0882,0x1125,0x0883,0x0882,0x0882,0x0882,0x0882,0x0882,0x0882,0x0882,0x0882,0x0882,
  0x0882,0x0882,0x0882,0x0882,0x0882,0x0882,0x0882,0x0882,0x0882,0x0882,0x0882,0x0882,0x1946,0x21C8,0x0882,0x0882,
  0x0882,0x0882,0x0882,0x0882,0x1987,0x1966,0x0883,0x0883,0x0883,0x0883,0x0883,0x0883,0x0883,0x0883,0x0883,0x0883,
  0x0883,0x0883,0x0883,0x63AF,0x2166,0x0883,0x4ACB,0x3A49,0x08A3,0x8493,0x08A3,0x0883,0x0883,0x428B,0x5B4E,0x8493,
  0x5B4E,0x428B,0x0883,0x0883,0x0883,0x0883,0x0883,0x0883,0x0883,0x0883,0x0883,0x0883,0x0882,0x0882,0x0882,0x0882,
  0x0882,0x0882,0x0882,0x0882,0x0882,0x0882,0x0882,0x0882,0x0882,0x0882,0x0882,0x0882,0x0882,0x0882,0x0882,0x0882,
  0x0882,0x0882,0x0882,0x0882,0x0882,0x0882,0x0882,0x0882,0x0882,0x0882,0x0882,0x0882,0x0882,0x1146,0x08C4,0x0882,
  0x0882,0x19A7,0x08C3,0x0041,0x0041,0x0041,0x0041,0x2209,0x08A3,0x08A3,0x08A3,0x08A3,0x08A3,0x08A3,0x1925,0x7410,
  0x3A6A,0x08A3,0x3208,0x84B3,0x428A,0x08A3,0x10E4,0x5B6E,0x84B3,0x7C52,0x84B3,0x532D,0x08A3,0x08A3,0x08A3,0x4AEC,
  0x63AF,0x10E4,0x08A3,0x08A3,0x08A3,0x5B4E,0x63AF,0x08A3,0x2166,0x7C92,0x31E8,0x08A3,0x08A3,0x08A3,0x08C4,0x4AEC,
  0x7C72,0x5B4D,0x1104,0x08A3,0x08A3,0x3A49,0x7411,0x1925,0x1104,0x7410,0x3A6A,0x08A3,0x1925,0x6C10,0x3A6A,0x08A3,
  0x5B6E,0x6BF0,0x10E4,0x08A3,0x08A3,0x08A3,0x08A3,0x08A3,0x10E4,0x3A49,0x08A3,0x08A3,0x08A3,0x08A3,0x08A3,0x1925,
  0x08A3,0x08A3,0x1925,0x08A3,0x08A3,0x1925,0x1945,0x1945,0x10E4,0x08A3,0x1925,0x08A3,0x08A3,0x10C4,0x10E4,0x1925,
  0x1945,0x1945,0x10E4,0x08A3,0x08A3,0x08A3,0x08A3,0x08A3,0x1925,0x08A3,0x08A3,0x08A3,0x08A3,0x1925,0x08A3,0x08A3,
  0x1925,0x08A3,0x1925,0x0883,0x1925,0x0883,0x1925,0x1925,0x1925,0x10E4,0x0883,0x0883,0x0883,0x0883,0x0883,0x0883,
  0x0883,0x0883,0x0883,0x0883,0x0883,0x0883,0x0883,0x0883,0x0883,0x0883,0x0883,0x0883,0x0883,0x0883,0x0883,0x0883,
  0x0883,0x0883,0x0883,0x0883,0x0883,0x0883,0x0883,0x0883,0x0883,0x0883,0x0883,0x0883,0x0883,0x0883,0x0883,0x0883,
  0x0883,0x0883,0x0883,0x0883,0x0883,0x0883,0x19A7,0x08C3,0x0041,0x0041,0x0041,0x0041,0x0041,0x0041,0x0041,0x0041,
  0x0041,0x0041,0x0041,0x0041,0x0041,0x0041,0x0041,0x0041,0x0041,0x2209,0x08A3,0x08A3,0x08A3,0x1987,0x08A3,0x08A3,
  0x08A3,0x08A3,0x08A3,0x08A3,0x08A3,0x08A3,0x08A3,0x08A3,0x08A3,0x08A3,0x08A3,0x08A3,0x08A3,0x1966,0x21A8,0x0882,
  0x0882,0x0882,0x0882,0x0882,0x0882,0x1946,0x21C8,0x10E4,0x0882,0x0882,0x0882,0x0882,0x0882,0x0882,0x0882,0x0882,
  0x0882,0x0882,0x0882,0x0882,0x0882,0x0882,0x0882,0x0882,0x0882,0x0882,0x0882,0x10E4,0x1987,0x0883,0x0882,0x0882,
  0x0882,0x0882,0x0882,0x1946,0x21A8,0x0883,0x0883,0x0883,0x0883,0x0883,0x0883,0x0883,0x0883,0x0883,0x0883,0x0883,
  0x0883,0x0883,0x0883,0x3A4A,0x42AB,0x0883,0x6C11,0x10E4,0x08A3,0x8493,0x08A3,0x0883,0x0883,0x0883,0x08A3,0x8493,
  0x08A3,0x0883,0x0883,0x0883,0x0883,0x0883,0x0883,0x0883,0x0883,0x0883,0x0883,0x0883,0x0882,0x0882,0x0882,0x0882,
  0x0882,0x0882,0x0882,0x0882,0x0882,0x0882,0x0882,0x0882,0x0882,0x0882,0x0882,0x0882,0x0882,0x0882,0x0882,0x0882,
  0x0882,0x0882,0x0882,0x0882,0x0882,0x0882,0x0882,0x0882,0x0882,0x0882,0x0882,0x0882,0x0882,0x1146,0x08C3,0x0882,
  0x0882,0x19A7,0x08C3,0x0041,0x0041,0x0041,0x0041,0x2209,0x08A3,0x08A3,0x08A3,0x08A3,0x08A3,0x08A3,0x08A3,0x08A3,
  0x08A3,0x08A3,0x08A3,0x08A3,0x08A3,0x08A3,0x08A3,0x08A3,0x08A3,0x08A3,0x08A3,0x08A3,0x08A3,0x08A3,0x08A3,0x08A3,
  0x08A3,0x08A3,0x08A3,0x08A3,0x08A3,0x08A3,0x08A3,0x08A3,0x08A3,0x08A3,0x08A3,0x08A3,0x08A3,0x08A3,0x08A3,0x08A3,
  0x08A3,0x08A3,0x08A3,0x08A3,0x08A3,0x08A3,0x08A3,0x08A3,0x08A3,0x08A3,0x08A3,0x08A3,0x08A3,0x08A3,0x08A3,0x08A3,
  0x08A3,0x08A3,0x08A3,0x08A3,0x08A3,0x08A3,0x08A3,0x08A3,0x08A3,0x08A3,0x08A3,0x08A3,0x08A3,0x08A3,0x08A3,0x08A3,
  0x08A3,0x08A3,0x08A3,0x08A3,0x08A3,0x08A3,0x08A3,0x08A3,0x08A3,0x08A3,0x08A3,0x08A3,0x08A3,0x08A3,0x08A3,0x08A3,
  0x08A3,0x08A3,0x08A3,0x08A3,0x08A3,0x08A3,0x08A3,0x08A3,0x08A3,0x08A3,0x08A3,0x08A3,0x08A3,0x08A3,0x08A3,0x08A3,
  0x08A3,0x0883,0x0883,0x0883,0x0883,0x0883,0x0883,0x0883,0x0883,0x0883,0x0883,0x0883,0x0883,0x0883,0x0883,0x0883,
  0x0883,0x0883,0x0883,0x0883,0x0883,0x0883,0x0883,0x0883,0x0883,0x0883,0x0883,0x0883,0x0883,0x0883,0x0883,0x0883,
  0x0883,0x0883,0x0883,0x0883,0x0883,0x0883,0x0883,0x0883,0x0883,0x0883,0x0883,0x0883,0x0883,0x0883,0x0883,0x0883,
  0x0883,0x0883,0x0883,0x0883,0x0883,0x0883,0x19A7,0x08C3,0x0041,0x0041,0x0041,0x0041,0x0041,0x0041,0x0041,0x0041,
  0x0041,0x0041,0x0041,0x0041,0x0041,0x0041,0x0041,0x0041,0x0041,0x2209,0x08A3,0x08A3,0x08A3,0x1987,0x08A3,0x08A3,
  0x08A3,0x08A3,0x08A3,0x08A3,0x08A3,0x08A3,0x08A3,0x08A3,0x08A3,0x08A3,0x08A3,0x08A3,0x08A3,0x08A3,0x1966,0x1966,
  0x0882,0x0882,0x0882,0x0882,0x0882,0x0882,0x08C3,0x08A3,0x0882,0x08A3,0x0882,0x0882,0x0882,0x0882,0x0882,0x0882,
  0x0882,0x0882,0x0882,0x0882,0x0882,0x0882,0x0882,0x0882,0x10E4,0x1105,0x0882,0x0882,0x0882,0x0882,0x0882,0x0882,
  0x0882,0x0882,0x1105,0x21A8,0x08A3,0x0883,0x0883,0x0883,0x0883,0x0883,0x0883,0x0883,0x0883,0x0883,0x0883,0x0883,
  0x0883,0x0883,0x0883,0x1104,0x6BF0,0x2166,0x5B8F,0x0883,0x08A3,0x8493,0x08A3,0x0883,0x0883,0x0883,0x08A3,0x8493,
  0x08A3,0x0883,0x0883,0x0883,0x0883,0x0883,0x0883,0x0883,0x0883,0x0883,0x0883,0x0882,0x0882,0x0882,0x0882,0x0882,
  0x0882,0x0882,0x0882,0x0882,0x0882,0x0882,0x0882,0x0882,0x0882,0x0882,0x0882,0x0882,0x0882,0x0882,0x0882,0x0882,
  0x0882,0x0882,0x0882,0x0882,0x0882,0x0882,0x0882,0x0882,0x0882,0x0882,0x0882,0x0882,0x0882,0x1146,0x08C3,0x0882,
  0x0882,0x19A7,0x08C3,0x0041,0x0041,0x0041,0x0041,0x2209,0x08A3,0x08A3,0x08A3,0x08A3,0x08A3,0x08A3,0x08A3,0x08A3,
  0x08A3,0x08A3,0x08A3,0x08A3,0x08A3,0x08A3,0x08A3,0x08A3,0x08A3,0x08A3,0x08A3,0x08A3,0x08A3,0x08A3,0x08A3,0x08A3,
  0x08A3,0x08A3,0x08A3,0x08A3,0x08A3,0x08A3,0x08A3,0x08A3,0x08A3,0x08A3,0x08A3,0x08A3,0x08A3,0x08A3,0x08A3,0x08A3,
  0x08A3,0x08A3,0x08A3,0x08A3,0x08A3,0x08A3,0x08A3,0x08A3,0x08A3,0x08A3,0x08A3,0x08A3,0x08A3,0x08A3,0x08A3,0x08A3,
  0x08A3,0x08A3,0x08A3,0x08A3,0x08A3,0x08A3,0x08A3,0x08A3,0x08A3,0x08A3,0x08A3,0x08A3,0x08A3,0x08A3,0x08A3,0x08A3,
  0x08A3,0x08A3,0x08A3,0x08A3,0x08A3,0x08A3,0x08A3,0x08A3,0x08A3,0x08A3,0x08A3,0x08A3,0x08A3,0x08A3,0x08A3,0x08A3,
  0x08A3,0x08A3,0x08A3,0x08A3,0x08A3,0x08A3,0x08A3,0x08A3,0x08A3,0x08A3,0x08A3,0x08A3,0x08A3,0x08A3,0x08A3,0x0883,
  0x0883,0x0883,0x0883,0x0883,0x0883,0x0883,0x0883,0x0883,0x0883,0x0883,0x0883,0x0883,0x0883,0x0883,0x0883,0x0883,
  0x0883,0x0883,0x0883,0x0883,0x0883,0x0883,0x0883,0x0883,0x0883,0x0883,0x0883,0x0883,0x0883,0x0883,0x0883,0x0883,
  0x0883,0x0883,0x0883,0x0883,0x0883,0x0883,0x0883,0x0883,0x0883,0x0883,0x0883,0x0883,0x0883,0x0883,0x0883,0x0883,
  0x0883,0x0883,0x0883,0x0883,0x0882,0x0882,0x19A7,0x08C3,0x0041,0x0041,0x0041,0x0041,0x0041,0x0041,0x0041,0x0041,
  0x0041,0x0041,0x0041,0x0041,0x0041,0x0041,0x0041,0x0041,0x0041,0x2209,0x08A3,0x08A3,0x08A3,0x1987,0x08A3,0x08A3,
  0x08A3,0x08A3,0x08A3,0x08A3,0x08A3,0x08A3,0x08A3,0x08A3,0x08A3,0x08A3,0x08A3,0x08A3,0x08A3,0x08A3,0x08A3,0x1966,
  0x19A7,0x0883,0x0882,0x0882,0x0882,0x0882,0x0882,0x0882,0x0882,0x1966,0x21E8,0x1966,0x0882,0x0882,0x0882,0x0882,
  0x0882,0x0882,0x0882,0x0882,0x0882,0x0883,0x0882,0x1966,0x21C8,0x1105,0x0882,0x0882,0x0882,0x0882,0x0882,0x0882,
  0x0882,0x1946,0x21A8,0x08A3,0x0883,0x0883,0x0883,0x0883,0x0883,0x0883,0x0883,0x0883,0x0883,0x0883,0x0883,0x0883,
  0x0883,0x0883,0x0883,0x0883,0x63AF,0x5B4E,0x3209,0x0883,0x08A3,0x8493,0x08A3,0x0883,0x0883,0x0883,0x08A3,0x8493,
  0x08A3,0x0883,0x0883,0x0883,0x0883,0x0883,0x0883,0x0883,0x0883,0x0883,0x0882,0x0882,0x0882,0x0882,0x0882,0x0882,
  0x0882,0x0882,0x0882,0x0882,0x0882,0x0882,0x0882,0x0882,0x0882,0x0882,0x0882,0x0882,0x0882,0x0882,0x0882,0x0882,
  0x0882,0x0882,0x0882,0x0882,0x0882,0x0882,0x0882,0x0882,0x0882,0x0882,0x0882,0x0882,0x0882,0x1146,0x08C3,0x0882,
  0x0882,0x19A7,0x08C3,0x0041,0x0041,0x0041,0x0041,0x2209,0x08A3,0x08A3,0x08A3,0x08A3,0x08A3,0x08A3,0x08A3,0x08A3,
  0x08A3,0x08A3,0x08A3,0x08A3,0x08A3,0x08A3,0x08A3,0x08A3,0x08A3,0x08A3,0x08A3,0x08A3,0x08A3,0x08A3,0x08A3,0x08A3,
  0x08A3,0x08A3,0x08A3,0x08A3,0x08A3,0x08A3,0x08A3,0x08A3,0x08A3,0x08A3,0x08A3,0x08A3,0x08A3,0x08A3,0x08A3,0x08A3,
  0x08A3,0x08A3,0x08A3,0x08A3,0x08A3,0x08A3,0x08A3,0x08A3,0x08A3,0x08A3,0x08A3,0x08A3,0x08A3,0x08A3,0x08A3,0x08A3,
  0x08A3,0x08A3,0x08A3,0x08A3,0x08A3,0x08A3,0x08A3,0x08A3,0x08A3,0x08A3,0x08A3,0x08A3,0x08A3,0x08A3,0x08A3,0x08A3,
  0x08A3,0x08A3,0x08A3,0x08A3,0x08A3,0x08A3,0x08A3,0x08A3,0x08A3,0x08A3,0x08A3,0x08A3,0x08A3,0x08A3,0x08A3,0x08A3,
  0x08A3,0x08A3,0x08A3,0x08A3,0x08A3,0x08A3,0x08A3,0x08A3,0x08A3,0x08A3,0x08A3,0x08A3,0x08A3,0x0883,0x0883,0x0883,
  0x0883,0x0883,0x0883,0x0883,0x0883,0x0883,0x0883,0x0883,0x0883,0x0883,0x0883,0x0883,0x0883,0x0883,0x0883,0x0883,
  0x0883,0x0883,0x0883,0x0883,0x0883,0x0883,0x0883,0x0883,0x0883,0x0883,0x0883,0x0883,0x0883,0x0883,0x0883,0x0883,
  0x0883,0x0883,0x0883,0x0883,0x0883,0x0883,0x0883,0x0883,0x0883,0x0883,0x0883,0x0883,0x0883,0x0883,0x0883,0x0883,
  0x0883,0x0883,0x0882,0x0882,0x0882,0x0882,0x19A7,0x08C3,0x0041,0x0041,0x0041,0x0041,0x0041,0x0041,0x0041,0x0041,
  0x0041,0x0041,0x0041,0x0041,0x0041,0x0041,0x0041,0x0041,0x0041,0x2209,0x08A3,0x08A3,0x08A3,0x1987,0x08A3,0x08A3,
  0x08A3,0x08A3,0x08A3,0x08A3,0x08A3,0x08A3,0x08A3,0x08A3,0x08A3,0x08A3,0x08A3,0x08A3,0x08A3,0x08A3,0x08A3,0x08A3,
  0x1966,0x21A8,0x08C3,0x0882,0x0882,0x0882,0x0882,0x0882,0x0882,0x0882,0x08A3,0x10E4,0x0882,0x08A3,0x2A09,0x21A7,
  0x1105,0x0882,0x10E4,0x21E8,0x2A09,0x08C3,0x0882,0x0883,0x0882,0x0882,0x0882,0x0882,0x0882,0x0882,0x0882,0x0883,
  0x1987,0x21A8,0x08A3,0x0883,0x0883,0x0883,0x0883,0x0883,0x0883,0x0883,0x0883,0x0883,0x0883,0x0883,0x0883,0x0883,
  0x0883,0x0883,0x0883,0x0883,0x3A4A,0x7C73,0x10C4,0x0883,0x08A3,0x8493,0x5B4E,0x5B4E,0x3A49,0x0883,0x08A3,0x8493,
  0x08A3,0x0883,0x0883,0x0883,0x0883,0x0883,0x0883,0x0883,0x0883,0x0882,0x0882,0x0882,0x0882,0x0882,0x0882,0x0882,
  0x0882,0x0882,0x0882,0x0882,0x0882,0x0882,0x0882,0x0882,0x0882,0x0882,0x0882,0x0882,0x0882,0x0882,0x0882,0x0882,
  0x0882,0x0882,0x0882,0x0882,0x0882,0x0882,0x0882,0x0882,0x0882,0x0882,0x0882,0x0882,0x0882,0x1146,0x08C3,0x0882,
  0x0882,0x19A7,0x08C3,0x0041,0x0041,0x0041,0x0041,0x2209,0x08A3,0x08A3,0x08A3,0x08A3,0x08A3,0x08A3,0x08A3,0x08A3,
  0x08A3,0x08A3,0x08A3,0x08A3,0x08A3,0x08A3,0x08A3,0x08A3,0x08A3,0x08A3,0x08A3,0x08A3,0x08A3,0x08A3,0x08A3,0x08A3,
  0x08A3,0x08A3,0x08A3,0x08A3,0x08A3,0x08A3,0x08A3,0x08A3,0x08A3,0x08A3,0x08A3,0x08A3,0x08A3,0x08A3,0x08A3,0x08A3,
  0x08A3,0x08A3,0x08A3,0x08A3,0x08A3,0x08A3,0x08A3,0x08A3,0x08A3,0x08A3,0x08A3,0x08A3,0x08A3,0x08A3,0x08A3,0x08A3,
  0x08A3,0x08A3,0x08A3,0x08A3,0x08A3,0x08A3,0x08A3,0x08A3,0x08A3,0x08A3,0x08A3,0x08A3,0x08A3,0x08A3,0x08A3,0x08A3,
  0x08A3,0x08A3,0x08A3,0x08A3,0x08A3,0x08A3,0x08A3,0x08A3,0x08A3,0x08A3,0x08A3,0x08A3,0x08A3,0x08A3,0x08A3,0x08A3,
  0x08A3,0x08A3,0x08A3,0x08A3,0x08A3,0x08A3,0x08A3,0x08A3,0x08A3,0x08A3,0x08A3,0x0883,0x0883,0x0883,0x0883,0x0883,
  0x0883,0x0883,0x0883,0x0883,0x0883,0x0883,0x0883,0x0883,0x0883,0x0883,0x0883,0x0883,0x0883,0x0883,0x0883,0x0883,
  0x0883,0x0883,0x0883,0x0883,0x0883,0x0883,0x0883,0x0883,0x0883,0x0883,0x0883,0x0883,0x0883,0x0883,0x0883,0x0883,
  0x0883,0x0883,0x0883,0x0883,0x0883,0x0883,0x0883,0x0883,0x0883,0x0883,0x0883,0x0883,0x0883,0x0883,0x0883,0x0883,
  0x0882,0x0882,0x0882,0x0882,0x0882,0x0882,0x19A7,0x08C3,0x0041,0x0041,0x0041,0x0041,0x0041,0x0041,0x0041,0x0041,
  0x0041,0x0041,0x0041,0x0041,0x0041,0x0041,0x0041,0x0041,0x0041,0x2209,0x08A3,0x08A3,0x08A3,0x1987,0x08A3,0x08A3,
  0x08A3,0x08A3,0x08A3,0x08A3,0x08A3,0x08A3,0x08A3,0x08A3,0x08A3,0x08A3,0x08A3,0x08A3,0x08A3,0x08A3,0x08A3,0x08A3,
  0x08A3,0x1125,0x21C8,0x1125,0x0882,0x0882,0x0882,0x0882,0x0882,0x0882,0x0882,0x0882,0x0882,0x0882,0x0882,0x10E4,
  0x08A3,0x0882,0x0883,0x0883,0x0882,0x0882,0x0882,0x0882,0x0882,0x0882,0x0882,0x0882,0x0882,0x0882,0x10E4,0x21C8,
  0x1966,0x0883,0x0883,0x0883,0x0883,0x0883,0x0883,0x0883,0x0883,0x0883,0x0883,0x0883,0x0883,0x0883,0x0883,0x0883,
  0x0883,0x0883,0x0883,0x0883,0x08A3,0x1105,0x0883,0x0883,0x0883,0x1925,0x1925,0x1925,0x10E4,0x0883,0x0883,0x1925,
  0x0883,0x0883,0x0883,0x0883,0x0883,0x0883,0x0883,0x0883,0x0882,0x0882,0x0882,0x0882,0x0882,0x0882,0x0882,0x0882,
  0x0882,0x0882,0x0882,0x0882,0x0882,0x0882,0x0882,0x0882,0x0882,0x0882,0x0882,0x0882,0x0882,0x0882,0x0882,0x0882,
  0x0882,0x0882,0x0882,0x0882,0x0882,0x0882,0x0882,0x0882,0x0882,0x0882,0x0882,0x0882,0x0882,0x1146,0x08C3,0x0882,
  0x0882,0x19A7,0x08C3,0x0041,0x0041,0x0041,0x0041,0x2209,0x08A3,0x08A3,0x08A3,0x08A3,0x08A3,0x08A3,0x08A3,0x08A3,
  0x08A3,0x08A3,0x08A3,0x08A3,0x08A3,0x08A3,0x08A3,0x08A3,0x08A3,0x08A3,0x08A3,0x08A3,0x08A3,0x08A3,0x08A3,0x08A3,
  0x08A3,0x08A3,0x08A3,0x08A3,0x08A3,0x08A3,0x08A3,0x08A3,0x08A3,0x08A3,0x08A3,0x08A3,0x08A3,0x08A3,0x08A3,0x08A3,
  0x08A3,0x08A3,0x08A3,0x08A3,0x08A3,0x08A3,0x08A3,0x08A3,0x08A3,0x08A3,0x08A3,0x08A3,0x08A3,0x08A3,0x08A3,0x08A3,
  0x08A3,0x08A3,0x08A3,0x08A3,0x08A3,0x08A3,0x08A3,0x08A3,0x08A3,0x08A3,0x08A3,0x08A3,0x08A3,0x08A3,0x08A3,0x08A3,
  0x08A3,0x08A3,0x08A3,0x08A3,0x08A3,0x08A3,0x08A3,0x08A3,0x08A3,0x08A3,0x08A3,0x08A3,0x08A3,0x08A3,0x08A3,0x08A3,
  0x08A3,0x08A3,0x08A3,0x08A3,0x08A3,0x08A3,0x08A3,0x08A3,0x08A3,0x0883,0x0883,0x0883,0x0883,0x0883,0x0883,0x0883,
  0x0883,0x0883,0x0883,0x0883,0x0883,0x0883,0x0883,0x0883,0x0883,0x0883,0x0883,0x0883,0x0883,0x0883,0x0883,0x0883,
  0x0883,0x0883,0x0883,0x0883,0x0883,0x0883,0x0883,0x0883,0x0883,0x0883,0x0883,0x0883,0x0883,0x0883,0x0883,0x0883,
  0x0883,0x0883,0x0883,0x0883,0x0883,0x0883,0x0883,0x0883,0x0883,0x0883,0x0883,0x0883,0x0883,0x0883,0x0882,0x0882,
  0x0882,0x0882,0x0882,0x0882,0x0882,0x0882,0x19A7,0x08C3,0x0041,0x0041,0x0041,0x0041,0x0041,0x0041,0x0041,0x0041,
  0x0041,0x0041,0x0041,0x0041,0x0041,0x0041,0x0041,0x0041,0x0041,0x2209,0x08A3,0x08A3,0x08A3,0x1987,0x08A3,0x08A3,
  0x08A3,0x08A3,0x08A3,0x08A3,0x08A3,0x08A3,0x08A3,0x08A3,0x08A3,0x08A3,0x08A3,0x08A3,0x08A3,0x08A3,0x08A3,0x08A3,
  0x08A3,0x08A3,0x08E4,0x21A8,0x19A7,0x08C3,0x0882,0x0882,0x0882,0x0882,0x0882,0x0882,0x0882,0x0882,0x0882,0x0882,
  0x0882,0x0882,0x0882,0x0882,0x0882,0x0882,0x0882,0x0882,0x0882,0x0882,0x0882,0x0882,0x0883,0x1966,0x21E8,0x1104,
  0x0883,0x0883,0x0883,0x0883,0x0883,0x0883,0x0883,0x0883,0x0883,0x0883,0x0883,0x0883,0x0883,0x0883,0x0883,0x0883,
  0x0883,0x0883,0x0883,0x0883,0x0883,0x0883,0x0883,0x0883,0x0883,0x0883,0x0883,0x0883,0x0883,0x0883,0x0883,0x0883,
  0x0883,0x0883,0x0883,0x0883,0x0883,0x0883,0x0883,0x0882,0x0882,0x0882,0x0882,0x0882,0x0882,0x0882,0x0882,0x0882,
  0x0882,0x0882,0x0882,0x0882,0x0882,0x0882,0x0882,0x0882,0x0882,0x0882,0x0882,0x0882,0x0882,0x0882,0x0882,0x0882,
  0x0882,0x0882,0x0882,0x0882,0x0882,0x0882,0x0882,0x0882,0x0882,0x0882,0x0882,0x0882,0x0882,0x1146,0x08C3,0x0882,
  0x0882,0x19A7,0x08C3,0x0041,0x0041,0x0041,0x0041,0x2209,0x08A3,0x08A3,0x08A3,0x08A3,0x08A3,0x08A3,0x08A3,0x08A3,
  0x08A3,0x08A3,0x08A3,0x08A3,0x08A3,0x08A3,0x08A3,0x08A3,0x08A3,0x08A3,0x08A3,0x08A3,0x08A3,0x08A3,0x08A3,0x08A3,
  0x08A3,0x08A3,0x08A3,0x08A3,0x08A3,0x08A3,0x08A3,0x08A3,0x08A3,0x08A3,0x08A3,0x08A3,0x08A3,0x08A3,0x08A3,0x08A3,
  0x08A3,0x08A3,0x08A3,0x08A3,0x08A3,0x08A3,0x08A3,0x08A3,0x08A3,0x08A3,0x08A3,0x08A3,0x08A3,0x08A3,0x08A3,0x08A3,
  0x08A3,0x08A3,0x08A3,0x08A3,0x08A3,0x08A3,0x08A3,0x08A3,0x08A3,0x08A3,0x08A3,0x08A3,0x08A3,0x08A3,0x08A3,0x08A3,
  0x08A3,0x08A3,0x08A3,0x08A3,0x08A3,0x08A3,0x08A3,0x08A3,0x08A3,0x08A3,0x08A3,0x08A3,0x08A3,0x08A3,0x08A3,0x08A3,
  0x08A3,0x08A3,0x08A3,0x08A3,0x08A3,0x08A3,0x08A3,0x0883,0x0883,0x0883,0x0883,0x0883,0x0883,0x0883,0x0883,0x0883,
  0x0883,0x0883,0x0883,0x0883,0x0883,0x0883,0x0883,0x0883,0x0883,0x0883,0x0883,0x0883,0x0883,0x0883,0x0883,0x0883,
  0x0883,0x0883,0x0883,0x0883,0x0883,0x0883,0x0883,0x0883,0x0883,0x0883,0x0883,0x0883,0x0883,0x0883,0x0883,0x0883,
  0x0883,0x0883,0x0883,0x0883,0x0883,0x0883,0x0883,0x0883,0x0883,0x0883,0x0883,0x0883,0x0882,0x0882,0x0882,0x0882,
  0x0882,0x0882,0x0882,0x0882,0x0882,0x0882,0x19A7,0x08C3,0x0041,0x0041,0x0041,0x0041,0x0041,0x0041,0x0041,0x0041,
  0x0041,0x0041,0x0041,0x0041,0x0041,0x0041,0x0041,0x0041,0x0041,0x2209,0x08A3,0x08A3,0x08A3,0x1987,0x08A3,0x08A3,
  0x08A3,0x08A3,0x08A3,0x08A3,0x08A3,0x08A3,0x08A3,0x08A3,0x08A3,0x08A3,0x08A3,0x08A3,0x08A3,0x08A3,0x08A3,0x08A3,
  0x08A3,0x08A3,0x08A3,0x08A3,0x1125,0x21E8,0x1966,0x10E4,0x0882,0x0882,0x0882,0x0882,0x0882,0x0882,0x0882,0x0882,
  0x0882,0x0882,0x0882,0x0882,0x0882,0x0882,0x0882,0x0882,0x0882,0x0882,0x08A3,0x1946,0x21E8,0x1946,0x08A3,0x0883,
  0x0883,0x0883,0x0883,0x0883,0x0883,0x0883,0x0883,0x0883,0x0883,0x0883,0x0883,0x0883,0x0883,0x0883,0x0883,0x0883,
  0x0883,0x0883,0x0883,0x21A8,0x21A8,0x21A8,0x21A8,0x21A8,0x21A8,0x21A8,0x21A8,0x21A8,0x21A8,0x21A8,0x21A8,0x21A8,
  0x21A8,0x21A8,0x21A8,0x21A8,0x21A8,0x21A8,0x21A8,0x21A8,0x21A8,0x21A8,0x21A8,0x21A8,0x21A8,0x21A8,0x21A8,0x21A8,
  0x21A8,0x21A8,0x21A8,0x21A8,0x21A8,0x21A8,0x21A8,0x21A8,0x21A8,0x21A8,0x21A8,0x21A8,0x21A8,0x21A8,0x21A8,0x21A8,
  0x21A8,0x21A8,0x21A8,0x21A8,0x21A8,0x21A8,0x21A8,0x21A8,0x21A8,0x21A8,0x21A8,0x21A8,0x21A8,0x21A8,0x08C3,0x0882,
  0x0882,0x19A7,0x08C3,0x0041,0x0041,0x0041,0x0041,0x2209,0x08A3,0x08A3,0x08A3,0x08A3,0x08A3,0x08A3,0x08A3,0x08A3,
  0x08A3,0x08A3,0x08A3,0x08A3,0x08A3,0x08A3,0x08A3,0x08A3,0x08A3,0x08A3,0x08A3,0x08A3,0x08A3,0x08A3,0x08A3,0x08A3,
  0x08A3,0x08A3,0x08A3,0x08A3,0x08A3,0x08A3,0x08A3,0x08A3,0x08A3,0x08A3,0x08A3,0x08A3,0x08A3,0x08A3,0x08A3,0x08A3,
  0x08A3,0x08A3,0x08A3,0x08A3,0x08A3,0x08A3,0x08A3,0x08A3,0x08A3,0x08A3,0x08A3,0x08A3,0x08A3,0x08A3,0x08A3,0x08A3,
  0x08A3,0x08A3,0x08A3,0x08A3,0x08A3,0x08A3,0x08A3,0x08A3,0x08A3,0x08A3,0x08A3,0x08A3,0x08A3,0x08A3,0x08A3,0x08A3,
  0x08A3,0x08A3,0x08A3,0x08A3,0x08A3,0x08A3,0x08A3,0x08A3,0x08A3,0x08A3,0x08A3,0x08A3,0x08A3,0x08A3,0x08A3,0x08A3,
  0x08A3,0x08A3,0x08A3,0x08A3,0x08A3,0x0883,0x0883,0x0883,0x0883,0x0883,0x0883,0x0883,0x0883,0x0883,0x0883,0x0883,
  0x0883,0x0883,0x0883,0x0883,0x0883,0x0883,0x0883,0x0883,0x0883,0x0883,0x0883,0x0883,0x0883,0x0883,0x0883,0x0883,
  0x0883,0x0883,0x0883,0x0883,0x0883,0x0883,0x0883,0x0883,0x0883,0x0883,0x0883,0x0883,0x0883,0x0883,0x0883,0x0883,
  0x0883,0x0883,0x0883,0x0883,0x0883,0x0883,0x0883,0x0883,0x0883,0x0883,0x0882,0x0882,0x0882,0x0882,0x0882,0x0882,
  0x0882,0x0882,0x0882,0x0882,0x0882,0x0882,0x19A7,0x08C3,0x0041,0x0041,0x0041,0x0041,0x0041,0x0041,0x0041,0x0041,
  0x0041,0x0041,0x0041,0x0041,0x0041,0x0041,0x0041,0x0041,0x0041,0x2209,0x08A3,0x08A3,0x08A3,0x1987,0x08A3,0x08A3,
  0x08A3,0x08A3,0x08A3,0x08A3,0x08A3,0x08A3,0x08A3,0x08A3,0x08A3,0x08A3,0x08A3,0x08A3,0x08A3,0x08A3,0x08A3,0x08A3,
  0x08A3,0x08A3,0x08A3,0x08A3,0x08A3,0x08A3,0x1125,0x21C8,0x21A8,0x1125,0x08C3,0x0882,0x0882,0x0882,0x0882,0x0882,
  0x0882,0x0882,0x0882,0x0882,0x0882,0x0882,0x0882,0x08A3,0x1105,0x1987,0x21E8,0x1946,0x08C3,0x0883,0x0883,0x0883,
  0x0883,0x0883,0x0883,0x0883,0x0883,0x0883,0x0883,0x0883,0x0883,0x0883,0x0883,0x0883,0x0883,0x0883,0x0883,0x0883,
  0x0883,0x0883,0x0883,0x0883,0x0883,0x0883,0x0883,0x0883,0x0883,0x0883,0x0883,0x0883,0x0883,0x0883,0x0883,0x0883,
  0x0883,0x0883,0x0883,0x0883,0x0883,0x0883,0x0882,0x0882,0x0882,0x0882,0x0882,0x0882,0x0882,0x0882,0x0882,0x0882,
  0x0882,0x0882,0x0882,0x0882,0x0882,0x0882,0x0882,0x0882,0x0882,0x0882,0x0882,0x0882,0x0882,0x0882,0x0882,0x0882,
  0x0882,0x0882,0x0882,0x0882,0x0882,0x0882,0x0882,0x0882,0x0882,0x0882,0x0882,0x0882,0x0882,0x1146,0x08C3,0x0882,
  0x0882,0x19A7,0x08C3,0x0041,0x0041,0x0041,0x0041,0x2209,0x08A3,0x08A3,0x08A3,0x08A3,0x08A3,0x08A3,0x08A3,0x08A3,
  0x08A3,0x08A3,0x08A3,0x08A3,0x08A3,0x08A3,0x08A3,0x08A3,0x08A3,0x08A3,0x08A3,0x08A3,0x08A3,0x08A3,0x08A3,0x08A3,
  0x08A3,0x08A3,0x08A3,0x08A3,0x08A3,0x08A3,0x08A3,0x08A3,0x08A3,0x08A3,0x08A3,0x08A3,0x08A3,0x08A3,0x08A3,0x08A3,
  0x08A3,0x08A3,0x08A3,0x08A3,0x08A3,0x08A3,0x08A3,0x08A3,0x08A3,0x08A3,0x08A3,0x08A3,0x08A3,0x08A3,0x08A3,0x08A3,
  0x08A3,0x08A3,0x08A3,0x08A3,0x08A3,0x08A3,0x08A3,0x08A3,0x08A3,0x08A3,0x08A3,0x08A3,0x08A3,0x08A3,0x08A3,0x08A3,
  0x08A3,0x08A3,0x08A3,0x08A3,0x08A3,0x08A3,0x08A3,0x08A3,0x08A3,0x08A3,0x08A3,0x08A3,0x08A3,0x08A3,0x08A3,0x08A3,
  0x08A3,0x08A3,0x08A3,0x0883,0x0883,0x0883,0x0883,0x0883,0x0883,0x0883,0x0883,0x0883,0x0883,0x0883,0x0883,0x0883,
  0x0883,0x0883,0x0883,0x0883,0x0883,0x0883,0x0883,0x0883,0x0883,0x0883,0x0883,0x0883,0x0883,0x0883,0x0883,0x0883,
  0x0883,0x0883,0x0883,0x0883,0x0883,0x0883,0x0883,0x0883,0x0883,0x0883,0x0883,0x0883,0x0883,0x0883,0x0883,0x0883,
  0x0883,0x0883,0x0883,0x0883,0x0883,0x0883,0x0883,0x0883,0x0882,0x0882,0x0882,0x0882,0x0882,0x0882,0x0882,0x0882,
  0x0882,0x0882,0x0882,0x0882,0x0882,0x0882,0x19A7,0x08C3,0x0041,0x0041,0x0041,0x0041,0x0041,0x0041,0x0041,0x0041,
  0x0041,0x0041,0x0041,0x0041,0x0041,0x0041,0x0041,0x0041,0x0041,0x2209,0x08A3,0x08A3,0x08A3,0x1987,0x08A3,0x08A3,
  0x08A3,0x08A3,0x08A3,0x08A3,0x08A3,0x08A3,0x08A3,0x08A3,0x08A3,0x08A3,0x08A3,0x08A3,0x08A3,0x08A3,0x08A3,0x08A3,
  0x08A3,0x08A3,0x08A3,0x08A3,0x08A3,0x08A3,0x08A3,0x08A3,0x10E4,0x1966,0x21C8,0x21E8,0x1987,0x1946,0x1125,0x10E4,
  0x10E4,0x10E4,0x10E4,0x1105,0x1946,0x1966,0x21C8,0x21E8,0x1966,0x1105,0x0883,0x0883,0x0883,0x0883,0x0883,0x0883,
  0x0883,0x0883,0x0883,0x0883,0x0883,0x0883,0x0883,0x0883,0x0883,0x0883,0x0883,0x0883,0x0883,0x0883,0x0883,0x0883,
  0x0883,0x0883,0x0883,0x0883,0x0883,0x0883,0x0883,0x0883,0x0883,0x0883,0x0883,0x0883,0x0883,0x0883,0x0883,0x0883,
  0x0883,0x0883,0x0883,0x0883,0x0883,0x0882,0x0882,0x0882,0x0882,0x0882,0x0882,0x0882,0x0882,0x0882,0x0882,0x0882,
  0x0882,0x0882,0x0882,0x0882,0x0882,0x0882,0x0882,0x0882,0x0882,0x0882,0x0882,0x0882,0x0882,0x0882,0x0882,0x0882,
  0x0882,0x0882,0x0882,0x0882,0x0882,0x0882,0x0882,0x0882,0x0882,0x0882,0x0882,0x0882,0x0882,0x1146,0x08C3,0x0882,
  0x0882,0x19A7,0x08C3,0x0041,0x0041,0x0041,0x0041,0x2209,0x08A3,0x08A3,0x08A3,0x08A3,0x08A3,0x08A3,0x08A3,0x08A3,
  0x08A3,0x08A3,0x08A3,0x08A3,0x08A3,0x08A3,0x08A3,0x08A3,0x08A3,0x08A3,0x08A3,0x08A3,0x08A3,0x08A3,0x08A3,0x08A3,
  0x08A3,0x08A3,0x08A3,0x08A3,0x08A3,0x08A3,0x08A3,0x08A3,0x08A3,0x08A3,0x08A3,0x08A3,0x08A3,0x08A3,0x08A3,0x08A3,
  0x08A3,0x08A3,0x08A3,0x08A3,0x08A3,0x08A3,0x08A3,0x08A3,0x08A3,0x08A3,0x08A3,0x08A3,0x08A3,0x08A3,0x08A3,0x08A3,
  0x08A3,0x08A3,0x08A3,0x08A3,0x08A3,0x08A3,0x08A3,0x08A3,0x08A3,0x08A3,0x08A3,0x08A3,0x08A3,0x08A3,0x08A3,0x08A3,
  0x08A3,0x08A3,0x08A3,0x08A3,0x08A3,0x08A3,0x08A3,0x08A3,0x08A3,0x08A3,0x08A3,0x08A3,0x08A3,0x08A3,0x08A3,0x08A3,
  0x08A3,0x0883,0x0883,0x0883,0x0883,0x0883,0x0883,0x0883,0x0883,0x0883,0x0883,0x0883,0x0883,0x0883,0x0883,0x0883,
  0x0883,0x0883,0x0883,0x0883,0x0883,0x0883,0x0883,0x0883,0x0883,0x0883,0x0883,0x0883,0x0883,0x0883,0x0883,0x0883,
  0x0883,0x0883,0x0883,0x0883,0x0883,0x0883,0x0883,0x0883,0x0883,0x0883,0x0883,0x0883,0x0883,0x0883,0x0883,0x0883,
  0x0883,0x0883,0x0883,0x0883,0x0883,0x0883,0x0882,0x0882,0x0882,0x0882,0x0882,0x0882,0x0882,0x0882,0x0882,0x0882,
  0x0882,0x0882,0x0882,0x0882,0x0882,0x0882,0x19A7,0x08C3,0x0041,0x0041,0x0041,0x0041,0x0041,0x0041,0x0041,0x0041,
  0x0041,0x0041,0x0041,0x0041,0x0041,0x0041,0x0041,0x0041,0x0041,0x2209,0x08A3,0x08A3,0x08A3,0x1987,0x08A3,0x08A3,
  0x08A3,0x08A3,0x08A3,0x08A3,0x08A3,0x08A3,0x08A3,0x08A3,0x08A3,0x08A3,0x08A3,0x08A3,0x08A3,0x08A3,0x08A3,0x08A3,
  0x08A3,0x08A3,0x08A3,0x08A3,0x08A3,0x08A3,0x08A3,0x08A3,0x08A3,0x08A3,0x08A3,0x08C3,0x1105,0x1946,0x1966,0x19A7,
  0x19A7,0x19A7,0x19A7,0x1987,0x1946,0x1105,0x08C4,0x08A3,0x08A3,0x0883,0x0883,0x0883,0x0883,0x0883,0x0883,0x0883,
  0x0883,0x0883,0x0883,0x0883,0x0883,0x0883,0x0883,0x0883,0x0883,0x0883,0x0883,0x0883,0x0883,0x0883,0x0883,0x0883,
  0x0883,0x0883,0x0883,0x08A3,0x8493,0x5B4E,0x5B4E,0x3209,0x0883,0x0883,0x3A29,0x7C93,0x10E4,0x08A3,0x8493,0x4AEC,
  0x08A3,0x8493,0x08A3,0x0883,0x0882,0x0882,0x0882,0x0882,0x0882,0x0882,0x0882,0x0882,0x0882,0x0882,0x0882,0x0882,
  0x0882,0x0882,0x0882,0x0882,0x0882,0x0882,0x0882,0x0882,0x0882,0x0882,0x0882,0x0882,0x0882,0x0882,0x0882,0x0882,
  0x0882,0x0882,0x0882,0x0882,0x0882,0x0882,0x0882,0x0882,0x0882,0x0882,0x0882,0x0882,0x0882,0x1146,0x08C3,0x0882,
  0x0882,0x19A7,0x08C3,0x0041,0x0041,0x0041,0x0041,0x2209,0x08A3,0x08A3,0x08A3,0x08A3,0x08A3,0x08A3,0x08A3,0x08A3,
  0x08A3,0x08A3,0x08A3,0x08A3,0x08A3,0x08A3,0x08A3,0x08A3,0x08A3,0x08A3,0x08A3,0x08A3,0x08A3,0x08A3,0x08A3,0x08A3,
  0x08A3,0x08A3,0x08A3,0x08A3,0x08A3,0x08A3,0x08A3,0x08A3,0x08A3,0x08A3,0x08A3,0x08A3,0x08A3,0x08A3,0x08A3,0x08A3,
  0x08A3,0x08A3,0x08A3,0x08A3,0x08A3,0x08A3,0x08A3,0x08A3,0x08A3,0x08A3,0x08A3,0x08A3,0x08A3,0x08A3,0x08A3,0x08A3,
  0x08A3,0x08A3,0x08A3,0x08A3,0x08A3,0x08A3,0x08A3,0x08A3,0x08A3,0x08A3,0x08A3,0x08A3,0x08A3,0x08A3,0x08A3,0x08A3,
  0x08A3,0x08A3,0x08A3,0x08A3,0x08A3,0x08A3,0x08A3,0x08A3,0x08A3,0x08A3,0x08A3,0x08A3,0x08A3,0x08A3,0x08A3,0x0883,
  0x0883,0x0883,0x0883,0x0883,0x0883,0x0883,0x0883,0x0883,0x0883,0x0883,0x0883,0x0883,0x0883,0x0883,0x0883,0x0883,
  0x0883,0x0883,0x0883,0x0883,0x0883,0x0883,0x0883,0x0883,0x0883,0x0883,0x0883,0x0883,0x0883,0x0883,0x0883,0x0883,
  0x0883,0x0883,0x0883,0x0883,0x0883,0x0883,0x0883,0x0883,0x0883,0x0883,0x0883,0x0883,0x0883,0x0883,0x0883,0x0883,
  0x0883,0x0883,0x0883,0x0883,0x0882,0x0882,0x0882,0x0882,0x0882,0x0882,0x0882,0x0882,0x0882,0x0882,0x0882,0x0882,
  0x0882,0x0882,0x0882,0x0882,0x0882,0x0882,0x19A7,0x08C3,0x0041,0x0041,0x0041,0x0041,0x0041,0x0041,0x0041,0x0041,
  0x0041,0x0041,0x0041,0x0041,0x0041,0x0041,0x0041,0x0041,0x0041,0x2209,0x08A3,0x08A3,0x08A3,0x1987,0x08A3,0x08A3,
  0x08A3,0x08A3,0x08A3,0x08A3,0x08A3,0x08A3,0x08A3,0x08A3,0x08A3,0x08A3,0x08A3,0x08A3,0x08A3,0x08A3,0x08A3,0x08A3,
  0x08A3,0x08A3,0x08A3,0x08A3,0x08A3,0x08A3,0x08A3,0x08A3,0x08A3,0x08A3,0x08A3,0x08A3,0x08A3,0x08A3,0x08A3,0x08A3,
  0x08A3,0x08A3,0x08A3,0x08A3,0x08A3,0x08A3,0x08A3,0x08A3,0x0883,0x0883,0x0883,0x0883,0x0883,0x0883,0x0883,0x0883,
  0x0883,0x0883,0x0883,0x0883,0x0883,0x0883,0x0883,0x0883,0x0883,0x0883,0x0883,0x0883,0x0883,0x0883,0x0883,0x0883,
  0x0883,0x0883,0x0883,0x08A3,0x8493,0x08A3,0x0883,0x0883,0x0883,0x0883,0x5B6E,0x428B,0x3A29,0x08A3,0x8493,0x6C11,
  0x10E4,0x8493,0x08A3,0x0882,0x0882,0x0882,0x0882,0x0882,0x0882,0x0882,0x0882,0x0882,0x0882,0x0882,0x0882,0x0882,
  0x0882,0x0882,0x0882,0x0882,0x0882,0x0882,0x0882,0x0882,0x0882,0x0882,0x0882,0x0882,0x0882,0x0882,0x0882,0x0882,
  0x0882,0x0882,0x0882,0x0882,0x0882,0x0882,0x0882,0x0882,0x0882,0x0882,0x0882,0x0882,0x0882,0x1146,0x08C3,0x0882,
  0x0882,0x19A7,0x08C3,0x0041,0x0041,0x0041,0x0041,0x2209,0x08A3,0x08A3,0x08A3,0x08A3,0x08A3,0x08A3,0x08A3,0x08A3,
  0x08A3,0x08A3,0x08A3,0x08A3,0x08A3,0x08A3,0x08A3,0x08A3,0x08A3,0x08A3,0x08A3,0x08A3,0x08A3,0x08A3,0x08A3,0x08A3,
  0x08A3,0x08A3,0x08A3,0x08A3,0x08A3,0x08A3,0x08A3,0x08A3,0x08A3,0x08A3,0x08A3,0x08A3,0x08A3,0x08A3,0x08A3,0x08A3,
  0x08A3,0x08A3,0x08A3,0x08A3,0x08A3,0x08A3,0x08A3,0x08A3,0x08A3,0x08A3,0x08A3,0x08A3,0x08A3,0x08A3,0x08A3,0x08A3,
  0x08A3,0x08A3,0x08A3,0x08A3,0x08A3,0x08A3,0x08A3,0x08A3,0x08A3,0x08A3,0x08A3,0x08A3,0x08A3,0x08A3,0x08A3,0x08A3,
  0x08A3,0x08A3,0x08A3,0x08A3,0x08A3,0x08A3,0x08A3,0x08A3,0x08A3,0x08A3,0x08A3,0x08A3,0x08A3,0x0883,0x0883,0x0883,
  0x0883,0x0883,0x0883,0x0883,0x0883,0x0883,0x0883,0x0883,0x0883,0x0883,0x0883,0x0883,0x0883,0x0883,0x0883,0x0883,
  0x0883,0x0883,0x0883,0x0883,0x0883,0x0883,0x0883,0x0883,0x0883,0x0883,0x0883,0x0883,0x0883,0x0883,0x0883,0x0883,
  0x0883,0x0883,0x0883,0x0883,0x0883,0x0883,0x0883,0x0883,0x0883,0x0883,0x0883,0x0883,0x0883,0x0883,0x0883,0x0883,
  0x0883,0x0883,0x0882,0x0882,0x0882,0x0882,0x0882,0x0882,0x0882,0x0882,0x0882,0x0882,0x0882,0x0882,0x0882,0x0882,
  0x0882,0x0882,0x0882,0x0882,0x0882,0x0882,0x19A7,0x08C3,0x0041,0x0041,0x0041,0x0041,0x0041,0x0041,0x0041,0x0041,
  0x0041,0x0041,0x0041,0x0041,0x0041,0x0041,0x0041,0x0041,0x0041,0x2209,0x08A3,0x08A3,0x08A3,0x1987,0x08A3,0x08A3,
  0x08A3,0x08A3,0x08A3,0x08A3,0x08A3,0x08A3,0x08A3,0x08A3,0x08A3,0x08A3,0x08A3,0x08A3,0x08A3,0x08A3,0x08A3,0x08A3,
  0x08A3,0x08A3,0x08A3,0x08A3,0x08A3,0x08A3,0x08A3,0x08A3,0x08A3,0x08A3,0x08A3,0x08A3,0x08A3,0x08A3,0x08A3,0x08A3,
  0x08A3,0x08A3,0x08A3,0x08A3,0x08A3,0x08A3,0x08A3,0x08A3,0x0883,0x0883,0x0883,0x0883,0x0883,0x0883,0x0883,0x0883,
  0x0883,0x0883,0x0883,0x0883,0x0883,0x0883,0x0883,0x0883,0x0883,0x0883,0x0883,0x0883,0x0883,0x0883,0x0883,0x0883,
  0x0883,0x0883,0x0883,0x08A3,0x8493,0x6BF0,0x6BD0,0x2166,0x0883,0x10E4,0x7C52,0x6BF0,0x638F,0x08A3,0x8493,0x428A,
  0x428B,0x8493,0x08A3,0x0882,0x0882,0x0882,0x0882,0x0882,0x0882,0x0882,0x0882,0x0882,0x0882,0x0882,0x0882,0x0882,
  0x0882,0x0882,0x0882,0x0882,0x0882,0x0882,0x0882,0x0882,0x0882,0x0882,0x0882,0x0882,0x0882,0x0882,0x0882,0x0882,
  0x0882,0x0882,0x0882,0x0882,0x0882,0x0882,0x0882,0x0882,0x0882,0x0882,0x0882,0x0882,0x0882,0x1146,0x08C3,0x0882,
  0x0882,0x19A7,0x08C3,0x0041,0x0041,0x0041,0x0041,0x2209,0x08A3,0x08A3,0x08A3,0x08A3,0x08A3,0x08A3,0x08A3,0x08A3,
  0x08A3,0x08A3,0x08A3,0x08A3,0x08A3,0x08A3,0x08A3,0x08A3,0x08A3,0x08A3,0x08A3,0x08A3,0x08A3,0x08A3,0x08A3,0x08A3,
  0x08A3,0x08A3,0x08A3,0x08A3,0x08A3,0x08A3,0x08A3,0x08A3,0x08A3,0x08A3,0x08A3,0x08A3,0x08A3,0x08A3,0x08A3,0x08A3,
  0x08A3,0x08A3,0x08A3,0x08A3,0x08A3,0x08A3,0x08A3,0x08A3,0x08A3,0x08A3,0x08A3,0x08A3,0x08A3,0x08A3,0x08A3,0x08A3,
  0x08A3,0x08A3,0x08A3,0x08A3,0x08A3,0x08A3,0x08A3,0x08A3,0x08A3,0x08A3,0x08A3,0x08A3,0x08A3,0x08A3,0x08A3,0x08A3,
  0x08A3,0x08A3,0x08A3,0x08A3,0x08A3,0x08A3,0x08A3,0x08A3,0x08A3,0x08A3,0x08A3,0x0883,0x0883,0x0883,0x0883,0x0883,
  0x0883,0x0883,0x0883,0x0883,0x0883,0x0883,0x0883,0x0883,0x0883,0x0883,0x0883,0x0883,0x0883,0x0883,0x0883,0x0883,
  0x0883,0x0883,0x0883,0x0883,0x0883,0x0883,0x0883,0x0883,0x0883,0x0883,0x0883,0x0883,0x0883,0x0883,0x0883,0x0883,
  0x0883,0x0883,0x0883,0x0883,0x0883,0x0883,0x0883,0x0883,0x0883,0x0883,0x0883,0x0883,0x0883,0x0883,0x0883,0x0883,
  0x0882,0x0882,0x0882,0x0882,0x0882,0x0882,0x0882,0x0882,0x0882,0x0882,0x0882,0x0882,0x0882,0x0882,0x0882,0x0882,
  0x0882,0x0882,0x0882,0x0882,0x0882,0x0882,0x19A7,0x08C3,0x0041,0x0041,0x0041,0x0041,0x0041,0x0041,0x0041,0x0041,
  0x0041,0x0041,0x0041,0x0041,0x0041,0x0041,0x0041,0x0041,0x0041,0x2209,0x08A3,0x08A3,0x08A3,0x1987,0x08A3,0x08A3,
  0x08A3,0x08A3,0x08A3,0x08A3,0x08A3,0x08A3,0x08A3,0x08A3,0x08A3,0x08A3,0x08A3,0x08A3,0x08A3,0x08A3,0x08A3,0x08A3,
  0x08A3,0x08A3,0x08A3,0x08A3,0x08A3,0x08A3,0x08A3,0x08A3,0x08A3,0x08A3,0x08A3,0x08A3,0x08A3,0x08A3,0x08A3,0x08A3,
  0x08A3,0x08A3,0x08A3,0x08A3,0x08A3,0x08A3,0x08A3,0x0883,0x0883,0x0883,0x0883,0x0883,0x0883,0x0883,0x0883,0x0883,
  0x0883,0x0883,0x0883,0x0883,0x0883,0x0883,0x0883,0x0883,0x0883,0x0883,0x0883,0x0883,0x0883,0x0883,0x0883,0x0883,
  0x0883,0x0883,0x0883,0x08A3,0x8493,0x08A3,0x0883,0x0883,0x0883,0x3A4A,0x3209,0x0883,0x63AF,0x1104,0x8493,0x10E4,
  0x6C11,0x8493,0x08A3,0x0882,0x0882,0x0882,0x0882,0x0882,0x0882,0x0882,0x0882,0x0882,0x0882,0x0882,0x0882,0x0882,
  0x0882,0x0882,0x0882,0x0882,0x0882,0x0882,0x0882,0x0882,0x0882,0x0882,0x0882,0x0882,0x0882,0x0882,0x0882,0x0882,
  0x0882,0x0882,0x0882,0x0882,0x0882,0x0882,0x0882,0x0882,0x0882,0x0882,0x0882,0x0882,0x0882,0x1146,0x08C3,0x0882,
  0x0882,0x19A7,0x08C3,0x0041,0x0041,0x0041,0x0041,0x2209,0x08A3,0x08A3,0x08A3,0x08A3,0x08A3,0x08A3,0x08A3,0x08A3,
  0x08A3,0x08A3,0x08A3,0x08A3,0x08A3,0x08A3,0x08A3,0x08A3,0x08A3,0x08A3,0x08A3,0x08A3,0x08A3,0x08A3,0x08A3,0x08A3,
  0x08A3,0x08A3,0x08A3,0x08A3,0x08A3,0x08A3,0x08A3,0x08A3,0x08A3,0x08A3,0x08A3,0x08A3,0x08A3,0x08A3,0x08A3,0x08A3,
  0x08A3,0x08A3,0x08A3,0x08A3,0x08A3,0x08A3,0x08A3,0x08A3,0x08A3,0x08A3,0x08A3,0x08A3,0x08A3,0x08A3,0x08A3,0x08A3,
  0x08A3,0x08A3,0x08A3,0x08A3,0x08A3,0x08A3,0x08A3,0x08A3,0x08A3,0x08A3,0x08A3,0x08A3,0x08A3,0x08A3,0x08A3,0x08A3,
  0x08A3,0x08A3,0x08A3,0x08A3,0x08A3,0x08A3,0x08A3,0x08A3,0x08A3,0x0883,0x0883,0x0883,0x0883,0x0883,0x0883,0x0883,
  0x0883,0x0883,0x0883,0x0883,0x0883,0x0883,0x0883,0x0883,0x0883,0x0883,0x0883,0x0883,0x0883,0x0883,0x0883,0x0883,
  0x0883,0x0883,0x0883,0x0883,0x0883,0x0883,0x0883,0x0883,0x0883,0x0883,0x0883,0x0883,0x0883,0x0883,0x0883,0x0883,
  0x0883,0x0883,0x0883,0x0883,0x0883,0x0883,0x0883,0x0883,0x0883,0x0883,0x0883,0x0883,0x0883,0x0883,0x0882,0x0882,
  0x0882,0x0882,0x0882,0x0882,0x0882,0x0882,0x0882,0x0882,0x0882,0x0882,0x0882,0x0882,0x0882,0x0882,0x0882,0x0882,
  0x0882,0x0882,0x0882,0x0882,0x0882,0x0882,0x19A7,0x08C3,0x0041,0x0041,0x0041,0x0041,0x0041,0x0041,0x0041,0x0041,
  0x0041,0x0041,0x0041,0x0041,0x0041,0x0041,0x0041,0x0041,0x0041,0x2209,0x08A3,0x08A3,0x08A3,0x1987,0x08A3,0x08A3,
  0x08A3,0x08A3,0x08A3,0x08A3,0x08A3,0x08A3,0x08A3,0x08A3,0x08A3,0x08A3,0x08A3,0x08A3,0x08A3,0x08A3,0x08A3,0x08A3,
  0x08A3,0x08A3,0x08A3,0x08A3,0x08A3,0x08A3,0x08A3,0x08A3,0x08A3,0x08A3,0x08A3,0x08A3,0x08A3,0x08A3,0x08A3,0x08A3,
  0x08A3,0x08A3,0x08A3,0x08A3,0x08A3,0x08A3,0x0883,0x0883,0x0883,0x0883,0x0883,0x0883,0x0883,0x0883,0x0883,0x0883,
  0x0883,0x0883,0x0883,0x0883,0x0883,0x0883,0x0883,0x0883,0x0883,0x0883,0x0883,0x0883,0x0883,0x0883,0x0883,0x0883,
  0x0883,0x0883,0x0883,0x08A3,0x8493,0x08A3,0x0883,0x0883,0x0883,0x63AF,0x1905,0x0883,0x4AAB,0x3A4A,0x8493,0x08A3,
  0x4ACC,0x8493,0x08A3,0x0882,0x0882,0x0882,0x0882,0x0882,0x0882,0x0882,0x0882,0x0882,0x0882,0x0882,0x0882,0x0882,
  0x0882,0x0882,0x0882,0x0882,0x0882,0x0882,0x0882,0x0882,0x0882,0x0882,0x0882,0x0882,0x0882,0x0882,0x0882,0x0882,
  0x0882,0x0882,0x0882,0x0882,0x0882,0x0882,0x0882,0x0882,0x0882,0x0882,0x0882,0x0882,0x0882,0x1146,0x08C3,0x0882,
  0x0882,0x19A7,0x08C3,0x0041,0x0041,0x0041,0x0041,0x2209,0x08A3,0x08A3,0x08A3,0x08A3,0x08A3,0x08A3,0x08A3,0x08A3,
  0x08A3,0x08A3,0x08A3,0x08A3,0x08A3,0x08A3,0x08A3,0x08A3,0x08A3,0x08A3,0x08A3,0x08A3,0x08A3,0x08A3,0x08A3,0x08A3,
  0x08A3,0x08A3,0x08A3,0x08A3,0x08A3,0x08A3,0x08A3,0x08A3,0x08A3,0x08A3,0x08A3,0x08A3,0x08A3,0x08A3,0x08A3,0x08A3,
  0x08A3,0x08A3,0x08A3,0x08A3,0x08A3,0x08A3,0x08A3,0x08A3,0x08A3,0x08A3,0x08A3,0x08A3,0x08A3,0x08A3,0x08A3,0x08A3,
  0x08A3,0x08A3,0x08A3,0x08A3,0x08A3,0x08A3,0x08A3,0x08A3,0x08A3,0x08A3,0x08A3,0x08A3,0x08A3,0x08A3,0x08A3,0x08A3,
  0x08A3,0x08A3,0x08A3,0x08A3,0x08A3,0x08A3,0x0883,0x0883,0x0883,0x0883,0x0883,0x0883,0x0883,0x0883,0x0883,0x0883,
  0x0883,0x0883,0x0883,0x0883,0x0883,0x0883,0x0883,0x0883,0x0883,0x0883,0x0883,0x0883,0x0883,0x0883,0x0883,0x0883,
  0x0883,0x0883,0x0883,0x0883,0x0883,0x0883,0x0883,0x0883,0x0883,0x0883,0x0883,0x0883,0x0883,0x0883,0x0883,0x0883,
  0x0883,0x0883,0x0883,0x0883,0x0883,0x0883,0x0883,0x0883,0x0883,0x0883,0x0883,0x0883,0x0882,0x0882,0x0882,0x0882,
  0x0882,0x0882,0x0882,0x0882,0x0882,0x0882,0x0882,0x0882,0x0882,0x0882,0x0882,0x0882,0x0882,0x0882,0x0882,0x0882,
  0x0882,0x0882,0x0882,0x0882,0x0882,0x0882,0x19A7,0x08C3,0x0041,0x0041,0x0041,0x0041,0x0041,0x0041,0x0041,0x0041,
  0x0041,0x0041,0x0041,0x0041,0x0041,0x0041,0x0041,0x0041,0x0041,0x2209,0x08A3,0x08A3,0x08A3,0x1987,0x08A3,0x08A3,
  0x08A3,0x08A3,0x08A3,0x08A3,0x08A3,0x08A3,0x08A3,0x08A3,0x08A3,0x08A3,0x08A3,0x08A3,0x08A3,0x08A3,0x08A3,0x08A3,
  0x08A3,0x08A3,0x08A3,0x08A3,0x08A3,0x08A3,0x08A3,0x08A3,0x08A3,0x08A3,0x08A3,0x08A3,0x08A3,0x08A3,0x08A3,0x08A3,
  0x08A3,0x08A3,0x08A3,0x08A3,0x08A3,0x0883,0x0883,0x0883,0x0883,0x0883,0x0883,0x0883,0x0883,0x0883,0x0883,0x0883,
  0x0883,0x0883,0x0883,0x0883,0x0883,0x0883,0x0883,0x0883,0x0883,0x0883,0x0883,0x0883,0x0883,0x0883,0x0883,0x0883,
  0x0883,0x0883,0x0883,0x0883,0x1925,0x0883,0x0883,0x0883,0x0883,0x1905,0x0883,0x0883,0x08C3,0x10E4,0x1925,0x0883,
  0x08A3,0x1925,0x0882,0x0882,0x0882,0x0882,0x0882,0x0882,0x0882,0x0882,0x0882,0x0882,0x0882,0x0882,0x0882,0x0882,
  0x0882,0x0882,0x0882,0x0882,0x0882,0x0882,0x0882,0x0882,0x0882,0x0882,0x0882,0x0882,0x0882,0x0882,0x0882,0x0882,
  0x0882,0x0882,0x0882,0x0882,0x0882,0x0882,0x0882,0x0882,0x0882,0x0882,0x0882,0x0882,0x0882,0x1146,0x08C3,0x0882,
  0x0082,0x19A7,0x08C3,0x0041,0x0041,0x0041,0x0041,0x2209,0x08A3,0x08A3,0x08A3,0x08A3,0x08A3,0x08A3,0x08A3,0x08A3,
  0x08A3,0x08A3,0x08A3,0x08A3,0x08A3,0x08A3,0x08A3,0x08A3,0x08A3,0x08A3,0x08A3,0x08A3,0x08A3,0x08A3,0x08A3,0x08A3,
  0x08A3,0x08A3,0x08A3,0x08A3,0x08A3,0x08A3,0x08A3,0x08A3,0x08A3,0x08A3,0x08A3,0x08A3,0x08A3,0x08A3,0x08A3,0x08A3,
  0x08A3,0x08A3,0x08A3,0x08A3,0x08A3,0x08A3,0x08A3,0x08A3,0x08A3,0x08A3,0x08A3,0x08A3,0x08A3,0x08A3,0x08A3,0x08A3,
  0x08A3,0x08A3,0x08A3,0x08A3,0x08A3,0x08A3,0x08A3,0x08A3,0x08A3,0x08A3,0x08A3,0x08A3,0x08A3,0x08A3,0x08A3,0x08A3,
  0x08A3,0x08A3,0x08A3,0x08A3,0x0883,0x0883,0x0883,0x0883,0x0883,0x0883,0x0883,0x0883,0x0883,0x0883,0x0883,0x0883,
  0x0883,0x0883,0x0883,0x0883,0x0883,0x0883,0x0883,0x0883,0x0883,0x0883,0x0883,0x0883,0x0883,0x0883,0x0883,0x0883,
  0x0883,0x0883,0x0883,0x0883,0x0883,0x0883,0x0883,0x0883,0x0883,0x0883,0x0883,0x0883,0x0883,0x0883,0x0883,0x0883,
  0x0883,0x0883,0x0883,0x0883,0x0883,0x0883,0x0883,0x0883,0x0883,0x0883,0x0882,0x0882,0x0882,0x0882,0x0882,0x0882,
  0x0882,0x0882,0x0882,0x0882,0x0882,0x0882,0x0882,0x0882,0x0882,0x0882,0x0882,0x0882,0x0882,0x0882,0x0882,0x0882,
  0x0882,0x0882,0x0882,0x0882,0x0882,0x0882,0x19A7,0x08C3,0x0041,0x0041,0x0041,0x0041,0x0041,0x0041,0x0041,0x0041,
  0x0041,0x0041,0x0041,0x0041,0x0041,0x0041,0x0041,0x0041,0x0041,0x2209,0x08A3,0x08A3,0x08A3,0x1987,0x08A3,0x08A3,
  0x08A3,0x08A3,0x08A3,0x08A3,0x08A3,0x08A3,0x08A3,0x08A3,0x08A3,0x08A3,0x08A3,0x08A3,0x08A3,0x08A3,0x08A3,0x08A3,
  0x08A3,0x08A3,0x08A3,0x08A3,0x08A3,0x08A3,0x08A3,0x08A3,0x08A3,0x08A3,0x08A3,0x08A3,0x08A3,0x08A3,0x08A3,0x08A3,
  0x08A3,0x08A3,0x08A3,0x08A3,0x0883,0x0883,0x0883,0x0883,0x0883,0x0883,0x0883,0x0883,0x0883,0x0883,0x0883,0x0883,
  0x0883,0x0883,0x0883,0x0883,0x0883,0x0883,0x0883,0x0883,0x0883,0x0883,0x0883,0x0883,0x0883,0x0883,0x0883,0x0883,
  0x0883,0x0883,0x0883,0x0883,0x0883,0x0883,0x0883,0x0883,0x0883,0x0883,0x0883,0x0883,0x0883,0x0883,0x0883,0x0882,
  0x0882,0x0882,0x0882,0x0882,0x0882,0x0882,0x0882,0x0882,0x0882,0x0882,0x0882,0x0882,0x0882,0x0882,0x0882,0x0882,
  0x0882,0x0882,0x0882,0x0882,0x0882,0x0882,0x0882,0x0882,0x0882,0x0882,0x0882,0x0882,0x0882,0x0882,0x0882,0x0882,
  0x0882,0x0882,0x0882,0x0882,0x0882,0x0882,0x0882,0x0882,0x0882,0x0882,0x0882,0x0882,0x0882,0x1146,0x08C3,0x0882,
  0x0082,0x19A7,0x08C3,0x0041,0x0041,0x0041,0x0041,0x2209,0x08A3,0x08A3,0x08A3,0x08A3,0x08A3,0x08A3,0x08A3,0x08A3,
  0x08A3,0x08A3,0x08A3,0x08A3,0x08A3,0x08A3,0x08A3,0x08A3,0x08A3,0x08A3,0x08A3,0x08A3,0x08A3,0x08A3,0x08A3,0x08A3,
  0x08A3,0x08A3,0x08A3,0x08A3,0x08A3,0x08A3,0x08A3,0x08A3,0x08A3,0x08A3,0x08A3,0x08A3,0x08A3,0x08A3,0x08A3,0x08A3,
  0x08A3,0x08A3,0x08A3,0x08A3,0x08A3,0x08A3,0x08A3,0x08A3,0x08A3,0x08A3,0x08A3,0x08A3,0x08A3,0x08A3,0x08A3,0x08A3,
  0x08A3,0x08A3,0x08A3,0x08A3,0x08A3,0x08A3,0x08A3,0x08A3,0x08A3,0x08A3,0x08A3,0x08A3,0x08A3,0x08A3,0x08A3,0x08A3,
  0x08A3,0x08A3,0x0883,0x0883,0x0883,0x0883,0x0883,0x0883,0x0883,0x0883,0x0883,0x0883,0x0883,0x0883,0x0883,0x0883,
  0x0883,0x0883,0x0883,0x0883,0x0883,0x0883,0x0883,0x0883,0x0883,0x0883,0x0883,0x0883,0x0883,0x0883,0x0883,0x0883,
  0x0883,0x0883,0x0883,0x0883,0x0883,0x0883,0x0883,0x0883,0x0883,0x0883,0x0883,0x0883,0x0883,0x0883,0x0883,0x0883,
  0x0883,0x0883,0x0883,0x0883,0x0883,0x0883,0x0883,0x0883,0x0882,0x0882,0x0882,0x0882,0x0882,0x0882,0x0882,0x0882,
  0x0882,0x0882,0x0882,0x0882,0x0882,0x0882,0x0882,0x0882,0x0882,0x0882,0x0882,0x0882,0x0882,0x0882,0x0882,0x0882,
  0x0882,0x0882,0x0882,0x0882,0x0882,0x0882,0x19A7,0x08C3,0x0041,0x0041,0x0041,0x0041,0x0041,0x0041,0x0041,0x0041,
  0x0041,0x0041,0x0041,0x0041,0x0041,0x0041,0x0041,0x0041,0x0041,0x2209,0x08A3,0x08A3,0x08A3,0x1987,0x08A3,0x08A3,
  0x08A3,0x08A3,0x08A3,0x08A3,0x08A3,0x08A3,0x08A3,0x08A3,0x08A3,0x08A3,0x08A3,0x08A3,0x08A3,0x08A3,0x08A3,0x08A3,
  0x08A3,0x08A3,0x08A3,0x08A3,0x08A3,0x08A3,0x08A3,0x08A3,0x08A3,0x08A3,0x08A3,0x08A3,0x08A3,0x08A3,0x08A3,0x08A3,
  0x08A3,0x08A3,0x08A3,0x0883,0x0883,0x0883,0x0883,0x0883,0x0883,0x0883,0x0883,0x0883,0x0883,0x0883,0x0883,0x0883,
  0x0883,0x0883,0x0883,0x0883,0x0883,0x0883,0x0883,0x0883,0x0883,0x0883,0x0883,0x0883,0x0883,0x0883,0x0883,0x0883,
  0x0883,0x0883,0x0883,0x0883,0x0883,0x0883,0x0883,0x0883,0x0883,0x0883,0x0883,0x0883,0x0883,0x0883,0x0882,0x0882,
  0x0882,0x0882,0x0882,0x0882,0x0882,0x0882,0x0882,0x0882,0x0882,0x0882,0x0882,0x0882,0x0882,0x0882,0x0882,0x0882,
  0x0882,0x0882,0x0882,0x0882,0x0882,0x0882,0x0882,0x0882,0x0882,0x0882,0x0882,0x0882,0x0882,0x0882,0x0882,0x0882,
  0x0882,0x0882,0x0882,0x0882,0x0882,0x0882,0x0882,0x0882,0x0882,0x0882,0x0882,0x0882,0x0882,0x1146,0x08C3,0x0082,
  0x0082,0x19A7,0x08C3,0x0041,0x0041,0x0041,0x0041,0x2209,0x08A3,0x08A3,0x08A3,0x08A3,0x08A3,0x08A3,0x08A3,0x08A3,
  0x08A3,0x08A3,0x08A3,0x08A3,0x08A3,0x08A3,0x08A3,0x08A3,0x08A3,0x08A3,0x08A3,0x08A3,0x08A3,0x08A3,0x08A3,0x08A3,
  0x08A3,0x08A3,0x08A3,0x08A3,0x08A3,0x08A3,0x08A3,0x08A3,0x08A3,0x08A3,0x08A3,0x08A3,0x08A3,0x08A3,0x08A3,0x08A3,
  0x08A3,0x08A3,0x08A3,0x08A3,0x08A3,0x08A3,0x08A3,0x08A3,0x08A3,0x08A3,0x08A3,0x08A3,0x08A3,0x08A3,0x08A3,0x08A3,
  0x08A3,0x08A3,0x08A3,0x08A3,0x08A3,0x08A3,0x08A3,0x08A3,0x08A3,0x08A3,0x08A3,0x08A3,0x08A3,0x08A3,0x08A3,0x08A3,
  0x0883,0x0883,0x0883,0x0883,0x0883,0x0883,0x0883,0x0883,0x0883,0x0883,0x0883,0x0883,0x0883,0x0883,0x0883,0x0883,
  0x0883,0x0883,0x0883,0x0883,0x0883,0x0883,0x0883,0x0883,0x0883,0x0883,0x0883,0x0883,0x0883,0x0883,0x0883,0x0883,
  0x0883,0x0883,0x0883,0x0883,0x0883,0x0883,0x0883,0x0883,0x0883,0x0883,0x0883,0x0883,0x0883,0x0883,0x0883,0x0883,
  0x0883,0x0883,0x0883,0x0883,0x0883,0x0883,0x0882,0x0882,0x0882,0x0882,0x0882,0x0882,0x0882,0x0882,0x0882,0x0882,
  0x0882,0x0882,0x0882,0x0882,0x0882,0x0882,0x0882,0x0882,0x0882,0x0882,0x0882,0x0882,0x0882,0x0882,0x0882,0x0882,
  0x0882,0x0882,0x0882,0x0882,0x0882,0x0882,0x19A7,0x08C3,0x0041,0x0041,0x0041,0x0041,0x0041,0x0041,0x0041,0x0041,
  0x0041,0x0041,0x0041,0x0041,0x0041,0x0041,0x0041,0x0041,0x0041,0x2209,0x08A3,0x08A3,0x08A3,0x1987,0x08A3,0x08A3,
  0x08A3,0x08A3,0x08A3,0x08A3,0x08A3,0x08A3,0x08A3,0x08A3,0x08A3,0x08A3,0x08A3,0x08A3,0x08A3,0x08A3,0x08A3,0x08A3,
  0x08A3,0x08A3,0x08A3,0x08A3,0x08A3,0x08A3,0x08A3,0x08A3,0x08A3,0x08A3,0x08A3,0x08A3,0x08A3,0x08A3,0x08A3,0x08A3,
  0x08A3,0x08A3,0x08A3,0x0883,0x0883,0x0883,0x0883,0x0883,0x0883,0x0883,0x0883,0x0883,0x0883,0x0883,0x0883,0x0883,
  0x0883,0x0883,0x0883,0x0883,0x0883,0x0883,0x0883,0x0883,0x0883,0x0883,0x0883,0x0883,0x0883,0x0883,0x0883,0x0883,
  0x0883,0x0883,0x0883,0x0883,0x0883,0x0883,0x0883,0x0883,0x0883,0x0883,0x0883,0x0883,0x0883,0x0882,0x0882,0x0882,
  0x0882,0x0882,0x0882,0x0882,0x0882,0x0882,0x0882,0x0882,0x0882,0x0882,0x0882,0x0882,0x0882,0x0882,0x0882,0x0882,
  0x0882,0x0882,0x0882,0x0882,0x0882,0x0882,0x0882,0x0882,0x0882,0x0882,0x0882,0x0882,0x0882,0x0882,0x0882,0x0882,
  0x0882,0x0882,0x0882,0x0882,0x0882,0x0882,0x0882,0x0882,0x0882,0x0882,0x0882,0x0882,0x0882,0x1146,0x08C3,0x0082,
  0x0082,0x19A7,0x08C3,0x0041,0x0041,0x0041,0x0041,0x2209,0x08A3,0x08A3,0x08A3,0x08A3,0x08A3,0x08A3,0x08A3,0x08A3,
  0x08A3,0x08A3,0x08A3,0x08A3,0x08A3,0x08A3,0x08A3,0x08A3,0x08A3,0x08A3,0x08A3,0x08A3,0x08A3,0x08A3,0x08A3,0x08A3,
  0x08A3,0x08A3,0x08A3,0x08A3,0x08A3,0x08A3,0x08A3,0x08A3,0x08A3,0x08A3,0x08A3,0x08A3,0x08A3,0x08A3,0x08A3,0x08A3,
  0x08A3,0x08A3,0x08A3,0x08A3,0x08A3,0x08A3,0x08A3,0x08A3,0x08A3,0x08A3,0x08A3,0x08A3,0x08A3,0x08A3,0x08A3,0x08A3,
  0x08A3,0x08A3,0x08A3,0x08A3,0x08A3,0x08A3,0x08A3,0x08A3,0x08A3,0x08A3,0x08A3,0x08A3,0x08A3,0x08A3,0x0883,0x0883,
  0x0883,0x0883,0x0883,0x0883,0x0883,0x0883,0x0883,0x0883,0x0883,0x0883,0x0883,0x0883,0x0883,0x0883,0x0883,0x0883,
  0x0883,0x0883,0x0883,0x0883,0x0883,0x0883,0x0883,0x0883,0x0883,0x0883,0x0883,0x0883,0x0883,0x0883,0x0883,0x0883,
  0x0883,0x0883,0x0883,0x0883,0x0883,0x0883,0x0883,0x0883,0x0883,0x0883,0x0883,0x0883,0x0883,0x0883,0x0883,0x0883,
  0x0883,0x0883,0x0883,0x0883,0x0882,0x0882,0x0882,0x0882,0x0882,0x0882,0x0882,0x0882,0x0882,0x0882,0x0882,0x0882,
  0x0882,0x0882,0x0882,0x0882,0x0882,0x0882,0x0882,0x0882,0x0882,0x0882,0x0882,0x0882,0x0882,0x0882,0x0882,0x0882,
  0x0882,0x0882,0x0882,0x0882,0x0882,0x0882,0x19A7,0x08C3,0x0041,0x0041,0x0041,0x0041,0x0041,0x0041,0x0041,0x0041,
  0x0041,0x0041,0x0041,0x0041,0x0041,0x0041,0x0041,0x0041,0x0041,0x2209,0x08A3,0x08A3,0x08A3,0x1987,0x08A3,0x08A3,
  0x08A3,0x08A3,0x08A3,0x08A3,0x08A3,0x08A3,0x08A3,0x08A3,0x08A3,0x08A3,0x08A3,0x08A3,0x08A3,0x08A3,0x08A3,0x08A3,
  0x08A3,0x08A3,0x08A3,0x08A3,0x08A3,0x08A3,0x08A3,0x08A3,0x08A3,0x08A3,0x08A3,0x08A3,0x08A3,0x08A3,0x08A3,0x08A3,
  0x08A3,0x08A3,0x0883,0x0883,0x0883,0x0883,0x0883,0x0883,0x0883,0x0883,0x0883,0x0883,0x0883,0x0883,0x0883,0x0883,
  0x0883,0x0883,0x0883,0x0883,0x0883,0x0883,0x0883,0x0883,0x0883,0x0883,0x0883,0x0883,0x0883,0x0883,0x0883,0x0883,
  0x0883,0x0883,0x0883,0x0883,0x0883,0x0883,0x0883,0x0883,0x0883,0x0883,0x0883,0x0883,0x0883,0x0882,0x0882,0x0882,
  0x0882,0x0882,0x0882,0x0882,0x0882,0x0882,0x0882,0x0882,0x0882,0x0882,0x0882,0x0882,0x0882,0x0882,0x0882,0x0882,
  0x0882,0x0882,0x0882,0x0882,0x0882,0x0882,0x0882,0x0882,0x0882,0x0882,0x0882,0x0882,0x0882,0x0882,0x0882,0x0882,
  0x0882,0x0882,0x0882,0x0882,0x0882,0x0882,0x0882,0x0882,0x0882,0x0882,0x0882,0x0882,0x0882,0x1146,0x08C3,0x0082,
  0x0082,0x19A7,0x08C3,0x0041,0x0041,0x0041,0x0041,0x2209,0x08A3,0x08A3,0x08A3,0x08A3,0x08A3,0x08A3,0x08A3,0x08A3,
  0x08A3,0x08A3,0x08A3,0x08A3,0x08A3,0x08A3,0x08A3,0x08A3,0x08A3,0x08A3,0x08A3,0x08A3,0x08A3,0x08A3,0x08A3,0x08A3,
  0x08A3,0x08A3,0x08A3,0x08A3,0x08A3,0x08A3,0x08A3,0x08A3,0x08A3,0x08A3,0x08A3,0x08A3,0x08A3,0x08A3,0x08A3,0x08A3,
  0x08A3,0x08A3,0x08A3,0x08A3,0x08A3,0x08A3,0x08A3,0x08A3,0x08A3,0x08A3,0x08A3,0x08A3,0x08A3,0x08A3,0x08A3,0x08A3,
  0x08A3,0x08A3,0x08A3,0x08A3,0x08A3,0x08A3,0x08A3,0x08A3,0x08A3,0x08A3,0x08A3,0x08A3,0x0883,0x0883,0x0883,0x0883,
  0x0883,0x0883,0x0883,0x0883,0x0883,0x0883,0x0883,0x0883,0x0883,0x0883,0x0883,0x0883,0x0883,0x0883,0x0883,0x0883,
  0x0883,0x0883,0x0883,0x0883,0x0883,0x0883,0x0883,0x0883,0x0883,0x0883,0x0883,0x0883,0x0883,0x0883,0x0883,0x0883,
  0x0883,0x0883,0x0883,0x0883,0x0883,0x0883,0x0883,0x0883,0x0883,0x0883,0x0883,0x0883,0x0883,0x0883,0x0883,0x0883,
  0x0883,0x0883,0x0882,0x0882,0x0882,0x0882,0x0882,0x0882,0x0882,0x0882,0x0882,0x0882,0x0882,0x0882,0x0882,0x0882,
  0x0882,0x0882,0x0882,0x0882,0x0882,0x0882,0x0882,0x0882,0x0882,0x0882,0x0882,0x0882,0x0882,0x0882,0x0882,0x0882,
  0x0882,0x0882,0x0882,0x0882,0x0882,0x0882,0x19A7,0x08C3,0x0041,0x0041,0x0041,0x0041,0x0041,0x0041,0x0041,0x0041,
  0x0041,0x0041,0x0041,0x0041,0x0041,0x0041,0x0041,0x0041,0x0041,0x2209,0x08A3,0x08A3,0x08A3,0x1987,0x08A3,0x08A3,
  0x08A3,0x08A3,0x08A3,0x08A3,0x08A3,0x08A3,0x08A3,0x08A3,0x08A3,0x08A3,0x08A3,0x08A3,0x08A3,0x08A3,0x08A3,0x08A3,
  0x08A3,0x08A3,0x08A3,0x08A3,0x08A3,0x08A3,0x08A3,0x08A3,0x08A3,0x08A3,0x08A3,0x08A3,0x08A3,0x08A3,0x08A3,0x08A3,
  0x08A3,0x0883,0x0883,0x0883,0x0883,0x0883,0x0883,0x0883,0x0883,0x0883,0x0883,0x0883,0x0883,0x0883,0x0883,0x0883,
  0x0883,0x0883,0x0883,0x0883,0x0883,0x0883,0x0883,0x0883,0x0883,0x0883,0x0883,0x0883,0x0883,0x0883,0x0883,0x0883,
  0x0883,0x0883,0x0883,0x0883,0x0883,0x0883,0x0883,0x0883,0x0883,0x0883,0x0883,0x0883,0x0882,0x0882,0x0882,0x0882,
  0x0882,0x0882,0x0882,0x0882,0x0882,0x0882,0x0882,0x0882,0x0882,0x0882,0x0882,0x0882,0x0882,0x0882,0x0882,0x0882,
  0x0882,0x0882,0x0882,0x0882,0x0882,0x0882,0x0882,0x0882,0x0882,0x0882,0x0882,0x0882,0x0882,0x0882,0x0882,0x0882,
  0x0882,0x0882,0x0882,0x0882,0x0882,0x0882,0x0882,0x0882,0x0882,0x0882,0x0882,0x0882,0x0082,0x1146,0x08C3,0x0082,
  0x0082,0x19A7,0x08C3,0x0041,0x0041,0x0041,0x0041,0x2209,0x08A3,0x08A3,0x08A3,0x08A3,0x08A3,0x08A3,0x08A3,0x08A3,
  0x08A3,0x08A3,0x08A3,0x08A3,0x08A3,0x08A3,0x08A3,0x08A3,0x08A3,0x08A3,0x08A3,0x08A3,0x08A3,0x08A3,0x08A3,0x08A3,
  0x08A3,0x08A3,0x08A3,0x08A3,0x08A3,0x08A3,0x08A3,0x08A3,0x08A3,0x08A3,0x08A3,0x08A3,0x08A3,0x08A3,0x08A3,0x08A3,
  0x08A3,0x08A3,0x08A3,0x08A3,0x08A3,0x08A3,0x08A3,0x08A3,0x08A3,0x08A3,0x08A3,0x08A3,0x08A3,0x08A3,0x08A3,0x08A3,
  0x08A3,0x08A3,0x08A3,0x08A3,0x08A3,0x08A3,0x08A3,0x08A3,0x08A3,0x08A3,0x0883,0x0883,0x0883,0x0883,0x0883,0x0883,
  0x0883,0x0883,0x0883,0x0883,0x0883,0x0883,0x0883,0x0883,0x0883,0x0883,0x0883,0x0883,0x0883,0x0883,0x0883,0x0883,
  0x0883,0x0883,0x0883,0x0883,0x0883,0x0883,0x0883,0x0883,0x0883,0x0883,0x0883,0x0883,0x0883,0x0883,0x0883,0x0883,
  0x0883,0x0883,0x0883,0x0883,0x0883,0x0883,0x0883,0x0883,0x0883,0x0883,0x0883,0x0883,0x0883,0x0883,0x0883,0x0883,
  0x0882,0x0882,0x0882,0x0882,0x0882,0x0882,0x0882,0x0882,0x0882,0x0882,0x0882,0x0882,0x0882,0x0882,0x0882,0x0882,
  0x0882,0x0882,0x0882,0x0882,0x0882,0x0882,0x0882,0x0882,0x0882,0x0882,0x0882,0x0882,0x0882,0x0882,0x0882,0x0882,
  0x0882,0x0882,0x0882,0x0882,0x0882,0x0882,0x19A7,0x08C3,0x0041,0x0041,0x0041,0x0041,0x0041,0x0041,0x0041,0x0041,
  0x0041,0x0041,0x0041,0x0041,0x0041,0x0041,0x0041,0x0041,0x0041,0x2209,0x08A3,0x08A3,0x08A3,0x1987,0x08A3,0x08A3,
  0x08A3,0x08A3,0x08A3,0x08A3,0x08A3,0x08A3,0x08A3,0x08A3,0x08A3,0x08A3,0x08A3,0x08A3,0x08A3,0x08A3,0x08A3,0x08A3,
  0x08A3,0x08A3,0x08A3,0x08A3,0x08A3,0x08A3,0x08A3,0x08A3,0x08A3,0x08A3,0x08A3,0x08A3,0x08A3,0x08A3,0x08A3,0x08A3,
  0x0883,0x0883,0x0883,0x0883,0x0883,0x0883,0x0883,0x0883,0x0883,0x0883,0x0883,0x0883,0x0883,0x0883,0x0883,0x0883,
  0x0883,0x0883,0x0883,0x0883,0x0883,0x0883,0x0883,0x0883,0x0883,0x0883,0x0883,0x0883,0x0883,0x0883,0x0883,0x0883,
  0x0883,0x0883,0x0883,0x0883,0x0883,0x0883,0x0883,0x0883,0x0883,0x0883,0x0883,0x0882,0x0882,0x0882,0x0882,0x0882,
  0x0882,0x0882,0x0882,0x0882,0x0882,0x0882,0x0882,0x0882,0x0882,0x0882,0x0882,0x0882,0x0882,0x0882,0x0882,0x0882,
  0x0882,0x0882,0x0882,0x0882,0x0882,0x0882,0x0882,0x0882,0x0882,0x0882,0x0882,0x0882,0x0882,0x0882,0x0882,0x0882,
  0x0882,0x0882,0x0882,0x0882,0x0882,0x0882,0x0882,0x0882,0x0882,0x0882,0x0882,0x0082,0x0082,0x1146,0x08C3,0x0082,
  0x0082,0x19A7,0x08C3,0x0041,0x0041,0x0041,0x0041,0x2209,0x08A3,0x08A3,0x08A3,0x08A3,0x08A3,0x08A3,0x08A3,0x08A3,
  0x08A3,0x08A3,0x08A3,0x08A3,0x08A3,0x08A3,0x08A3,0x08A3,0x08A3,0x08A3,0x08A3,0x08A3,0x08A3,0x08A3,0x08A3,0x08A3,
  0x08A3,0x08A3,0x08A3,0x08A3,0x08A3,0x08A3,0x08A3,0x08A3,0x08A3,0x08A3,0x08A3,0x08A3,0x08A3,0x08A3,0x08A3,0x08A3,
  0x08A3,0x08A3,0x08A3,0x08A3,0x08A3,0x08A3,0x08A3,0x08A3,0x08A3,0x08A3,0x08A3,0x08A3,0x08A3,0x08A3,0x08A3,0x08A3,
  0x08A3,0x08A3,0x08A3,0x08A3,0x08A3,0x08A3,0x08A3,0x08A3,0x0883,0x0883,0x0883,0x0883,0x0883,0x0883,0x0883,0x0883,
  0x0883,0x0883,0x0883,0x0883,0x0883,0x0883,0x0883,0x0883,0x0883,0x0883,0x0883,0x0883,0x0883,0x0883,0x0883,0x0883,
  0x0883,0x0883,0x0883,0x0883,0x0883,0x0883,0x0883,0x0883,0x0883,0x0883,0x0883,0x0883,0x0883,0x0883,0x0883,0x0883,
  0x0883,0x0883,0x0883,0x0883,0x0883,0x0883,0x0883,0x0883,0x0883,0x0883,0x0883,0x0883,0x0883,0x0883,0x0882,0x0882,
  0x0882,0x0882,0x0882,0x0882,0x0882,0x0882,0x0882,0x0882,0x0882,0x0882,0x0882,0x0882,0x0882,0x0882,0x0882,0x0882,
  0x0882,0x0882,0x0882,0x0882,0x0882,0x0882,0x0882,0x0882,0x0882,0x0882,0x0882,0x0882,0x0882,0x0882,0x0882,0x0882,
  0x0882,0x0882,0x0882,0x0882,0x0882,0x0882,0x19A7,0x08C3,0x0041,0x0041,0x0041,0x0041,0x0041,0x0041,0x0041,0x0041,
  0x0041,0x0041,0x0041,0x0041,0x0041,0x0041,0x0041,0x0041,0x0041,0x2209,0x08A3,0x08A3,0x08A3,0x1987,0x08A3,0x08A3,
  0x08A3,0x08A3,0x08A3,0x08A3,0x08A3,0x08A3,0x08A3,0x08A3,0x08A3,0x08A3,0x08A3,0x08A3,0x08A3,0x08A3,0x08A3,0x08A3,
  0x08A3,0x08A3,0x08A3,0x08A3,0x08A3,0x08A3,0x08A3,0x08A3,0x08A3,0x08A3,0x08A3,0x08A3,0x08A3,0x08A3,0x08A3,0x0883,
  0x0883,0x0883,0x0883,0x0883,0x0883,0x0883,0x0883,0x0883,0x0883,0x0883,0x0883,0x0883,0x0883,0x0883,0x0883,0x0883,
  0x0883,0x0883,0x0883,0x0883,0x0883,0x0883,0x0883,0x0883,0x0883,0x0883,0x0883,0x0883,0x0883,0x0883,0x0883,0x0883,
  0x0883,0x0883,0x0883,0x0883,0x0883,0x0883,0x0883,0x0883,0x0883,0x0883,0x0882,0x0882,0x0882,0x0882,0x0882,0x0882,
  0x0882,0x0882,0x0882,0x0882,0x0882,0x0882,0x0882,0x0882,0x0882,0x0882,0x0882,0x0882,0x0882,0x0882,0x0882,0x0882,
  0x0882,0x0882,0x0882,0x0882,0x0882,0x0882,0x0882,0x0882,0x0882,0x0882,0x0882,0x0882,0x0882,0x0882,0x0882,0x0882,
  0x0882,0x0882,0x0882,0x0882,0x0882,0x0882,0x0882,0x0882,0x0882,0x0882,0x0882,0x0082,0x0082,0x1146,0x08C3,0x0082,
  0x0082,0x19A7,0x08C3,0x0041,0x0041,0x0041,0x0041,0x2209,0x08A3,0x08A3,0x08A3,0x08A3,0x08A3,0x08A3,0x08A3,0x08A3,
  0x08A3,0x08A3,0x08A3,0x08A3,0x08A3,0x08A3,0x08A3,0x08A3,0x08A3,0x08A3,0x08A3,0x08A3,0x08A3,0x08A3,0x08A3,0x08A3,
  0x08A3,0x08A3,0x08A3,0x08A3,0x08A3,0x08A3,0x08A3,0x08A3,0x08A3,0x08A3,0x08A3,0x08A3,0x08A3,0x08A3,0x08A3,0x08A3,
  0x08A3,0x08A3,0x08A3,0x08A3,0x08A3,0x08A3,0x08A3,0x08A3,0x08A3,0x08A3,0x08A3,0x08A3,0x08A3,0x08A3,0x08A3,0x08A3,
  0x08A3,0x08A3,0x08A3,0x08A3,0x08A3,0x08A3,0x0883,0x0883,0x0883,0x0883,0x0883,0x0883,0x0883,0x0883,0x0883,0x0883,
  0x0883,0x0883,0x0883,0x0883,0x0883,0x0883,0x0883,0x0883,0x0883,0x0883,0x0883,0x0883,0x0883,0x0883,0x0883,0x0883,
  0x0883,0x0883,0x0883,0x0883,0x0883,0x0883,0x0883,0x0883,0x0883,0x0883,0x0883,0x0883,0x0883,0x0883,0x0883,0x0883,
  0x0883,0x0883,0x0883,0x0883,0x0883,0x0883,0x0883,0x0883,0x0883,0x0883,0x0883,0x0883,0x0882,0x0882,0x0882,0x0882,
  0x0882,0x0882,0x0882,0x0882,0x0882,0x0882,0x0882,0x0882,0x0882,0x0882,0x0882,0x0882,0x0882,0x0882,0x0882,0x0882,
  0x0882,0x0882,0x0882,0x0882,0x0882,0x0882,0x0882,0x0882,0x0882,0x0882,0x0882,0x0882,0x0882,0x0882,0x0882,0x0882,
  0x0882,0x0882,0x0882,0x0882,0x0882,0x0882,0x19A7,0x08C3,0x0041,0x0041,0x0041,0x0041,0x0041,0x0041,0x0041,0x0041,
  0x0041,0x0041,0x0041,0x0041,0x0041,0x0041,0x0041,0x0041,0x0041,0x2209,0x08A3,0x08A3,0x08A3,0x1987,0x08A3,0x08A3,
  0x08A3,0x08A3,0x08A3,0x08A3,0x08A3,0x08A3,0x08A3,0x08A3,0x08A3,0x08A3,0x08A3,0x08A3,0x08A3,0x08A3,0x08A3,0x08A3,
  0x08A3,0x08A3,0x08A3,0x08A3,0x08A3,0x08A3,0x08A3,0x08A3,0x08A3,0x08A3,0x08A3,0x08A3,0x08A3,0x08A3,0x0883,0x0883,
  0x0883,0x0883,0x0883,0x0883,0x0883,0x0883,0x0883,0x0883,0x0883,0x0883,0x0883,0x0883,0x0883,0x0883,0x0883,0x0883,
  0x0883,0x0883,0x0883,0x0883,0x0883,0x0883,0x0883,0x0883,0x0883,0x0883,0x0883,0x0883,0x0883,0x0883,0x0883,0x0883,
  0x0883,0x0883,0x0883,0x0883,0x0883,0x0883,0x0883,0x0883,0x0883,0x0882,0x0882,0x0882,0x0882,0x0882,0x0882,0x0882,
  0x0882,0x0882,0x0882,0x0882,0x0882,0x0882,0x0882,0x0882,0x0882,0x0882,0x0882,0x0882,0x0882,0x0882,0x0882,0x0882,
  0x0882,0x0882,0x0882,0x0882,0x0882,0x0882,0x0882,0x0882,0x0882,0x0882,0x0882,0x0882,0x0882,0x0882,0x0882,0x0882,
  0x0882,0x0882,0x0882,0x0882,0x0882,0x0882,0x0882,0x0882,0x0882,0x0882,0x0082,0x0082,0x0082,0x1146,0x08C3,0x0082,
  0x0082,0x19A7,0x08C3,0x0041,0x0041,0x0041,0x0041,0x2209,0x08A3,0x08A3,0x08A3,0x08A3,0x08A3,0x08A3,0x08A3,0x08A3,
  0x08A3,0x08A3,0x08A3,0x08A3,0x08A3,0x08A3,0x08A3,0x08A3,0x08A3,0x08A3,0x08A3,0x08A3,0x08A3,0x08A3,0x08A3,0x08A3,
  0x08A3,0x08A3,0x08A3,0x08A3,0x08A3,0x08A3,0x08A3,0x08A3,0x08A3,0x08A3,0x08A3,0x08A3,0x08A3,0x08A3,0x08A3,0x08A3,
  0x08A3,0x08A3,0x08A3,0x08A3,0x08A3,0x08A3,0x08A3,0x08A3,0x08A3,0x08A3,0x08A3,0x08A3,0x08A3,0x08A3,0x08A3,0x08A3,
  0x08A3,0x08A3,0x08A3,0x08A3,0x0883,0x0883,0x0883,0x0883,0x0883,0x0883,0x0883,0x0883,0x0883,0x0883,0x0883,0x0883,
  0x0883,0x0883,0x0883,0x0883,0x0883,0x0883,0x0883,0x0883,0x0883,0x0883,0x0883,0x0883,0x0883,0x0883,0x0883,0x0883,
  0x0883,0x0883,0x0883,0x0883,0x0883,0x0883,0x0883,0x0883,0x0883,0x0883,0x0883,0x0883,0x0883,0x0883,0x0883,0x0883,
  0x0883,0x0883,0x0883,0x0883,0x0883,0x0883,0x0883,0x0883,0x0883,0x0883,0x0882,0x0882,0x0882,0x0882,0x0882,0x0882,
  0x0882,0x0882,0x0882,0x0882,0x0882,0x0882,0x0882,0x0882,0x0882,0x0882,0x0882,0x0882,0x0882,0x0882,0x0882,0x0882,
  0x0882,0x0882,0x0882,0x0882,0x0882,0x0882,0x0882,0x0882,0x0882,0x0882,0x0882,0x0882,0x0882,0x0882,0x0882,0x0882,
  0x0882,0x0882,0x0882,0x0882,0x0882,0x0882,0x19A7,0x08C3,0x0041,0x0041,0x0041,0x0041,0x0041,0x0041,0x0041,0x0041,
  0x0041,0x0041,0x0041,0x0041,0x0041,0x0041,0x0041,0x0041,0x0041,0x2209,0x08A3,0x08A3,0x08A3,0x1987,0x08A3,0x08A3,
  0x08A3,0x08A3,0x08A3,0x08A3,0x08A3,0x08A3,0x08A3,0x08A3,0x08A3,0x08A3,0x08A3,0x08A3,0x08A3,0x08A3,0x08A3,0x08A3,
  0x08A3,0x08A3,0x08A3,0x08A3,0x08A3,0x08A3,0x08A3,0x08A3,0x08A3,0x08A3,0x08A3,0x08A3,0x08A3,0x08A3,0x0883,0x0883,
  0x0883,0x0883,0x0883,0x0883,0x0883,0x0883,0x0883,0x0883,0x0883,0x0883,0x0883,0x0883,0x0883,0x0883,0x0883,0x0883,
  0x0883,0x0883,0x0883,0x0883,0x0883,0x0883,0x0883,0x0883,0x0883,0x0883,0x0883,0x0883,0x0883,0x0883,0x0883,0x0883,
  0x0883,0x0883,0x0883,0x0883,0x0883,0x0883,0x0883,0x0883,0x0882,0x0882,0x0882,0x0882,0x0882,0x0882,0x0882,0x0882,
  0x0882,0x0882,0x0882,0x0882,0x0882,0x0882,0x0882,0x0882,0x0882,0x0882,0x0882,0x0882,0x0882,0x0882,0x0882,0x0882,
  0x0882,0x0882,0x0882,0x0882,0x0882,0x0882,0x0882,0x0882,0x0882,0x0882,0x0882,0x0882,0x0882,0x0882,0x0882,0x0882,
  0x0882,0x0882,0x0882,0x0882,0x0882,0x0882,0x0882,0x0882,0x0882,0x0082,0x0082,0x0082,0x0082,0x1146,0x08C3,0x0082,
  0x0082,0x19A7,0x08C3,0x0041,0x0041,0x0041,0x0041,0x2209,0x08A3,0x08A3,0x08A3,0x08A3,0x08A3,0x08A3,0x08A3,0x08A3,
  0x08A3,0x08A3,0x08A3,0x08A3,0x08A3,0x08A3,0x08A3,0x08A3,0x08A3,0x08A3,0x08A3,0x08A3,0x08A3,0x08A3,0x08A3,0x08A3,
  0x08A3,0x08A3,0x08A3,0x08A3,0x08A3,0x08A3,0x08A3,0x08A3,0x08A3,0x08A3,0x08A3,0x08A3,0x08A3,0x08A3,0x08A3,0x08A3,
  0x08A3,0x08A3,0x08A3,0x08A3,0x08A3,0x08A3,0x08A3,0x08A3,0x08A3,0x08A3,0x08A3,0x08A3,0x08A3,0x08A3,0x08A3,0x08A3,
  0x08A3,0x08A3,0x0883,0x0883,0x0883,0x0883,0x0883,0x0883,0x0883,0x0883,0x0883,0x0883,0x0883,0x0883,0x0883,0x0883,
  0x0883,0x0883,0x0883,0x0883,0x0883,0x0883,0x0883,0x0883,0x0883,0x0883,0x0883,0x0883,0x0883,0x0883,0x0883,0x0883,
  0x0883,0x0883,0x0883,0x0883,0x0883,0x0883,0x0883,0x0883,0x0883,0x0883,0x0883,0x0883,0x0883,0x0883,0x0883,0x0883,
  0x0883,0x0883,0x0883,0x0883,0x0883,0x0883,0x0883,0x0883,0x0882,0x0882,0x0882,0x0882,0x0882,0x0882,0x0882,0x0882,
  0x0882,0x0882,0x0882,0x0882,0x0882,0x0882,0x0882,0x0882,0x0882,0x0882,0x0882,0x0882,0x0882,0x0882,0x0882,0x0882,
  0x0882,0x0882,0x0882,0x0882,0x0882,0x0882,0x0882,0x0882,0x0882,0x0882,0x0882,0x0882,0x0882,0x0882,0x0882,0x0882,
  0x0882,0x0882,0x0882,0x0882,0x0882,0x0882,0x19A7,0x08C3,0x0041,0x0041,0x0041,0x0041,0x0041,0x0041,0x0041,0x0041,
  0x0041,0x0041,0x0041,0x0041,0x0041,0x0041,0x0041,0x0041,0x0041,0x2209,0x08A3,0x08A3,0x08A3,0x1987,0x08A3,0x08A3,
  0x08A3,0x08A3,0x08A3,0x08A3,0x08A3,0x08A3,0x08A3,0x08A3,0x08A3,0x08A3,0x08A3,0x08A3,0x08A3,0x08A3,0x08A3,0x08A3,
  0x08A3,0x08A3,0x08A3,0x08A3,0x08A3,0x08A3,0x08A3,0x08A3,0x08A3,0x08A3,0x08A3,0x08A3,0x08A3,0x0883,0x0883,0x0883,
  0x0883,0x0883,0x0883,0x0883,0x0883,0x0883,0x0883,0x0883,0x0883,0x0883,0x0883,0x0883,0x0883,0x0883,0x0883,0x0883,
  0x0883,0x0883,0x0883,0x0883,0x0883,0x0883,0x0883,0x0883,0x0883,0x0883,0x0883,0x0883,0x0883,0x0883,0x0883,0x0883,
  0x0883,0x0883,0x0883,0x0883,0x0883,0x0883,0x0883,0x0883,0x0882,0x0882,0x0882,0x0882,0x0882,0x0882,0x0882,0x0882,
  0x0882,0x0882,0x0882,0x0882,0x0882,0x0882,0x0882,0x0882,0x0882,0x0882,0x0882,0x0882,0x0882,0x0882,0x0882,0x0882,
  0x0882,0x0882,0x0882,0x0882,0x0882,0x0882,0x0882,0x0882,0x0882,0x0882,0x0882,0x0882,0x0882,0x0882,0x0882,0x0882,
  0x0882,0x0882,0x0882,0x0882,0x0882,0x0882,0x0882,0x0882,0x0082,0x0082,0x0082,0x0082,0x0082,0x1146,0x08C3,0x0082,
  0x0082,0x19A7,0x08C3,0x0041,0x0041,0x0041,0x0041,0x2209,0x08A3,0x08A3,0x08A3,0x08A3,0x08A3,0x08A3,0x08A3,0x08A3,
  0x08A3,0x08A3,0x08A3,0x08A3,0x08A3,0x08A3,0x08A3,0x08A3,0x08A3,0x08A3,0x08A3,0x08A3,0x08A3,0x08A3,0x08A3,0x08A3,
  0x08A3,0x08A3,0x08A3,0x08A3,0x08A3,0x08A3,0x08A3,0x08A3,0x08A3,0x08A3,0x08A3,0x08A3,0x08A3,0x08A3,0x08A3,0x08A3,
  0x08A3,0x08A3,0x08A3,0x08A3,0x08A3,0x08A3,0x08A3,0x08A3,0x08A3,0x08A3,0x08A3,0x08A3,0x08A3,0x08A3,0x08A3,0x08A3,
  0x0883,0x0883,0x0883,0x0883,0x0883,0x0883,0x0883,0x0883,0x0883,0x0883,0x0883,0x0883,0x0883,0x0883,0x0883,0x0883,
  0x0883,0x0883,0x0883,0x0883,0x0883,0x0883,0x0883,0x0883,0x0883,0x0883,0x0883,0x0883,0x0883,0x0883,0x0883,0x0883,
  0x0883,0x0883,0x0883,0x0883,0x0883,0x0883,0x0883,0x0883,0x0883,0x0883,0x0883,0x0883,0x0883,0x0883,0x0883,0x0883,
  0x0883,0x0883,0x0883,0x0883,0x0883,0x0883,0x0882,0x0882,0x0882,0x0882,0x0882,0x0882,0x0882,0x0882,0x0882,0x0882,
  0x0882,0x0882,0x0882,0x0882,0x0882,0x0882,0x0882,0x0882,0x0882,0x0882,0x0882,0x0882,0x0882,0x0882,0x0882,0x0882,
  0x0882,0x0882,0x0882,0x0882,0x0882,0x0882,0x0882,0x0882,0x0882,0x0882,0x0882,0x0882,0x0882,0x0882,0x0882,0x0882,
  0x0882,0x0882,0x0882,0x0882,0x0882,0x0882,0x19A7,0x08C3,0x0041,0x0041,0x0041,0x0041,0x0041,0x0041,0x0041,0x0041,
  0x0041,0x0041,0x0041,0x0041,0x0041,0x0041,0x0041,0x0041,0x0041,0x2209,0x08A3,0x08A3,0x08A3,0x1987,0x08A3,0x08A3,
  0x08A3,0x08A3,0x08A3,0x08A3,0x08A3,0x08A3,0x08A3,0x08A3,0x08A3,0x08A3,0x08A3,0x08A3,0x08A3,0x08A3,0x08A3,0x08A3,
  0x08A3,0x08A3,0x08A3,0x08A3,0x08A3,0x08A3,0x08A3,0x08A3,0x08A3,0x08A3,0x08A3,0x08A3,0x0883,0x0883,0x0883,0x0883,
  0x0883,0x0883,0x0883,0x0883,0x0883,0x0883,0x0883,0x0883,0x0883,0x0883,0x0883,0x0883,0x0883,0x0883,0x0883,0x0883,
  0x0883,0x0883,0x0883,0x0883,0x0883,0x0883,0x0883,0x0883,0x0883,0x0883,0x0883,0x0883,0x0883,0x0883,0x0883,0x0883,
  0x0883,0x0883,0x0883,0x0883,0x0883,0x0883,0x0883,0x0882,0x0882,0x0882,0x0882,0x0882,0x0882,0x0882,0x0882,0x0882,
  0x0882,0x0882,0x0882,0x0882,0x0882,0x0882,0x0882,0x0882,0x0882,0x0882,0x0882,0x0882,0x0882,0x0882,0x0882,0x0882,
  0x0882,0x0882,0x0882,0x0882,0x0882,0x0882,0x0882,0x0882,0x0882,0x0882,0x0882,0x0882,0x0882,0x0882,0x0882,0x0882,
  0x0882,0x0882,0x0882,0x0882,0x0882,0x0882,0x0882,0x0082,0x0082,0x0082,0x0082,0x0082,0x0082,0x1146,0x08C3,0x0082,
  0x0082,0x19A7,0x08C3,0x0041,0x0041,0x0041,0x0041,0x2209,0x08A3,0x08A3,0x08A3,0x08A3,0x08A3,0x08A3,0x08A3,0x08A3,
  0x08A3,0x08A3,0x08A3,0x08A3,0x08A3,0x08A3,0x08A3,0x08A3,0x08A3,0x08A3,0x08A3,0x08A3,0x08A3,0x08A3,0x08A3,0x08A3,
  0x08A3,0x08A3,0x08A3,0x08A3,0x08A3,0x08A3,0x08A3,0x08A3,0x08A3,0x08A3,0x08A3,0x08A3,0x08A3,0x08A3,0x08A3,0x08A3,
  0x08A3,0x08A3,0x08A3,0x08A3,0x08A3,0x08A3,0x08A3,0x08A3,0x08A3,0x08A3,0x08A3,0x08A3,0x08A3,0x08A3,0x0883,0x0883,
  0x0883,0x0883,0x0883,0x0883,0x0883,0x0883,0x0883,0x0883,0x0883,0x0883,0x0883,0x0883,0x0883,0x0883,0x0883,0x0883,
  0x0883,0x0883,0x0883,0x0883,0x0883,0x0883,0x0883,0x0883,0x0883,0x0883,0x0883,0x0883,0x0883,0x0883,0x0883,0x0883,
  0x0883,0x0883,0x0883,0x0883,0x0883,0x0883,0x0883,0x0883,0x0883,0x0883,0x0883,0x0883,0x0883,0x0883,0x0883,0x0883,
  0x0883,0x0883,0x0883,0x0883,0x0882,0x0882,0x0882,0x0882,0x0882,0x0882,0x0882,0x0882,0x0882,0x0882,0x0882,0x0882,
  0x0882,0x0882,0x0882,0x0882,0x0882,0x0882,0x0882,0x0882,0x0882,0x0882,0x0882,0x0882,0x0882,0x0882,0x0882,0x0882,
  0x0882,0x0882,0x0882,0x0882,0x0882,0x0882,0x0882,0x0882,0x0882,0x0882,0x0882,0x0882,0x0882,0x0882,0x0882,0x0882,
  0x0882,0x0882,0x0882,0x0882,0x0882,0x0882,0x19A7,0x08C3,0x0041,0x0041,0x0041,0x0041,0x0041,0x0041,0x0041,0x0041,
  0x0041,0x0041,0x0041,0x0041,0x0041,0x0041,0x0041,0x0041,0x0041,0x2209,0x08A3,0x08A3,0x08A3,0x1987,0x08A3,0x08A3,
  0x08A3,0x08A3,0x08A3,0x08A3,0x08A3,0x08A3,0x08A3,0x08A3,0x08A3,0x08A3,0x08A3,0x08A3,0x08A3,0x08A3,0x08A3,0x08A3,
  0x08A3,0x08A3,0x08A3,0x08A3,0x08A3,0x08A3,0x08A3,0x08A3,0x08A3,0x08A3,0x08A3,0x0883,0x0883,0x0883,0x0883,0x0883,
  0x0883,0x0883,0x0883,0x0883,0x0883,0x0883,0x0883,0x0883,0x0883,0x0883,0x0883,0x0883,0x0883,0x0883,0x0883,0x0883,
  0x0883,0x0883,0x0883,0x0883,0x0883,0x0883,0x0883,0x0883,0x0883,0x0883,0x0883,0x0883,0x0883,0x0883,0x0883,0x0883,
  0x0883,0x0883,0x0883,0x0883,0x0883,0x0883,0x0882,0x0882,0x0882,0x0882,0x0882,0x0882,0x0882,0x0882,0x0882,0x0882,
  0x0882,0x0882,0x0882,0x0882,0x0882,0x0882,0x0882,0x0882,0x0882,0x0882,0x0882,0x0882,0x0882,0x0882,0x0882,0x0882,
  0x0882,0x0882,0x0882,0x0882,0x0882,0x0882,0x0882,0x0882,0x0882,0x0882,0x0882,0x0882,0x0882,0x0882,0x0882,0x0882,
  0x0882,0x0882,0x0882,0x0882,0x0882,0x0882,0x0082,0x0082,0x0082,0x0082,0x0082,0x0082,0x08A3,0x1167,0x08A3,0x0082,
  0x0082,0x19A7,0x08C3,0x0041,0x0041,0x0041,0x0041,0x2209,0x08A3,0x08A3,0x08A3,0x08A3,0x08A3,0x08A3,0x08A3,0x08A3,
  0x08A3,0x08A3,0x08A3,0x08A3,0x08A3,0x08A3,0x08A3,0x08A3,0x08A3,0x08A3,0x08A3,0x08A3,0x08A3,0x08A3,0x08A3,0x08A3,
  0x08A3,0x08A3,0x08A3,0x08A3,0x08A3,0x08A3,0x08A3,0x08A3,0x08A3,0x08A3,0x08A3,0x08A3,0x08A3,0x08A3,0x08A3,0x08A3,
  0x08A3,0x08A3,0x08A3,0x08A3,0x08A3,0x08A3,0x08A3,0x08A3,0x08A3,0x08A3,0x08A3,0x08A3,0x0883,0x0883,0x0883,0x0883,
  0x0883,0x0883,0x0883,0x0883,0x0883,0x0883,0x0883,0x0883,0x0883,0x0883,0x0883,0x0883,0x0883,0x0883,0x0883,0x0883,
  0x0883,0x0883,0x0883,0x0883,0x0883,0x0883,0x0883,0x0883,0x0883,0x0883,0x0883,0x0883,0x0883,0x0883,0x0883,0x0883,
  0x0883,0x0883,0x0883,0x0883,0x0883,0x0883,0x0883,0x0883,0x0883,0x0883,0x0883,0x0883,0x0883,0x0883,0x0883,0x0883,
  0x0883,0x0883,0x0882,0x0882,0x0882,0x0882,0x0882,0x0882,0x0882,0x0882,0x0882,0x0882,0x0882,0x0882,0x0882,0x0882,
  0x0882,0x0882,0x0882,0x0882,0x0882,0x0882,0x0882,0x0882,0x0882,0x0882,0x0882,0x0882,0x0882,0x0882,0x0882,0x0882,
  0x0882,0x0882,0x0882,0x0882,0x0882,0x0882,0x0882,0x0882,0x0882,0x0882,0x0882,0x0882,0x0882,0x0882,0x0882,0x0882,
  0x0882,0x0882,0x0882,0x0882,0x0882,0x0882,0x19A7,0x08C3,0x0041,0x0041,0x0041,0x0041,0x0041,0x0041,0x0041,0x0041,
  0x0041,0x0041,0x0041,0x0041,0x0041,0x0041,0x0041,0x0041,0x0041,0x2209,0x08A3,0x08A3,0x08A3,0x1987,0x08A3,0x08A3,
  0x08A3,0x08A3,0x08A3,0x08A3,0x08A3,0x08A3,0x08A3,0x08A3,0x08A3,0x08A3,0x08A3,0x08A3,0x08A3,0x08A3,0x08A3,0x08A3,
  0x08A3,0x08A3,0x08A3,0x08A3,0x08A3,0x08A3,0x08A3,0x08A3,0x08A3,0x08A3,0x0883,0x0883,0x0883,0x0883,0x0883,0x0883,
  0x0883,0x0883,0x0883,0x0883,0x0883,0x0883,0x0883,0x0883,0x0883,0x0883,0x0883,0x0883,0x0883,0x0883,0x0883,0x0883,
  0x0883,0x0883,0x0883,0x0883,0x0883,0x0883,0x0883,0x0883,0x0883,0x0883,0x0883,0x0883,0x0883,0x0883,0x0883,0x0883,
  0x0883,0x0883,0x0883,0x0883,0x0883,0x0882,0x0882,0x0882,0x0882,0x0882,0x0882,0x0882,0x0882,0x0882,0x0882,0x0882,
  0x0882,0x0882,0x0882,0x0882,0x0882,0x0882,0x0882,0x0882,0x0882,0x0882,0x0882,0x0882,0x0882,0x0882,0x0882,0x0882,
  0x0882,0x0882,0x0882,0x0882,0x0882,0x0882,0x0882,0x0882,0x0882,0x0882,0x0882,0x0882,0x0882,0x0882,0x0882,0x0882,
  0x0882,0x0882,0x0882,0x0882,0x0882,0x0882,0x0082,0x0082,0x0082,0x0082,0x0082,0x0883,0x1146,0x1105,0x0082,0x0082,
  0x0082,0x19A7,0x08C3,0x0041,0x0041,0x0041,0x0041,0x2209,0x08A3,0x08A3,0x08A3,0x08A3,0x08A3,0x08A3,0x08A3,0x08A3,
  0x08A3,0x08A3,0x08A3,0x08A3,0x08A3,0x08A3,0x08A3,0x08A3,0x08A3,0x08A3,0x08A3,0x08A3,0x08A3,0x08A3,0x08A3,0x08A3,
  0x08A3,0x08A3,0x08A3,0x08A3,0x08A3,0x08A3,0x08A3,0x08A3,0x08A3,0x08A3,0x08A3,0x08A3,0x08A3,0x08A3,0x08A3,0x08A3,
  0x08A3,0x08A3,0x08A3,0x08A3,0x08A3,0x08A3,0x08A3,0x08A3,0x08A3,0x08A3,0x0883,0x0883,0x0883,0x0883,0x0883,0x0883,
  0x0883,0x0883,0x0883,0x0883,0x0883,0x0883,0x0883,0x0883,0x0883,0x0883,0x0883,0x0883,0x0883,0x0883,0x0883,0x0883,
  0x0883,0x0883,0x0883,0x0883,0x0883,0x0883,0x0883,0x0883,0x0883,0x0883,0x0883,0x0883,0x0883,0x0883,0x0883,0x0883,
  0x0883,0x0883,0x0883,0x0883,0x0883,0x0883,0x0883,0x0883,0x0883,0x0883,0x0883,0x0883,0x0883,0x0883,0x0883,0x0883,
  0x0882,0x0882,0x0882,0x0882,0x0882,0x0882,0x0882,0x0882,0x0882,0x0882,0x0882,0x0882,0x0882,0x0882,0x0882,0x0882,
  0x0882,0x0882,0x0882,0x0882,0x0882,0x0882,0x0882,0x0882,0x0882,0x0882,0x0882,0x0882,0x0882,0x0882,0x0882,0x0882,
  0x0882,0x0882,0x0882,0x0882,0x0882,0x0882,0x0882,0x0882,0x0882,0x0882,0x0882,0x0882,0x0882,0x0882,0x0882,0x0882,
  0x0882,0x0882,0x0882,0x0882,0x0882,0x0882,0x19A7,0x08C3,0x0041,0x0041,0x0041,0x0041,0x0041,0x0041,0x0041,0x0041,
  0x0041,0x0041,0x0041,0x0041,0x0041,0x0041,0x0041,0x0041,0x0041,0x2209,0x08A3,0x08A3,0x08A3,0x1987,0x08A3,0x08A3,
  0x08A3,0x08A3,0x08A3,0x08A3,0x08A3,0x08A3,0x08A3,0x08A3,0x08A3,0x08A3,0x08A3,0x08A3,0x08A3,0x08A3,0x08A3,0x08A3,
  0x08A3,0x08A3,0x08A3,0x08A3,0x08A3,0x08A3,0x08A3,0x08A3,0x08A3,0x0883,0x0883,0x0883,0x0883,0x0883,0x0883,0x0883,
  0x0883,0x0883,0x0883,0x0883,0x0883,0x0883,0x0883,0x0883,0x0883,0x0883,0x0883,0x0883,0x0883,0x0883,0x0883,0x0883,
  0x0883,0x0883,0x0883,0x0883,0x0883,0x0883,0x0883,0x0883,0x0883,0x0883,0x0883,0x0883,0x0883,0x0883,0x0883,0x0883,
  0x0883,0x0883,0x0883,0x0883,0x0882,0x0882,0x0882,0x0882,0x0882,0x0882,0x0882,0x0882,0x0882,0x0882,0x0882,0x0882,
  0x0882,0x0882,0x0882,0x0882,0x0882,0x0882,0x0882,0x0882,0x0882,0x0882,0x0882,0x0882,0x0882,0x0882,0x0882,0x0882,
  0x0882,0x0882,0x0882,0x0882,0x0882,0x0882,0x0882,0x0882,0x0882,0x0882,0x0882,0x0882,0x0882,0x0882,0x0882,0x0882,
  0x0882,0x0882,0x0882,0x0882,0x0882,0x0082,0x0082,0x0082,0x0082,0x0082,0x0082,0x1125,0x1146,0x0082,0x0082,0x0082,
  0x0082,0x19A7,0x08C3,0x0041,0x0041,0x0041,0x0041,0x2209,0x08A3,0x08A3,0x08A3,0x08A3,0x08A3,0x08A3,0x08A3,0x08A3,
  0x08A3,0x08A3,0x08A3,0x08A3,0x08A3,0x08A3,0x08A3,0x08A3,0x08A3,0x08A3,0x08A3,0x08A3,0x08A3,0x08A3,0x08A3,0x08A3,
  0x08A3,0x08A3,0x08A3,0x08A3,0x08A3,0x08A3,0x08A3,0x08A3,0x08A3,0x08A3,0x08A3,0x08A3,0x08A3,0x08A3,0x08A3,0x08A3,
  0x08A3,0x08A3,0x08A3,0x08A3,0x08A3,0x08A3,0x08A3,0x08A3,0x0883,0x0883,0x0883,0x0883,0x0883,0x0883,0x0883,0x0883,
  0x0883,0x0883,0x0883,0x0883,0x0883,0x0883,0x0883,0x0883,0x0883,0x0883,0x0883,0x0883,0x0883,0x0883,0x0883,0x0883,
  0x0883,0x0883,0x0883,0x0883,0x0883,0x0883,0x0883,0x0883,0x0883,0x0883,0x0883,0x0883,0x0883,0x0883,0x0883,0x0883,
  0x0883,0x0883,0x0883,0x0883,0x0883,0x0883,0x0883,0x0883,0x0883,0x0883,0x0883,0x0883,0x0883,0x0883,0x0882,0x0882,
  0x0882,0x0882,0x0882,0x0882,0x0882,0x0882,0x0882,0x0882,0x0882,0x0882,0x0882,0x0882,0x0882,0x0882,0x0882,0x0882,
  0x0882,0x0882,0x0882,0x0882,0x0882,0x0882,0x0882,0x0882,0x0882,0x0882,0x0882,0x0882,0x0882,0x0882,0x0882,0x0882,
  0x0882,0x0882,0x0882,0x0882,0x0882,0x0882,0x0882,0x0882,0x0882,0x0882,0x0882,0x0882,0x0882,0x0882,0x0882,0x0882,
  0x0882,0x0882,0x0882,0x0882,0x0882,0x0882,0x19A7,0x08C3,0x0041,0x0041,0x0041,0x0041,0x0041,0x0041,0x0041,0x0041,
  0x0041,0x0041,0x0041,0x0041,0x0041,0x0041,0x0041,0x0041,0x0041,0x2209,0x08A3,0x08A3,0x08A3,0x1987,0x08A3,0x08A3,
  0x08A3,0x08A3,0x08A3,0x08A3,0x08A3,0x08A3,0x08A3,0x08A3,0x08A3,0x08A3,0x08A3,0x08A3,0x08A3,0x08A3,0x08A3,0x08A3,
  0x08A3,0x08A3,0x08A3,0x08A3,0x08A3,0x08A3,0x08A3,0x08A3,0x08A3,0x0883,0x0883,0x0883,0x0883,0x0883,0x0883,0x0883,
  0x0883,0x0883,0x0883,0x0883,0x0883,0x0883,0x0883,0x0883,0x0883,0x0883,0x0883,0x0883,0x0883,0x0883,0x0883,0x0883,
  0x0883,0x0883,0x0883,0x0883,0x0883,0x0883,0x0883,0x0883,0x0883,0x0883,0x0883,0x0883,0x0883,0x0883,0x0883,0x0883,
  0x0883,0x0883,0x0883,0x0882,0x0882,0x0882,0x0882,0x0882,0x0882,0x0882,0x0882,0x0882,0x0882,0x0882,0x0882,0x0882,
  0x0882,0x0882,0x0882,0x0882,0x0882,0x0882,0x0882,0x0882,0x0882,0x0882,0x0882,0x0882,0x0882,0x0882,0x0882,0x0882,
  0x0882,0x0882,0x0882,0x0882,0x0882,0x0882,0x0882,0x0882,0x0882,0x0882,0x0882,0x0882,0x0882,0x0882,0x0882,0x0882,
  0x0882,0x0882,0x0882,0x0882,0x0082,0x0082,0x0082,0x0082,0x0082,0x0082,0x08E4,0x1167,0x0883,0x0082,0x0082,0x0082,
  0x0082,0x19C8,0x08C3,0x0041,0x0041,0x0041,0x0041,0x2209,0x08A3,0x08A3,0x08A3,0x08A3,0x08A3,0x08A3,0x08A3,0x08A3,
  0x08A3,0x08A3,0x08A3,0x08A3,0x08A3,0x08A3,0x08A3,0x08A3,0x08A3,0x08A3,0x08A3,0x08A3,0x08A3,0x08A3,0x08A3,0x08A3,
  0x08A3,0x08A3,0x08A3,0x08A3,0x08A3,0x08A3,0x08A3,0x08A3,0x08A3,0x08A3,0x08A3,0x08A3,0x08A3,0x08A3,0x08A3,0x08A3,
  0x08A3,0x08A3,0x08A3,0x08A3,0x08A3,0x08A3,0x0883,0x0883,0x0883,0x0883,0x0883,0x0883,0x0883,0x0883,0x0883,0x0883,
  0x0883,0x0883,0x0883,0x0883,0x0883,0x0883,0x0883,0x0883,0x0883,0x0883,0x0883,0x0883,0x0883,0x0883,0x0883,0x0883,
  0x0883,0x0883,0x0883,0x0883,0x0883,0x0883,0x0883,0x0883,0x0883,0x0883,0x0883,0x0883,0x0883,0x0883,0x0883,0x0883,
  0x0883,0x0883,0x0883,0x0883,0x0883,0x0883,0x0883,0x0883,0x0883,0x0883,0x0883,0x0883,0x0882,0x0882,0x0882,0x0882,
  0x0882,0x0882,0x0882,0x0882,0x0882,0x0882,0x0882,0x0882,0x0882,0x0882,0x0882,0x0882,0x0882,0x0882,0x0882,0x0882,
  0x0882,0x0882,0x0882,0x0882,0x0882,0x0882,0x0882,0x0882,0x0882,0x0882,0x0882,0x0882,0x0882,0x0882,0x0882,0x0882,
  0x0882,0x0882,0x0882,0x0882,0x0882,0x0882,0x0882,0x0882,0x0882,0x0882,0x0882,0x0882,0x0882,0x0882,0x0882,0x0882,
  0x0882,0x0882,0x0882,0x0882,0x0882,0x0882,0x19A7,0x08C3,0x0041,0x0041,0x0041,0x0041,0x0041,0x0041,0x0041,0x0041,
  0x0041,0x0041,0x0041,0x0041,0x0041,0x0041,0x0041,0x0041,0x0041,0x2209,0x08A3,0x08A3,0x08A3,0x1987,0x08A3,0x08A3,
  0x08A3,0x08A3,0x08A3,0x08A3,0x08A3,0x08A3,0x08A3,0x08A3,0x08A3,0x08A3,0x08A3,0x08A3,0x08A3,0x08A3,0x08A3,0x08A3,
  0x08A3,0x08A3,0x08A3,0x08A3,0x08A3,0x08A3,0x08A3,0x08A3,0x0883,0x0883,0x0883,0x0883,0x0883,0x0883,0x0883,0x0883,
  0x0883,0x0883,0x0883,0x0883,0x0883,0x0883,0x0883,0x0883,0x0883,0x0883,0x0883,0x0883,0x0883,0x0883,0x0883,0x0883,
  0x0883,0x0883,0x0883,0x0883,0x0883,0x0883,0x0883,0x0883,0x0883,0x0883,0x0883,0x0883,0x0883,0x0883,0x0883,0x0883,
  0x0883,0x0883,0x0883,0x0882,0x0882,0x0882,0x0882,0x0882,0x0882,0x0882,0x0882,0x0882,0x0882,0x0882,0x0882,0x0882,
  0x0882,0x0882,0x0882,0x0882,0x0882,0x0882,0x0882,0x0882,0x0882,0x0882,0x0882,0x0882,0x0882,0x0882,0x0882,0x0882,
  0x0882,0x0882,0x0882,0x0882,0x0882,0x0882,0x0882,0x0882,0x0882,0x0882,0x0882,0x0882,0x0882,0x0882,0x0882,0x0882,
  0x0882,0x0882,0x0882,0x0082,0x0082,0x0082,0x0082,0x0082,0x0082,0x08A3,0x1987,0x08A3,0x0082,0x0082,0x0082,0x0082,
  0x1125,0x21C8,0x0862,0x0041,0x0041,0x0041,0x0041,0x2209,0x08A3,0x08A3,0x08A3,0x08A3,0x08A3,0x08A3,0x08A3,0x08A3,
  0x08A3,0x08A3,0x08A3,0x08A3,0x08A3,0x08A3,0x08A3,0x08A3,0x08A3,0x08A3,0x08A3,0x08A3,0x08A3,0x08A3,0x08A3,0x08A3,
  0x08A3,0x08A3,0x08A3,0x08A3,0x08A3,0x08A3,0x08A3,0x08A3,0x08A3,0x08A3,0x08A3,0x08A3,0x08A3,0x08A3,0x08A3,0x08A3,
  0x08A3,0x08A3,0x08A3,0x08A3,0x0883,0x0883,0x0883,0x0883,0x0883,0x0883,0x0883,0x0883,0x0883,0x0883,0x0883,0x0883,
  0x0883,0x0883,0x0883,0x0883,0x0883,0x0883,0x0883,0x0883,0x0883,0x0883,0x0883,0x0883,0x0883,0x0883,0x0883,0x0883,
  0x0883,0x0883,0x0883,0x0883,0x0883,0x0883,0x0883,0x0883,0x0883,0x0883,0x0883,0x0883,0x0883,0x0883,0x0883,0x0883,
  0x0883,0x0883,0x0883,0x0883,0x0883,0x0883,0x0883,0x0883,0x0883,0x0883,0x0882,0x0882,0x0882,0x0882,0x0882,0x0882,
  0x0882,0x0882,0x0882,0x0882,0x0882,0x0882,0x0882,0x0882,0x0882,0x0882,0x0882,0x0882,0x0882,0x0882,0x0882,0x0882,
  0x0882,0x0882,0x0882,0x0882,0x0882,0x0882,0x0882,0x0882,0x0882,0x0882,0x0882,0x0882,0x0882,0x0882,0x0882,0x0882,
  0x0882,0x0882,0x0882,0x0882,0x0882,0x0882,0x0882,0x0882,0x0882,0x0882,0x0882,0x0882,0x0882,0x0882,0x0882,0x0882,
  0x0882,0x0882,0x0882,0x0882,0x0882,0x1D57,0x2598,0x08C3,0x0041,0x0041,0x0041,0x0041,0x0041,0x0041,0x0041,0x0041,
  0x0041,0x0041,0x0041,0x0041,0x0041,0x0041,0x0041,0x0041,0x0041,0x2209,0x08A3,0x08A3,0x08A3,0x1987,0x08A3,0x08A3,
  0x08A3,0x08A3,0x08A3,0x08A3,0x08A3,0x08A3,0x08A3,0x08A3,0x08A3,0x08A3,0x08A3,0x08A3,0x08A3,0x08A3,0x08A3,0x08A3,
  0x08A3,0x08A3,0x08A3,0x08A3,0x08A3,0x08A3,0x08A3,0x0883,0x0883,0x0883,0x0883,0x0883,0x0883,0x0883,0x0883,0x0883,
  0x0883,0x0883,0x0883,0x0883,0x0883,0x0883,0x0883,0x0883,0x0883,0x0883,0x0883,0x0883,0x0883,0x0883,0x0883,0x0883,
  0x0883,0x0883,0x0883,0x0883,0x0883,0x0883,0x0883,0x0883,0x0883,0x0883,0x0883,0x0883,0x0883,0x0883,0x0883,0x0883,
  0x0883,0x0883,0x0882,0x0882,0x0882,0x0882,0x0882,0x0882,0x0882,0x0882,0x0882,0x0882,0x0882,0x0882,0x0882,0x0882,
  0x0882,0x0882,0x0882,0x0882,0x0882,0x0882,0x0882,0x0882,0x0882,0x0882,0x0882,0x0882,0x0882,0x0882,0x0882,0x0882,
  0x0882,0x0882,0x0882,0x0882,0x0882,0x0882,0x0882,0x0882,0x0882,0x0882,0x0882,0x0882,0x0882,0x0882,0x0882,0x0882,
  0x0882,0x0882,0x0082,0x0082,0x0082,0x0082,0x0082,0x0082,0x0883,0x1167,0x08E4,0x0082,0x0082,0x0082,0x0082,0x08E4,
  0x21E9,0x08A3,0x0041,0x0041,0x0041,0x0041,0x0041,0x2209,0x08A3,0x08A3,0x08A3,0x08A3,0x08A3,0x08A3,0x08A3,0x08A3,
  0x08A3,0x08A3,0x08A3,0x08A3,0x08A3,0x08A3,0x08A3,0x08A3,0x08A3,0x08A3,0x08A3,0x08A3,0x08A3,0x08A3,0x08A3,0x08A3,
  0x08A3,0x08A3,0x08A3,0x08A3,0x08A3,0x08A3,0x08A3,0x08A3,0x08A3,0x08A3,0x08A3,0x08A3,0x08A3,0x08A3,0x08A3,0x08A3,
  0x08A3,0x08A3,0x0883,0x0883,0x0883,0x0883,0x0883,0x0883,0x0883,0x0883,0x0883,0x0883,0x0883,0x0883,0x0883,0x0883,
  0x0883,0x0883,0x0883,0x0883,0x0883,0x0883,0x0883,0x0883,0x0883,0x0883,0x0883,0x0883,0x0883,0x0883,0x0883,0x0883,
  0x0883,0x0883,0x0883,0x0883,0x0883,0x0883,0x0883,0x0883,0x0883,0x0883,0x0883,0x0883,0x0883,0x0883,0x0883,0x0883,
  0x0883,0x0883,0x0883,0x0883,0x0883,0x0883,0x0883,0x0883,0x0882,0x0882,0x0882,0x0882,0x0882,0x0882,0x0882,0x0882,
  0x0882,0x0882,0x0882,0x0882,0x0882,0x0882,0x0882,0x0882,0x0882,0x0882,0x0882,0x0882,0x0882,0x0882,0x0882,0x0882,
  0x0882,0x0882,0x0882,0x0882,0x0882,0x0882,0x0882,0x0882,0x0882,0x0882,0x0882,0x0882,0x0882,0x0882,0x0882,0x0882,
  0x0882,0x0882,0x0882,0x0882,0x0882,0x0882,0x0882,0x0882,0x0882,0x0882,0x0882,0x0882,0x0882,0x0882,0x0882,0x0882,
  0x0882,0x0882,0x0882,0x0882,0x0882,0x1D57,0x2598,0x08C3,0x0041,0x0041,0x0041,0x0041,0x0041,0x0041,0x0041,0x0041,
  0x0041,0x0041,0x0041,0x0041,0x0041,0x0041,0x0041,0x0041,0x0041,0x2209,0x08A3,0x08A3,0x08A3,0x1987,0x08A3,0x08A3,
  0x08A3,0x08A3,0x08A3,0x08A3,0x08A3,0x08A3,0x08A3,0x08A3,0x08A3,0x08A3,0x08A3,0x08A3,0x08A3,0x08A3,0x08A3,0x08A3,
  0x08A3,0x08A3,0x08A3,0x08A3,0x08A3,0x08A3,0x0883,0x0883,0x0883,0x0883,0x0883,0x0883,0x0883,0x0883,0x0883,0x0883,
  0x0883,0x0883,0x0883,0x0883,0x0883,0x0883,0x0883,0x0883,0x0883,0x0883,0x0883,0x0883,0x0883,0x0883,0x0883,0x0883,
  0x0883,0x0883,0x0883,0x0883,0x0883,0x0883,0x0883,0x0883,0x0883,0x0883,0x0883,0x0883,0x0883,0x0883,0x0883,0x0883,
  0x0883,0x0882,0x0882,0x0882,0x0882,0x0882,0x0882,0x0882,0x0882,0x0882,0x0882,0x0882,0x0882,0x0882,0x0882,0x0882,
  0x0882,0x0882,0x0882,0x0882,0x0882,0x0882,0x0882,0x0882,0x0882,0x0882,0x0882,0x0882,0x0882,0x0882,0x0882,0x0882,
  0x0882,0x0882,0x0882,0x0882,0x0882,0x0882,0x0882,0x0882,0x0882,0x0882,0x0882,0x0882,0x0882,0x0882,0x0882,0x0882,
  0x0882,0x0082,0x0082,0x0082,0x0082,0x0082,0x0082,0x0082,0x1146,0x1125,0x0082,0x0082,0x0082,0x0082,0x08A3,0x21E9,
  0x1104,0x0041,0x0041,0x0041,0x0041,0x0041,0x0041,0x2209,0x08A3,0x08A3,0x08A3,0x08A3,0x08A3,0x08A3,0x08A3,0x08A3,
  0x08A3,0x08A3,0x08A3,0x08A3,0x08A3,0x08A3,0x08A3,0x08A3,0x08A3,0x08A3,0x08A3,0x08A3,0x08A3,0x08A3,0x08A3,0x08A3,
  0x08A3,0x08A3,0x08A3,0x08A3,0x08A3,0x08A3,0x08A3,0x08A3,0x08A3,0x08A3,0x08A3,0x08A3,0x08A3,0x08A3,0x08A3,0x08A3,
  0x0883,0x0883,0x0883,0x0883,0x0883,0x0883,0x0883,0x0883,0x0883,0x0883,0x0883,0x0883,0x0883,0x0883,0x0883,0x0883,
  0x0883,0x0883,0x0883,0x0883,0x0883,0x0883,0x0883,0x0883,0x0883,0x0883,0x0883,0x0883,0x0883,0x0883,0x0883,0x0883,
  0x0883,0x0883,0x0883,0x0883,0x0883,0x0883,0x0883,0x0883,0x0883,0x0883,0x0883,0x0883,0x0883,0x0883,0x0883,0x0883,
  0x0883,0x0883,0x0883,0x0883,0x0883,0x0883,0x0882,0x0882,0x0882,0x0882,0x0882,0x0882,0x0882,0x0882,0x0882,0x0882,
  0x0882,0x0882,0x0882,0x0882,0x0882,0x0882,0x0882,0x0882,0x0882,0x0882,0x0882,0x0882,0x0882,0x0882,0x0882,0x0882,
  0x0882,0x0882,0x0882,0x0882,0x0882,0x0882,0x0882,0x0882,0x0882,0x0882,0x0882,0x0882,0x0882,0x0882,0x0882,0x0882,
  0x0882,0x0882,0x0882,0x0882,0x0882,0x0882,0x0882,0x0882,0x0882,0x0882,0x0882,0x0882,0x0882,0x0882,0x0882,0x0882,
  0x0882,0x0882,0x0882,0x0882,0x0882,0x1D57,0x2598,0x08C3,0x0041,0x0041,0x0041,0x0041,0x0041,0x0041,0x0041,0x0041,
  0x0041,0x0041,0x0041,0x0041,0x0041,0x0041,0x0041,0x0041,0x0041,0x2209,0x08A3,0x08A3,0x08A3,0x1987,0x08A3,0x08A3,
  0x08A3,0x08A3,0x08A3,0x08A3,0x08A3,0x08A3,0x08A3,0x08A3,0x08A3,0x08A3,0x08A3,0x08A3,0x08A3,0x08A3,0x08A3,0x08A3,
  0x08A3,0x08A3,0x08A3,0x08A3,0x08A3,0x0883,0x0883,0x0883,0x0883,0x0883,0x0883,0x0883,0x0883,0x0883,0x0883,0x0883,
  0x0883,0x0883,0x0883,0x0883,0x0883,0x0883,0x0883,0x0883,0x0883,0x0883,0x0883,0x0883,0x0883,0x0883,0x0883,0x0883,
  0x0883,0x0883,0x0883,0x0883,0x0883,0x0883,0x0883,0x0883,0x0883,0x0883,0x0883,0x0883,0x0883,0x0883,0x0883,0x0883,
  0x0882,0x0882,0x0882,0x0882,0x0882,0x0882,0x0882,0x0882,0x0882,0x0882,0x0882,0x0882,0x0882,0x0882,0x0882,0x0882,
  0x0882,0x0882,0x0882,0x0882,0x0882,0x0882,0x0882,0x0882,0x0882,0x0882,0x0882,0x0882,0x0882,0x0882,0x0882,0x0882,
  0x0882,0x0882,0x0882,0x0882,0x0882,0x0882,0x0882,0x0882,0x0882,0x0882,0x0882,0x0882,0x0882,0x0882,0x0882,0x0882,
  0x0882,0x0082,0x0082,0x0082,0x0082,0x0082,0x0082,0x1105,0x1146,0x0883,0x0082,0x0082,0x0082,0x0883,0x19C8,0x1946,
  0x0041,0x0041,0x0041,0x0041,0x0041,0x0041,0x0041,0x2209,0x08A3,0x08A3,0x08A3,0x08A3,0x08A3,0x08A3,0x08A3,0x08A3,
  0x08A3,0x08A3,0x08A3,0x08A3,0x08A3,0x08A3,0x08A3,0x08A3,0x08A3,0x08A3,0x08A3,0x08A3,0x08A3,0x08A3,0x08A3,0x08A3,
  0x08A3,0x08A3,0x08A3,0x08A3,0x08A3,0x08A3,0x08A3,0x08A3,0x08A3,0x08A3,0x08A3,0x08A3,0x08A3,0x08A3,0x0883,0x0883,
  0x0883,0x0883,0x0883,0x0883,0x0883,0x0883,0x0883,0x0883,0x0883,0x0883,0x0883,0x0883,0x0883,0x0883,0x0883,0x0883,
  0x0883,0x0883,0x0883,0x0883,0x0883,0x0883,0x0883,0x0883,0x0883,0x0883,0x0883,0x0883,0x0883,0x0883,0x0883,0x0883,
  0x0883,0x0883,0x0883,0x0883,0x0883,0x0883,0x0883,0x0883,0x0883,0x0883,0x0883,0x0883,0x0883,0x0883,0x0883,0x0883,
  0x0883,0x0883,0x0883,0x0883,0x0882,0x0882,0x0882,0x0882,0x0882,0x0882,0x0882,0x0882,0x0882,0x0882,0x0882,0x0882,
  0x0882,0x0882,0x0882,0x0882,0x0882,0x0882,0x0882,0x0882,0x0882,0x0882,0x0882,0x0882,0x0882,0x0882,0x0882,0x0882,
  0x0882,0x0882,0x0882,0x0882,0x0882,0x0882,0x0882,0x0882,0x0882,0x0882,0x0882,0x0882,0x0882,0x0882,0x0882,0x0882,
  0x0882,0x0882,0x0882,0x0882,0x0882,0x0882,0x0882,0x0882,0x0882,0x0882,0x0882,0x0882,0x0882,0x0882,0x0882,0x0882,
  0x0882,0x0882,0x0882,0x0882,0x0882,0x1D57,0x2598,0x08C3,0x0041,0x0041,0x0041,0x0041,0x0041,0x0041,0x0041,0x0041,
  0x0041,0x0041,0x0041,0x0041,0x0041,0x0041,0x0041,0x0041,0x0041,0x2209,0x08A3,0x08A3,0x08A3,0x1166,0x1987,0x1987,
  0x1987,0x1987,0x1987,0x1987,0x1987,0x1987,0x1987,0x1987,0x1987,0x1987,0x1987,0x1987,0x1987,0x1987,0x1987,0x1987,
  0x1987,0x1987,0x1987,0x1987,0x1987,0x1987,0x1987,0x1987,0x1987,0x1987,0x1987,0x1987,0x1987,0x1987,0x1987,0x1987,
  0x1987,0x1987,0x1987,0x1987,0x1987,0x1987,0x1987,0x1987,0x1987,0x1987,0x1987,0x1987,0x1987,0x1987,0x1987,0x1987,
  0x1987,0x1987,0x1987,0x1987,0x1987,0x1987,0x1987,0x1987,0x1987,0x1987,0x1987,0x1987,0x1987,0x1987,0x1987,0x1987,
  0x1987,0x1987,0x1987,0x1987,0x1987,0x1987,0x1987,0x1987,0x1987,0x1987,0x1987,0x1987,0x1987,0x1987,0x1987,0x1987,
  0x1987,0x1987,0x1987,0x1987,0x1987,0x1987,0x1987,0x1987,0x1987,0x1987,0x1987,0x1987,0x1987,0x1987,0x1987,0x1987,
  0x1987,0x1987,0x1987,0x1987,0x1987,0x1987,0x1987,0x1987,0x1987,0x1987,0x1987,0x1987,0x1987,0x1987,0x1987,0x1987,
  0x1987,0x1987,0x1987,0x1987,0x1987,0x1987,0x1987,0x1166,0x08A3,0x0082,0x0082,0x0082,0x0082,0x1966,0x19A7,0x0041,
  0x0041,0x0041,0x0041,0x0041,0x0041,0x0041,0x0041,0x2209,0x08A3,0x08A3,0x08A3,0x08A3,0x08A3,0x08A3,0x08A3,0x08A3,
  0x08A3,0x08A3,0x08A3,0x08A3,0x08A3,0x08A3,0x08A3,0x08A3,0x08A3,0x08A3,0x08A3,0x08A3,0x08A3,0x08A3,0x08A3,0x08A3,
  0x08A3,0x08A3,0x08A3,0x08A3,0x08A3,0x08A3,0x08A3,0x08A3,0x08A3,0x08A3,0x08A3,0x08A3,0x0883,0x0883,0x0883,0x0883,
  0x0883,0x0883,0x0883,0x0883,0x0883,0x0883,0x0883,0x0883,0x0883,0x0883,0x0883,0x0883,0x0883,0x0883,0x0883,0x0883,
  0x0883,0x0883,0x0883,0x0883,0x0883,0x0883,0x0883,0x0883,0x0883,0x0883,0x0883,0x0883,0x0883,0x0883,0x0883,0x0883,
  0x0883,0x0883,0x0883,0x0883,0x0883,0x0883,0x0883,0x0883,0x0883,0x0883,0x0883,0x0883,0x0883,0x0883,0x0883,0x0883,
  0x0883,0x0883,0x0882,0x0882,0x0882,0x0882,0x0882,0x0882,0x0882,0x0882,0x0882,0x0882,0x0882,0x0882,0x0882,0x0882,
  0x0882,0x0882,0x0882,0x0882,0x0882,0x0882,0x0882,0x0882,0x0882,0x0882,0x0882,0x0882,0x0882,0x0882,0x0882,0x0882,
  0x0882,0x0882,0x0882,0x0882,0x0882,0x0882,0x0882,0x0882,0x0882,0x0882,0x0882,0x0882,0x0882,0x0882,0x0882,0x0882,
  0x0882,0x0882,0x0882,0x0882,0x0882,0x0882,0x0882,0x0882,0x0882,0x0882,0x0882,0x0882,0x0882,0x0882,0x0882,0x0882,
  0x0882,0x0882,0x0882,0x0882,0x0882,0x1D57,0x2598,0x08C3,0x0041,0x0041,0x0041,0x0041,0x0041,0x0041,0x0041,0x0041,
  0x0041,0x0041,0x0041,0x0041,0x0041,0x0041,0x0041,0x0041,0x0041,0x2209,0x08A3,0x08A3,0x08A3,0x08A3,0x08A3,0x08A3,
  0x08A3,0x08A3,0x08A3,0x08A3,0x08A3,0x08A3,0x08A3,0x08A3,0x08A3,0x08A3,0x08A3,0x08A3,0x08A3,0x08A3,0x08A3,0x08A3,
  0x08A3,0x08A3,0x08A3,0x08A3,0x0883,0x0883,0x0883,0x0883,0x0883,0x0883,0x0883,0x0883,0x0883,0x0883,0x0883,0x0883,
  0x0883,0x0883,0x0883,0x0883,0x0883,0x0883,0x0883,0x0883,0x0883,0x0883,0x0883,0x0883,0x0883,0x0883,0x0883,0x0883,
  0x0883,0x0883,0x0883,0x0883,0x0883,0x0883,0x0883,0x0883,0x0883,0x0883,0x0883,0x0883,0x0883,0x0883,0x0882,0x0882,
  0x0882,0x0882,0x0882,0x0882,0x0882,0x0882,0x0882,0x0882,0x0882,0x0882,0x0882,0x0882,0x0882,0x0882,0x0882,0x0882,
  0x0882,0x0882,0x0882,0x0882,0x0882,0x0882,0x0882,0x0882,0x0882,0x0882,0x0882,0x0882,0x0882,0x0882,0x0882,0x0882,
  0x0882,0x0882,0x0882,0x0882,0x0882,0x0882,0x0882,0x0882,0x0882,0x0882,0x0882,0x0882,0x0882,0x0882,0x0882,0x0082,
  0x0082,0x0082,0x0082,0x0082,0x0082,0x0082,0x0082,0x0082,0x0082,0x0082,0x0082,0x0082,0x1125,0x21C8,0x0862,0x0041,
  0x0041,0x0041,0x0041,0x0041,0x0041,0x0041,0x0041,0x2209,0x08A3,0x08A3,0x08A3,0x08A3,0x08A3,0x08A3,0x08A3,0x08A3,
  0x08A3,0x08A3,0x08A3,0x08A3,0x08A3,0x08A3,0x08A3,0x08A3,0x08A3,0x08A3,0x08A3,0x08A3,0x08A3,0x08A3,0x08A3,0x08A3,
  0x08A3,0x08A3,0x08A3,0x08A3,0x08A3,0x08A3,0x08A3,0x08A3,0x08A3,0x08A3,0x0883,0x0883,0x0883,0x0883,0x0883,0x0883,
  0x0883,0x0883,0x0883,0x0883,0x0883,0x0883,0x0883,0x0883,0x0883,0x0883,0x0883,0x0883,0x0883,0x0883,0x0883,0x0883,
  0x0883,0x0883,0x0883,0x0883,0x0883,0x0883,0x0883,0x0883,0x0883,0x0883,0x0883,0x0883,0x0883,0x0883,0x0883,0x0883,
  0x0883,0x0883,0x0883,0x0883,0x0883,0x0883,0x0883,0x0883,0x0883,0x0883,0x0883,0x0883,0x0883,0x0883,0x0883,0x0883,
  0x0882,0x0882,0x0882,0x0882,0x0882,0x0882,0x0882,0x0882,0x0882,0x0882,0x0882,0x0882,0x0882,0x0882,0x0882,0x0882,
  0x0882,0x0882,0x0882,0x0882,0x0882,0x0882,0x0882,0x0882,0x0882,0x0882,0x0882,0x0882,0x0882,0x0882,0x0882,0x0882,
  0x0882,0x0882,0x0882,0x0882,0x0882,0x0882,0x0882,0x0882,0x0882,0x0882,0x0882,0x0882,0x0882,0x0882,0x0882,0x0882,
  0x0882,0x0882,0x0882,0x0882,0x0882,0x0882,0x0882,0x0882,0x0882,0x0882,0x0882,0x0882,0x0882,0x0882,0x0882,0x0882,
  0x0882,0x0882,0x0882,0x0882,0x0882,0x1D57,0x2598,0x08C3,0x0041,0x0041,0x0041,0x0041,0x0041,0x0041,0x0041,0x0041,
  0x0041,0x0041,0x0041,0x0041,0x0041,0x0041,0x0041,0x0041,0x0041,0x2209,0x08A3,0x08A3,0x08A3,0x08A3,0x08A3,0x08A3,
  0x08A3,0x08A3,0x08A3,0x08A3,0x08A3,0x08A3,0x08A3,0x08A3,0x08A3,0x08A3,0x08A3,0x08A3,0x08A3,0x08A3,0x08A3,0x08A3,
  0x08A3,0x08A3,0x08A3,0x0883,0x0883,0x0883,0x0883,0x0883,0x0883,0x0883,0x0883,0x0883,0x0883,0x0883,0x0883,0x0883,
  0x0883,0x0883,0x0883,0x0883,0x0883,0x0883,0x0883,0x0883,0x0883,0x0883,0x0883,0x0883,0x0883,0x0883,0x0883,0x0883,
  0x0883,0x0883,0x0883,0x0883,0x0883,0x0883,0x0883,0x0883,0x0883,0x0883,0x0883,0x0883,0x0883,0x0883,0x0882,0x0882,
  0x0882,0x0882,0x0882,0x0882,0x0882,0x0882,0x0882,0x0882,0x0882,0x0882,0x0882,0x0882,0x0882,0x0882,0x0882,0x0882,
  0x0882,0x0882,0x0882,0x0882,0x0882,0x0882,0x0882,0x0882,0x0882,0x0882,0x0882,0x0882,0x0882,0x0882,0x0882,0x0882,
  0x0882,0x0882,0x0882,0x0882,0x0882,0x0882,0x0882,0x0882,0x0882,0x0882,0x0882,0x0882,0x0882,0x0882,0x0082,0x0082,
  0x0082,0x0082,0x0082,0x0082,0x0082,0x0082,0x0082,0x0082,0x0082,0x0082,0x0082,0x08E4,0x21E9,0x08A3,0x0041,0x0041,
  0x0041,0x0041,0x0041,0x0041,0x0041,0x0041,0x0041,0x2209,0x08A3,0x08A3,0x08A3,0x08A3,0x08A3,0x08A3,0x08A3,0x08A3,
  0x08A3,0x08A3,0x08A3,0x08A3,0x08A3,0x08A3,0x08A3,0x08A3,0x08A3,0x08A3,0x08A3,0x08A3,0x08A3,0x08A3,0x08A3,0x08A3,
  0x08A3,0x08A3,0x08A3,0x08A3,0x08A3,0x08A3,0x08A3,0x08A3,0x0883,0x0883,0x0883,0x0883,0x0883,0x0883,0x0883,0x0883,
  0x0883,0x0883,0x0883,0x0883,0x0883,0x0883,0x0883,0x0883,0x0883,0x0883,0x0883,0x0883,0x0883,0x0883,0x0883,0x0883,
  0x0883,0x0883,0x0883,0x0883,0x0883,0x0883,0x0883,0x0883,0x0883,0x0883,0x0883,0x0883,0x0883,0x0883,0x0883,0x0883,
  0x0883,0x0883,0x0883,0x0883,0x0883,0x0883,0x0883,0x0883,0x0883,0x0883,0x0883,0x0883,0x0883,0x0883,0x0882,0x0882,
  0x0882,0x0882,0x0882,0x0882,0x0882,0x0882,0x0882,0x0882,0x0882,0x0882,0x0882,0x0882,0x0882,0x0882,0x0882,0x0882,
  0x0882,0x0882,0x0882,0x0882,0x0882,0x0882,0x0882,0x0882,0x0882,0x0882,0x0882,0x0882,0x0882,0x0882,0x0882,0x0882,
  0x0882,0x0882,0x0882,0x0882,0x0882,0x0882,0x0882,0x0882,0x0882,0x0882,0x0882,0x0882,0x0882,0x0882,0x0882,0x0882,
  0x0882,0x0882,0x0882,0x0882,0x0882,0x0882,0x0882,0x0882,0x0882,0x0882,0x0882,0x0882,0x0882,0x0882,0x0882,0x0882,
  0x0882,0x0882,0x0882,0x0882,0x0882,0x1D57,0x2598,0x08C3,0x0041,0x0041,0x0041,0x0041,0x0041,0x0041,0x0041,0x0041,
  0x0041,0x0041,0x0041,0x0041,0x0041,0x0041,0x0041,0x0041,0x0041,0x2209,0x08A3,0x08A3,0x08A3,0x08A3,0x08A3,0x08A3,
  0x08A3,0x08A3,0x08A3,0x08A3,0x08A3,0x08A3,0x08A3,0x08A3,0x08A3,0x08A3,0x08A3,0x08A3,0x08A3,0x08A3,0x08A3,0x08A3,
  0x08A3,0x08A3,0x0883,0x0883,0x0883,0x0883,0x0883,0x0883,0x0883,0x0883,0x0883,0x0883,0x0883,0x0883,0x0883,0x0883,
  0x0883,0x0883,0x0883,0x0883,0x0883,0x0883,0x0883,0x0883,0x0883,0x0883,0x0883,0x0883,0x0883,0x0883,0x0883,0x0883,
  0x0883,0x0883,0x0883,0x0883,0x0883,0x0883,0x0883,0x0883,0x0883,0x0883,0x0883,0x0883,0x0883,0x0882,0x0882,0x0882,
  0x0882,0x0882,0x0882,0x0882,0x0882,0x0882,0x0882,0x0882,0x0882,0x0882,0x0882,0x0882,0x0882,0x0882,0x0882,0x0882,
  0x0882,0x0882,0x0882,0x0882,0x0882,0x0882,0x0882,0x0882,0x0882,0x0882,0x0882,0x0882,0x0882,0x0882,0x0882,0x0882,
  0x0882,0x0882,0x0882,0x0882,0x0882,0x0882,0x0882,0x0882,0x0882,0x0882,0x0882,0x0882,0x0882,0x0082,0x0082,0x0082,
  0x0082,0x0082,0x0082,0x0082,0x0082,0x0082,0x0082,0x0082,0x0082,0x0082,0x08A3,0x21E9,0x1104,0x0041,0x0041,0x0041,
  0x0041,0x0041,0x0041,0x0041,0x0041,0x0041,0x0041,0x2209,0x08A3,0x08A3,0x08A3,0x08A3,0x08A3,0x08A3,0x08A3,0x08A3,
  0x08A3,0x08A3,0x08A3,0x08A3,0x08A3,0x08A3,0x08A3,0x08A3,0x08A3,0x08A3,0x08A3,0x08A3,0x08A3,0x08A3,0x08A3,0x08A3,
  0x08A3,0x08A3,0x08A3,0x08A3,0x08A3,0x08A3,0x0883,0x0883,0x0883,0x0883,0x0883,0x0883,0x0883,0x0883,0x0883,0x0883,
  0x0883,0x0883,0x0883,0x0883,0x0883,0x0883,0x0883,0x0883,0x0883,0x0883,0x0883,0x0883,0x0883,0x0883,0x0883,0x0883,
  0x0883,0x0883,0x0883,0x0883,0x0883,0x0883,0x0883,0x0883,0x0883,0x0883,0x0883,0x0883,0x0883,0x0883,0x0883,0x0883,
  0x0883,0x0883,0x0883,0x0883,0x0883,0x0883,0x0883,0x0883,0x0883,0x0883,0x0883,0x0883,0x0882,0x0882,0x0882,0x0882,
  0x0882,0x0882,0x0882,0x0882,0x0882,0x0882,0x0882,0x0882,0x0882,0x0882,0x0882,0x0882,0x0882,0x0882,0x0882,0x0882,
  0x0882,0x0882,0x0882,0x0882,0x0882,0x0882,0x0882,0x0882,0x0882,0x0882,0x0882,0x0882,0x0882,0x0882,0x0882,0x0882,
  0x0882,0x0882,0x0882,0x0882,0x0882,0x0882,0x0882,0x0882,0x0882,0x0882,0x0882,0x0882,0x0882,0x0882,0x0882,0x0882,
  0x0882,0x0882,0x0882,0x0882,0x0882,0x0882,0x0882,0x0882,0x0882,0x0882,0x0882,0x0882,0x0882,0x0882,0x1D57,0x1D57,
  0x1D57,0x1D57,0x1D57,0x1D57,0x1D57,0x1D57,0x2598,0x08C3,0x0041,0x0041,0x0041,0x0041,0x0041,0x0041,0x0041,0x0041,
  0x0041,0x0041,0x0041,0x0041,0x0041,0x0041,0x0041,0x0041,0x0041,0x21C8,0x2209,0x2209,0x2209,0x2209,0x2209,0x2209,
  0x2209,0x2209,0x2209,0x2209,0x2209,0x2209,0x2209,0x2209,0x2209,0x2209,0x2209,0x2209,0x2209,0x2209,0x2209,0x2209,
  0x2209,0x2209,0x2209,0x2209,0x2209,0x2209,0x2209,0x2209,0x2209,0x2209,0x2209,0x2209,0x2209,0x2209,0x2209,0x2209,
  0x2209,0x2209,0x2209,0x2209,0x2209,0x2209,0x2209,0x2209,0x2209,0x2209,0x2209,0x2209,0x2209,0x2209,0x2209,0x2209,
  0x2209,0x2209,0x2209,0x2209,0x2209,0x2209,0x2209,0x2209,0x2209,0x2209,0x2209,0x2209,0x2209,0x2209,0x2209,0x2209,
  0x2209,0x2209,0x2209,0x2209,0x2209,0x2209,0x2209,0x2209,0x2209,0x2209,0x2209,0x2209,0x2209,0x2209,0x2209,0x2209,
  0x2209,0x2209,0x2209,0x2209,0x2209,0x2209,0x2209,0x2209,0x2209,0x2209,0x2209,0x2209,0x2209,0x2209,0x2209,0x2209,
  0x2209,0x2209,0x2209,0x2209,0x2209,0x2209,0x2209,0x2209,0x2209,0x2209,0x2209,0x2209,0x2209,0x2209,0x2209,0x2209,
  0x2209,0x2209,0x2209,0x2209,0x2209,0x2209,0x2209,0x2209,0x2209,0x2209,0x21E9,0x1946,0x0041,0x0041,0x0041,0x0041,
  0x0041,0x0041,0x0041,0x0041,0x0041,0x0041,0x0041,0x21C8,0x2209,0x2209,0x2209,0x2209,0x2209,0x2209,0x2209,0x2209,
  0x2209,0x2209,0x2209,0x2209,0x2209,0x2209,0x2209,0x2209,0x2209,0x2209,0x2209,0x2209,0x2209,0x2209,0x2209,0x2209,
  0x2209,0x2209,0x2209,0x2209,0x2209,0x2209,0x2209,0x2209,0x2209,0x2209,0x2209,0x2209,0x2209,0x2209,0x2209,0x2209,
  0x2209,0x2209,0x2209,0x2209,0x2209,0x2209,0x2209,0x2209,0x2209,0x2209,0x2209,0x2209,0x2209,0x2209,0x2209,0x2209,
  0x2209,0x2209,0x2209,0x2209,0x2209,0x2209,0x2209,0x2209,0x2209,0x2209,0x2209,0x2209,0x2209,0x2209,0x2209,0x2209,
  0x2209,0x2209,0x2209,0x2209,0x2209,0x2209,0x2209,0x2209,0x2209,0x2209,0x2209,0x2209,0x2209,0x2209,0x2209,0x2209,
  0x2209,0x2209,0x2209,0x2209,0x2209,0x2209,0x2209,0x2209,0x2209,0x2209,0x2209,0x2209,0x2209,0x2209,0x2209,0x2209,
  0x2209,0x2209,0x2209,0x2209,0x2209,0x2209,0x2209,0x2209,0x2209,0x2209,0x2209,0x2209,0x2209,0x2209,0x2209,0x2209,
  0x2209,0x2209,0x2209,0x2209,0x2209,0x2209,0x2209,0x2209,0x2209,0x2209,0x2209,0x2209,0x2209,0x2209,0x2209,0x2209,
  0x2209,0x2209,0x2209,0x2209,0x2209,0x2209,0x2209,0x2209,0x2209,0x2209,0x2209,0x2209,0x2209,0x2209,0x25B9,0x25B9,
  0x25B9,0x25B9,0x25B9,0x25B9,0x25B9,0x25B9,0x25B9,0x08A3,0x0041,0x0041,0x0041,0x0041,0x0041,0x0041,0x0041,0x0041,
  0x0041,0x0041,0x0041,0x0041,0x0041,0x0041,0x0041,0x0041,0x0041,0x0062,0x0062,0x0062,0x0062,0x0062,0x0062,0x0062,
  0x0062,0x0062,0x0062,0x0062,0x0062,0x0062,0x0062,0x0062,0x0062,0x0062,0x0062,0x0062,0x0062,0x0062,0x0062,0x0062,
  0x0062,0x0062,0x0062,0x0062,0x0062,0x0062,0x0062,0x0062,0x0062,0x0062,0x0062,0x0062,0x0062,0x0062,0x0062,0x0062,
  0x0062,0x0062,0x0062,0x0062,0x0062,0x0062,0x0062,0x0062,0x0062,0x0062,0x0062,0x0062,0x0062,0x0062,0x0062,0x0062,
  0x0062,0x0062,0x0062,0x0062,0x0062,0x0062,0x0062,0x0062,0x0062,0x0062,0x0062,0x0062,0x0062,0x0062,0x0062,0x0062,
  0x0062,0x0062,0x0062,0x0062,0x0062,0x0062,0x0062,0x0062,0x0062,0x0062,0x0062,0x0061,0x0061,0x0061,0x0061,0x0061,
  0x0061,0x0061,0x0061,0x0061,0x0061,0x0061,0x0061,0x0061,0x0061,0x0061,0x0061,0x0061,0x0061,0x0061,0x0061,0x0061,
  0x0061,0x0061,0x0061,0x0061,0x0061,0x0061,0x0061,0x0061,0x0061,0x0061,0x0061,0x0061,0x0061,0x0061,0x0061,0x0061,
  0x0061,0x0061,0x0061,0x0061,0x0061,0x0061,0x0061,0x0061,0x0061,0x0061,0x0061,0x0041,0x0041,0x0041,0x0041,0x0041,
  0x0041,0x0041,0x0041,0x0041,0x0041,0x0041,0x0041,0x0062,0x0062,0x0062,0x0062,0x0062,0x0062,0x0062,0x0062,0x0062,
  0x0062,0x0062,0x0062,0x0062,0x0062,0x0062,0x0062,0x0062,0x0062,0x0062,0x0062,0x0062,0x0062,0x0062,0x0062,0x0062,
  0x0062,0x0062,0x0062,0x0062,0x0062,0x0062,0x0062,0x0062,0x0062,0x0062,0x0062,0x0062,0x0062,0x0062,0x0062,0x0062,
  0x0062,0x0062,0x0062,0x0062,0x0062,0x0062,0x0062,0x0062,0x0062,0x0062,0x0062,0x0062,0x0062,0x0062,0x0062,0x0062,
  0x0062,0x0062,0x0062,0x0062,0x0062,0x0062,0x0062,0x0062,0x0062,0x0062,0x0062,0x0062,0x0062,0x0062,0x0062,0x0062,
  0x0062,0x0062,0x0062,0x0062,0x0062,0x0062,0x0062,0x0062,0x0062,0x0062,0x0062,0x0062,0x0062,0x0062,0x0062,0x0062,
  0x0062,0x0062,0x0062,0x0062,0x0062,0x0062,0x0062,0x0062,0x0062,0x0062,0x0062,0x0062,0x0062,0x0062,0x0062,0x0062,
  0x0062,0x0062,0x0062,0x0062,0x0061,0x0061,0x0061,0x0061,0x0061,0x0061,0x0061,0x0061,0x0061,0x0061,0x0061,0x0061,
  0x0061,0x0061,0x0061,0x0061,0x0061,0x0061,0x0061,0x0061,0x0061,0x0061,0x0061,0x0061,0x0061,0x0061,0x0061,0x0061,
  0x0061,0x0061,0x0061,0x0061,0x0061,0x0061,0x0061,0x0061,0x0061,0x0061,0x0061,0x0061,0x0061,0x0061,0x0061,0x0061,
  0x0061,0x0061,0x0061,0x0061,0x0061,0x0061,0x0061,0x0041,0x0041,0x0041,0x0041,0x0041,0x0041,0x0041,0x0041,0x0041,
  0x0041,0x0041,0x0041,0x0041,0x0041,0x0041,0x0041,0x0041,0x0041,0x0041,0x0041,0x0041,0x0041,0x0041,0x0041,0x0041,
  0x0041,0x0041,0x0041,0x0041,0x0041,0x0041,0x0041,0x0041,0x0041,0x0041,0x0041,0x0041,0x0041,0x0041,0x0041,0x0041,
  0x0041,0x0041,0x0041,0x0041,0x0041,0x0041,0x0041,0x0041,0x0041,0x0041,0x0041,0x0041,0x0041,0x0041,0x0041,0x0041,
  0x0041,0x0041,0x0041,0x0041,0x0041,0x0041,0x0041,0x0041,0x0041,0x0041,0x0041,0x0041,0x0041,0x0041,0x0041,0x0041,
  0x0041,0x0041,0x0041,0x0041,0x0041,0x0041,0x0041,0x0041,0x0041,0x0041,0x0041,0x0041,0x0041,0x0041,0x0041,0x0041,
  0x0041,0x0041,0x0041,0x0041,0x0041,0x0041,0x0041,0x0041,0x0041,0x0041,0x0041,0x0041,0x0041,0x0041,0x0041,0x0041,
  0x0041,0x0041,0x0041,0x0041,0x0041,0x0041,0x0041,0x0041,0x0041,0x0041,0x0041,0x0041,0x0041,0x0041,0x0041,0x0041,
  0x0041,0x0041,0x0041,0x0041,0x0041,0x0041,0x0041,0x0041,0x0041,0x0041,0x0041,0x0041,0x0041,0x0041,0x0041,0x0041,
  0x0041,0x0041,0x0041,0x0041,0x0041,0x0041,0x0041,0x0041,0x0041,0x0041,0x0041,0x0041,0x0041,0x0041,0x0041,0x0041,
  0x0041,0x0041,0x0041,0x0041,0x0041,0x0041,0x0041,0x0041,0x0041,0x0041,0x0041,0x0041,0x0041,0x0041,0x0041,0x0041,
  0x0041,0x0041,0x0041,0x0041,0x0041,0x0041,0x0041,0x0041,0x0041,0x0041,0x0041,0x0041,0x0041,0x0041,0x0041,0x0041,
  0x0041,0x0041,0x0041,0x0041,0x0041,0x0041,0x0041,0x0041,0x0041,0x0041,0x0041,0x0041,0x0041,0x0041,0x0041,0x0041,
  0x0041,0x0041,0x0041,0x0041,0x0041,0x0041,0x0041,0x0041,0x0041,0x0041,0x0041,0x0041,0x0041,0x0041,0x0041,0x0041,
  0x0041,0x0041,0x0041,0x0041,0x0041,0x0041,0x0041,0x0041,0x0041,0x0041,0x0041,0x0041,0x0041,0x0041,0x0041,0x0041,
  0x0041,0x0041,0x0041,0x0041,0x0041,0x0041,0x0041,0x0041,0x0041,0x0041,0x0041,0x0041,0x0041,0x0041,0x0041,0x0041,
  0x0041,0x0041,0x0041,0x0041,0x0041,0x0041,0x0041,0x0041,0x0041,0x0041,0x0041,0x0041,0x0041,0x0041,0x0041,0x0041,
  0x0041,0x0041,0x0041,0x0041,0x0041,0x0041,0x0041,0x0041,0x0041,0x0041,0x0041,0x0041,0x0041,0x0041,0x0041,0x0041,
  0x0041,0x0041,0x0041,0x0041,0x0041,0x0041,0x0041,0x0041,0x0041,0x0041,0x0041,0x0041,0x0041,0x0041,0x0041,0x0041,
  0x0041,0x0041,0x0041,0x0041,0x0041,0x0041,0x0041,0x0041,0x0041,0x0041,0x0041,0x0041,0x0041,0x0041,0x0041,0x0041,
  0x0041,0x0041,0x0041,0x0041,0x0041,0x0041,0x0041,0x0041,0x0041,0x0041,0x0041,0x0041,0x0041,0x0041,0x0041,0x0041,
  0x0041,0x0041,0x0041,0x0041,0x0041,0x0041,0x0041,0x0041,0x0041,0x0041,0x0041,0x0041,0x0041,0x0041,0x0041,0x0041,
  0x0041,0x0041,0x0041,0x0041,0x0041,0x0041,0x0041,0x0041,0x0041,0x0041,0x0041,0x0041,0x0041,0x0041,0x0041,0x0041,
  0x0041,0x0041,0x0041,0x0041,0x0041,0x0041,0x0041,0x0041,0x0041,0x0041,0x0041,0x0041,0x0041,0x0041,0x0041,0x0041,
  0x0041,0x0041,0x0041,0x0041,0x0041,0x0041,0x0041,0x0041,0x0041,0x0041,0x0041,0x0041,0x0041,0x0041,0x0041,0x0041,
  0x0041,0x0041,0x0041,0x0041,0x0041,0x0041,0x0041,0x0041,0x0041,0x0041,0x0041,0x0041,0x0041,0x0041,0x0041,0x0041,
  0x0041,0x0041,0x0041,0x0041,0x0041,0x0041,0x0041,0x0041,0x0041,0x0041,0x0041,0x0041,0x0041,0x0041,0x0041,0x0041,
  0x0041,0x0041,0x0041,0x0041,0x0041,0x0041,0x0041,0x0041,0x0041,0x0041,0x0041,0x0041,0x0041,0x0041,0x0041,0x0041,
  0x0041,0x0041,0x0041,0x0041,0x0041,0x0041,0x0041,0x0041,0x0041,0x0041,0x0041,0x0041,0x0041,0x0041,0x0041,0x0041,
  0x0041,0x0041,0x0041,0x0041,0x0041,0x0041,0x0041,0x0041,0x0041,0x0041,0x0041,0x0041,0x0041,0x0041,0x0041,0x0041,
  0x0041,0x0041,0x0041,0x0041,0x0041,0x0041,0x0041,0x0041,0x0041,0x0041,0x0041,0x0041,0x0041,0x0041,0x0041,0x0041,
  0x0041,0x0041,0x0041,0x0041,0x0041,0x0041,0x0041,0x0041,0x0041,0x0041,0x0041,0x0041,0x0041,0x0041,0x0041,0x0041,
  0x0041,0x0041,0x0041,0x0041,0x0041,0x0041,0x0041,0x0041,0x0041,0x0041,0x0041,0x0041,0x0041,0x0041,0x0041,0x0041,
  0x0041,0x0041,0x0041,0x0041,0x0041,0x0041,0x0041,0x0041,0x0041,0x0041,0x0041,0x0041,0x0041,0x0041,0x0041,0x0041,
  0x0041,0x0041,0x0041,0x0041,0x0041,0x0041,0x0041,0x0041,0x0041,0x0041,0x0041,0x0041,0x0041,0x0041,0x0041,0x0041,
  0x0041,0x0041,0x0041,0x0041,0x0041,0x0041,0x0041,0x0041,0x0041,0x0041,0x0041,0x0041,0x0041,0x0041,0x0041,0x0041,
  0x0041,0x0041,0x0041,0x0041,0x0041,0x0041,0x0041,0x0041,0x0041,0x0041,0x0041,0x0041,0x0041,0x0041,0x0041,0x0041,
  0x0041,0x0041,0x0041,0x0041,0x0041,0x0041,0x0041,0x0041,0x0041,0x0041,0x0041,0x0041,0x0041,0x0041,0x0041,0x0041,
  0x0041,0x0041,0x0041,0x0041,0x0041,0x0041,0x0041,0x0041,0x0041,0x0041,0x0041,0x0041,0x0041,0x0041,0x0041,0x0041,
  0x0041,0x0041,0x0041,0x0041,0x0041,0x0041,0x0041,0x0041,0x0041,0x0041,0x0041,0x0041,0x0041,0x0041,0x0041,0x0041,
  0x0041,0x0041,0x0041,0x0041,0x0041,0x0041,0x0041,0x0041,0x0041,0x0041,0x0041,0x0041,0x0041,0x0041,0x0041,0x0041,
  0x0041,0x0041,0x0041,0x0041,0x0041,0x0041,0x0041,0x0041,0x0041,0x0041,0x0041,0x0041,0x0041,0x0041,0x0041,0x0041,
  0x0041,0x0041,0x0041,0x0041,0x0041,0x0041,0x0041,0x0041,0x0041,0x0041,0x0041,0x0041,0x0041,0x0041,0x0041,0x0041,
  0x0041,0x0041,0x0041,0x0041,0x0041,0x0041,0x0041,0x0041,0x0041,0x0041,0x0041,0x0041,0x0041,0x0041,0x0041,0x0041,
  0x0041,0x0041,0x0041,0x0041,0x0041,0x0041,0x0041,0x0041,0x0041,0x0041,0x0041,0x0041,0x0041,0x0041,0x0041,0x0041,
  0x0041,0x0041,0x0041,0x0041,0x0041,0x0041,0x0041,0x0041,0x0041,0x0041,0x0041,0x0041,0x0041,0x0041,0x0041,0x0041,
  0x0041,0x0041,0x0041,0x0041,0x0041,0x0041,0x0041,0x0041,0x0041,0x0041,0x0041,0x0041,0x0041,0x0041,0x0041,0x0041,
  0x0041,0x0041,0x0041,0x0041,0x0041,0x0041,0x0041,0x0041,0x0041,0x0041,0x0041,0x0041,0x0041,0x0041,0x0041,0x0041,
  0x0041,0x0041,0x0041,0x0041,0x0041,0x0041,0x0041,0x0041,0x0041,0x0041,0x0041,0x0041,0x0041,0x0041,0x0041,0x0041,
  0x0041,0x0041,0x0041,0x0041,0x0041,0x0041,0x0041,0x0041,0x0041,0x0041,0x0041,0x0041,0x0041,0x0041,0x0041,0x0041,
  0x0041,0x0041,0x0041,0x0041,0x0041,0x0041,0x0041,0x0041,0x0041,0x0041,0x0041,0x0041,0x0041,0x0041,0x0041,0x0041,
  0x0041,0x0041,0x0041,0x0041,0x0041,0x0041,0x0041,0x0041,0x0041,0x0041,0x0041,0x0041,0x0041,0x0041,0x0041,0x0041,
  0x0041,0x0041,0x0041,0x0041,0x0041,0x0041,0x0041,0x0041,0x0041,0x0041,0x0041,0x0041,0x0041,0x0041,0x0041,0x0041,
  0x0041,0x0041,0x0041,0x0041,0x0041,0x0041,0x0041,0x0041,0x0041,0x0041,0x0041,0x0041,0x0041,0x0041,0x0041,0x0041,
  0x0041,0x0041,0x0041,0x0041,0x0041,0x0041,0x0041,0x0041,0x0041,0x0041,0x0041,0x0041,0x0041,0x0041,0x0041,0x0041,
  0x0041,0x0041,0x0041,0x0041,0x0041,0x0041,0x0041,0x0041,0x0041,0x0041,0x0041,0x0041,0x0041,0x0041,0x0041,0x0041,
  0x0041,0x0041,0x0041,0x0041,0x0041,0x0041,0x0041,0x0041,0x0041,0x0041,0x0041,0x0041,0x0041,0x0041,0x0041,0x0041,
  0x0041,0x0041,0x0041,0x0041,0x0041,0x0041,0x0041,0x0041,0x0041,0x0041,0x0041,0x0041,0x0041,0x0041,0x0041,0x0041,
  0x0041,0x0041,0x0041,0x0041,0x0041,0x0041,0x0041,0x0041,0x0041,0x0041,0x0041,0x0041,0x0041,0x0041,0x0041,0x0041,
  0x0041,0x0041,0x0041,0x0041,0x0041,0x0041,0x0041,0x0041,0x0041,0x0041,0x0041,0x0041,0x0041,0x0041,0x0041,0x0041,
  0x0041,0x0041,0x0041,0x0041,0x0041,0x0041,0x0041,0x0041,0x0041,0x0041,0x0041,0x0041,0x0041,0x0041,0x0041,0x0041,
  0x0041,0x0041,0x0041,0x0041,0x0041,0x0041,0x0041,0x0041,0x0041,0x0041,0x0041,0x0041,0x0041,0x0041,0x0041,0x0041,
  0x0041,0x0041,0x0041,0x0041,0x0041,0x0041,0x0041,0x0041,0x0041,0x0041,0x0041,0x0041,0x0041,0x0041,0x0041,0x0041,
  0x0041,0x0041,0x0041,0x0041,0x0041,0x0041,0x0041,0x0041,0x0041,0x0041,0x0041,0x0041,0x0041,0x0041,0x0041,0x0041,
  0x0041,0x0041,0x0041,0x0041,0x0041,0x0041,0x0041,0x0041,0x0041,0x0041,0x0041,0x0041,0x0041,0x0041,0x0041,0x0041,
  0x0041,0x0041,0x0041,0x0041,0x0041,0x0041,0x0041,0x0041,0x0041,0x0041,0x0041,0x0041,0x0041,0x0041,0x0041,0x0041,
  0x0041,0x0041,0x0041,0x0041,0x0041,0x0041,0x0041,0x0041,0x0041,0x0041,0x0041,0x0041,0x0041,0x0041,0x0041,0x0041,
  0x0041,0x0041,0x0041,0x0041,0x0041,0x0041,0x0041,0x0041,0x0041,0x0041,0x0041,0x0041,0x0041,0x0041,0x0041,0x0041,
  0x0041,0x0041,0x0041,0x0041,0x0041,0x0041,0x0041,0x0041,0x0041,0x0041,0x0041,0x0041,0x0041,0x0041,0x0041,0x0041,
  0x0041,0x0041,0x0041,0x0041,0x0041,0x0041,0x0041,0x0041,0x0041,0x0041,0x0041,0x0041,0x0041,0x0041,0x0041,0x0041,
  0x0041,0x0041,0x0041,0x0041,0x0041,0x0041,0x0041,0x0041,0x0041,0x0041,0x0041,0x0041,0x0041,0x0041,0x0041,0x0041,
  0x0041,0x0041,0x0041,0x0041,0x0041,0x0041,0x0041,0x0041,0x0041,0x0041,0x0041,0x0041,0x0041,0x0041,0x0041,0x0041,
  0x0041,0x0041,0x0041,0x0041,0x0041,0x0041,0x0041,0x0041,0x0041,0x0041,0x0041,0x0041,0x0041,0x0041,0x0041,0x0041,
  0x0041,0x0041,0x0041,0x0041,0x0041,0x0041,0x0041,0x0041,0x0041,0x0041,0x0041,0x0041,0x0041,0x0041,0x0041,0x0041,
  0x0041,0x0041,0x0041,0x0041,0x0041,0x0041,0x0041,0x0041,0x0041,0x0041,0x0041,0x0041,0x0041,0x0041,0x0041,0x0041,
  0x0041,0x0041,0x0041,0x0041,0x0041,0x0041,0x0041,0x0041,0x0041,0x0041,0x0041,0x0041,0x0041,0x0041,0x0041,0x0041,
  0x0041,0x0041,0x0041,0x0041,0x0041,0x0041,0x0041,0x0041,0x0041,0x0041,0x0041,0x0041,0x0041,0x0041,0x0041,0x0041,
  0x0041,0x0041,0x0041,0x0041,0x0041,0x0041,0x0041,0x0041,0x0041,0x0041,0x0041,0x0041,0x0041,0x0041,0x0041,0x0041,
  0x0041,0x0041,0x0041,0x0041,0x0041,0x0041,0x0041,0x0041,0x0041,0x0041,0x0041,0x0041,0x0041,0x0041,0x0041,0x0041,
  0x0041,0x0041,0x0041,0x0041,0x0041,0x0041,0x0041,0x0041,0x0041,0x0041,0x0041,0x0041,0x0041,0x0041,0x0041,0x0041,
  0x0041,0x0041,0x0041,0x0041,0x0041,0x0041,0x0041,0x0041,0x0041,0x0041,0x0041,0x0041,0x0041,0x0041,0x0041,0x0041,
  0x0041,0x0041,0x0041,0x0041,0x0041,0x0041,0x0041,0x0041,0x0041,0x0041,0x0041,0x0041,0x0041,0x0041,0x0041,0x0041,
  0x0041,0x0041,0x0041,0x0041,0x0041,0x0041,0x0041,0x0041,0x0041,0x0041,0x0041,0x0041,0x0041,0x0041,0x0041,0x0041,
  0x0041,0x0041,0x0041,0x0041,0x0041,0x0041,0x0041,0x0041,0x0041,0x0041,0x0041,0x0041,0x0041,0x0041,0x0041,0x0041,
  0x0041,0x0041,0x0041,0x0041,0x0041,0x0041,0x0041,0x0041,0x0041,0x0041,0x0041,0x0041,0x0041,0x0041,0x0041,0x0041,
  0x0041,0x0041,0x0041,0x0041,0x0041,0x0041,0x0041,0x0041,0x0041,0x0041,0x0041,0x0041,0x0041,0x0041,0x0041,0x0041,
  0x0041,0x0041,0x0041,0x0041,0x0041,0x0041,0x0041,0x0041,0x0041,0x0041,0x0041,0x0041,0x0041,0x0041,0x0041,0x0041,
  0x0041,0x0041,0x0041,0x0041,0x0041,0x0041,0x0041,0x0041,0x0041,0x0041,0x0041,0x0041,0x0041,0x0041,0x0041,0x0041,
  0x0041,0x0041,0x0041,0x0041,0x0041,0x0041,0x0041,0x0041,0x0041,0x0041,0x0041,0x0041,0x0041,0x0041,0x0041,0x0041,
  0x0041,0x0041,0x0041,0x0041,0x0041,0x0041,0x0041,0x0041,0x0041,0x0041,0x0041,0x0041,0x0041,0x0041,0x0041,0x0041,
  0x0041,0x0041,0x0041,0x0041,0x0041,0x0041,0x0041,0x0041,0x0041,0x0041,0x0041,0x0041,0x0041,0x0041,0x0041,0x0041,
  0x0041,0x0041,0x0041,0x0041,0x0041,0x0041,0x0041,0x0041,0x0041,0x0041,0x0041,0x0041,0x0041,0x0041,0x0041,0x0041,
  0x0041,0x0041,0x0041,0x0041,0x0041,0x0041,0x0041,0x0041,0x0041,0x0041,0x0041,0x0041,0x0041,0x0041,0x0041,0x0041,
  0x0041,0x0041,0x0041,0x0041,0x0041,0x0041,0x0041,0x0041,0x0041,0x0041,0x0041,0x0041,0x0041,0x0041,0x0041,0x0041,
  0x0041,0x0041,0x0041,0x0041,0x0041,0x0041,0x0041,0x0041,0x0041,0x0041,0x0041,0x0041,0x0041,0x0041,0x0041,0x0041,
  0x0041,0x0041,0x0041,0x0041,0x0041,0x0041,0x0041,0x0041,0x0041,0x0041,0x0041,0x0041,0x0041,0x0041,0x0041,0x0041,
  0x0041,0x0041,0x0041,0x0041,0x0041,0x0041,0x0041,0x0041,0x0041,0x0041,0x0041,0x0041,0x0041,0x0041,0x0041,0x0041,
  0x0041,0x0041,0x0041,0x0041,0x0041,0x0041,0x0041,0x0041,0x0041,0x0041,0x0041,0x0041,0x0041,0x0041,0x0041,0x0041,
  0x0041,0x0041,0x0041,0x0041,0x0041,0x0041,0x0041,0x0041,0x0041,0x0041,0x0041,0x0041,0x0041,0x0041,0x0041,0x0041,
  0x0041,0x0041,0x0041,0x0041,0x0041,0x0041,0x0041,0x0041,0x0041,0x0041,0x0041,0x0041,0x0041,0x0041,0x0041,0x0041,
  0x0041,0x0041,0x0041,0x0041,0x0041,0x0041,0x0041,0x0041,0x0041,0x0041,0x0041,0x0041,0x0041,0x0041,0x0041,0x0041,
  0x0041,0x0041,0x0041,0x0041,0x0041,0x0041,0x0041,0x0041,0x0041,0x0041,0x0041,0x0041,0x0041,0x0041,0x0041,0x0041,
  0x0041,0x0041,0x0041,0x0041,0x0041,0x0041,0x0041,0x0041,0x0041,0x0041,0x0041,0x0041,0x0041,0x0041,0x0041,0x0041,
  0x0041,0x0041,0x0041,0x0041,0x0041,0x0041,0x0041,0x0041,0x0041,0x0041,0x0041,0x0041,0x0041,0x0041,0x0041,0x0041,
  0x0041,0x0041,0x0041,0x0041,0x0041,0x0041,0x0041,0x0041,0x0041,0x0041,0x0041,0x0041,0x0041,0x0041,0x0041,0x0041,
  0x0041,0x0041,0x0041,0x0041,0x0041,0x0041,0x0041,0x0041,0x0041,0x0041,0x0041,0x0041,0x0041,0x0041,0x0041,0x0041,
  0x0041,0x0041,0x0041,0x0041,0x0041,0x0041,0x0041,0x0041,0x0041,0x0041,0x0041,0x0041,0x0041,0x0041,0x0041,0x0041,
  0x0041,0x0041,0x0041,0x0041,0x0041,0x0041,0x0041,0x0041,0x0041,0x0041,0x0041,0x0041,0x0041,0x0041,0x0041,0x0041,
  0x0041,0x0041,0x0041,0x0041,0x0041,0x0041,0x0041,0x0041,0x0041,0x0041,0x0041,0x0041,0x0041,0x0041,0x0041,0x0041,
  0x0041,0x0041,0x0041,0x0041,0x0041,0x0041,0x0041,0x0041,0x0041,0x0041,0x0041,0x0041,0x0041,0x0041,0x0041,0x0041,
  0x0041,0x0041,0x0041,0x0041,0x0041,0x0041,0x0041,0x0041,0x0041,0x0041,0x0041,0x0041,0x0041,0x0041,0x0041,0x0041,
  0x0041,0x0041,0x0041,0x0041,0x0041,0x0041,0x0041,0x0041,0x0041,0x0041,0x0041,0x0041,0x0041,0x0041,0x0041,0x0041,
  0x0041,0x0041,0x0041,0x0041,0x0041,0x0041,0x0041,0x0041,0x0041,0x0041,0x0041,0x0041,0x0041,0x0041,0x0041,0x0041,
  0x0041,0x0041,0x0041,0x0041,0x0041,0x0041,0x0041,0x0041,0x0041,0x0041,0x0041,0x0041,0x0041,0x0041,0x0041,0x0041,
  0x0041,0x0041,0x0041,0x0041,0x0041,0x0041,0x0041,0x0041,0x0041,0x0041,0x0041,0x0041,0x0041,0x0041,0x0041,0x0041,
  0x0041,0x0041,0x0041,0x0041,0x0041,0x0041,0x0041,0x0041,0x0041,0x0041,0x0041,0x0041,0x0041,0x0041,0x0041,0x0041,
  0x0041,0x0041,0x0041,0x0041,0x0041,0x0041,0x0041,0x0041,0x0041,0x0041,0x0041,0x0041,0x0041,0x0041,0x0041,0x0041,
  0x0041,0x0041,0x0041,0x0041,0x0041,0x0041,0x0041,0x0041,0x0041,0x0041,0x0041,0x0041,0x0041,0x0041,0x0041,0x0041,
  0x0041,0x0041,0x0041,0x0041,0x0041,0x0041,0x0041,0x0041,0x0041,0x0041,0x0041,0x0041,0x0041,0x0041,0x0041,0x0041,
  0x0041,0x0041,0x0041,0x0041,0x0041,0x0041,0x0041,0x0041,0x0041,0x0041,0x0041,0x0041,0x0041,0x0041,0x0041,0x0041,
  0x0041,0x0041,0x0041,0x0041,0x0041,0x0041,0x0041,0x0041,0x0041,0x0041,0x0041,0x0041,0x0041,0x0041,0x0041,0x0041,
  0x0041,0x0041,0x0041,0x0041,0x0041,0x0041,0x0041,0x0041,0x0041,0x2598,0x2598,0x2598,0x2598,0x2598,0x2598,0x2598,
  0x2598,0x2598,0x19A7,0x19A7,0x19A7,0x19A7,0x19A7,0x19A7,0x19A7,0x19A7,0x19A7,0x19A7,0x19A7,0x19A7,0x19A7,0x19A7,
  0x19A7,0x19A7,0x19A7,0x19A7,0x19A7,0x19A7,0x19A7,0x19A7,0x19A7,0x19A7,0x19A7,0x19A7,0x19A7,0x19A7,0x19A7,0x19A7,
  0x19A7,0x19A7,0x19A7,0x19A7,0x19A7,0x19A7,0x19A7,0x19A7,0x19A7,0x19A7,0x19A7,0x19A7,0x19A7,0x19A7,0x19A7,0x19A7,
  0x19A7,0x19A7,0x19A7,0x19A7,0x19A7,0x19A7,0x19A7,0x19A7,0x19A7,0x19A7,0x19A7,0x19A7,0x19A7,0x19A7,0x19A7,0x19A7,
  0x19A7,0x19A7,0x19A7,0x19A7,0x19A7,0x19A7,0x19A7,0x19A7,0x19A7,0x19A7,0x19A7,0x19A7,0x19A7,0x19A7,0x19A7,0x19A7,
  0x19A7,0x19A7,0x19A7,0x19A7,0x19A7,0x19A7,0x19A7,0x19A7,0x19A7,0x19A7,0x19A7,0x19A7,0x19A7,0x19A7,0x19A7,0x19A7,
  0x19A7,0x19A7,0x19A7,0x19A7,0x19A7,0x19A7,0x19A7,0x19A7,0x19A7,0x19A7,0x19A7,0x19A7,0x19A7,0x19A7,0x19A7,0x19A7,
  0x19A7,0x19A7,0x19A7,0x19A7,0x19A7,0x19A7,0x19A7,0x19A7,0x19A7,0x19A7,0x19A7,0x19A7,0x19A7,0x19A7,0x19A7,0x19A7,
  0x19A7,0x19A7,0x19A7,0x19A7,0x19A7,0x19A7,0x19A7,0x19A7,0x19A7,0x19A7,0x19A7,0x19A7,0x19A7,0x19A7,0x19A7,0x19A7,
  0x19A7,0x19A7,0x19A7,0x19A7,0x19A7,0x19A7,0x19A7,0x19A7,0x19A7,0x19A7,0x19A7,0x19A7,0x19A7,0x19A7,0x19A7,0x19A7,
  0x19A7,0x19A7,0x19A7,0x19A7,0x19A7,0x19A7,0x19A7,0x19A7,0x19A7,0x19A7,0x19A7,0x19A7,0x19A7,0x19A7,0x19A7,0x19A7,
  0x19A7,0x19A7,0x19A7,0x19A7,0x19A7,0x19A7,0x19A7,0x19A7,0x19A7,0x19A7,0x19A7,0x19A7,0x19A7,0x19A7,0x19A7,0x19A7,
  0x19A7,0x19A7,0x19A7,0x19A7,0x19A7,0x19A7,0x19A7,0x19A7,0x19A7,0x19A7,0x19A7,0x19A7,0x19A7,0x19A7,0x19A7,0x19A7,
  0x19A7,0x19A7,0x19A7,0x19A7,0x19A7,0x19A7,0x19A7,0x19A7,0x19A7,0x19A7,0x19A7,0x19A7,0x19A7,0x19A7,0x19A7,0x19A7,
  0x19A7,0x19A7,0x19A7,0x19A7,0x19A7,0x19A7,0x19A7,0x19A7,0x19A7,0x19A7,0x19A7,0x19A7,0x19A7,0x19A7,0x19A7,0x19A7,
  0x19A7,0x19A7,0x19A7,0x19A7,0x19A7,0x19A7,0x19A7,0x19A7,0x19A7,0x19A7,0x19A7,0x19A7,0x19A7,0x19A7,0x19A7,0x19A7,
  0x19A7,0x19A7,0x19A7,0x19A7,0x19A7,0x19A7,0x19A7,0x19A7,0x19A7,0x19A7,0x19A7,0x19A7,0x19A7,0x19A7,0x19A7,0x19A7,
  0x19A7,0x19A7,0x19A7,0x19A7,0x19A7,0x19A7,0x19A7,0x19A7,0x19A7,0x19A7,0x19A7,0x19A7,0x19A7,0x19A7,0x19A7,0x19A7,
  0x19A7,0x19A7,0x19A7,0x19A7,0x19A7,0x19A7,0x1987,0x0882,0x0041,0x0041,0x0041,0x0041,0x0041,0x0041,0x0041,0x0041,
  0x0041,0x0041,0x0041,0x0041,0x0041,0x0041,0x0041,0x0041,0x0041,0x25B9,0x1D78,0x1D78,0x1D78,0x1D78,0x1D78,0x1D78,
  0x1D78,0x1D78,0x1105,0x1105,0x1105,0x1105,0x1105,0x1105,0x1105,0x1105,0x1105,0x1105,0x1105,0x1105,0x1105,0x1105,
  0x1105,0x1105,0x1105,0x1105,0x1105,0x1105,0x1105,0x1105,0x1105,0x1105,0x1105,0x1105,0x1105,0x1105,0x1105,0x1105,
  0x1105,0x1105,0x1105,0x1105,0x1105,0x1105,0x1105,0x1105,0x1105,0x1105,0x1105,0x1105,0x1105,0x1105,0x1105,0x1105,
  0x1105,0x1105,0x1105,0x1105,0x1105,0x1105,0x1105,0x1105,0x1105,0x1105,0x1105,0x1105,0x1105,0x1105,0x1105,0x1105,
  0x1105,0x1105,0x1105,0x1105,0x1105,0x1105,0x1105,0x1105,0x1105,0x1105,0x1105,0x1105,0x1105,0x1105,0x1105,0x1105,
  0x1105,0x1105,0x1105,0x1105,0x1105,0x1105,0x1105,0x1105,0x1105,0x1105,0x1105,0x1104,0x1104,0x1104,0x1104,0x1104,
  0x1104,0x1104,0x1104,0x1104,0x1104,0x1104,0x1104,0x1104,0x1104,0x1104,0x1104,0x1104,0x1104,0x1104,0x1104,0x1104,
  0x1104,0x1104,0x1104,0x1104,0x1104,0x1104,0x1104,0x1104,0x1104,0x1104,0x1104,0x1104,0x1104,0x1104,0x1104,0x1104,
  0x1104,0x1104,0x1104,0x1104,0x1104,0x1104,0x1104,0x1104,0x1104,0x1104,0x1104,0x1104,0x1104,0x1104,0x1104,0x1104,
  0x1104,0x1104,0x1104,0x1104,0x1104,0x1104,0x1104,0x1104,0x1104,0x1104,0x1104,0x1104,0x1104,0x1104,0x1104,0x1104,
  0x1104,0x1104,0x1104,0x1104,0x1104,0x1104,0x1104,0x1104,0x1104,0x1104,0x1104,0x1104,0x1104,0x1104,0x1104,0x1104,
  0x1104,0x1104,0x1104,0x1104,0x1104,0x1104,0x1104,0x1104,0x1104,0x1104,0x1104,0x1104,0x1104,0x1104,0x1104,0x1104,
  0x1104,0x1104,0x1104,0x1104,0x1104,0x1104,0x1104,0x1104,0x1104,0x1104,0x1104,0x1104,0x1104,0x1104,0x1104,0x1104,
  0x1104,0x1104,0x1104,0x1104,0x1104,0x1104,0x1104,0x1104,0x1104,0x1104,0x1104,0x1104,0x1104,0x1104,0x1104,0x1104,
  0x1104,0x1104,0x1104,0x1104,0x1104,0x1104,0x1104,0x1104,0x1104,0x1104,0x1104,0x1104,0x1104,0x1104,0x1104,0x1104,
  0x1104,0x1104,0x1104,0x1104,0x1104,0x1104,0x1104,0x1104,0x1104,0x1104,0x1104,0x1104,0x1104,0x1104,0x1104,0x1104,
  0x1104,0x1104,0x10E4,0x10E4,0x10E4,0x10E4,0x10E4,0x10E4,0x10E4,0x10E4,0x10E4,0x10E4,0x10E4,0x10E4,0x10E4,0x10E4,
  0x10E4,0x10E4,0x10E4,0x10E4,0x10E4,0x10E4,0x10E4,0x10E4,0x10E4,0x10E4,0x10E4,0x10E4,0x10E4,0x10E4,0x10E4,0x10E4,
  0x10E4,0x10E4,0x10E4,0x10E4,0x10E4,0x10E4,0x21C8,0x08C3,0x0041,0x0041,0x0041,0x0041,0x0041,0x0041,0x0041,0x0041,
  0x0041,0x0041,0x0041,0x0041,0x0041,0x0041,0x0041,0x0041,0x0041,0x25B9,0x1D77,0x08C3,0x08C3,0x08C3,0x08C3,0x08C3,
  0x08C3,0x08C3,0x08C3,0x08C3,0x08C3,0x08C3,0x08C3,0x08C3,0x08C3,0x08C3,0x08C3,0x08C3,0x08C3,0x08C3,0x08C3,0x08C3,
  0x08C3,0x08C3,0x08C3,0x08C3,0x08C3,0x08C3,0x08C3,0x08A3,0x08A3,0x08A3,0x08A3,0x08A3,0x08A3,0x08A3,0x08A3,0x08A3,
  0x08A3,0x08A3,0x08A3,0x08A3,0x08A3,0x08A3,0x08A3,0x08A3,0x08A3,0x08A3,0x08A3,0x08A3,0x08A3,0x08A3,0x08A3,0x08A3,
  0x08A3,0x08A3,0x08A3,0x08A3,0x08A3,0x08A3,0x08A3,0x08A3,0x08A3,0x08A3,0x08A3,0x08A3,0x08A3,0x08A3,0x08A3,0x08A3,
  0x08A3,0x08A3,0x08A3,0x08A3,0x08A3,0x08A3,0x08A3,0x08A3,0x08A3,0x08A3,0x08A3,0x08A3,0x08A3,0x08A3,0x08A3,0x08A3,
  0x08A3,0x08A3,0x08A3,0x08A3,0x08A3,0x08A3,0x08A3,0x08A3,0x08A3,0x08A3,0x08A3,0x08A3,0x08A3,0x08A3,0x08A3,0x08A3,
  0x08A3,0x08A3,0x08A3,0x08A3,0x08A3,0x08A3,0x08A3,0x08A3,0x08A3,0x08A3,0x08A3,0x08A3,0x08A3,0x08A3,0x08A3,0x08A3,
  0x08A3,0x08A3,0x08A3,0x08A3,0x08A3,0x08A3,0x08A3,0x08A3,0x08A3,0x08A3,0x08A3,0x08A3,0x08A3,0x08A3,0x08A3,0x08A3,
  0x08A3,0x08A3,0x08A3,0x08A3,0x08A3,0x08A3,0x08A3,0x08A3,0x08A3,0x08A3,0x08A3,0x08A3,0x08A3,0x08A3,0x08A3,0x08A3,
  0x08A3,0x08A3,0x08A3,0x08A3,0x08A3,0x08A3,0x08A3,0x08A3,0x08A3,0x08A3,0x08A3,0x08A3,0x08A3,0x08A3,0x08A3,0x08A3,
  0x08A3,0x08A3,0x08A3,0x08A3,0x08A3,0x08A3,0x08A3,0x08A3,0x08A3,0x08A3,0x08A3,0x08A3,0x08A3,0x08A3,0x08A3,0x08A3,
  0x08A3,0x08A3,0x08A3,0x08A3,0x08A3,0x08A3,0x08A3,0x08A3,0x08A3,0x08A3,0x08A3,0x08A3,0x08A3,0x08A3,0x08A3,0x08A3,
  0x08A3,0x08A3,0x08A3,0x08A3,0x08A3,0x08A3,0x08A3,0x08A3,0x08A3,0x08A3,0x08A3,0x08A3,0x08A3,0x08A3,0x08A3,0x08A3,
  0x08A3,0x08A3,0x08A3,0x08A3,0x08A3,0x08A3,0x08A3,0x08A3,0x08A3,0x08A3,0x08A3,0x08A3,0x08A3,0x08A3,0x08A3,0x08A3,
  0x08A3,0x08A3,0x08A3,0x08A3,0x08A3,0x08A3,0x08A3,0x08A3,0x08A3,0x08A3,0x08A3,0x08A3,0x08A3,0x08A3,0x08A3,0x08A3,
  0x08A3,0x08A3,0x08A3,0x08A3,0x08A3,0x08A3,0x08A3,0x08A3,0x08A3,0x08A3,0x08A3,0x08A3,0x08A3,0x08A3,0x08A3,0x08A3,
  0x08A3,0x08A3,0x08A3,0x08A3,0x08A3,0x08A3,0x08A3,0x08A3,0x08A3,0x08A3,0x08A3,0x08A3,0x08A3,0x08A3,0x08A3,0x08A3,
  0x08A3,0x08A3,0x08A3,0x08A3,0x08A3,0x08A3,0x08A3,0x08A3,0x08A3,0x08A3,0x08A3,0x08A3,0x08A3,0x08A3,0x08A3,0x08A3,
  0x08A3,0x08A3,0x08A3,0x08A3,0x08A3,0x08A3,0x19A7,0x08C3,0x0041,0x0041,0x0041,0x0041,0x0041,0x0041,0x0041,0x0041,
  0x0041,0x0041,0x0041,0x0041,0x0041,0x0041,0x0041,0x0041,0x0041,0x25B9,0x1D77,0x08C3,0x08C3,0x08C3,0x08C3,0x08C3,
  0x1166,0x4492,0x4431,0x08C3,0x1145,0x4452,0x2ACC,0x08C3,0x2AAB,0x4472,0x1125,0x08C3,0x2208,0x4CB3,0x1166,0x2209,
  0x4D35,0x2AEC,0x08C3,0x08E4,0x4452,0x4431,0x1125,0x08A3,0x08C3,0x08A3,0x08A3,0x08A3,0x08A3,0x08A3,0x08A3,0x08A3,
  0x08A3,0x08C3,0x08A3,0x2229,0x4493,0x338E,0x08C3,0x08A3,0x08C3,0x08A3,0x1145,0x3C11,0x4452,0x1986,0x08A3,0x08E4,
  0x336E,0x4D15,0x4CD4,0x338F,0x1105,0x08A3,0x08C3,0x08A3,0x08A3,0x08A3,0x08A3,0x08A3,0x08A3,0x08A3,0x08A3,0x08A3,
  0x08A3,0x08A3,0x08A3,0x08A3,0x08A3,0x08A3,0x08A3,0x08A3,0x08A3,0x08A3,0x08A3,0x08A3,0x08A3,0x08A3,0x08A3,0x08A3,
  0x08A3,0x08A3,0x08A3,0x08A3,0x08A3,0x08A3,0x08A3,0x08A3,0x08A3,0x08A3,0x08A3,0x08A3,0x08A3,0x08A3,0x08A3,0x08A3,
  0x08A3,0x08A3,0x08A3,0x08A3,0x08A3,0x08A3,0x08A3,0x08A3,0x08A3,0x08A3,0x08A3,0x08A3,0x08A3,0x08A3,0x08A3,0x08A3,
  0x08A3,0x08A3,0x08A3,0x08A3,0x08A3,0x08A3,0x08A3,0x08A3,0x08A3,0x08A3,0x08A3,0x08A3,0x08A3,0x08A3,0x08A3,0x08A3,
  0x08A3,0x08A3,0x08A3,0x08A3,0x08A3,0x08A3,0x08A3,0x08A3,0x08A3,0x08A3,0x08A3,0x08A3,0x08A3,0x08A3,0x08A3,0x08A3,
  0x08A3,0x08A3,0x08A3,0x08A3,0x08A3,0x08A3,0x08A3,0x08A3,0x08A3,0x08A3,0x08A3,0x08A3,0x08A3,0x08A3,0x08A3,0x08A3,
  0x08A3,0x08A3,0x08A3,0x08A3,0x08A3,0x08A3,0x08A3,0x08A3,0x08A3,0x08A3,0x08A3,0x08A3,0x08A3,0x08A3,0x08A3,0x08A3,
  0x08A3,0x08A3,0x08A3,0x08A3,0x08A3,0x08A3,0x08A3,0x08A3,0x08A3,0x08A3,0x08A3,0x08A3,0x08A3,0x08A3,0x08A3,0x08A3,
  0x08A3,0x08A3,0x08A3,0x08A3,0x08A3,0x08A3,0x08A3,0x08A3,0x08A3,0x08A3,0x08A3,0x08A3,0x08A3,0x08A3,0x08A3,0x08A3,
  0x08A3,0x08A3,0x08A3,0x08A3,0x08A3,0x08A3,0x08A3,0x08A3,0x08A3,0x08A3,0x08A3,0x08A3,0x08A3,0x08A3,0x08A3,0x08A3,
  0x08A3,0x08A3,0x08A3,0x08A3,0x08A3,0x08A3,0x08A3,0x08A3,0x08A3,0x08A3,0x08A3,0x08A3,0x08A3,0x08A3,0x08A3,0x08A3,
  0x08A3,0x08A3,0x08A3,0x08A3,0x08A3,0x08A3,0x08A3,0x08A3,0x08A3,0x08A3,0x08A3,0x08A3,0x08A3,0x08A3,0x08A3,0x08A3,
  0x08A3,0x08A3,0x08A3,0x08A3,0x08A3,0x08A3,0x08A3,0x08A3,0x08A3,0x08A3,0x08A3,0x08A3,0x08A3,0x08A3,0x08A3,0x08A3,
  0x08A3,0x08A3,0x08A3,0x08A3,0x08A3,0x08A3,0x08A3,0x08A3,0x08A3,0x08A3,0x08A3,0x08A3,0x08A3,0x08A3,0x08A3,0x08A3,
  0x08A3,0x08A3,0x08A3,0x08A3,0x08A3,0x08A3,0x19A7,0x08C3,0x0041,0x0041,0x0041,0x0041,0x0041,0x0041,0x0041,0x0041,
  0x0041,0x0041,0x0041,0x0041,0x0041,0x0041,0x0041,0x0041,0x0041,0x25B9,0x1D77,0x08C3,0x08C3,0x08C3,0x08C4,0x08C3,
  0x2AAB,0x6F5E,0x779F,0x226A,0x2208,0x6F5E,0x4D35,0x08C3,0x3BF0,0x77BF,0x2249,0x08C3,0x44B3,0x77BF,0x19E8,0x3BF0,
  0x77BF,0x5DF8,0x08C4,0x2229,0x77BF,0x6F3D,0x2249,0x08A3,0x08C3,0x08A3,0x08A3,0x08A3,0x08A3,0x08A3,0x08A3,0x08A3,
  0x08C3,0x08A3,0x2A8B,0x77BF,0x779F,0x77BF,0x4CF4,0x08A3,0x08C3,0x1104,0x669B,0x77BF,0x77BF,0x66BB,0x1105,0x1125,
  0x5E3A,0x77BF,0x779F,0x77BF,0x5E19,0x1145,0x08A3,0x08C3,0x08A3,0x08A3,0x08A3,0x08A3,0x08A3,0x08A3,0x08A3,0x08A3,
  0x08A3,0x08A3,0x08A3,0x08A3,0x08A3,0x08A3,0x08A3,0x08A3,0x08A3,0x08A3,0x08A3,0x08A3,0x08A3,0x08A3,0x08A3,0x08A3,
  0x08A3,0x08A3,0x08A3,0x08A3,0x08A3,0x08A3,0x08A3,0x08A3,0x08A3,0x08A3,0x08A3,0x08A3,0x08A3,0x08A3,0x08A3,0x08A3,
  0x08A3,0x08A3,0x08A3,0x08A3,0x08A3,0x08A3,0x08A3,0x08A3,0x08A3,0x08A3,0x08A3,0x08A3,0x08A3,0x08A3,0x08A3,0x08A3,
  0x08A3,0x08A3,0x08A3,0x08A3,0x08A3,0x08A3,0x08A3,0x08A3,0x08A3,0x08A3,0x08A3,0x08A3,0x08A3,0x08A3,0x08A3,0x08A3,
  0x08A3,0x08A3,0x08A3,0x08A3,0x08A3,0x08A3,0x08A3,0x08A3,0x08A3,0x08A3,0x08A3,0x08A3,0x08A3,0x08A3,0x08A3,0x08A3,
  0x08A3,0x08A3,0x08A3,0x08A3,0x08A3,0x08A3,0x08A3,0x08A3,0x08A3,0x08A3,0x08A3,0x08A3,0x08A3,0x08A3,0x08A3,0x08A3,
  0x08A3,0x08A3,0x08A3,0x08A3,0x08A3,0x08A3,0x08A3,0x08A3,0x08A3,0x08A3,0x08A3,0x08A3,0x08A3,0x08A3,0x08A3,0x08A3,
  0x08A3,0x08A3,0x08A3,0x08A3,0x08A3,0x08A3,0x08A3,0x08A3,0x08A3,0x08A3,0x08A3,0x08A3,0x08A3,0x08A3,0x08A3,0x08A3,
  0x08A3,0x08A3,0x08A3,0x08A3,0x08A3,0x08A3,0x08A3,0x08A3,0x08A3,0x08A3,0x08A3,0x08A3,0x08A3,0x08A3,0x08A3,0x08A3,
  0x08A3,0x08A3,0x08A3,0x08A3,0x08A3,0x08A3,0x08A3,0x08A3,0x08A3,0x08A3,0x08A3,0x08A3,0x08A3,0x08A3,0x08A3,0x08A3,
  0x08A3,0x08A3,0x08A3,0x08A3,0x08A3,0x08A3,0x08A3,0x08A3,0x08A3,0x08A3,0x08A3,0x08A3,0x08A3,0x08A3,0x08A3,0x08A3,
  0x08A3,0x08A3,0x08A3,0x08A3,0x08A3,0x08A3,0x08A3,0x08A3,0x08A3,0x08A3,0x08A3,0x08A3,0x08A3,0x08A3,0x08A3,0x08A3,
  0x08A3,0x08A3,0x08A3,0x08A3,0x08A3,0x08A3,0x08A3,0x08A3,0x08A3,0x08A3,0x08A3,0x08A3,0x08A3,0x08A3,0x08A3,0x08A3,
  0x08A3,0x08A3,0x08A3,0x08A3,0x08A3,0x08A3,0x08A3,0x08A3,0x08A3,0x08A3,0x08A3,0x08A3,0x08A3,0x08A3,0x08A3,0x08A3,
  0x08A3,0x08A3,0x08A3,0x08A3,0x08A3,0x08A3,0x19A7,0x08C3,0x0041,0x0041,0x0041,0x0041,0x0041,0x0041,0x0041,0x0041,
  0x0041,0x0041,0x0041,0x0041,0x0041,0x0041,0x0041,0x0041,0x0041,0x25B9,0x1D77,0x08C3,0x08C3,0x08C3,0x08C4,0x08C3,
  0x2AAB,0x6F3E,0x77BF,0x4CF4,0x19C8,0x6F7E,0x4D35,0x08C3,0x2ACC,0x77BF,0x3BAF,0x08C4,0x5E5A,0x669B,0x1105,0x3C31,
  0x77BF,0x66FC,0x19A7,0x336E,0x77BF,0x6F1D,0x2249,0x08A3,0x08E4,0x338F,0x4493,0x19E8,0x08A3,0x08C3,0x08A3,0x08A3,
  0x08A3,0x08C3,0x4CF4,0x77BF,0x3BF0,0x66BB,0x6F1D,0x1987,0x08A3,0x332D,0x77BF,0x4D15,0x4CF4,0x77BF,0x2AEC,0x1105,
  0x667A,0x66DC,0x334E,0x5576,0x77BF,0x3BF0,0x08A3,0x08C4,0x08A3,0x08A3,0x08A3,0x08A3,0x08A3,0x08A3,0x08A3,0x08A3,
  0x08A3,0x08A3,0x08A3,0x08A3,0x08A3,0x08A3,0x08A3,0x08A3,0x08A3,0x08A3,0x08A3,0x08A3,0x08A3,0x08A3,0x08A3,0x08A3,
  0x08A3,0x08A3,0x08A3,0x08A3,0x08A3,0x08A3,0x08A3,0x08A3,0x08A3,0x08A3,0x08A3,0x08A3,0x08A3,0x08A3,0x08A3,0x08A3,
  0x08A3,0x08A3,0x08A3,0x08A3,0x08A3,0x08A3,0x08A3,0x08A3,0x08A3,0x08A3,0x08A3,0x08A3,0x08A3,0x08A3,0x08A3,0x08A3,
  0x08A3,0x08A3,0x08A3,0x08A3,0x08A3,0x08A3,0x08A3,0x08A3,0x08A3,0x08A3,0x08A3,0x08A3,0x08A3,0x08A3,0x08A3,0x08A3,
  0x08A3,0x08A3,0x08A3,0x08A3,0x08A3,0x08A3,0x08A3,0x08A3,0x08A3,0x08A3,0x08A3,0x08A3,0x08A3,0x08A3,0x08A3,0x08A3,
  0x08A3,0x08A3,0x08A3,0x08A3,0x08A3,0x08A3,0x08A3,0x08A3,0x08A3,0x08A3,0x08A3,0x08A3,0x08A3,0x08A3,0x08A3,0x08A3,
  0x08A3,0x08A3,0x08A3,0x08A3,0x08A3,0x08A3,0x08A3,0x08A3,0x08A3,0x08A3,0x08A3,0x08A3,0x08A3,0x08A3,0x08A3,0x08A3,
  0x08A3,0x08A3,0x08A3,0x08A3,0x08A3,0x08A3,0x08A3,0x08A3,0x08A3,0x08A3,0x08A3,0x08A3,0x08A3,0x08A3,0x08A3,0x08A3,
  0x08A3,0x08A3,0x08A3,0x08A3,0x08A3,0x08A3,0x08A3,0x08A3,0x08A3,0x08A3,0x08A3,0x08A3,0x08A3,0x08A3,0x08A3,0x08A3,
  0x08A3,0x08A3,0x08A3,0x08A3,0x08A3,0x08A3,0x08A3,0x08A3,0x08A3,0x08A3,0x08A3,0x08A3,0x08A3,0x08A3,0x08A3,0x08A3,
  0x08A3,0x08A3,0x08A3,0x08A3,0x08A3,0x08A3,0x08A3,0x08A3,0x08A3,0x08A3,0x08A3,0x08A3,0x08A3,0x08A3,0x08A3,0x08A3,
  0x08A3,0x08A3,0x08A3,0x08A3,0x08A3,0x08A3,0x08A3,0x08A3,0x08A3,0x08A3,0x08A3,0x08A3,0x08A3,0x08A3,0x08A3,0x08A3,
  0x08A3,0x08A3,0x08A3,0x08A3,0x08A3,0x08A3,0x08A3,0x08A3,0x08A3,0x08A3,0x08A3,0x08A3,0x08A3,0x08A3,0x08A3,0x08A3,
  0x08A3,0x08A3,0x08A3,0x08A3,0x08A3,0x08A3,0x08A3,0x08A3,0x08A3,0x08A3,0x08A3,0x08A3,0x08A3,0x08A3,0x08A3,0x08A3,
  0x08A3,0x08A3,0x08A3,0x08A3,0x08A3,0x08A3,0x19A7,0x08C3,0x0041,0x0041,0x0041,0x0041,0x0041,0x0041,0x0041,0x0041,
  0x0041,0x0041,0x0041,0x0041,0x0041,0x0041,0x0041,0x0041,0x0041,0x25B9,0x1D77,0x08C3,0x08C3,0x08C3,0x08C4,0x08C3,
  0x2AAB,0x6F3E,0x77BF,0x669B,0x336E,0x6F1D,0x4D35,0x08C3,0x19E8,0x6F1D,0x5556,0x1166,0x77BF,0x4D15,0x08A3,0x4472,
  0x77BF,0x77BF,0x226A,0x4CD4,0x77BF,0x6F1D,0x224A,0x08A3,0x4D15,0x77BF,0x77BF,0x779F,0x1A08,0x08A3,0x08C3,0x08A3,
  0x08A3,0x08C4,0x4D56,0x77BF,0x334D,0x3BD0,0x5E5A,0x19C8,0x08A3,0x336E,0x77BF,0x4D15,0x228A,0x669B,0x332D,0x1104,
  0x667B,0x665A,0x08E4,0x1145,0x779F,0x55B7,0x10E4,0x08A3,0x08C3,0x08A3,0x08A3,0x08A3,0x08A3,0x08A3,0x08A3,0x08A3,
  0x08A3,0x08A3,0x08A3,0x08A3,0x08A3,0x08A3,0x08A3,0x08A3,0x08A3,0x08A3,0x08A3,0x08A3,0x08A3,0x08A3,0x08A3,0x08A3,
  0x08A3,0x08A3,0x08A3,0x08A3,0x08A3,0x08A3,0x08A3,0x08A3,0x08A3,0x08A3,0x08A3,0x08A3,0x08A3,0x08A3,0x08A3,0x08A3,
  0x08A3,0x08A3,0x08A3,0x08A3,0x08A3,0x08A3,0x08A3,0x08A3,0x08A3,0x08A3,0x08A3,0x08A3,0x08A3,0x08A3,0x08A3,0x08A3,
  0x08A3,0x08A3,0x08A3,0x08A3,0x08A3,0x08A3,0x08A3,0x08A3,0x08A3,0x08A3,0x08A3,0x08A3,0x08A3,0x08A3,0x08A3,0x08A3,
  0x08A3,0x08A3,0x08A3,0x08A3,0x08A3,0x08A3,0x08A3,0x08A3,0x08A3,0x08A3,0x08A3,0x08A3,0x08A3,0x08A3,0x08A3,0x08A3,
  0x08A3,0x08A3,0x08A3,0x08A3,0x08A3,0x08A3,0x08A3,0x08A3,0x08A3,0x08A3,0x08A3,0x08A3,0x08A3,0x08A3,0x08A3,0x08A3,
  0x08A3,0x08A3,0x08A3,0x08A3,0x08A3,0x08A3,0x08A3,0x08A3,0x08A3,0x08A3,0x08A3,0x08A3,0x08A3,0x08A3,0x08A3,0x08A3,
  0x08A3,0x08A3,0x08A3,0x08A3,0x08A3,0x08A3,0x08A3,0x08A3,0x08A3,0x08A3,0x08A3,0x08A3,0x08A3,0x08A3,0x08A3,0x08A3,
  0x08A3,0x08A3,0x08A3,0x08A3,0x08A3,0x08A3,0x08A3,0x08A3,0x08A3,0x08A3,0x08A3,0x08A3,0x08A3,0x08A3,0x08A3,0x08A3,
  0x08A3,0x08A3,0x08A3,0x08A3,0x08A3,0x08A3,0x08A3,0x08A3,0x08A3,0x08A3,0x08A3,0x08A3,0x08A3,0x08A3,0x08A3,0x08A3,
  0x08A3,0x08A3,0x08A3,0x08A3,0x08A3,0x08A3,0x08A3,0x08A3,0x08A3,0x08A3,0x08A3,0x08A3,0x08A3,0x08A3,0x08A3,0x08A3,
  0x08A3,0x08A3,0x08A3,0x08A3,0x08A3,0x08A3,0x08A3,0x08A3,0x08A3,0x08A3,0x08A3,0x08A3,0x08A3,0x08A3,0x08A3,0x08A3,
  0x08A3,0x08A3,0x08A3,0x08A3,0x08A3,0x08A3,0x08A3,0x08A3,0x08A3,0x08A3,0x08A3,0x08A3,0x08A3,0x08A3,0x08A3,0x08A3,
  0x08A3,0x08A3,0x08A3,0x08A3,0x08A3,0x08A3,0x08A3,0x08A3,0x08A3,0x08A3,0x08A3,0x08A3,0x08A3,0x08A3,0x08A3,0x08A3,
  0x08A3,0x08A3,0x08A3,0x08A3,0x08A3,0x08A3,0x19A7,0x08C3,0x0041,0x0041,0x0041,0x0041,0x0041,0x0041,0x0041,0x0041,
  0x0041,0x0041,0x0041,0x0041,0x0041,0x0041,0x0041,0x0041,0x0041,0x25B9,0x1D77,0x08C3,0x08C3,0x08C3,0x08C4,0x08C3,
  0x2AAB,0x6F5E,0x77BF,0x77BF,0x5597,0x66DC,0x4D35,0x08C3,0x08C4,0x5DD8,0x6F3D,0x2AEC,0x77BF,0x3BAF,0x08A3,0x4472,
  0x77BF,0x77BF,0x3BF0,0x5E19,0x77BF,0x6F1D,0x2229,0x1986,0x6F7E,0x777F,0x6EFC,0x77BF,0x4472,0x08A3,0x08A3,0x08A3,
  0x08C3,0x08A3,0x336E,0x77BF,0x77BF,0x6EFD,0x2AAB,0x08A3,0x08A3,0x1987,0x6F3D,0x77BF,0x779F,0x4452,0x08A3,0x1125,
  0x667A,0x5E5A,0x1104,0x08E4,0x667A,0x667A,0x1145,0x08A3,0x08C3,0x08A3,0x08A3,0x08A3,0x08A3,0x08A3,0x08A3,0x08A3,
  0x08A3,0x08A3,0x08A3,0x08A3,0x08A3,0x08A3,0x08A3,0x08A3,0x08A3,0x08A3,0x08A3,0x08A3,0x08A3,0x08A3,0x08A3,0x08A3,
  0x08A3,0x08A3,0x08A3,0x08A3,0x08A3,0x08A3,0x08A3,0x08A3,0x08A3,0x08A3,0x08A3,0x08A3,0x08A3,0x08A3,0x08A3,0x08A3,
  0x08A3,0x08A3,0x08A3,0x08A3,0x08A3,0x08A3,0x08A3,0x08A3,0x08A3,0x08A3,0x08A3,0x08A3,0x08A3,0x08A3,0x08A3,0x08A3,
  0x08A3,0x08A3,0x08A3,0x08A3,0x08A3,0x08A3,0x08A3,0x08A3,0x08A3,0x08A3,0x08A3,0x08A3,0x08A3,0x08A3,0x08A3,0x08A3,
  0x08A3,0x08A3,0x08A3,0x08A3,0x08A3,0x08A3,0x08A3,0x08A3,0x08A3,0x08A3,0x08A3,0x08A3,0x08A3,0x08A3,0x08A3,0x08A3,
  0x08A3,0x08A3,0x08A3,0x08A3,0x08A3,0x08A3,0x08A3,0x08A3,0x08A3,0x08A3,0x08A3,0x08A3,0x08A3,0x08A3,0x08A3,0x08A3,
  0x08A3,0x08A3,0x08A3,0x08A3,0x08A3,0x08A3,0x08A3,0x08A3,0x08A3,0x08A3,0x08A3,0x08A3,0x08A3,0x08A3,0x08A3,0x08A3,
  0x08A3,0x08A3,0x08A3,0x08A3,0x08A3,0x08A3,0x08A3,0x08A3,0x08A3,0x08A3,0x08A3,0x08A3,0x08A3,0x08A3,0x08A3,0x08A3,
  0x08A3,0x08A3,0x08A3,0x08A3,0x08A3,0x08A3,0x08A3,0x08A3,0x08A3,0x08A3,0x08A3,0x08A3,0x08A3,0x08A3,0x08A3,0x08A3,
  0x08A3,0x08A3,0x08A3,0x08A3,0x08A3,0x08A3,0x08A3,0x08A3,0x08A3,0x08A3,0x08A3,0x08A3,0x08A3,0x08A3,0x08A3,0x08A3,
  0x08A3,0x08A3,0x08A3,0x08A3,0x08A3,0x08A3,0x08A3,0x08A3,0x08A3,0x08A3,0x08A3,0x08A3,0x08A3,0x08A3,0x08A3,0x08A3,
  0x08A3,0x08A3,0x08A3,0x08A3,0x08A3,0x08A3,0x08A3,0x08A3,0x08A3,0x08A3,0x08A3,0x08A3,0x08A3,0x08A3,0x08A3,0x08A3,
  0x08A3,0x08A3,0x08A3,0x08A3,0x08A3,0x08A3,0x08A3,0x08A3,0x08A3,0x08A3,0x08A3,0x08A3,0x08A3,0x08A3,0x08A3,0x08A3,
  0x08A3,0x08A3,0x08A3,0x08A3,0x08A3,0x08A3,0x08A3,0x08A3,0x08A3,0x08A3,0x08A3,0x08A3,0x08A3,0x08A3,0x08A3,0x08A3,
  0x08A3,0x08A3,0x08A3,0x08A3,0x08A3,0x08A3,0x19A7,0x08C3,0x0041,0x0041,0x0041,0x0041,0x0041,0x0041,0x0041,0x0041,
  0x0041,0x0041,0x0041,0x0041,0x0041,0x0041,0x0041,0x0041,0x0041,0x25B9,0x1D77,0x08C3,0x08C3,0x08C3,0x08C4,0x08C3,
  0x2AAB,0x6F5E,0x5556,0x6F1D,0x77BF,0x77BF,0x4CF4,0x08C3,0x08A3,0x4493,0x77BF,0x55B7,0x6F3D,0x226A,0x08A3,0x4472,
  0x77BF,0x77BF,0x669B,0x6F3D,0x77BF,0x6F3D,0x19E8,0x2ACC,0x779F,0x77BF,0x779F,0x77BF,0x4D56,0x08A3,0x08A3,0x08A3,
  0x08C3,0x08A3,0x08C4,0x338F,0x6EFD,0x77BF,0x66BB,0x1145,0x08A3,0x08A3,0x2249,0x5E39,0x77BF,0x77BF,0x2AAB,0x1104,
  0x667B,0x5E5A,0x1104,0x08E4,0x669B,0x5E5A,0x1145,0x08A3,0x08C3,0x08A3,0x08A3,0x08A3,0x08A3,0x08A3,0x08A3,0x08A3,
  0x08A3,0x08A3,0x08A3,0x08A3,0x08A3,0x08A3,0x08A3,0x08A3,0x08A3,0x08A3,0x08A3,0x08A3,0x08A3,0x08A3,0x08A3,0x08A3,
  0x08A3,0x08A3,0x08A3,0x08A3,0x08A3,0x08A3,0x08A3,0x08A3,0x08A3,0x08A3,0x08A3,0x08A3,0x08A3,0x08A3,0x08A3,0x08A3,
  0x08A3,0x08A3,0x08A3,0x08A3,0x08A3,0x08A3,0x08A3,0x08A3,0x08A3,0x08A3,0x08A3,0x08A3,0x08A3,0x08A3,0x08A3,0x08A3,
  0x08A3,0x08A3,0x08A3,0x08A3,0x08A3,0x08A3,0x08A3,0x08A3,0x08A3,0x08A3,0x08A3,0x08A3,0x08A3,0x08A3,0x08A3,0x08A3,
  0x08A3,0x08A3,0x08A3,0x08A3,0x08A3,0x08A3,0x08A3,0x08A3,0x08A3,0x08A3,0x08A3,0x08A3,0x08A3,0x08A3,0x08A3,0x08A3,
  0x08A3,0x08A3,0x08A3,0x08A3,0x08A3,0x08A3,0x08A3,0x08A3,0x08A3,0x08A3,0x08A3,0x08A3,0x08A3,0x08A3,0x08A3,0x08A3,
  0x08A3,0x08A3,0x08A3,0x08A3,0x08A3,0x08A3,0x08A3,0x08A3,0x08A3,0x08A3,0x08A3,0x08A3,0x08A3,0x08A3,0x08A3,0x08A3,
  0x08A3,0x08A3,0x08A3,0x08A3,0x08A3,0x08A3,0x08A3,0x08A3,0x08A3,0x08A3,0x08A3,0x08A3,0x08A3,0x08A3,0x08A3,0x08A3,
  0x08A3,0x08A3,0x08A3,0x08A3,0x08A3,0x08A3,0x08A3,0x08A3,0x08A3,0x08A3,0x08A3,0x08A3,0x08A3,0x08A3,0x08A3,0x08A3,
  0x08A3,0x08A3,0x08A3,0x08A3,0x08A3,0x08A3,0x08A3,0x08A3,0x08A3,0x08A3,0x08A3,0x08A3,0x08A3,0x08A3,0x08A3,0x08A3,
  0x08A3,0x08A3,0x08A3,0x08A3,0x08A3,0x08A3,0x08A3,0x08A3,0x08A3,0x08A3,0x08A3,0x08A3,0x08A3,0x08A3,0x08A3,0x08A3,
  0x08A3,0x08A3,0x08A3,0x08A3,0x08A3,0x08A3,0x08A3,0x08A3,0x08A3,0x08A3,0x08A3,0x08A3,0x08A3,0x08A3,0x08A3,0x08A3,
  0x08A3,0x08A3,0x08A3,0x08A3,0x08A3,0x08A3,0x08A3,0x08A3,0x08A3,0x08A3,0x08A3,0x08A3,0x08A3,0x08A3,0x08A3,0x08A3,
  0x08A3,0x08A3,0x08A3,0x08A3,0x08A3,0x08A3,0x08A3,0x08A3,0x08A3,0x08A3,0x08A3,0x08A3,0x08A3,0x08A3,0x08A3,0x08A3,
  0x08A3,0x08A3,0x08A3,0x08A3,0x08A3,0x0883,0x19A7,0x08C3,0x0041,0x0041,0x0041,0x0041,0x0041,0x0041,0x0041,0x0041,
  0x0041,0x0041,0x0041,0x0041,0x0041,0x0041,0x0041,0x0041,0x0041,0x2209,0x08C3,0x08C3,0x08C3,0x08C3,0x08C4,0x08C3,
  0x2AAB,0x6F7E,0x4493,0x4493,0x77BF,0x77BF,0x4CF4,0x08C3,0x08A3,0x334D,0x777F,0x77BF,0x5E5A,0x1125,0x08A3,0x4472,
  0x77BF,0x6F7E,0x77BF,0x779F,0x777F,0x6F3D,0x19E8,0x2ACC,0x77BF,0x669B,0x4CD4,0x77BF,0x4CF4,0x08A3,0x08A3,0x08C3,
  0x08A3,0x1104,0x669B,0x44B3,0x08A3,0x5576,0x777F,0x2AAB,0x08A3,0x4CD4,0x669B,0x08C4,0x332D,0x77BF,0x4452,0x1105,
  0x667A,0x665A,0x08E4,0x1146,0x77BF,0x5576,0x08E4,0x08A3,0x08C3,0x08A3,0x08A3,0x08A3,0x08A3,0x08A3,0x08A3,0x08A3,
  0x08A3,0x08A3,0x08A3,0x08A3,0x08A3,0x08A3,0x08A3,0x08A3,0x08A3,0x08A3,0x08A3,0x08A3,0x08A3,0x08A3,0x08A3,0x08A3,
  0x08A3,0x08A3,0x08A3,0x08A3,0x08A3,0x08A3,0x08A3,0x08A3,0x08A3,0x08A3,0x08A3,0x08A3,0x08A3,0x08A3,0x08A3,0x08A3,
  0x08A3,0x08A3,0x08A3,0x08A3,0x08A3,0x08A3,0x08A3,0x08A3,0x08A3,0x08A3,0x08A3,0x08A3,0x08A3,0x08A3,0x08A3,0x08A3,
  0x08A3,0x08A3,0x08A3,0x08A3,0x08A3,0x08A3,0x08A3,0x08A3,0x08A3,0x08A3,0x08A3,0x08A3,0x08A3,0x08A3,0x08A3,0x08A3,
  0x08A3,0x08A3,0x08A3,0x08A3,0x08A3,0x08A3,0x08A3,0x08A3,0x08A3,0x08A3,0x08A3,0x08A3,0x08A3,0x08A3,0x08A3,0x08A3,
  0x08A3,0x08A3,0x08A3,0x08A3,0x08A3,0x08A3,0x08A3,0x08A3,0x08A3,0x08A3,0x08A3,0x08A3,0x08A3,0x08A3,0x08A3,0x08A3,
  0x08A3,0x08A3,0x08A3,0x08A3,0x08A3,0x08A3,0x08A3,0x08A3,0x08A3,0x08A3,0x08A3,0x08A3,0x08A3,0x08A3,0x08A3,0x08A3,
  0x08A3,0x08A3,0x08A3,0x08A3,0x08A3,0x08A3,0x08A3,0x08A3,0x08A3,0x08A3,0x08A3,0x08A3,0x08A3,0x08A3,0x08A3,0x08A3,
  0x08A3,0x08A3,0x08A3,0x08A3,0x08A3,0x08A3,0x08A3,0x08A3,0x08A3,0x08A3,0x08A3,0x08A3,0x08A3,0x08A3,0x08A3,0x08A3,
  0x08A3,0x08A3,0x08A3,0x08A3,0x08A3,0x08A3,0x08A3,0x08A3,0x08A3,0x08A3,0x08A3,0x08A3,0x08A3,0x08A3,0x08A3,0x08A3,
  0x08A3,0x08A3,0x08A3,0x08A3,0x08A3,0x08A3,0x08A3,0x08A3,0x08A3,0x08A3,0x08A3,0x08A3,0x08A3,0x08A3,0x08A3,0x08A3,
  0x08A3,0x08A3,0x08A3,0x08A3,0x08A3,0x08A3,0x08A3,0x08A3,0x08A3,0x08A3,0x08A3,0x08A3,0x08A3,0x08A3,0x08A3,0x08A3,
  0x08A3,0x08A3,0x08A3,0x08A3,0x08A3,0x08A3,0x08A3,0x08A3,0x08A3,0x08A3,0x08A3,0x08A3,0x08A3,0x08A3,0x08A3,0x08A3,
  0x08A3,0x08A3,0x08A3,0x08A3,0x08A3,0x08A3,0x08A3,0x08A3,0x08A3,0x08A3,0x08A3,0x08A3,0x08A3,0x08A3,0x08A3,0x08A3,
  0x08A3,0x08A3,0x0883,0x0883,0x0883,0x0883,0x19A7,0x08C3,0x0041,0x0041,0x0041,0x0041,0x0041,0x0041,0x0041,0x0041,
  0x0041,0x0041,0x0041,0x0041,0x0041,0x0041,0x0041,0x0041,0x0041,0x2209,0x08C3,0x08C3,0x08C3,0x08C3,0x08C4,0x08A3,
  0x2AAB,0x779F,0x4431,0x2229,0x77BF,0x77BF,0x4CF4,0x08A3,0x08A3,0x19C8,0x66DC,0x77BF,0x4D35,0x08A3,0x08A3,0x4493,
  0x6F1D,0x5E19,0x77BF,0x6F7E,0x5DF8,0x6F3E,0x2209,0x19C7,0x77BF,0x5E19,0x4493,0x77BF,0x3BD0,0x08A3,0x08A3,0x08C3,
  0x08A3,0x1104,0x5E5A,0x777F,0x3BD0,0x5E19,0x6F5E,0x2249,0x08A3,0x4472,0x77BF,0x4CF4,0x4472,0x77BF,0x3BD0,0x1105,
  0x667A,0x66DC,0x336E,0x55B7,0x77BF,0x3BAF,0x08A3,0x08C4,0x08A3,0x08A3,0x08A3,0x08A3,0x08A3,0x08A3,0x08A3,0x08A3,
  0x08A3,0x08A3,0x08A3,0x08A3,0x08A3,0x08A3,0x08A3,0x08A3,0x08A3,0x08A3,0x08A3,0x08A3,0x08A3,0x08A3,0x08A3,0x08A3,
  0x08A3,0x08A3,0x08A3,0x08A3,0x08A3,0x08A3,0x08A3,0x08A3,0x08A3,0x08A3,0x08A3,0x08A3,0x08A3,0x08A3,0x08A3,0x08A3,
  0x08A3,0x08A3,0x08A3,0x08A3,0x08A3,0x08A3,0x08A3,0x08A3,0x08A3,0x08A3,0x08A3,0x08A3,0x08A3,0x08A3,0x08A3,0x08A3,
  0x08A3,0x08A3,0x08A3,0x08A3,0x08A3,0x08A3,0x08A3,0x08A3,0x08A3,0x08A3,0x08A3,0x08A3,0x08A3,0x08A3,0x08A3,0x08A3,
  0x08A3,0x08A3,0x08A3,0x08A3,0x08A3,0x08A3,0x08A3,0x08A3,0x08A3,0x08A3,0x08A3,0x08A3,0x08A3,0x08A3,0x08A3,0x08A3,
  0x08A3,0x08A3,0x08A3,0x08A3,0x08A3,0x08A3,0x08A3,0x08A3,0x08A3,0x08A3,0x08A3,0x08A3,0x08A3,0x08A3,0x08A3,0x08A3,
  0x08A3,0x08A3,0x08A3,0x08A3,0x08A3,0x08A3,0x08A3,0x08A3,0x08A3,0x08A3,0x08A3,0x08A3,0x08A3,0x08A3,0x08A3,0x08A3,
  0x08A3,0x08A3,0x08A3,0x08A3,0x08A3,0x08A3,0x08A3,0x08A3,0x08A3,0x08A3,0x08A3,0x08A3,0x08A3,0x08A3,0x08A3,0x08A3,
  0x08A3,0x08A3,0x08A3,0x08A3,0x08A3,0x08A3,0x08A3,0x08A3,0x08A3,0x08A3,0x08A3,0x08A3,0x08A3,0x08A3,0x08A3,0x08A3,
  0x08A3,0x08A3,0x08A3,0x08A3,0x08A3,0x08A3,0x08A3,0x08A3,0x08A3,0x08A3,0x08A3,0x08A3,0x08A3,0x08A3,0x08A3,0x08A3,
  0x08A3,0x08A3,0x08A3,0x08A3,0x08A3,0x08A3,0x08A3,0x08A3,0x08A3,0x08A3,0x08A3,0x08A3,0x08A3,0x08A3,0x08A3,0x08A3,
  0x08A3,0x08A3,0x08A3,0x08A3,0x08A3,0x08A3,0x08A3,0x08A3,0x08A3,0x08A3,0x08A3,0x08A3,0x08A3,0x08A3,0x08A3,0x08A3,
  0x08A3,0x08A3,0x08A3,0x08A3,0x08A3,0x08A3,0x08A3,0x08A3,0x08A3,0x08A3,0x08A3,0x08A3,0x08A3,0x08A3,0x08A3,0x08A3,
  0x08A3,0x08A3,0x08A3,0x08A3,0x08A3,0x08A3,0x08A3,0x08A3,0x08A3,0x08A3,0x08A3,0x08A3,0x08A3,0x08A3,0x08A3,0x0883,
  0x0883,0x0883,0x0883,0x0883,0x0883,0x0883,0x19A7,0x08C3,0x0041,0x0041,0x0041,0x0041,0x0041,0x0041,0x0041,0x0041,
  0x0041,0x0041,0x0041,0x0041,0x0041,0x0041,0x0041,0x0041,0x0041,0x2209,0x08C3,0x08C3,0x08A3,0x08A3,0x08C4,0x08A3,
  0x2AAB,0x779F,0x4493,0x08C4,0x55B7,0x77BF,0x4CD4,0x08A3,0x08C3,0x08A3,0x5E5A,0x77BF,0x338F,0x08A3,0x08A3,0x4493,
  0x6F1D,0x4CD4,0x777F,0x667B,0x4D35,0x6F3E,0x2249,0x08A3,0x55B7,0x77BF,0x77BF,0x6F1D,0x19A7,0x08A3,0x08C3,0x08A3,
  0x08C3,0x08A3,0x334E,0x77BF,0x779F,0x77BF,0x5597,0x08A3,0x08A3,0x1986,0x6F1D,0x77BF,0x77BF,0x6F3D,0x1166,0x1125,
  0x5E3A,0x77BF,0x779F,0x77BF,0x5DF9,0x1125,0x08A3,0x08C3,0x08A3,0x08A3,0x08A3,0x08A3,0x08A3,0x08A3,0x08A3,0x08A3,
  0x08A3,0x08A3,0x08A3,0x08A3,0x08A3,0x08A3,0x08A3,0x08A3,0x08A3,0x08A3,0x08A3,0x08A3,0x08A3,0x08A3,0x08A3,0x08A3,
  0x08A3,0x08A3,0x08A3,0x08A3,0x08A3,0x08A3,0x08A3,0x08A3,0x08A3,0x08A3,0x08A3,0x08A3,0x08A3,0x08A3,0x08A3,0x08A3,
  0x08A3,0x08A3,0x08A3,0x08A3,0x08A3,0x08A3,0x08A3,0x08A3,0x08A3,0x08A3,0x08A3,0x08A3,0x08A3,0x08A3,0x08A3,0x08A3,
  0x08A3,0x08A3,0x08A3,0x08A3,0x08A3,0x08A3,0x08A3,0x08A3,0x08A3,0x08A3,0x08A3,0x08A3,0x08A3,0x08A3,0x08A3,0x08A3,
  0x08A3,0x08A3,0x08A3,0x08A3,0x08A3,0x08A3,0x08A3,0x08A3,0x08A3,0x08A3,0x08A3,0x08A3,0x08A3,0x08A3,0x08A3,0x08A3,
  0x08A3,0x08A3,0x08A3,0x08A3,0x08A3,0x08A3,0x08A3,0x08A3,0x08A3,0x08A3,0x08A3,0x08A3,0x08A3,0x08A3,0x08A3,0x08A3,
  0x08A3,0x08A3,0x08A3,0x08A3,0x08A3,0x08A3,0x08A3,0x08A3,0x08A3,0x08A3,0x08A3,0x08A3,0x08A3,0x08A3,0x08A3,0x08A3,
  0x08A3,0x08A3,0x08A3,0x08A3,0x08A3,0x08A3,0x08A3,0x08A3,0x08A3,0x08A3,0x08A3,0x08A3,0x08A3,0x08A3,0x08A3,0x08A3,
  0x08A3,0x08A3,0x08A3,0x08A3,0x08A3,0x08A3,0x08A3,0x08A3,0x08A3,0x08A3,0x08A3,0x08A3,0x08A3,0x08A3,0x08A3,0x08A3,
  0x08A3,0x08A3,0x08A3,0x08A3,0x08A3,0x08A3,0x08A3,0x08A3,0x08A3,0x08A3,0x08A3,0x08A3,0x08A3,0x08A3,0x08A3,0x08A3,
  0x08A3,0x08A3,0x08A3,0x08A3,0x08A3,0x08A3,0x08A3,0x08A3,0x08A3,0x08A3,0x08A3,0x08A3,0x08A3,0x08A3,0x08A3,0x08A3,
  0x08A3,0x08A3,0x08A3,0x08A3,0x08A3,0x08A3,0x08A3,0x08A3,0x08A3,0x08A3,0x08A3,0x08A3,0x08A3,0x08A3,0x08A3,0x08A3,
  0x08A3,0x08A3,0x08A3,0x08A3,0x08A3,0x08A3,0x08A3,0x08A3,0x08A3,0x08A3,0x08A3,0x08A3,0x08A3,0x08A3,0x08A3,0x08A3,
  0x08A3,0x08A3,0x08A3,0x08A3,0x08A3,0x08A3,0x08A3,0x08A3,0x08A3,0x08A3,0x08A3,0x08A3,0x0883,0x0883,0x0883,0x0883,
  0x0883,0x0883,0x0883,0x0883,0x0883,0x0883,0x19A7,0x08C3,0x0041,0x0041,0x0041,0x0041,0x0041,0x0041,0x0041,0x0041,
  0x0041,0x0041,0x0041,0x0041,0x0041,0x0041,0x0041,0x0041,0x0041,0x2209,0x08A3,0x08A3,0x08A3,0x08A3,0x08C3,0x08A3,
  0x1166,0x4472,0x228A,0x08A3,0x226A,0x4D35,0x2A8B,0x08A3,0x08C3,0x08A3,0x2AEC,0x4493,0x1145,0x08A3,0x08A3,0x226A,
  0x4472,0x19C8,0x3C31,0x2AEC,0x2AAB,0x4452,0x1125,0x08A3,0x10E4,0x3BAF,0x4472,0x19A7,0x08A3,0x08C3,0x08A3,0x08A3,
  0x08A3,0x08C3,0x08A3,0x226A,0x44B3,0x3BAF,0x08E4,0x08A3,0x08C3,0x08A3,0x1986,0x4431,0x4472,0x19A7,0x08A3,0x08E4,
  0x338E,0x4D15,0x4CD4,0x3BAF,0x1105,0x08A3,0x08C3,0x08A3,0x08A3,0x08A3,0x08A3,0x08A3,0x08A3,0x08A3,0x08A3,0x08A3,
  0x08A3,0x08A3,0x08A3,0x08A3,0x08A3,0x08A3,0x08A3,0x08A3,0x08A3,0x08A3,0x08A3,0x08A3,0x08A3,0x08A3,0x08A3,0x08A3,
  0x08A3,0x08A3,0x08A3,0x08A3,0x08A3,0x08A3,0x08A3,0x08A3,0x08A3,0x08A3,0x08A3,0x08A3,0x08A3,0x08A3,0x08A3,0x08A3,
  0x08A3,0x08A3,0x08A3,0x08A3,0x08A3,0x08A3,0x08A3,0x08A3,0x08A3,0x08A3,0x08A3,0x08A3,0x08A3,0x08A3,0x08A3,0x08A3,
  0x08A3,0x08A3,0x08A3,0x08A3,0x08A3,0x08A3,0x08A3,0x08A3,0x08A3,0x08A3,0x08A3,0x08A3,0x08A3,0x08A3,0x08A3,0x08A3,
  0x08A3,0x08A3,0x08A3,0x08A3,0x08A3,0x08A3,0x08A3,0x08A3,0x08A3,0x08A3,0x08A3,0x08A3,0x08A3,0x08A3,0x08A3,0x08A3,
  0x08A3,0x08A3,0x08A3,0x08A3,0x08A3,0x08A3,0x08A3,0x08A3,0x08A3,0x08A3,0x08A3,0x08A3,0x08A3,0x08A3,0x08A3,0x08A3,
  0x08A3,0x08A3,0x08A3,0x08A3,0x08A3,0x08A3,0x08A3,0x08A3,0x08A3,0x08A3,0x08A3,0x08A3,0x08A3,0x08A3,0x08A3,0x08A3,
  0x08A3,0x08A3,0x08A3,0x08A3,0x08A3,0x08A3,0x08A3,0x08A3,0x08A3,0x08A3,0x08A3,0x08A3,0x08A3,0x08A3,0x08A3,0x08A3,
  0x08A3,0x08A3,0x08A3,0x08A3,0x08A3,0x08A3,0x08A3,0x08A3,0x08A3,0x08A3,0x08A3,0x08A3,0x08A3,0x08A3,0x08A3,0x08A3,
  0x08A3,0x08A3,0x08A3,0x08A3,0x08A3,0x08A3,0x08A3,0x08A3,0x08A3,0x08A3,0x08A3,0x08A3,0x08A3,0x08A3,0x08A3,0x08A3,
  0x08A3,0x08A3,0x08A3,0x08A3,0x08A3,0x08A3,0x08A3,0x08A3,0x08A3,0x08A3,0x08A3,0x08A3,0x08A3,0x08A3,0x08A3,0x08A3,
  0x08A3,0x08A3,0x08A3,0x08A3,0x08A3,0x08A3,0x08A3,0x08A3,0x08A3,0x08A3,0x08A3,0x08A3,0x08A3,0x08A3,0x08A3,0x08A3,
  0x08A3,0x08A3,0x08A3,0x08A3,0x08A3,0x08A3,0x08A3,0x08A3,0x08A3,0x08A3,0x08A3,0x08A3,0x08A3,0x08A3,0x08A3,0x08A3,
  0x08A3,0x08A3,0x08A3,0x08A3,0x08A3,0x08A3,0x08A3,0x08A3,0x0883,0x0883,0x0883,0x0883,0x0883,0x0883,0x0883,0x0883,
  0x0883,0x0883,0x0883,0x0883,0x0883,0x0883,0x19A7,0x08C3,0x0041,0x0041,0x0041,0x0041,0x0041,0x0041,0x0041,0x0041,
  0x0041,0x0041,0x0041,0x0041,0x0041,0x0041,0x0041,0x0041,0x0041,0x2209,0x08A3,0x08A3,0x08A3,0x08A3,0x08A3,0x08A3,
  0x08A3,0x08A3,0x08A3,0x08A3,0x08A3,0x08A3,0x08A3,0x08A3,0x08A3,0x08A3,0x08A3,0x08A3,0x08A3,0x08A3,0x08A3,0x08A3,
  0x08A3,0x08A3,0x08A3,0x08A3,0x08A3,0x08A3,0x08A3,0x08A3,0x08A3,0x08A3,0x08A3,0x08A3,0x08A3,0x08A3,0x08A3,0x08A3,
  0x08A3,0x08A3,0x08A3,0x08A3,0x08A3,0x08A3,0x08A3,0x08A3,0x08A3,0x08A3,0x08A3,0x08A3,0x08A3,0x08A3,0x08A3,0x08A3,
  0x08A3,0x08A3,0x08A3,0x08A3,0x08A3,0x08A3,0x08A3,0x08A3,0x08A3,0x08A3,0x08A3,0x08A3,0x08A3,0x08A3,0x08A3,0x08A3,
  0x08A3,0x08A3,0x08A3,0x08A3,0x08A3,0x08A3,0x08A3,0x08A3,0x08A3,0x08A3,0x08A3,0x08A3,0x08A3,0x08A3,0x08A3,0x08A3,
  0x08A3,0x08A3,0x08A3,0x08A3,0x08A3,0x08A3,0x08A3,0x08A3,0x08A3,0x08A3,0x08A3,0x08A3,0x08A3,0x08A3,0x08A3,0x08A3,
  0x08A3,0x08A3,0x08A3,0x08A3,0x08A3,0x08A3,0x08A3,0x08A3,0x08A3,0x08A3,0x08A3,0x08A3,0x08A3,0x08A3,0x08A3,0x08A3,
  0x08A3,0x08A3,0x08A3,0x08A3,0x08A3,0x08A3,0x08A3,0x08A3,0x08A3,0x08A3,0x08A3,0x08A3,0x08A3,0x08A3,0x08A3,0x08A3,
  0x08A3,0x08A3,0x08A3,0x08A3,0x08A3,0x08A3,0x08A3,0x08A3,0x08A3,0x08A3,0x08A3,0x08A3,0x08A3,0x08A3,0x08A3,0x08A3,
  0x08A3,0x08A3,0x08A3,0x08A3,0x08A3,0x08A3,0x08A3,0x08A3,0x08A3,0x08A3,0x08A3,0x08A3,0x08A3,0x08A3,0x08A3,0x08A3,
  0x08A3,0x08A3,0x08A3,0x08A3,0x08A3,0x08A3,0x08A3,0x08A3,0x08A3,0x08A3,0x08A3,0x08A3,0x08A3,0x08A3,0x08A3,0x08A3,
  0x08A3,0x08A3,0x08A3,0x08A3,0x08A3,0x08A3,0x08A3,0x08A3,0x08A3,0x08A3,0x08A3,0x08A3,0x08A3,0x08A3,0x08A3,0x08A3,
  0x08A3,0x08A3,0x08A3,0x08A3,0x08A3,0x08A3,0x08A3,0x08A3,0x08A3,0x08A3,0x08A3,0x08A3,0x08A3,0x08A3,0x08A3,0x08A3,
  0x08A3,0x08A3,0x08A3,0x08A3,0x08A3,0x08A3,0x08A3,0x08A3,0x08A3,0x08A3,0x08A3,0x08A3,0x08A3,0x08A3,0x08A3,0x08A3,
  0x08A3,0x08A3,0x08A3,0x08A3,0x08A3,0x08A3,0x08A3,0x08A3,0x08A3,0x08A3,0x08A3,0x08A3,0x08A3,0x08A3,0x08A3,0x08A3,
  0x08A3,0x08A3,0x08A3,0x08A3,0x08A3,0x08A3,0x08A3,0x08A3,0x08A3,0x08A3,0x08A3,0x08A3,0x08A3,0x08A3,0x08A3,0x08A3,
  0x08A3,0x08A3,0x08A3,0x08A3,0x08A3,0x08A3,0x08A3,0x08A3,0x08A3,0x08A3,0x08A3,0x08A3,0x08A3,0x08A3,0x08A3,0x08A3,
  0x08A3,0x08A3,0x08A3,0x08A3,0x08A3,0x0883,0x0883,0x0883,0x0883,0x0883,0x0883,0x0883,0x0883,0x0883,0x0883,0x0883,
  0x0883,0x0883,0x0883,0x0883,0x0883,0x0883,0x19A7,0x08C3,0x0041,0x0041,0x0041,0x0041,0x0041,0x0041,0x0041,0x0041,
  0x0041,0x0041,0x0041,0x0041,0x0041,0x0041,0x0041,0x0041,0x0041,0x2209,0x08A3,0x08A3,0x08A3,0x08A3,0x08A3,0x08A3,
  0x08A3,0x08A3,0x08A3,0x08A3,0x08A3,0x08A3,0x08A3,0x08A3,0x08A3,0x08A3,0x08A3,0x08A3,0x08A3,0x08A3,0x08A3,0x08A3,
  0x08A3,0x08A3,0x08A3,0x08A3,0x08A3,0x08A3,0x08A3,0x08A3,0x08A3,0x08A3,0x08A3,0x08A3,0x08A3,0x08A3,0x08A3,0x08A3,
  0x08A3,0x08A3,0x08A3,0x08A3,0x08A3,0x08A3,0x08A3,0x08A3,0x08A3,0x08A3,0x08A3,0x08A3,0x08A3,0x08A3,0x08A3,0x08A3,
  0x08A3,0x08A3,0x08A3,0x08A3,0x08A3,0x08A3,0x08A3,0x08A3,0x08A3,0x08A3,0x08A3,0x08A3,0x08A3,0x08A3,0x08A3,0x08A3,
  0x08A3,0x08A3,0x08A3,0x08A3,0x08A3,0x08A3,0x08A3,0x08A3,0x08A3,0x08A3,0x08A3,0x08A3,0x08A3,0x08A3,0x08A3,0x08A3,
  0x08A3,0x08A3,0x08A3,0x08A3,0x08A3,0x08A3,0x08A3,0x08A3,0x08A3,0x08A3,0x08A3,0x08A3,0x08A3,0x08A3,0x08A3,0x08A3,
  0x08A3,0x08A3,0x08A3,0x08A3,0x08A3,0x08A3,0x08A3,0x08A3,0x08A3,0x08A3,0x08A3,0x08A3,0x08A3,0x08A3,0x08A3,0x08A3,
  0x08A3,0x08A3,0x08A3,0x08A3,0x08A3,0x08A3,0x08A3,0x08A3,0x08A3,0x08A3,0x08A3,0x08A3,0x08A3,0x08A3,0x08A3,0x08A3,
  0x08A3,0x08A3,0x08A3,0x08A3,0x08A3,0x08A3,0x08A3,0x08A3,0x08A3,0x08A3,0x08A3,0x08A3,0x08A3,0x08A3,0x08A3,0x08A3,
  0x08A3,0x08A3,0x08A3,0x08A3,0x08A3,0x08A3,0x08A3,0x08A3,0x08A3,0x08A3,0x08A3,0x08A3,0x08A3,0x08A3,0x08A3,0x08A3,
  0x08A3,0x08A3,0x08A3,0x08A3,0x08A3,0x08A3,0x08A3,0x08A3,0x08A3,0x08A3,0x08A3,0x08A3,0x08A3,0x08A3,0x08A3,0x08A3,
  0x08A3,0x08A3,0x08A3,0x08A3,0x08A3,0x08A3,0x08A3,0x08A3,0x08A3,0x08A3,0x08A3,0x08A3,0x08A3,0x08A3,0x08A3,0x08A3,
  0x08A3,0x08A3,0x08A3,0x08A3,0x08A3,0x08A3,0x08A3,0x08A3,0x08A3,0x08A3,0x08A3,0x08A3,0x08A3,0x08A3,0x08A3,0x08A3,
  0x08A3,0x08A3,0x08A3,0x08A3,0x08A3,0x08A3,0x08A3,0x08A3,0x08A3,0x08A3,0x08A3,0x08A3,0x08A3,0x08A3,0x08A3,0x08A3,
  0x08A3,0x08A3,0x08A3,0x08A3,0x08A3,0x08A3,0x08A3,0x08A3,0x08A3,0x08A3,0x08A3,0x08A3,0x08A3,0x08A3,0x08A3,0x08A3,
  0x08A3,0x08A3,0x08A3,0x08A3,0x08A3,0x08A3,0x08A3,0x08A3,0x08A3,0x08A3,0x08A3,0x08A3,0x08A3,0x08A3,0x08A3,0x08A3,
  0x08A3,0x08A3,0x08A3,0x08A3,0x08A3,0x08A3,0x08A3,0x08A3,0x08A3,0x08A3,0x08A3,0x08A3,0x08A3,0x08A3,0x08A3,0x08A3,
  0x08A3,0x08A3,0x0883,0x0883,0x0883,0x0883,0x0883,0x0883,0x0883,0x0883,0x0883,0x0883,0x0883,0x0883,0x0883,0x0883,
  0x0883,0x0883,0x0883,0x0883,0x0883,0x0883,0x19A7,0x08C3,0x0041,0x0041,0x0041,0x0041,0x0041,0x0041,0x0041,0x0041,
  0x0041,0x0041,0x0041,0x0041,0x0041,0x0041,0x0041,0x0041,0x0041,0x2209,0x08A3,0x08A3,0x08A3,0x08A3,0x08A3,0x08A3,
  0x08A3,0x08A3,0x08A3,0x08A3,0x08A3,0x08A3,0x08A3,0x08A3,0x08A3,0x08A3,0x08A3,0x08A3,0x08A3,0x08A3,0x08A3,0x08A3,
  0x08A3,0x08A3,0x08A3,0x08A3,0x08A3,0x08A3,0x08A3,0x08A3,0x08A3,0x08A3,0x08A3,0x08A3,0x08A3,0x08A3,0x08A3,0x08A3,
  0x08A3,0x08A3,0x08A3,0x08A3,0x08A3,0x08A3,0x08A3,0x08A3,0x08A3,0x08A3,0x08A3,0x08A3,0x08A3,0x08A3,0x08A3,0x08A3,
  0x08A3,0x08A3,0x08A3,0x08A3,0x08A3,0x08A3,0x08A3,0x08A3,0x08A3,0x08A3,0x08A3,0x08A3,0x08A3,0x08A3,0x08A3,0x08A3,
  0x08A3,0x08A3,0x08A3,0x08A3,0x08A3,0x08A3,0x08A3,0x08A3,0x08A3,0x08A3,0x08A3,0x08A3,0x08A3,0x08A3,0x08A3,0x08A3,
  0x08A3,0x08A3,0x08A3,0x08A3,0x08A3,0x08A3,0x08A3,0x08A3,0x08A3,0x08A3,0x08A3,0x08A3,0x08A3,0x08A3,0x08A3,0x08A3,
  0x08A3,0x08A3,0x08A3,0x08A3,0x08A3,0x08A3,0x08A3,0x08A3,0x08A3,0x08A3,0x08A3,0x08A3,0x08A3,0x08A3,0x08A3,0x08A3,
  0x08A3,0x08A3,0x08A3,0x08A3,0x08A3,0x08A3,0x08A3,0x08A3,0x08A3,0x08A3,0x08A3,0x08A3,0x08A3,0x08A3,0x08A3,0x08A3,
  0x08A3,0x08A3,0x08A3,0x08A3,0x08A3,0x08A3,0x08A3,0x08A3,0x08A3,0x08A3,0x08A3,0x08A3,0x08A3,0x08A3,0x08A3,0x08A3,
  0x08A3,0x08A3,0x08A3,0x08A3,0x08A3,0x08A3,0x08A3,0x08A3,0x08A3,0x08A3,0x08A3,0x08A3,0x08A3,0x08A3,0x08A3,0x08A3,
  0x08A3,0x08A3,0x08A3,0x08A3,0x08A3,0x08A3,0x08A3,0x08A3,0x08A3,0x08A3,0x08A3,0x08A3,0x08A3,0x08A3,0x08A3,0x08A3,
  0x08A3,0x08A3,0x08A3,0x08A3,0x08A3,0x08A3,0x08A3,0x08A3,0x08A3,0x08A3,0x08A3,0x08A3,0x08A3,0x08A3,0x08A3,0x08A3,
  0x08A3,0x08A3,0x08A3,0x08A3,0x08A3,0x08A3,0x08A3,0x08A3,0x08A3,0x08A3,0x08A3,0x08A3,0x08A3,0x08A3,0x08A3,0x08A3,
  0x08A3,0x08A3,0x08A3,0x08A3,0x08A3,0x08A3,0x08A3,0x08A3,0x08A3,0x08A3,0x08A3,0x08A3,0x08A3,0x08A3,0x08A3,0x08A3,
  0x08A3,0x08A3,0x08A3,0x08A3,0x08A3,0x08A3,0x08A3,0x08A3,0x08A3,0x08A3,0x08A3,0x08A3,0x08A3,0x08A3,0x08A3,0x08A3,
  0x08A3,0x08A3,0x08A3,0x08A3,0x08A3,0x08A3,0x08A3,0x08A3,0x08A3,0x08A3,0x08A3,0x08A3,0x08A3,0x08A3,0x08A3,0x08A3,
  0x08A3,0x08A3,0x08A3,0x08A3,0x08A3,0x08A3,0x08A3,0x08A3,0x08A3,0x08A3,0x08A3,0x08A3,0x08A3,0x08A3,0x08A3,0x0883,
  0x0883,0x0883,0x0883,0x0883,0x0883,0x0883,0x0883,0x0883,0x0883,0x0883,0x0883,0x0883,0x0883,0x0883,0x0883,0x0883,
  0x0883,0x0883,0x0883,0x0883,0x0883,0x0883,0x19A7,0x08C3,0x0041,0x0041,0x0041,0x0041,0x0041,0x0041,0x0041,0x0041,
  0x0041,0x0041,0x0041,0x0041,0x0041,0x0041,0x0041,0x0041,0x0041,0x2209,0x08A3,0x08A3,0x08A3,0x08A3,0x08A3,0x08A3,
  0x08A3,0x21A8,0x21A8,0x21A8,0x21A8,0x21A8,0x21A8,0x21A8,0x21A8,0x21A8,0x21A8,0x21A8,0x21A8,0x21A8,0x21A8,0x21A8,
  0x21A8,0x21A8,0x21A8,0x21A8,0x21A8,0x21A8,0x21A8,0x21A8,0x21A8,0x21A8,0x21A8,0x21A8,0x21A8,0x21A8,0x21A8,0x21A8,
  0x21A8,0x21A8,0x21A8,0x21A8,0x21A8,0x21A8,0x21A8,0x21A8,0x21A8,0x21A8,0x21A8,0x21A8,0x21A8,0x21A8,0x21A8,0x21A8,
  0x21A8,0x21A8,0x21A8,0x21A8,0x21A8,0x21A8,0x21A8,0x21A8,0x21A8,0x21A8,0x21A8,0x21A8,0x21A8,0x21A8,0x21A8,0x21A8,
  0x21A8,0x21A8,0x21A8,0x21A8,0x21A8,0x21A8,0x21A8,0x21A8,0x21A8,0x21A8,0x21A8,0x21A8,0x21A8,0x21A8,0x21A8,0x21A8,
  0x21A8,0x21A8,0x21A8,0x21A8,0x21A8,0x21A8,0x21A8,0x21A8,0x21A8,0x21A8,0x21A8,0x21A8,0x21A8,0x21A8,0x21A8,0x21A8,
  0x21A8,0x21A8,0x21A8,0x21A8,0x21A8,0x21A8,0x21A8,0x21A8,0x21A8,0x21A8,0x21A8,0x21A8,0x21A8,0x21A8,0x21A8,0x21A8,
  0x21A8,0x21A8,0x21A8,0x21A8,0x21A8,0x21A8,0x21A8,0x21A8,0x21A8,0x21A8,0x21A8,0x21A8,0x21A8,0x21A8,0x21A8,0x21A8,
  0x21A8,0x21A8,0x21A8,0x21A8,0x21A8,0x21A8,0x21A8,0x21A8,0x21A8,0x21A8,0x21A8,0x21A8,0x21A8,0x21A8,0x21A8,0x21A8,
  0x21A8,0x21A8,0x21A8,0x21A8,0x21A8,0x21A8,0x21A8,0x21A8,0x21A8,0x21A8,0x21A8,0x21A8,0x21A8,0x21A8,0x21A8,0x21A8,
  0x21A8,0x21A8,0x21A8,0x21A8,0x21A8,0x21A8,0x21A8,0x21A8,0x21A8,0x21A8,0x21A8,0x21A8,0x21A8,0x21A8,0x21A8,0x21A8,
  0x21A8,0x21A8,0x21A8,0x21A8,0x21A8,0x21A8,0x21A8,0x21A8,0x21A8,0x21A8,0x21A8,0x21A8,0x21A8,0x21A8,0x21A8,0x21A8,
  0x21A8,0x21A8,0x21A8,0x21A8,0x21A8,0x21A8,0x21A8,0x21A8,0x21A8,0x21A8,0x21A8,0x21A8,0x21A8,0x21A8,0x21A8,0x21A8,
  0x21A8,0x21A8,0x21A8,0x21A8,0x21A8,0x21A8,0x21A8,0x21A8,0x21A8,0x21A8,0x21A8,0x21A8,0x21A8,0x21A8,0x21A8,0x21A8,
  0x21A8,0x21A8,0x21A8,0x21A8,0x21A8,0x21A8,0x21A8,0x21A8,0x21A8,0x21A8,0x21A8,0x21A8,0x21A8,0x21A8,0x21A8,0x21A8,
  0x21A8,0x21A8,0x21A8,0x21A8,0x21A8,0x21A8,0x21A8,0x21A8,0x21A8,0x21A8,0x21A8,0x21A8,0x21A8,0x21A8,0x21A8,0x21A8,
  0x21A8,0x21A8,0x21A8,0x21A8,0x21A8,0x21A8,0x21A8,0x21A8,0x21A8,0x21A8,0x21A8,0x21A8,0x21A8,0x21A8,0x21A8,0x21A8,
  0x21A8,0x21A8,0x21A8,0x21A8,0x21A8,0x21A8,0x21A8,0x21A8,0x21A8,0x21A8,0x21A8,0x21A8,0x21A8,0x21A8,0x21A8,0x0883,
  0x0883,0x0883,0x0883,0x0883,0x0883,0x0883,0x19A7,0x08C3,0x0041,0x0041,0x0041,0x0041,0x0041,0x0041,0x0041,0x0041,
  0x0041,0x0041,0x0041,0x0041,0x0041,0x0041,0x0041,0x0041,0x0041,0x2209,0x08A3,0x08A3,0x08A3,0x08A3,0x08A3,0x08A3,
  0x08A3,0x08A3,0x08A3,0x08A3,0x08A3,0x08A3,0x08A3,0x08A3,0x08A3,0x08A3,0x08A3,0x08A3,0x08A3,0x08A3,0x08A3,0x08A3,
  0x08A3,0x08A3,0x08A3,0x08A3,0x08A3,0x08A3,0x08A3,0x08A3,0x08A3,0x08A3,0x08A3,0x08A3,0x08A3,0x08A3,0x08A3,0x08A3,
  0x08A3,0x08A3,0x08A3,0x08A3,0x08A3,0x08A3,0x08A3,0x08A3,0x08A3,0x08A3,0x08A3,0x08A3,0x08A3,0x08A3,0x08A3,0x08A3,
  0x08A3,0x08A3,0x08A3,0x08A3,0x08A3,0x08A3,0x08A3,0x08A3,0x08A3,0x08A3,0x08A3,0x08A3,0x08A3,0x08A3,0x08A3,0x08A3,
  0x08A3,0x08A3,0x08A3,0x08A3,0x08A3,0x08A3,0x08A3,0x08A3,0x08A3,0x08A3,0x08A3,0x08A3,0x08A3,0x08A3,0x08A3,0x08A3,
  0x08A3,0x08A3,0x08A3,0x08A3,0x08A3,0x08A3,0x08A3,0x08A3,0x08A3,0x08A3,0x08A3,0x08A3,0x08A3,0x08A3,0x08A3,0x08A3,
  0x08A3,0x08A3,0x08A3,0x08A3,0x08A3,0x08A3,0x08A3,0x08A3,0x08A3,0x08A3,0x08A3,0x08A3,0x08A3,0x08A3,0x08A3,0x08A3,
  0x08A3,0x08A3,0x08A3,0x08A3,0x08A3,0x08A3,0x08A3,0x08A3,0x08A3,0x08A3,0x08A3,0x08A3,0x08A3,0x08A3,0x08A3,0x08A3,
  0x08A3,0x08A3,0x08A3,0x08A3,0x08A3,0x08A3,0x08A3,0x08A3,0x08A3,0x08A3,0x08A3,0x08A3,0x08A3,0x08A3,0x08A3,0x08A3,
  0x08A3,0x08A3,0x08A3,0x08A3,0x08A3,0x08A3,0x08A3,0x08A3,0x08A3,0x08A3,0x08A3,0x08A3,0x08A3,0x08A3,0x08A3,0x08A3,
  0x08A3,0x08A3,0x08A3,0x08A3,0x08A3,0x08A3,0x08A3,0x08A3,0x08A3,0x08A3,0x08A3,0x08A3,0x08A3,0x08A3,0x08A3,0x08A3,
  0x08A3,0x08A3,0x08A3,0x08A3,0x08A3,0x08A3,0x08A3,0x08A3,0x08A3,0x08A3,0x08A3,0x08A3,0x08A3,0x08A3,0x08A3,0x08A3,
  0x08A3,0x08A3,0x08A3,0x08A3,0x08A3,0x08A3,0x08A3,0x08A3,0x08A3,0x08A3,0x08A3,0x08A3,0x08A3,0x08A3,0x08A3,0x08A3,
  0x08A3,0x08A3,0x08A3,0x08A3,0x08A3,0x08A3,0x08A3,0x08A3,0x08A3,0x08A3,0x08A3,0x08A3,0x08A3,0x08A3,0x08A3,0x08A3,
  0x08A3,0x08A3,0x08A3,0x08A3,0x08A3,0x08A3,0x08A3,0x08A3,0x08A3,0x08A3,0x08A3,0x08A3,0x08A3,0x08A3,0x08A3,0x08A3,
  0x08A3,0x08A3,0x08A3,0x08A3,0x08A3,0x08A3,0x08A3,0x08A3,0x08A3,0x08A3,0x08A3,0x08A3,0x08A3,0x08A3,0x08A3,0x08A3,
  0x08A3,0x08A3,0x08A3,0x08A3,0x08A3,0x08A3,0x08A3,0x08A3,0x08A3,0x0883,0x0883,0x0883,0x0883,0x0883,0x0883,0x0883,
  0x0883,0x0883,0x0883,0x0883,0x0883,0x0883,0x0883,0x0883,0x0883,0x0883,0x0883,0x0883,0x0883,0x0883,0x0883,0x0883,
  0x0883,0x0883,0x0883,0x0883,0x0883,0x0883,0x19A7,0x08C3,0x0041,0x0041,0x0041,0x0041,0x0041,0x0041,0x0041,0x0041,
  0x0041,0x0041,0x0041,0x0041,0x0041,0x0041,0x0041,0x0041,0x0041,0x2209,0x08A3,0x08A3,0x08A3,0x08A3,0x08A3,0x08A3,
  0x08A3,0x08A3,0x08A3,0x08A3,0x08A3,0x08A3,0x08A3,0x08A3,0x08A3,0x08A3,0x08A3,0x08A3,0x08A3,0x08A3,0x08A3,0x08A3,
  0x08A3,0x08A3,0x08A3,0x08A3,0x08A3,0x08A3,0x08A3,0x08A3,0x08A3,0x08A3,0x08A3,0x08A3,0x08A3,0x08A3,0x08A3,0x08A3,
  0x08A3,0x08A3,0x08A3,0x08A3,0x08A3,0x08A3,0x08A3,0x08A3,0x08A3,0x08A3,0x08A3,0x08A3,0x08A3,0x08A3,0x08A3,0x08A3,
  0x08A3,0x08A3,0x08A3,0x08A3,0x08A3,0x08A3,0x08A3,0x08A3,0x08A3,0x08A3,0x08A3,0x08A3,0x08A3,0x08A3,0x08A3,0x08A3,
  0x08A3,0x08A3,0x08A3,0x08A3,0x08A3,0x08A3,0x08A3,0x08A3,0x08A3,0x08A3,0x08A3,0x08A3,0x08A3,0x08A3,0x08A3,0x08A3,
  0x08A3,0x08A3,0x08A3,0x08A3,0x08A3,0x08A3,0x08A3,0x08A3,0x08A3,0x08A3,0x08A3,0x08A3,0x08A3,0x08A3,0x08A3,0x08A3,
  0x08A3,0x08A3,0x08A3,0x08A3,0x08A3,0x08A3,0x08A3,0x08A3,0x08A3,0x08A3,0x08A3,0x08A3,0x08A3,0x08A3,0x08A3,0x08A3,
  0x08A3,0x08A3,0x08A3,0x08A3,0x08A3,0x08A3,0x08A3,0x08A3,0x08A3,0x08A3,0x08A3,0x08A3,0x08A3,0x08A3,0x08A3,0x08A3,
  0x08A3,0x08A3,0x08A3,0x08A3,0x08A3,0x08A3,0x08A3,0x08A3,0x08A3,0x08A3,0x08A3,0x08A3,0x08A3,0x08A3,0x08A3,0x08A3,
  0x08A3,0x08A3,0x08A3,0x08A3,0x08A3,0x08A3,0x08A3,0x08A3,0x08A3,0x08A3,0x08A3,0x08A3,0x08A3,0x08A3,0x08A3,0x08A3,
  0x08A3,0x08A3,0x08A3,0x08A3,0x08A3,0x08A3,0x08A3,0x08A3,0x08A3,0x08A3,0x08A3,0x08A3,0x08A3,0x08A3,0x08A3,0x08A3,
  0x08A3,0x08A3,0x08A3,0x08A3,0x08A3,0x08A3,0x08A3,0x08A3,0x08A3,0x08A3,0x08A3,0x08A3,0x08A3,0x08A3,0x08A3,0x08A3,
  0x08A3,0x08A3,0x08A3,0x08A3,0x08A3,0x08A3,0x08A3,0x08A3,0x08A3,0x08A3,0x08A3,0x08A3,0x08A3,0x08A3,0x08A3,0x08A3,
  0x08A3,0x08A3,0x08A3,0x08A3,0x08A3,0x08A3,0x08A3,0x08A3,0x08A3,0x08A3,0x08A3,0x08A3,0x08A3,0x08A3,0x08A3,0x08A3,
  0x08A3,0x08A3,0x08A3,0x08A3,0x08A3,0x08A3,0x08A3,0x08A3,0x08A3,0x08A3,0x08A3,0x08A3,0x08A3,0x08A3,0x08A3,0x08A3,
  0x08A3,0x08A3,0x08A3,0x08A3,0x08A3,0x08A3,0x08A3,0x08A3,0x08A3,0x08A3,0x08A3,0x08A3,0x08A3,0x08A3,0x08A3,0x08A3,
  0x08A3,0x08A3,0x08A3,0x08A3,0x08A3,0x08A3,0x0883,0x0883,0x0883,0x0883,0x0883,0x0883,0x0883,0x0883,0x0883,0x0883,
  0x0883,0x0883,0x0883,0x0883,0x0883,0x0883,0x0883,0x0883,0x0883,0x0883,0x0883,0x0883,0x0883,0x0883,0x0883,0x0883,
  0x0883,0x0883,0x0883,0x0883,0x0883,0x0883,0x19A7,0x08C3,0x0041,0x0041,0x0041,0x0041,0x0041,0x0041,0x0041,0x0041,
  0x0041,0x0041,0x0041,0x0041,0x0041,0x0041,0x0041,0x0041,0x0041,0x2209,0x08A3,0x08A3,0x08A3,0x08A3,0x08A3,0x08A3,
  0x08A3,0x08A3,0x08A3,0x08A3,0x08A3,0x08A3,0x08A3,0x08A3,0x08A3,0x08A3,0x08A3,0x08A3,0x08A3,0x08A3,0x08A3,0x08A3,
  0x08A3,0x08A3,0x08A3,0x08A3,0x08A3,0x08A3,0x08A3,0x08A3,0x08A3,0x08A3,0x08A3,0x08A3,0x08A3,0x08A3,0x08A3,0x08A3,
  0x08A3,0x08A3,0x08A3,0x08A3,0x08A3,0x08A3,0x08A3,0x08A3,0x08A3,0x08A3,0x08A3,0x08A3,0x08A3,0x08A3,0x08A3,0x08A3,
  0x08A3,0x08A3,0x08A3,0x08A3,0x08A3,0x08A3,0x08A3,0x08A3,0x08A3,0x08A3,0x08A3,0x08A3,0x08A3,0x08A3,0x08A3,0x08A3,
  0x08A3,0x08A3,0x08A3,0x08A3,0x08A3,0x08A3,0x08A3,0x08A3,0x08A3,0x08A3,0x08A3,0x08A3,0x08A3,0x08A3,0x08A3,0x08A3,
  0x08A3,0x08A3,0x08A3,0x08A3,0x08A3,0x08A3,0x08A3,0x08A3,0x08A3,0x08A3,0x08A3,0x08A3,0x08A3,0x08A3,0x08A3,0x08A3,
  0x08A3,0x08A3,0x08A3,0x08A3,0x08A3,0x08A3,0x08A3,0x08A3,0x08A3,0x08A3,0x08A3,0x08A3,0x08A3,0x08A3,0x08A3,0x08A3,
  0x08A3,0x08A3,0x08A3,0x08A3,0x08A3,0x08A3,0x08A3,0x08A3,0x08A3,0x08A3,0x08A3,0x08A3,0x08A3,0x08A3,0x08A3,0x08A3,
  0x08A3,0x08A3,0x08A3,0x08A3,0x08A3,0x08A3,0x08A3,0x08A3,0x08A3,0x08A3,0x08A3,0x08A3,0x08A3,0x08A3,0x08A3,0x08A3,
  0x08A3,0x08A3,0x08A3,0x08A3,0x08A3,0x08A3,0x08A3,0x08A3,0x08A3,0x08A3,0x08A3,0x08A3,0x08A3,0x08A3,0x08A3,0x08A3,
  0x08A3,0x08A3,0x08A3,0x08A3,0x08A3,0x08A3,0x08A3,0x08A3,0x08A3,0x08A3,0x08A3,0x08A3,0x08A3,0x08A3,0x08A3,0x08A3,
  0x08A3,0x08A3,0x08A3,0x08A3,0x08A3,0x08A3,0x08A3,0x08A3,0x08A3,0x08A3,0x08A3,0x08A3,0x08A3,0x08A3,0x08A3,0x08A3,
  0x08A3,0x08A3,0x08A3,0x08A3,0x08A3,0x08A3,0x08A3,0x08A3,0x08A3,0x08A3,0x08A3,0x08A3,0x08A3,0x08A3,0x08A3,0x08A3,
  0x08A3,0x08A3,0x08A3,0x08A3,0x08A3,0x08A3,0x08A3,0x08A3,0x08A3,0x08A3,0x08A3,0x08A3,0x08A3,0x08A3,0x08A3,0x08A3,
  0x08A3,0x08A3,0x08A3,0x08A3,0x08A3,0x08A3,0x08A3,0x08A3,0x08A3,0x08A3,0x08A3,0x08A3,0x08A3,0x08A3,0x08A3,0x08A3,
  0x08A3,0x08A3,0x08A3,0x08A3,0x08A3,0x08A3,0x08A3,0x08A3,0x08A3,0x08A3,0x08A3,0x08A3,0x08A3,0x08A3,0x08A3,0x08A3,
  0x08A3,0x08A3,0x08A3,0x0883,0x0883,0x0883,0x0883,0x0883,0x0883,0x0883,0x0883,0x0883,0x0883,0x0883,0x0883,0x0883,
  0x0883,0x0883,0x0883,0x0883,0x0883,0x0883,0x0883,0x0883,0x0883,0x0883,0x0883,0x0883,0x0883,0x0883,0x0883,0x0883,
  0x0883,0x0883,0x0883,0x0883,0x0883,0x0883,0x19A7,0x08C3,0x0041,0x0041,0x0041,0x0041,0x0041,0x0041,0x0041,0x0041,
  0x0041,0x0041,0x0041,0x0041,0x0041,0x0041,0x0041,0x0041,0x0041,0x2209,0x08A3,0x08A3,0x08A3,0x08A3,0x08A3,0x08A3,
  0x08A3,0x08A3,0x08A3,0x08A3,0x08A3,0x08A3,0x08A3,0x08A3,0x08A3,0x08A3,0x08A3,0x08A3,0x08A3,0x08A3,0x08A3,0x08A3,
  0x08A3,0x08A3,0x08A3,0x08A3,0x08A3,0x08A3,0x08A3,0x08A3,0x08A3,0x08A3,0x08A3,0x08A3,0x08A3,0x08A3,0x08A3,0x08A3,
  0x08A3,0x08A3,0x08A3,0x08A3,0x08A3,0x08A3,0x08A3,0x08A3,0x08A3,0x08A3,0x08A3,0x08A3,0x08A3,0x08A3,0x08A3,0x08A3,
  0x08A3,0x08A3,0x08A3,0x08A3,0x08A3,0x08A3,0x08A3,0x08A3,0x08A3,0x08A3,0x08A3,0x08A3,0x08A3,0x08A3,0x08A3,0x08A3,
  0x08A3,0x08A3,0x08A3,0x08A3,0x08A3,0x08A3,0x08A3,0x08A3,0x08A3,0x08A3,0x08A3,0x08A3,0x08A3,0x08A3,0x08A3,0x08A3,
  0x08A3,0x08A3,0x08A3,0x08A3,0x08A3,0x08A3,0x08A3,0x08A3,0x08A3,0x08A3,0x08A3,0x08A3,0x08A3,0x08A3,0x08A3,0x08A3,
  0x08A3,0x08A3,0x08A3,0x08A3,0x08A3,0x08A3,0x08A3,0x08A3,0x08A3,0x08A3,0x08A3,0x08A3,0x08A3,0x08A3,0x08A3,0x08A3,
  0x08A3,0x08A3,0x08A3,0x08A3,0x08A3,0x08A3,0x08A3,0x08A3,0x08A3,0x08A3,0x08A3,0x08A3,0x08A3,0x08A3,0x08A3,0x08A3,
  0x08A3,0x08A3,0x08A3,0x08A3,0x08A3,0x08A3,0x08A3,0x08A3,0x08A3,0x08A3,0x08A3,0x08A3,0x08A3,0x08A3,0x08A3,0x08A3,
  0x08A3,0x08A3,0x08A3,0x08A3,0x08A3,0x08A3,0x08A3,0x08A3,0x08A3,0x08A3,0x08A3,0x08A3,0x08A3,0x08A3,0x08A3,0x08A3,
  0x08A3,0x08A3,0x08A3,0x08A3,0x08A3,0x08A3,0x08A3,0x08A3,0x08A3,0x08A3,0x08A3,0x08A3,0x08A3,0x08A3,0x08A3,0x08A3,
  0x08A3,0x08A3,0x08A3,0x08A3,0x08A3,0x08A3,0x08A3,0x08A3,0x08A3,0x08A3,0x08A3,0x08A3,0x08A3,0x08A3,0x08A3,0x08A3,
  0x08A3,0x08A3,0x08A3,0x08A3,0x08A3,0x08A3,0x08A3,0x08A3,0x08A3,0x08A3,0x08A3,0x08A3,0x08A3,0x08A3,0x08A3,0x08A3,
  0x08A3,0x08A3,0x08A3,0x08A3,0x08A3,0x08A3,0x08A3,0x08A3,0x08A3,0x08A3,0x08A3,0x08A3,0x08A3,0x08A3,0x08A3,0x08A3,
  0x08A3,0x08A3,0x08A3,0x08A3,0x08A3,0x08A3,0x08A3,0x08A3,0x08A3,0x08A3,0x08A3,0x08A3,0x08A3,0x08A3,0x08A3,0x08A3,
  0x08A3,0x08A3,0x08A3,0x08A3,0x08A3,0x08A3,0x08A3,0x08A3,0x08A3,0x08A3,0x08A3,0x08A3,0x08A3,0x08A3,0x08A3,0x08A3,
  0x0883,0x0883,0x0883,0x0883,0x0883,0x0883,0x0883,0x0883,0x0883,0x0883,0x0883,0x0883,0x0883,0x0883,0x0883,0x0883,
  0x0883,0x0883,0x0883,0x0883,0x0883,0x0883,0x0883,0x0883,0x0883,0x0883,0x0883,0x0883,0x0883,0x0883,0x0883,0x0883,
  0x0883,0x0883,0x0883,0x0883,0x0883,0x0883,0x19A7,0x08C3,0x0041,0x0041,0x0041,0x0041,0x0041,0x0041,0x0041,0x0041,
  0x0041,0x0041,0x0041,0x0041,0x0041,0x0041,0x0041,0x0041,0x0041,0x2209,0x08A3,0x08A3,0x08A3,0x08A3,0x08A3,0x08A3,
  0x08A3,0x08A3,0x08A3,0x08A3,0x08A3,0x08A3,0x08A3,0x08A3,0x08A3,0x08A3,0x08A3,0x08A3,0x08A3,0x08A3,0x08A3,0x08A3,
  0x08A3,0x08A3,0x08A3,0x08A3,0x08A3,0x08A3,0x08A3,0x08A3,0x08A3,0x08A3,0x08A3,0x08A3,0x08A3,0x08A3,0x08A3,0x08A3,
  0x08A3,0x08A3,0x08A3,0x08A3,0x08A3,0x08A3,0x08A3,0x08A3,0x08A3,0x08A3,0x08A3,0x08A3,0x08A3,0x08A3,0x08A3,0x08A3,
  0x08A3,0x08A3,0x08A3,0x08A3,0x08A3,0x08A3,0x08A3,0x08A3,0x08A3,0x08A3,0x08A3,0x08A3,0x21A8,0x08A3,0x08A3,0x08A3,
  0x08A3,0x08A3,0x08A3,0x08A3,0x08A3,0x08A3,0x08A3,0x08A3,0x08A3,0x08A3,0x08A3,0x08A3,0x08A3,0x08A3,0x08A3,0x08A3,
  0x08A3,0x08A3,0x08A3,0x08A3,0x08A3,0x08A3,0x08A3,0x08A3,0x08A3,0x08A3,0x08A3,0x08A3,0x08A3,0x08A3,0x08A3,0x08A3,
  0x08A3,0x08A3,0x08A3,0x08A3,0x08A3,0x08A3,0x08A3,0x08A3,0x08A3,0x08A3,0x08A3,0x08A3,0x08A3,0x08A3,0x08A3,0x08A3,
  0x08A3,0x08A3,0x08A3,0x08A3,0x08A3,0x08A3,0x08A3,0x08A3,0x08A3,0x08A3,0x08A3,0x08A3,0x08A3,0x08A3,0x08A3,0x08A3,
  0x08A3,0x08A3,0x08A3,0x08A3,0x08A3,0x08A3,0x08A3,0x08A3,0x08A3,0x08A3,0x08A3,0x08A3,0x21A8,0x08A3,0x08A3,0x08A3,
  0x08A3,0x08A3,0x08A3,0x08A3,0x08A3,0x08A3,0x08A3,0x08A3,0x08A3,0x08A3,0x08A3,0x08A3,0x08A3,0x08A3,0x08A3,0x08A3,
  0x08A3,0x08A3,0x08A3,0x08A3,0x08A3,0x08A3,0x08A3,0x08A3,0x08A3,0x08A3,0x08A3,0x08A3,0x08A3,0x08A3,0x08A3,0x08A3,
  0x08A3,0x08A3,0x08A3,0x08A3,0x08A3,0x08A3,0x08A3,0x08A3,0x08A3,0x08A3,0x08A3,0x08A3,0x08A3,0x08A3,0x08A3,0x08A3,
  0x08A3,0x08A3,0x08A3,0x08A3,0x08A3,0x08A3,0x08A3,0x08A3,0x08A3,0x08A3,0x08A3,0x08A3,0x08A3,0x08A3,0x08A3,0x08A3,
  0x08A3,0x08A3,0x08A3,0x08A3,0x08A3,0x08A3,0x08A3,0x08A3,0x08A3,0x08A3,0x08A3,0x08A3,0x21A8,0x08A3,0x08A3,0x08A3,
  0x08A3,0x08A3,0x08A3,0x08A3,0x08A3,0x08A3,0x08A3,0x08A3,0x08A3,0x08A3,0x08A3,0x08A3,0x08A3,0x08A3,0x08A3,0x08A3,
  0x08A3,0x08A3,0x08A3,0x08A3,0x08A3,0x08A3,0x08A3,0x08A3,0x08A3,0x08A3,0x08A3,0x08A3,0x08A3,0x0883,0x0883,0x0883,
  0x0883,0x0883,0x0883,0x0883,0x0883,0x0883,0x0883,0x0883,0x0883,0x0883,0x0883,0x0883,0x0883,0x0883,0x0883,0x0883,
  0x0883,0x0883,0x0883,0x0883,0x0883,0x0883,0x0883,0x0883,0x0883,0x0883,0x0883,0x0883,0x0883,0x0883,0x0883,0x0883,
  0x0883,0x0883,0x0883,0x0883,0x0883,0x0883,0x19A7,0x08C3,0x0041,0x0041,0x0041,0x0041,0x0041,0x0041,0x0041,0x0041,
  0x0041,0x0041,0x0041,0x0041,0x0041,0x0041,0x0041,0x0041,0x0041,0x2209,0x08A3,0x08A3,0x08A3,0x08A3,0x08A3,0x08A3,
  0x08A3,0x08A3,0x08A3,0x08A3,0x08A3,0x08A3,0x08A3,0x08A3,0x08A3,0x08A3,0x08A3,0x08A3,0x08A3,0x08A3,0x08A3,0x08A3,
  0x08A3,0x08A3,0x08A3,0x08A3,0x08A3,0x08A3,0x08A3,0x08A3,0x08A3,0x08A3,0x08A3,0x08A3,0x08A3,0x08A3,0x08A3,0x08A3,
  0x08A3,0x08A3,0x08A3,0x08A3,0x08A3,0x08A3,0x08A3,0x08A3,0x08A3,0x08A3,0x08A3,0x08A3,0x08A3,0x08A3,0x08A3,0x08A3,
  0x08A3,0x08A3,0x08A3,0x08A3,0x08A3,0x08A3,0x08A3,0x08A3,0x08A3,0x08A3,0x08A3,0x08A3,0x21A8,0x08A3,0x08A3,0x08A3,
  0x08A3,0x08A3,0x08A3,0x08A3,0x08A3,0x08A3,0x08A3,0x08A3,0x08A3,0x08A3,0x08A3,0x08A3,0x08A3,0x08A3,0x08A3,0x08A3,
  0x08A3,0x08A3,0x08A3,0x08A3,0x08A3,0x08A3,0x08A3,0x08A3,0x08A3,0x08A3,0x08A3,0x08A3,0x08A3,0x08A3,0x08A3,0x08A3,
  0x08A3,0x08A3,0x08A3,0x08A3,0x08A3,0x08A3,0x08A3,0x08A3,0x08A3,0x08A3,0x08A3,0x08A3,0x08A3,0x08A3,0x08A3,0x08A3,
  0x08A3,0x08A3,0x08A3,0x08A3,0x08A3,0x08A3,0x08A3,0x08A3,0x08A3,0x08A3,0x08A3,0x08A3,0x08A3,0x08A3,0x08A3,0x08A3,
  0x08A3,0x08A3,0x08A3,0x08A3,0x08A3,0x08A3,0x08A3,0x08A3,0x08A3,0x08A3,0x08A3,0x08A3,0x21A8,0x08A3,0x08A3,0x08A3,
  0x08A3,0x08A3,0x08A3,0x08A3,0x08A3,0x08A3,0x08A3,0x08A3,0x08A3,0x08A3,0x08A3,0x08A3,0x08A3,0x08A3,0x08A3,0x08A3,
  0x08A3,0x08A3,0x08A3,0x08A3,0x08A3,0x08A3,0x08A3,0x08A3,0x08A3,0x08A3,0x08A3,0x08A3,0x08A3,0x08A3,0x08A3,0x08A3,
  0x08A3,0x08A3,0x08A3,0x08A3,0x08A3,0x08A3,0x08A3,0x08A3,0x08A3,0x08A3,0x08A3,0x08A3,0x08A3,0x08A3,0x08A3,0x08A3,
  0x08A3,0x08A3,0x08A3,0x08A3,0x08A3,0x08A3,0x08A3,0x08A3,0x08A3,0x08A3,0x08A3,0x08A3,0x08A3,0x08A3,0x08A3,0x08A3,
  0x08A3,0x08A3,0x08A3,0x08A3,0x08A3,0x08A3,0x08A3,0x08A3,0x08A3,0x08A3,0x08A3,0x08A3,0x21A8,0x08A3,0x08A3,0x08A3,
  0x08A3,0x08A3,0x08A3,0x08A3,0x08A3,0x08A3,0x08A3,0x08A3,0x08A3,0x08A3,0x08A3,0x08A3,0x08A3,0x08A3,0x08A3,0x08A3,
  0x08A3,0x08A3,0x08A3,0x08A3,0x08A3,0x08A3,0x08A3,0x08A3,0x08A3,0x08A3,0x0883,0x0883,0x0883,0x0883,0x0883,0x0883,
  0x0883,0x0883,0x0883,0x0883,0x0883,0x0883,0x0883,0x0883,0x0883,0x0883,0x0883,0x0883,0x0883,0x0883,0x0883,0x0883,
  0x0883,0x0883,0x0883,0x0883,0x0883,0x0883,0x0883,0x0883,0x0883,0x0883,0x0883,0x0883,0x0883,0x0883,0x0883,0x0883,
  0x0883,0x0883,0x0883,0x0883,0x0883,0x0883,0x19A7,0x08C3,0x0041,0x0041,0x0041,0x0041,0x0041,0x0041,0x0041,0x0041,
  0x0041,0x0041,0x0041,0x0041,0x0041,0x0041,0x0041,0x0041,0x0041,0x2209,0x08A3,0x08A3,0x08A3,0x08A3,0x08A3,0x08A3,
  0x08A3,0x08A3,0x08A3,0x08A3,0x08A3,0x08A3,0x08A3,0x08A3,0x08A3,0x08A3,0x08A3,0x08A3,0x08A3,0x08A3,0x08A3,0x08A3,
  0x08A3,0x08A3,0x08A3,0x08A3,0x08A3,0x08A3,0x08A3,0x08A3,0x08A3,0x08A3,0x08A3,0x08A3,0x08A3,0x08A3,0x08A3,0x08A3,
  0x08A3,0x08A3,0x08A3,0x08A3,0x08A3,0x08A3,0x08A3,0x08A3,0x08A3,0x08A3,0x08A3,0x08A3,0x08A3,0x08A3,0x08A3,0x08A3,
  0x08A3,0x08A3,0x08A3,0x08A3,0x08A3,0x08A3,0x08A3,0x08A3,0x08A3,0x08A3,0x08A3,0x08A3,0x21A8,0x08A3,0x08A3,0x08A3,
  0x08A3,0x08A3,0x08A3,0x08A3,0x08A3,0x08A3,0x08A3,0x08A3,0x08A3,0x08A3,0x08A3,0x08A3,0x08A3,0x08A3,0x08A3,0x08A3,
  0x08A3,0x08A3,0x08A3,0x08A3,0x08A3,0x08A3,0x08A3,0x08A3,0x08A3,0x08A3,0x08A3,0x08A3,0x08A3,0x08A3,0x08A3,0x08A3,
  0x08A3,0x08A3,0x08A3,0x08A3,0x08A3,0x08A3,0x08A3,0x08A3,0x08A3,0x08A3,0x08A3,0x08A3,0x08A3,0x08A3,0x08A3,0x08A3,
  0x08A3,0x08A3,0x08A3,0x08A3,0x08A3,0x08A3,0x08A3,0x08A3,0x08A3,0x08A3,0x08A3,0x08A3,0x08A3,0x08A3,0x08A3,0x08A3,
  0x08A3,0x08A3,0x08A3,0x08A3,0x08A3,0x08A3,0x08A3,0x08A3,0x08A3,0x08A3,0x08A3,0x08A3,0x21A8,0x08A3,0x08A3,0x08A3,
  0x08A3,0x08A3,0x08A3,0x08A3,0x08A3,0x08A3,0x08A3,0x08A3,0x08A3,0x08A3,0x08A3,0x08A3,0x08A3,0x08A3,0x08A3,0x08A3,
  0x08A3,0x08A3,0x08A3,0x08A3,0x08A3,0x08A3,0x08A3,0x08A3,0x08A3,0x08A3,0x08A3,0x08A3,0x08A3,0x08A3,0x08A3,0x08A3,
  0x08A3,0x08A3,0x08A3,0x08A3,0x08A3,0x08A3,0x08A3,0x08A3,0x08A3,0x08A3,0x08A3,0x08A3,0x08A3,0x08A3,0x08A3,0x08A3,
  0x08A3,0x08A3,0x08A3,0x08A3,0x08A3,0x08A3,0x08A3,0x08A3,0x08A3,0x08A3,0x08A3,0x08A3,0x08A3,0x08A3,0x08A3,0x08A3,
  0x08A3,0x08A3,0x08A3,0x08A3,0x08A3,0x08A3,0x08A3,0x08A3,0x08A3,0x08A3,0x08A3,0x08A3,0x21A8,0x08A3,0x08A3,0x08A3,
  0x08A3,0x08A3,0x08A3,0x08A3,0x08A3,0x08A3,0x08A3,0x08A3,0x08A3,0x08A3,0x08A3,0x08A3,0x08A3,0x08A3,0x08A3,0x08A3,
  0x08A3,0x08A3,0x08A3,0x08A3,0x08A3,0x08A3,0x08A3,0x0883,0x0883,0x0883,0x0883,0x0883,0x0883,0x0883,0x0883,0x0883,
  0x0883,0x0883,0x0883,0x0883,0x0883,0x0883,0x0883,0x0883,0x0883,0x0883,0x0883,0x0883,0x0883,0x0883,0x0883,0x0883,
  0x0883,0x0883,0x0883,0x0883,0x0883,0x0883,0x0883,0x0883,0x0883,0x0883,0x0883,0x0883,0x0883,0x0883,0x0883,0x0883,
  0x0883,0x0883,0x0883,0x0883,0x0883,0x0883,0x19A7,0x08C3,0x0041,0x0041,0x0041,0x0041,0x0041,0x0041,0x0041,0x0041,
  0x0041,0x0041,0x0041,0x0041,0x0041,0x0041,0x0041,0x0041,0x0041,0x2209,0x08A3,0x08A3,0x08A3,0x08A3,0x08A3,0x08A3,
  0x08A3,0x08A3,0x08A3,0x08A3,0x08A3,0x08A3,0x08A3,0x08A3,0x08A3,0x08A3,0x08A3,0x08A3,0x08A3,0x08A3,0x08A3,0x08A3,
  0x08A3,0x08A3,0x08A3,0x08A3,0x08A3,0x08A3,0x08A3,0x08A3,0x08A3,0x08A3,0x08A3,0x08A3,0x08A3,0x08A3,0x08A3,0x08A3,
  0x08A3,0x08A3,0x08A3,0x08A3,0x08A3,0x08A3,0x08A3,0x08A3,0x08A3,0x08A3,0x08A3,0x08A3,0x08A3,0x08A3,0x08A3,0x08A3,
  0x08A3,0x08A3,0x08A3,0x08A3,0x08A3,0x08A3,0x08A3,0x08A3,0x08A3,0x08A3,0x08A3,0x08A3,0x21A8,0x08A3,0x08A3,0x08A3,
  0x08A3,0x08A3,0x08A3,0x08A3,0x08A3,0x08A3,0x08A3,0x08A3,0x08A3,0x08A3,0x08A3,0x08A3,0x08A3,0x08A3,0x08A3,0x08A3,
  0x08A3,0x08A3,0x08A3,0x08A3,0x08A3,0x08A3,0x08A3,0x08A3,0x08A3,0x08A3,0x08A3,0x08A3,0x08A3,0x08A3,0x08A3,0x08A3,
  0x08A3,0x08A3,0x08A3,0x08A3,0x08A3,0x08A3,0x08A3,0x08A3,0x08A3,0x08A3,0x08A3,0x08A3,0x08A3,0x08A3,0x08A3,0x08A3,
  0x08A3,0x08A3,0x08A3,0x08A3,0x08A3,0x08A3,0x08A3,0x08A3,0x08A3,0x08A3,0x08A3,0x08A3,0x08A3,0x08A3,0x08A3,0x08A3,
  0x08A3,0x08A3,0x08A3,0x08A3,0x08A3,0x08A3,0x08A3,0x08A3,0x08A3,0x08A3,0x08A3,0x08A3,0x21A8,0x08A3,0x08A3,0x08A3,
  0x08A3,0x08A3,0x08A3,0x08A3,0x08A3,0x08A3,0x08A3,0x08A3,0x08A3,0x08A3,0x08A3,0x08A3,0x08A3,0x08A3,0x08A3,0x08A3,
  0x08A3,0x08A3,0x08A3,0x08A3,0x08A3,0x08A3,0x08A3,0x08A3,0x08A3,0x08A3,0x08A3,0x08A3,0x08A3,0x08A3,0x08A3,0x08A3,
  0x08A3,0x08A3,0x08A3,0x08A3,0x08A3,0x08A3,0x08A3,0x08A3,0x08A3,0x08A3,0x08A3,0x08A3,0x08A3,0x08A3,0x08A3,0x08A3,
  0x08A3,0x08A3,0x08A3,0x08A3,0x08A3,0x08A3,0x08A3,0x08A3,0x08A3,0x08A3,0x08A3,0x08A3,0x08A3,0x08A3,0x08A3,0x08A3,
  0x08A3,0x08A3,0x08A3,0x08A3,0x08A3,0x08A3,0x08A3,0x08A3,0x08A3,0x08A3,0x08A3,0x08A3,0x21A8,0x08A3,0x08A3,0x08A3,
  0x08A3,0x08A3,0x08A3,0x08A3,0x08A3,0x08A3,0x08A3,0x08A3,0x08A3,0x08A3,0x08A3,0x08A3,0x08A3,0x08A3,0x08A3,0x08A3,
  0x08A3,0x08A3,0x08A3,0x08A3,0x0883,0x0883,0x0883,0x0883,0x0883,0x0883,0x0883,0x0883,0x0883,0x0883,0x0883,0x0883,
  0x0883,0x0883,0x0883,0x0883,0x0883,0x0883,0x0883,0x0883,0x0883,0x0883,0x0883,0x0883,0x0883,0x0883,0x0883,0x0883,
  0x0883,0x0883,0x0883,0x0883,0x0883,0x0883,0x0883,0x0883,0x0883,0x0883,0x0883,0x0883,0x0883,0x0883,0x0883,0x0883,
  0x0883,0x0883,0x0883,0x0883,0x0883,0x0883,0x19A7,0x08C3,0x0041,0x0041,0x0041,0x0041,0x0041,0x0041,0x0041,0x0041,
  0x0041,0x0041,0x0041,0x0041,0x0041,0x0041,0x0041,0x0041,0x0041,0x2209,0x08A3,0x08A3,0x08A3,0x08A3,0x08A3,0x08A3,
  0x08A3,0x08A3,0x08A3,0x08A3,0x08A3,0x08A3,0x08A3,0x08A3,0x08A3,0x08A3,0x08A3,0x08A3,0x08A3,0x08A3,0x08A3,0x08A3,
  0x08A3,0x08A3,0x08A3,0x08A3,0x08A3,0x08A3,0x08A3,0x08A3,0x08A3,0x08A3,0x08A3,0x08A3,0x08A3,0x08A3,0x08A3,0x08A3,
  0x08A3,0x08A3,0x08A3,0x08A3,0x08A3,0x08A3,0x08A3,0x08A3,0x08A3,0x08A3,0x08A3,0x08A3,0x08A3,0x08A3,0x08A3,0x08A3,
  0x08A3,0x08A3,0x08A3,0x08A3,0x08A3,0x08A3,0x08A3,0x08A3,0x08A3,0x08A3,0x08A3,0x08A3,0x21A8,0x08A3,0x08A3,0x08A3,
  0x08A3,0x08A3,0x08A3,0x08A3,0x08A3,0x08A3,0x08A3,0x08A3,0x08A3,0x08A3,0x08A3,0x08A3,0x08A3,0x08A3,0x08A3,0x08A3,
  0x08A3,0x08A3,0x08A3,0x08A3,0x08A3,0x08A3,0x08A3,0x08A3,0x08A3,0x08A3,0x08A3,0x08A3,0x08A3,0x08A3,0x08A3,0x08A3,
  0x08A3,0x08A3,0x08A3,0x08A3,0x08A3,0x08A3,0x08A3,0x08A3,0x08A3,0x08A3,0x08A3,0x08A3,0x08A3,0x08A3,0x08A3,0x08A3,
  0x08A3,0x08A3,0x08A3,0x08A3,0x08A3,0x08A3,0x08A3,0x08A3,0x08A3,0x08A3,0x08A3,0x08A3,0x08A3,0x08A3,0x08A3,0x08A3,
  0x08A3,0x08A3,0x08A3,0x08A3,0x08A3,0x08A3,0x08A3,0x08A3,0x08A3,0x08A3,0x08A3,0x08A3,0x21A8,0x08A3,0x08A3,0x08A3,
  0x08A3,0x08A3,0x08A3,0x08A3,0x08A3,0x08A3,0x08A3,0x08A3,0x08A3,0x08A3,0x08A3,0x08A3,0x08A3,0x08A3,0x08A3,0x08A3,
  0x08A3,0x08A3,0x08A3,0x08A3,0x08A3,0x08A3,0x08A3,0x08A3,0x08A3,0x08A3,0x08A3,0x08A3,0x08A3,0x08A3,0x08A3,0x08A3,
  0x08A3,0x08A3,0x08A3,0x08A3,0x08A3,0x08A3,0x08A3,0x08A3,0x08A3,0x08A3,0x08A3,0x08A3,0x08A3,0x08A3,0x08A3,0x08A3,
  0x08A3,0x08A3,0x08A3,0x08A3,0x08A3,0x08A3,0x08A3,0x08A3,0x08A3,0x08A3,0x08A3,0x08A3,0x08A3,0x08A3,0x08A3,0x08A3,
  0x08A3,0x08A3,0x08A3,0x08A3,0x08A3,0x08A3,0x08A3,0x08A3,0x08A3,0x08A3,0x08A3,0x08A3,0x21A8,0x08A3,0x08A3,0x08A3,
  0x08A3,0x08A3,0x08A3,0x08A3,0x08A3,0x08A3,0x08A3,0x08A3,0x08A3,0x08A3,0x08A3,0x08A3,0x08A3,0x08A3,0x08A3,0x08A3,
  0x08A3,0x0883,0x0883,0x0883,0x0883,0x0883,0x0883,0x0883,0x0883,0x0883,0x0883,0x0883,0x0883,0x0883,0x0883,0x0883,
  0x0883,0x0883,0x0883,0x0883,0x0883,0x0883,0x0883,0x0883,0x0883,0x0883,0x0883,0x0883,0x0883,0x0883,0x0883,0x0883,
  0x0883,0x0883,0x0883,0x0883,0x0883,0x0883,0x0883,0x0883,0x0883,0x0883,0x0883,0x0883,0x0883,0x0883,0x0883,0x0883,
  0x0883,0x0883,0x0883,0x0883,0x0883,0x0883,0x19A7,0x08C3,0x0041,0x0041,0x0041,0x0041,0x0041,0x0041,0x0041,0x0041,
  0x0041,0x0041,0x0041,0x0041,0x0041,0x0041,0x0041,0x0041,0x0041,0x2209,0x08A3,0x08A3,0x08A3,0x08A3,0x08A3,0x08A3,
  0x08A3,0x08A3,0x08A3,0x08A3,0x08A3,0x08A3,0x08A3,0x08A3,0x08A3,0x08A3,0x08A3,0x08A3,0x08A3,0x08A3,0x08A3,0x08A3,
  0x08A3,0x08A3,0x08A3,0x08A3,0x08A3,0x08A3,0x08A3,0x08A3,0x08A3,0x08A3,0x08A3,0x08A3,0x08A3,0x08A3,0x08A3,0x08A3,
  0x08A3,0x08A3,0x08A3,0x08A3,0x08A3,0x08A3,0x08A3,0x08A3,0x08A3,0x08A3,0x08A3,0x08A3,0x08A3,0x08A3,0x08A3,0x08A3,
  0x08A3,0x08A3,0x08A3,0x08A3,0x08A3,0x08A3,0x08A3,0x08A3,0x08A3,0x08A3,0x08A3,0x08A3,0x21A8,0x08A3,0x08A3,0x08A3,
  0x08A3,0x08A3,0x08A3,0x08A3,0x08A3,0x08A3,0x08A3,0x08A3,0x08A3,0x08A3,0x08A3,0x08A3,0x08A3,0x08A3,0x08A3,0x08A3,
  0x08A3,0x08A3,0x08A3,0x08A3,0x08A3,0x08A3,0x08A3,0x08A3,0x08A3,0x08A3,0x08A3,0x08A3,0x08A3,0x08A3,0x08A3,0x08A3,
  0x08A3,0x08A3,0x08A3,0x08A3,0x08A3,0x08A3,0x08A3,0x08A3,0x08A3,0x08A3,0x08A3,0x08A3,0x08A3,0x08A3,0x08A3,0x08A3,
  0x08A3,0x08A3,0x08A3,0x08A3,0x08A3,0x08A3,0x08A3,0x08A3,0x08A3,0x08A3,0x08A3,0x08A3,0x08A3,0x08A3,0x08A3,0x08A3,
  0x08A3,0x08A3,0x08A3,0x08A3,0x08A3,0x08A3,0x08A3,0x08A3,0x08A3,0x08A3,0x08A3,0x08A3,0x21A8,0x08A3,0x08A3,0x08A3,
  0x08A3,0x08A3,0x08A3,0x08A3,0x08A3,0x08A3,0x08A3,0x08A3,0x08A3,0x08A3,0x08A3,0x08A3,0x08A3,0x08A3,0x08A3,0x08A3,
  0x08A3,0x08A3,0x08A3,0x08A3,0x08A3,0x08A3,0x08A3,0x08A3,0x08A3,0x08A3,0x08A3,0x08A3,0x08A3,0x08A3,0x08A3,0x08A3,
  0x08A3,0x08A3,0x08A3,0x08A3,0x08A3,0x08A3,0x08A3,0x08A3,0x08A3,0x08A3,0x08A3,0x08A3,0x08A3,0x08A3,0x08A3,0x08A3,
  0x08A3,0x08A3,0x08A3,0x08A3,0x08A3,0x08A3,0x08A3,0x08A3,0x08A3,0x08A3,0x08A3,0x08A3,0x08A3,0x08A3,0x08A3,0x08A3,
  0x08A3,0x08A3,0x08A3,0x08A3,0x08A3,0x08A3,0x08A3,0x08A3,0x08A3,0x08A3,0x08A3,0x08A3,0x21A8,0x08A3,0x08A3,0x08A3,
  0x08A3,0x08A3,0x08A3,0x08A3,0x08A3,0x08A3,0x08A3,0x08A3,0x08A3,0x08A3,0x08A3,0x08A3,0x08A3,0x08A3,0x0883,0x0883,
  0x0883,0x0883,0x0883,0x0883,0x0883,0x0883,0x0883,0x0883,0x0883,0x0883,0x0883,0x0883,0x0883,0x0883,0x0883,0x0883,
  0x0883,0x0883,0x0883,0x0883,0x0883,0x0883,0x0883,0x0883,0x0883,0x0883,0x0883,0x0883,0x0883,0x0883,0x0883,0x0883,
  0x0883,0x0883,0x0883,0x0883,0x0883,0x0883,0x0883,0x0883,0x0883,0x0883,0x0883,0x0883,0x0883,0x0883,0x0883,0x0883,
  0x0883,0x0883,0x0883,0x0883,0x0883,0x0883,0x19A7,0x08C3,0x0041,0x0041,0x0041,0x0041,0x0041,0x0041,0x0041,0x0041,
  0x0041,0x0041,0x0041,0x0041,0x0041,0x0041,0x0041,0x0041,0x0041,0x2209,0x08A3,0x08A3,0x08A3,0x08A3,0x08A3,0x08A3,
  0x08A3,0x08A3,0x08A3,0x08A3,0x08A3,0x08A3,0x08A3,0x08A3,0x08A3,0x08A3,0x08A3,0x08A3,0x08A3,0x08A3,0x08A3,0x08A3,
  0x08A3,0x08A3,0x08A3,0x08A3,0x08A3,0x08A3,0x08A3,0x08A3,0x08A3,0x08A3,0x0883,0x0883,0x0883,0x08A3,0x08A3,0x08A3,
  0x08A3,0x08A3,0x08A3,0x08A3,0x08A3,0x08A3,0x08A3,0x08A3,0x08A3,0x08A3,0x08A3,0x08A3,0x08A3,0x08A3,0x08A3,0x08A3,
  0x08A3,0x08A3,0x08A3,0x08A3,0x08A3,0x08A3,0x08A3,0x08A3,0x08A3,0x08A3,0x08A3,0x08A3,0x21A8,0x08A3,0x08A3,0x08A3,
  0x08A3,0x08A3,0x08A3,0x08A3,0x08C3,0x8493,0x5B4E,0x63D0,0x5B6E,0x08A3,0x08C3,0x8493,0x5B4E,0x5B4E,0x3229,0x08A3,
  0x08A3,0x3A49,0x7C93,0x1104,0x08A3,0x08C3,0x8493,0x5B6E,0x7411,0x29E8,0x08A3,0x08A3,0x08A3,0x08A3,0x08A3,0x08A3,
  0x08A3,0x08A3,0x08A3,0x08A3,0x08A3,0x08A3,0x08A3,0x08A3,0x08A3,0x08A3,0x08A3,0x08A3,0x08A3,0x08A3,0x08A3,0x08A3,
  0x08A3,0x08A3,0x08A3,0x08A3,0x08A3,0x08A3,0x08A3,0x08A3,0x08A3,0x08A3,0x08A3,0x08A3,0x08A3,0x08A3,0x08A3,0x08A3,
  0x08A3,0x08A3,0x08A3,0x08A3,0x08A3,0x08A3,0x08A3,0x08A3,0x08A3,0x08A3,0x08A3,0x08A3,0x21A8,0x08A3,0x08A3,0x08A3,
  0x08A3,0x08A3,0x08A3,0x08A3,0x6C11,0x1945,0x29C8,0x8493,0x1104,0x29C8,0x532D,0x08A3,0x08C3,0x8493,0x5B4E,0x63D0,
  0x5B6E,0x08A3,0x08C3,0x8493,0x08C3,0x428B,0x5B4E,0x8493,0x5B4E,0x428B,0x08A3,0x08C3,0x8493,0x5B4E,0x5B4E,0x3229,
  0x08A3,0x08A3,0x08A3,0x08A3,0x08A3,0x08A3,0x08A3,0x08A3,0x08A3,0x08A3,0x08A3,0x08A3,0x08A3,0x08A3,0x08A3,0x08A3,
  0x08A3,0x08A3,0x08A3,0x08A3,0x08A3,0x08A3,0x08A3,0x08A3,0x08A3,0x08A3,0x08A3,0x08A3,0x08A3,0x08A3,0x08A3,0x08A3,
  0x08A3,0x08A3,0x08A3,0x08A3,0x08A3,0x08A3,0x08A3,0x08A3,0x08A3,0x08A3,0x08A3,0x08A3,0x21A8,0x08A3,0x08A3,0x08A3,
  0x08A3,0x08A3,0x08A3,0x08A3,0x428B,0x5B4E,0x8493,0x5B4E,0x428B,0x08A3,0x08C3,0x8493,0x5B4E,0x5B4E,0x3209,0x0883,
  0x08A3,0x8493,0x4ACC,0x0883,0x4ACC,0x8493,0x08A3,0x08A3,0x8493,0x5B6E,0x6BD0,0x532D,0x0883,0x0883,0x0883,0x0883,
  0x0883,0x0883,0x0883,0x0883,0x0883,0x0883,0x0883,0x0883,0x0883,0x0883,0x0883,0x0883,0x0883,0x0883,0x0883,0x0883,
  0x0883,0x0883,0x0883,0x0883,0x0883,0x0883,0x0883,0x0883,0x0883,0x0883,0x0883,0x0883,0x0883,0x0883,0x0883,0x0883,
  0x0883,0x0883,0x0883,0x0883,0x0883,0x0883,0x19A7,0x08C3,0x0041,0x0041,0x0041,0x0041,0x0041,0x0041,0x0041,0x0041,
  0x0041,0x0041,0x0041,0x0041,0x0041,0x0041,0x0041,0x0041,0x0041,0x2209,0x08A3,0x08A3,0x08A3,0x08A3,0x08A3,0x08A3,
  0x08A3,0x08A3,0x08A3,0x08A3,0x08A3,0x08A3,0x08A3,0x08A3,0x08A3,0x08A3,0x08A3,0x08A3,0x08A3,0x08A3,0x08A3,0x08A3,
  0x08A3,0x08A3,0x08A3,0x08A3,0x08A3,0x08A3,0x0882,0x0882,0x0882,0x0882,0x0882,0x0882,0x0882,0x0882,0x0882,0x0882,
  0x08A3,0x08A3,0x08A3,0x08A3,0x08A3,0x08A3,0x08A3,0x08A3,0x08A3,0x08A3,0x08A3,0x08A3,0x08A3,0x08A3,0x08A3,0x08A3,
  0x08A3,0x08A3,0x08A3,0x08A3,0x08A3,0x08A3,0x08A3,0x08A3,0x08A3,0x08A3,0x08A3,0x08A3,0x21A8,0x08A3,0x08A3,0x08A3,
  0x08A3,0x08A3,0x08A3,0x08A3,0x08C3,0x8493,0x08C3,0x1105,0x7C72,0x08A3,0x08C3,0x8493,0x08C3,0x08A3,0x08A3,0x08A3,
  0x08A3,0x5B6E,0x42AB,0x3A4A,0x08A3,0x08C3,0x8493,0x08C3,0x2186,0x7411,0x08A3,0x08A3,0x08A3,0x08A3,0x08A3,0x08A3,
  0x08A3,0x08A3,0x08A3,0x08A3,0x08A3,0x08A3,0x08A3,0x08A3,0x08A3,0x08A3,0x08A3,0x08A3,0x08A3,0x08A3,0x08A3,0x08A3,
  0x08A3,0x08A3,0x08A3,0x08A3,0x08A3,0x08A3,0x08A3,0x08A3,0x08A3,0x08A3,0x08A3,0x08A3,0x08A3,0x08A3,0x08A3,0x08A3,
  0x08A3,0x08A3,0x08A3,0x08A3,0x08A3,0x08A3,0x08A3,0x08A3,0x08A3,0x08A3,0x08A3,0x08A3,0x21A8,0x08A3,0x08A3,0x08A3,
  0x08A3,0x08A3,0x08A3,0x08A3,0x530D,0x3229,0x4ACC,0x7431,0x3208,0x4ACC,0x3229,0x08A3,0x08C3,0x8493,0x08C3,0x1105,
  0x7C72,0x08A3,0x08C3,0x8493,0x08C3,0x08A3,0x08C3,0x8493,0x08C3,0x08A3,0x08A3,0x08C3,0x8493,0x08C3,0x08A3,0x08A3,
  0x08A3,0x08A3,0x08A3,0x08A3,0x08A3,0x08A3,0x08A3,0x08A3,0x08A3,0x08A3,0x08A3,0x08A3,0x08A3,0x08A3,0x08A3,0x08A3,
  0x08A3,0x08A3,0x08A3,0x08A3,0x08A3,0x08A3,0x08A3,0x08A3,0x08A3,0x08A3,0x08A3,0x08A3,0x08A3,0x08A3,0x08A3,0x08A3,
  0x08A3,0x08A3,0x08A3,0x08A3,0x08A3,0x08A3,0x08A3,0x08A3,0x08A3,0x08A3,0x08A3,0x08A3,0x21A8,0x08A3,0x08A3,0x08A3,
  0x08A3,0x08A3,0x08A3,0x08A3,0x08A3,0x08C3,0x8493,0x08C3,0x0883,0x0883,0x08A3,0x8493,0x08A3,0x0883,0x0883,0x0883,
  0x08A3,0x8493,0x6BF0,0x0883,0x6BF0,0x8493,0x08A3,0x08A3,0x8493,0x08A3,0x1104,0x7C73,0x0883,0x0883,0x0883,0x0883,
  0x0883,0x0883,0x0883,0x0883,0x0883,0x0883,0x0883,0x0883,0x0883,0x0883,0x0883,0x0883,0x0883,0x0883,0x0883,0x0883,
  0x0883,0x0883,0x0883,0x0883,0x0883,0x0883,0x0883,0x0883,0x0883,0x0883,0x0883,0x0883,0x0883,0x0883,0x0883,0x0883,
  0x0883,0x0883,0x0883,0x0883,0x0883,0x0883,0x19A7,0x08C3,0x0041,0x0041,0x0041,0x0041,0x0041,0x0041,0x0041,0x0041,
  0x0041,0x0041,0x0041,0x0041,0x0041,0x0041,0x0041,0x0041,0x0041,0x2209,0x08A3,0x08A3,0x08A3,0x08A3,0x08A3,0x08A3,
  0x08A3,0x08A3,0x08A3,0x08A3,0x08A3,0x08A3,0x08A3,0x08A3,0x08A3,0x08A3,0x08A3,0x08A3,0x08A3,0x08A3,0x08A3,0x08A3,
  0x08A3,0x08A3,0x08A3,0x08A3,0x0882,0x0882,0x0882,0x0882,0x0882,0x0882,0x0882,0x0882,0x0882,0x0882,0x0882,0x0882,
  0x0882,0x0882,0x0883,0x08A3,0x08A3,0x08A3,0x08A3,0x08A3,0x08A3,0x08A3,0x08A3,0x08A3,0x08A3,0x08A3,0x08A3,0x08A3,
  0x08A3,0x08A3,0x08A3,0x08A3,0x08A3,0x08A3,0x08A3,0x08A3,0x08A3,0x08A3,0x08A3,0x08A3,0x21A8,0x08A3,0x08A3,0x08A3,
  0x08A3,0x08A3,0x08A3,0x08A3,0x08C3,0x8493,0x6C11,0x7C72,0x4ACB,0x08A3,0x08C3,0x8493,0x6BF0,0x6BF0,0x29C7,0x08A3,
  0x1104,0x7C52,0x6BF0,0x638F,0x08A3,0x08C3,0x8493,0x08C3,0x10E4,0x7C93,0x08A3,0x08A3,0x08A3,0x08A3,0x08A3,0x08A3,
  0x08A3,0x08A3,0x08A3,0x08A3,0x08A3,0x08A3,0x08A3,0x08A3,0x08A3,0x08A3,0x08A3,0x08A3,0x08A3,0x08A3,0x08A3,0x08A3,
  0x08A3,0x08A3,0x08A3,0x08A3,0x08A3,0x08A3,0x08A3,0x08A3,0x08A3,0x08A3,0x08A3,0x08A3,0x08A3,0x08A3,0x08A3,0x08A3,
  0x08A3,0x08A3,0x08A3,0x08A3,0x08A3,0x08A3,0x08A3,0x08A3,0x08A3,0x08A3,0x08A3,0x08A3,0x21A8,0x08A3,0x08A3,0x08A3,
  0x08A3,0x08A3,0x08A3,0x08A3,0x3208,0x530D,0x63D0,0x3A29,0x52EC,0x63D0,0x1105,0x08A3,0x08C3,0x8493,0x6C11,0x7C72,
  0x4AAB,0x08A3,0x08C3,0x8493,0x08C3,0x08A3,0x08C3,0x8493,0x08C3,0x08A3,0x08A3,0x08C3,0x8493,0x6BF0,0x6BF0,0x29A7,
  0x08A3,0x08A3,0x08A3,0x08A3,0x08A3,0x08A3,0x08A3,0x08A3,0x08A3,0x08A3,0x08A3,0x08A3,0x08A3,0x08A3,0x08A3,0x08A3,
  0x08A3,0x08A3,0x08A3,0x08A3,0x08A3,0x08A3,0x08A3,0x08A3,0x08A3,0x08A3,0x08A3,0x08A3,0x08A3,0x08A3,0x08A3,0x08A3,
  0x08A3,0x08A3,0x08A3,0x08A3,0x08A3,0x08A3,0x08A3,0x08A3,0x08A3,0x08A3,0x08A3,0x08A3,0x21A8,0x08A3,0x08A3,0x08A3,
  0x08A3,0x08A3,0x08A3,0x08A3,0x08A3,0x08A3,0x8493,0x08A3,0x0883,0x0883,0x08A3,0x8493,0x6BF0,0x6BD0,0x29A7,0x0883,
  0x08A3,0x8493,0x63B0,0x2166,0x63AF,0x8493,0x08A3,0x08A3,0x8493,0x6BF0,0x6BF0,0x3A4A,0x0883,0x0883,0x0883,0x0883,
  0x0883,0x0883,0x0883,0x0883,0x0883,0x0883,0x0883,0x0883,0x0883,0x0883,0x0883,0x0883,0x0883,0x0883,0x0883,0x0883,
  0x0883,0x0883,0x0883,0x0883,0x0883,0x0883,0x0883,0x0883,0x0883,0x0883,0x0883,0x0883,0x0883,0x0883,0x0883,0x0883,
  0x0883,0x0883,0x0883,0x0883,0x0883,0x0883,0x19A7,0x08C3,0x0041,0x0041,0x0041,0x0041,0x0041,0x0041,0x0041,0x0041,
  0x0041,0x0041,0x0041,0x0041,0x0041,0x0041,0x0041,0x0041,0x0041,0x2209,0x08A3,0x08A3,0x08A3,0x08A3,0x08A3,0x08A3,
  0x08A3,0x08A3,0x08A3,0x08A3,0x08A3,0x08A3,0x08A3,0x08A3,0x08A3,0x08A3,0x08A3,0x08A3,0x08A3,0x08A3,0x08A3,0x08A3,
  0x08A3,0x08A3,0x0882,0x0882,0x0882,0x0882,0x0882,0x0882,0x0882,0x0882,0x0882,0x0882,0x0882,0x0882,0x0882,0x0882,
  0x0882,0x0882,0x0882,0x0882,0x08A3,0x08A3,0x08A3,0x08A3,0x08A3,0x08A3,0x08A3,0x08A3,0x08A3,0x08A3,0x08A3,0x08A3,
  0x08A3,0x08A3,0x08A3,0x08A3,0x08A3,0x08A3,0x08A3,0x08A3,0x08A3,0x08A3,0x08A3,0x08A3,0x21A8,0x08A3,0x08A3,0x08A3,
  0x08A3,0x08A3,0x08A3,0x08A3,0x08C3,0x8493,0x08C3,0x29E8,0x5B8F,0x08A3,0x08C3,0x8493,0x08C3,0x08A3,0x08A3,0x08A3,
  0x3A6A,0x3A29,0x08A3,0x63AF,0x1104,0x08C3,0x8493,0x08C3,0x2187,0x6BF0,0x08A3,0x08A3,0x08A3,0x08A3,0x08A3,0x08A3,
  0x08A3,0x08A3,0x08A3,0x08A3,0x08A3,0x08A3,0x08A3,0x08A3,0x08A3,0x08A3,0x08A3,0x08A3,0x08A3,0x08A3,0x08A3,0x08A3,
  0x08A3,0x08A3,0x08A3,0x08A3,0x08A3,0x08A3,0x08A3,0x08A3,0x08A3,0x08A3,0x08A3,0x08A3,0x08A3,0x08A3,0x08A3,0x08A3,
  0x08A3,0x08A3,0x08A3,0x08A3,0x08A3,0x08A3,0x08A3,0x08A3,0x08A3,0x08A3,0x08A3,0x08A3,0x21A8,0x08A3,0x08A3,0x08A3,
  0x08A3,0x08A3,0x08A3,0x08A3,0x1104,0x7411,0x6BD0,0x10E4,0x6C11,0x6BF0,0x08A3,0x08A3,0x08C3,0x8493,0x08C3,0x29C8,
  0x5B6E,0x08A3,0x08C3,0x8493,0x08C3,0x08A3,0x08C3,0x8493,0x08C3,0x08A3,0x08A3,0x08C3,0x8493,0x08C3,0x08A3,0x08A3,
  0x08A3,0x08A3,0x08A3,0x08A3,0x08A3,0x08A3,0x08A3,0x08A3,0x08A3,0x08A3,0x08A3,0x08A3,0x08A3,0x08A3,0x08A3,0x08A3,
  0x08A3,0x08A3,0x08A3,0x08A3,0x08A3,0x08A3,0x08A3,0x08A3,0x08A3,0x08A3,0x08A3,0x08A3,0x08A3,0x08A3,0x08A3,0x08A3,
  0x08A3,0x08A3,0x08A3,0x08A3,0x08A3,0x08A3,0x08A3,0x08A3,0x08A3,0x08A3,0x08A3,0x08A3,0x21A8,0x08A3,0x08A3,0x08A3,
  0x08A3,0x08A3,0x0883,0x0883,0x0883,0x08A3,0x8493,0x08A3,0x0883,0x0883,0x08A3,0x8493,0x08A3,0x0883,0x0883,0x0883,
  0x08A3,0x8493,0x428B,0x63AF,0x428B,0x8493,0x08A3,0x08A3,0x8493,0x08A3,0x0883,0x0883,0x0883,0x0883,0x0883,0x0883,
  0x0883,0x0883,0x0883,0x0883,0x0883,0x0883,0x0883,0x0883,0x0883,0x0883,0x0883,0x0883,0x0883,0x0883,0x0883,0x0883,
  0x0883,0x0883,0x0883,0x0883,0x0883,0x0883,0x0883,0x0883,0x0883,0x0883,0x0883,0x0883,0x0883,0x0883,0x0883,0x0883,
  0x0883,0x0883,0x0883,0x0883,0x0883,0x0883,0x19A7,0x08C3,0x0041,0x0041,0x0041,0x0041,0x0041,0x0041,0x0041,0x0041,
  0x0041,0x0041,0x0041,0x0041,0x0041,0x0041,0x0041,0x0041,0x0041,0x2209,0x08A3,0x08A3,0x08A3,0x08A3,0x08A3,0x08A3,
  0x08A3,0x08A3,0x08A3,0x08A3,0x08A3,0x08A3,0x08A3,0x08A3,0x08A3,0x08A3,0x08A3,0x08A3,0x08A3,0x08A3,0x08A3,0x08A3,
  0x08A3,0x0882,0x0882,0x0882,0x0882,0x0882,0x0882,0x0882,0x0882,0x0882,0x0882,0x0882,0x0882,0x0882,0x0882,0x0882,
  0x0882,0x0882,0x0882,0x0882,0x0882,0x08A3,0x08A3,0x08A3,0x08A3,0x08A3,0x08A3,0x08A3,0x08A3,0x08A3,0x08A3,0x08A3,
  0x08A3,0x08A3,0x08A3,0x08A3,0x08A3,0x08A3,0x08A3,0x08A3,0x08A3,0x08A3,0x08A3,0x08A3,0x21A8,0x08A3,0x08A3,0x08A3,
  0x08A3,0x08A3,0x08A3,0x08A3,0x08C3,0x8493,0x08C3,0x1104,0x7452,0x08C3,0x08C3,0x8493,0x5B4E,0x5B4E,0x3A4A,0x08A3,
  0x63AF,0x1925,0x08A3,0x4ACB,0x3A49,0x08C3,0x8493,0x5B6E,0x6C11,0x29A7,0x08A3,0x08A3,0x08A3,0x08A3,0x08A3,0x08A3,
  0x08A3,0x08A3,0x08A3,0x08A3,0x08A3,0x08A3,0x08A3,0x08A3,0x08A3,0x08A3,0x08A3,0x08A3,0x08A3,0x08A3,0x08A3,0x08A3,
  0x08A3,0x08A3,0x08A3,0x08A3,0x08A3,0x08A3,0x08A3,0x08A3,0x08A3,0x08A3,0x08A3,0x08A3,0x08A3,0x08A3,0x08A3,0x08A3,
  0x08A3,0x08A3,0x08A3,0x08A3,0x08A3,0x08A3,0x08A3,0x08A3,0x08A3,0x08A3,0x08A3,0x08A3,0x21A8,0x08A3,0x08A3,0x08A3,
  0x08A3,0x08A3,0x08A3,0x08A3,0x08A3,0x6BF1,0x4ACC,0x08A3,0x6BD0,0x4AEC,0x08A3,0x08A3,0x08C3,0x8493,0x08C3,0x10E4,
  0x7452,0x08A3,0x08C3,0x8493,0x08C3,0x08A3,0x08C3,0x8493,0x08C3,0x08A3,0x08A3,0x08C3,0x8493,0x5B4E,0x5B4E,0x3A4A,
  0x08A3,0x08A3,0x08A3,0x08A3,0x08A3,0x08A3,0x08A3,0x08A3,0x08A3,0x08A3,0x08A3,0x08A3,0x08A3,0x08A3,0x08A3,0x08A3,
  0x08A3,0x08A3,0x08A3,0x08A3,0x08A3,0x08A3,0x08A3,0x08A3,0x08A3,0x08A3,0x08A3,0x08A3,0x08A3,0x08A3,0x08A3,0x08A3,
  0x08A3,0x08A3,0x08A3,0x08A3,0x08A3,0x08A3,0x08A3,0x08A3,0x08A3,0x08A3,0x08A3,0x08A3,0x21A8,0x08A3,0x08A3,0x0883,
  0x0883,0x0883,0x0883,0x0883,0x0883,0x08A3,0x8493,0x08A3,0x0883,0x0883,0x08A3,0x8493,0x5B4E,0x5B4E,0x3A49,0x0883,
  0x08A3,0x8493,0x2166,0x8493,0x2166,0x8493,0x08A3,0x08A3,0x8493,0x08A3,0x0883,0x0883,0x0883,0x0883,0x0883,0x0883,
  0x0883,0x0883,0x0883,0x0883,0x0883,0x0883,0x0883,0x0883,0x0883,0x0883,0x0883,0x0883,0x0883,0x0883,0x0883,0x0883,
  0x0883,0x0883,0x0883,0x0883,0x0883,0x0883,0x0883,0x0883,0x0883,0x0883,0x0883,0x0883,0x0883,0x0883,0x0883,0x0883,
  0x0883,0x0883,0x0883,0x0883,0x0883,0x0883,0x19A7,0x08C3,0x0041,0x0041,0x0041,0x0041,0x0041,0x0041,0x0041,0x0041,
  0x0041,0x0041,0x0041,0x0041,0x0041,0x0041,0x0041,0x0041,0x0041,0x2209,0x08A3,0x08A3,0x08A3,0x08A3,0x08A3,0x08A3,
  0x08A3,0x08A3,0x08A3,0x08A3,0x08A3,0x08A3,0x08A3,0x08A3,0x08A3,0x08A3,0x08A3,0x08A3,0x08A3,0x08A3,0x08A3,0x08A3,
  0x0882,0x0882,0x0882,0x0882,0x0882,0x0882,0x0882,0x0882,0x0882,0x0882,0x0882,0x0882,0x0882,0x0882,0x0882,0x0882,
  0x0882,0x0882,0x0882,0x0882,0x0882,0x0882,0x08A3,0x08A3,0x08A3,0x08A3,0x08A3,0x08A3,0x08A3,0x08A3,0x08A3,0x08A3,
  0x08A3,0x08A3,0x08A3,0x08A3,0x08A3,0x08A3,0x08A3,0x08A3,0x08A3,0x08A3,0x08A3,0x08A3,0x21A8,0x08A3,0x08A3,0x08A3,
  0x08A3,0x08A3,0x08A3,0x08A3,0x08A3,0x1945,0x08A3,0x08A3,0x1925,0x08A3,0x08A3,0x1945,0x1945,0x1945,0x1104,0x08A3,
  0x1925,0x08A3,0x08A3,0x10C4,0x10E4,0x08A3,0x1945,0x1945,0x08C3,0x08A3,0x08A3,0x08A3,0x08A3,0x08A3,0x08A3,0x08A3,
  0x08A3,0x08A3,0x08A3,0x08A3,0x08A3,0x08A3,0x08A3,0x08A3,0x08A3,0x08A3,0x08A3,0x08A3,0x08A3,0x08A3,0x08A3,0x08A3,
  0x08A3,0x08A3,0x08A3,0x08A3,0x08A3,0x08A3,0x08A3,0x08A3,0x08A3,0x08A3,0x08A3,0x08A3,0x08A3,0x08A3,0x08A3,0x08A3,
  0x08A3,0x08A3,0x08A3,0x08A3,0x08A3,0x08A3,0x08A3,0x08A3,0x08A3,0x08A3,0x08A3,0x08A3,0x21A8,0x08A3,0x08A3,0x08A3,
  0x08A3,0x08A3,0x08A3,0x08A3,0x08A3,0x1104,0x10C4,0x08A3,0x1104,0x10C4,0x08A3,0x08A3,0x08A3,0x1925,0x08A3,0x08A3,
  0x1925,0x08A3,0x08A3,0x1925,0x08A3,0x08A3,0x08A3,0x1925,0x08A3,0x08A3,0x08A3,0x08A3,0x1925,0x1945,0x1945,0x10E4,
  0x08A3,0x08A3,0x08A3,0x08A3,0x08A3,0x08A3,0x08A3,0x08A3,0x08A3,0x08A3,0x08A3,0x08A3,0x08A3,0x08A3,0x08A3,0x08A3,
  0x08A3,0x08A3,0x08A3,0x08A3,0x08A3,0x08A3,0x08A3,0x08A3,0x08A3,0x08A3,0x08A3,0x08A3,0x08A3,0x08A3,0x08A3,0x08A3,
  0x08A3,0x08A3,0x08A3,0x08A3,0x08A3,0x08A3,0x08A3,0x08A3,0x08A3,0x08A3,0x08A3,0x0883,0x21A8,0x0883,0x0883,0x0883,
  0x0883,0x0883,0x0883,0x0883,0x0883,0x0883,0x1925,0x0883,0x0883,0x0883,0x0883,0x1925,0x1925,0x1925,0x10E4,0x0883,
  0x0883,0x1925,0x0883,0x1925,0x0883,0x1925,0x0883,0x0883,0x1925,0x0883,0x0883,0x0883,0x0883,0x0883,0x0883,0x0883,
  0x0883,0x0883,0x0883,0x0883,0x0883,0x0883,0x0883,0x0883,0x0883,0x0883,0x0883,0x0883,0x0883,0x0883,0x0883,0x0883,
  0x0883,0x0883,0x0883,0x0883,0x0883,0x0883,0x0883,0x0883,0x0883,0x0883,0x0883,0x0883,0x0883,0x0883,0x0883,0x0883,
  0x0883,0x0883,0x0883,0x0882,0x0882,0x0882,0x19A7,0x08C3,0x0041,0x0041,0x0041,0x0041,0x0041,0x0041,0x0041,0x0041,
  0x0041,0x0041,0x0041,0x0041,0x0041,0x0041,0x0041,0x0041,0x0041,0x2209,0x08A3,0x08A3,0x08A3,0x08A3,0x08A3,0x08A3,
  0x08A3,0x08A3,0x08A3,0x08A3,0x08A3,0x08A3,0x08A3,0x08A3,0x08A3,0x08A3,0x08A3,0x08A3,0x08A3,0x08A3,0x08A3,0x0882,
  0x0882,0x0882,0x0882,0x0882,0x0882,0x0882,0x0882,0x0882,0x0882,0x0882,0x0882,0x0882,0x0882,0x0882,0x0882,0x0882,
  0x0882,0x0882,0x0882,0x0882,0x0882,0x0882,0x0882,0x08A3,0x08A3,0x08A3,0x08A3,0x08A3,0x08A3,0x08A3,0x08A3,0x08A3,
  0x08A3,0x08A3,0x08A3,0x08A3,0x08A3,0x08A3,0x08A3,0x08A3,0x08A3,0x08A3,0x08A3,0x08A3,0x21A8,0x08A3,0x08A3,0x08A3,
  0x08A3,0x08A3,0x08A3,0x08A3,0x08A3,0x08A3,0x08A3,0x08A3,0x08A3,0x08A3,0x08A3,0x08A3,0x08A3,0x08A3,0x08A3,0x08A3,
  0x08A3,0x08A3,0x08A3,0x08A3,0x08A3,0x08A3,0x08A3,0x08A3,0x08A3,0x08A3,0x08A3,0x08A3,0x08A3,0x08A3,0x08A3,0x08A3,
  0x08A3,0x08A3,0x08A3,0x08A3,0x08A3,0x08A3,0x08A3,0x08A3,0x08A3,0x08A3,0x08A3,0x08A3,0x08A3,0x08A3,0x08A3,0x08A3,
  0x08A3,0x08A3,0x08A3,0x08A3,0x08A3,0x08A3,0x08A3,0x08A3,0x08A3,0x08A3,0x08A3,0x08A3,0x08A3,0x08A3,0x08A3,0x08A3,
  0x08A3,0x08A3,0x08A3,0x08A3,0x08A3,0x08A3,0x08A3,0x08A3,0x08A3,0x08A3,0x08A3,0x08A3,0x21A8,0x08A3,0x08A3,0x08A3,
  0x08A3,0x08A3,0x08A3,0x08A3,0x08A3,0x08A3,0x08A3,0x08A3,0x08A3,0x08A3,0x08A3,0x08A3,0x08A3,0x08A3,0x08A3,0x08A3,
  0x08A3,0x08A3,0x08A3,0x08A3,0x08A3,0x08A3,0x08A3,0x08A3,0x08A3,0x08A3,0x08A3,0x08A3,0x08A3,0x08A3,0x08A3,0x08A3,
  0x08A3,0x08A3,0x08A3,0x08A3,0x08A3,0x08A3,0x08A3,0x08A3,0x08A3,0x08A3,0x08A3,0x08A3,0x08A3,0x08A3,0x08A3,0x08A3,
  0x08A3,0x08A3,0x08A3,0x08A3,0x08A3,0x08A3,0x08A3,0x08A3,0x08A3,0x08A3,0x08A3,0x08A3,0x08A3,0x08A3,0x08A3,0x08A3,
  0x08A3,0x08A3,0x08A3,0x08A3,0x08A3,0x08A3,0x08A3,0x08A3,0x0883,0x0883,0x0883,0x0883,0x21A8,0x0883,0x0883,0x0883,
  0x0883,0x0883,0x0883,0x0883,0x0883,0x0883,0x0883,0x0883,0x0883,0x0883,0x0883,0x0883,0x0883,0x0883,0x0883,0x0883,
  0x0883,0x0883,0x0883,0x0883,0x0883,0x0883,0x0883,0x0883,0x0883,0x0883,0x0883,0x0883,0x0883,0x0883,0x0883,0x0883,
  0x0883,0x0883,0x0883,0x0883,0x0883,0x0883,0x0883,0x0883,0x0883,0x0883,0x0883,0x0883,0x0883,0x0883,0x0883,0x0883,
  0x0883,0x0883,0x0883,0x0883,0x0883,0x0883,0x0883,0x0883,0x0883,0x0883,0x0883,0x0883,0x0883,0x0883,0x0883,0x0883,
  0x0882,0x0882,0x0882,0x0882,0x0882,0x0882,0x19A7,0x08C3,0x0041,0x0041,0x0041,0x0041,0x0041,0x0041,0x0041,0x0041,
  0x0041,0x0041,0x0041,0x0041,0x0041,0x0041,0x0041,0x0041,0x0041,0x2209,0x08A3,0x08A3,0x08A3,0x08A3,0x08A3,0x08A3,
  0x08A3,0x08A3,0x08A3,0x08A3,0x08A3,0x08A3,0x08A3,0x08A3,0x08A3,0x08A3,0x08A3,0x08A3,0x08A3,0x08A3,0x08A3,0x0882,
  0x0882,0x0882,0x0882,0x0882,0x0882,0x0882,0x0882,0x0882,0x0882,0x0882,0x0882,0x0882,0x0882,0x0882,0x0882,0x0882,
  0x0882,0x0882,0x0882,0x0882,0x0882,0x0882,0x0882,0x0883,0x08A3,0x08A3,0x08A3,0x08A3,0x08A3,0x08A3,0x08A3,0x08A3,
  0x08A3,0x08A3,0x08A3,0x08A3,0x08A3,0x08A3,0x08A3,0x08A3,0x08A3,0x08A3,0x08A3,0x08A3,0x21A8,0x08A3,0x08A3,0x08A3,
  0x08A3,0x08A3,0x08A3,0x08A3,0x08A3,0x08A3,0x08A3,0x08A3,0x08A3,0x08A3,0x08A3,0x08A3,0x08A3,0x08A3,0x08A3,0x08A3,
  0x08A3,0x08A3,0x08A3,0x08A3,0x08A3,0x08A3,0x08A3,0x08A3,0x08A3,0x08A3,0x08A3,0x08A3,0x08A3,0x08A3,0x08A3,0x08A3,
  0x08A3,0x08A3,0x08A3,0x08A3,0x08A3,0x08A3,0x08A3,0x08A3,0x08A3,0x08A3,0x08A3,0x08A3,0x08A3,0x08A3,0x08A3,0x08A3,
  0x08A3,0x08A3,0x08A3,0x08A3,0x08A3,0x08A3,0x08A3,0x08A3,0x08A3,0x08A3,0x08A3,0x08A3,0x08A3,0x08A3,0x08A3,0x08A3,
  0x08A3,0x08A3,0x08A3,0x08A3,0x08A3,0x08A3,0x08A3,0x08A3,0x08A3,0x08A3,0x08A3,0x08A3,0x21A8,0x08A3,0x08A3,0x08A3,
  0x08A3,0x08A3,0x08A3,0x08A3,0x08A3,0x08A3,0x08A3,0x08A3,0x08A3,0x08A3,0x08A3,0x08A3,0x08A3,0x08A3,0x08A3,0x08A3,
  0x08A3,0x08A3,0x08A3,0x08A3,0x08A3,0x08A3,0x08A3,0x08A3,0x08A3,0x08A3,0x08A3,0x08A3,0x08A3,0x08A3,0x08A3,0x08A3,
  0x08A3,0x08A3,0x08A3,0x08A3,0x08A3,0x08A3,0x08A3,0x08A3,0x08A3,0x08A3,0x08A3,0x08A3,0x08A3,0x08A3,0x08A3,0x08A3,
  0x08A3,0x08A3,0x08A3,0x08A3,0x08A3,0x08A3,0x08A3,0x08A3,0x08A3,0x08A3,0x08A3,0x08A3,0x08A3,0x08A3,0x08A3,0x08A3,
  0x08A3,0x08A3,0x08A3,0x08A3,0x08A3,0x0883,0x0883,0x0883,0x0883,0x0883,0x0883,0x0883,0x21A8,0x0883,0x0883,0x0883,
  0x0883,0x0883,0x0883,0x0883,0x0883,0x0883,0x0883,0x0883,0x0883,0x0883,0x0883,0x0883,0x0883,0x0883,0x0883,0x0883,
  0x0883,0x0883,0x0883,0x0883,0x0883,0x0883,0x0883,0x0883,0x0883,0x0883,0x0883,0x0883,0x0883,0x0883,0x0883,0x0883,
  0x0883,0x0883,0x0883,0x0883,0x0883,0x0883,0x0883,0x0883,0x0883,0x0883,0x0883,0x0883,0x0883,0x0883,0x0883,0x0883,
  0x0883,0x0883,0x0883,0x0883,0x0883,0x0883,0x0883,0x0883,0x0883,0x0883,0x0883,0x0883,0x0883,0x0882,0x0882,0x0882,
  0x0882,0x0882,0x0882,0x0882,0x0882,0x0882,0x19A7,0x08C3,0x0041,0x0041,0x0041,0x0041,0x0041,0x0041,0x0041,0x0041,
  0x0041,0x0041,0x0041,0x0041,0x0041,0x0041,0x0041,0x0041,0x0041,0x2209,0x08A3,0x08A3,0x08A3,0x08A3,0x08A3,0x08A3,
  0x08A3,0x08A3,0x08A3,0x08A3,0x08A3,0x08A3,0x08A3,0x08A3,0x08A3,0x08A3,0x08A3,0x08A3,0x08A3,0x08A3,0x0882,0x0882,
  0x0882,0x0882,0x0882,0x0882,0x0882,0x0882,0x0882,0x0882,0x0882,0x0882,0x0882,0x0882,0x0882,0x0882,0x0882,0x0882,
  0x0882,0x0882,0x0882,0x0882,0x0882,0x0882,0x0882,0x0882,0x08A3,0x08A3,0x08A3,0x08A3,0x08A3,0x08A3,0x08A3,0x08A3,
  0x08A3,0x08A3,0x08A3,0x08A3,0x08A3,0x08A3,0x08A3,0x08A3,0x08A3,0x08A3,0x08A3,0x08A3,0x21A8,0x08A3,0x08A3,0x08A3,
  0x08A3,0x08A3,0x08A3,0x08A3,0x08A3,0x08A3,0x08A3,0x08A3,0x08A3,0x08A3,0x08A3,0x08A3,0x08A3,0x08A3,0x08A3,0x08A3,
  0x08A3,0x08A3,0x08A3,0x08A3,0x08A3,0x08A3,0x08A3,0x08A3,0x08A3,0x08A3,0x08A3,0x08A3,0x08A3,0x08A3,0x08A3,0x08A3,
  0x08A3,0x08A3,0x08A3,0x08A3,0x08A3,0x08A3,0x08A3,0x08A3,0x08A3,0x08A3,0x08A3,0x08A3,0x08A3,0x08A3,0x08A3,0x08A3,
  0x08A3,0x08A3,0x08A3,0x08A3,0x08A3,0x08A3,0x08A3,0x08A3,0x08A3,0x08A3,0x08A3,0x08A3,0x08A3,0x08A3,0x08A3,0x08A3,
  0x08A3,0x08A3,0x08A3,0x08A3,0x08A3,0x08A3,0x08A3,0x08A3,0x08A3,0x08A3,0x08A3,0x08A3,0x21A8,0x08A3,0x08A3,0x08A3,
  0x08A3,0x08A3,0x08A3,0x08A3,0x08A3,0x08A3,0x08A3,0x08A3,0x08A3,0x08A3,0x08A3,0x08A3,0x08A3,0x08A3,0x08A3,0x08A3,
  0x08A3,0x08A3,0x08A3,0x08A3,0x08A3,0x08A3,0x08A3,0x08A3,0x08A3,0x08A3,0x08A3,0x08A3,0x08A3,0x08A3,0x08A3,0x08A3,
  0x08A3,0x08A3,0x08A3,0x08A3,0x08A3,0x08A3,0x08A3,0x08A3,0x08A3,0x08A3,0x08A3,0x08A3,0x08A3,0x08A3,0x08A3,0x08A3,
  0x08A3,0x08A3,0x08A3,0x08A3,0x08A3,0x08A3,0x08A3,0x08A3,0x08A3,0x08A3,0x08A3,0x08A3,0x08A3,0x08A3,0x08A3,0x08A3,
  0x08A3,0x08A3,0x0883,0x0883,0x0883,0x0883,0x0883,0x0883,0x0883,0x0883,0x0883,0x0883,0x21A8,0x0883,0x0883,0x0883,
  0x0883,0x0883,0x0883,0x0883,0x0883,0x0883,0x0883,0x0883,0x0883,0x0883,0x0883,0x0883,0x0883,0x0883,0x0883,0x0883,
  0x0883,0x0883,0x0883,0x0883,0x0883,0x0883,0x0883,0x0883,0x0883,0x0883,0x0883,0x0883,0x0883,0x0883,0x0883,0x0883,
  0x0883,0x0883,0x0883,0x0883,0x0883,0x0883,0x0883,0x0883,0x0883,0x0883,0x0883,0x0883,0x0883,0x0883,0x0883,0x0883,
  0x0883,0x0883,0x0883,0x0883,0x0883,0x0883,0x0883,0x0883,0x0883,0x0883,0x0882,0x0882,0x0882,0x0882,0x0882,0x0882,
  0x0882,0x0882,0x0882,0x0882,0x0882,0x0882,0x19A7,0x08C3,0x0041,0x0041,0x0041,0x0041,0x0041,0x0041,0x0041,0x0041,
  0x0041,0x0041,0x0041,0x0041,0x0041,0x0041,0x0041,0x0041,0x0041,0x2209,0x08A3,0x08A3,0x08A3,0x08A3,0x08A3,0x08A3,
  0x08A3,0x08A3,0x08A3,0x08A3,0x08A3,0x08A3,0x08A3,0x08A3,0x08A3,0x08A3,0x08A3,0x08A3,0x08A3,0x08A3,0x0882,0x0882,
  0x0882,0x0882,0x0882,0x0882,0x0882,0x0882,0x0882,0x0882,0x0882,0x0882,0x0882,0x0882,0x0882,0x0882,0x0882,0x0882,
  0x0882,0x0882,0x0882,0x0882,0x0882,0x0882,0x0882,0x0882,0x0882,0x08A3,0x08A3,0x08A3,0x08A3,0x08A3,0x08A3,0x08A3,
  0x08A3,0x08A3,0x08A3,0x08A3,0x08A3,0x08A3,0x08A3,0x08A3,0x08A3,0x08A3,0x08A3,0x08A3,0x21A8,0x08A3,0x08A3,0x08A3,
  0x08A3,0x08A3,0x08A3,0x08A3,0x08A3,0x08A3,0x08A3,0x08A3,0x08A3,0x08A3,0x08A3,0x08A3,0x08A3,0x08A3,0x08A3,0x08A3,
  0x08A3,0x08A3,0x08A3,0x08A3,0x08A3,0x08A3,0x08A3,0x08A3,0x08A3,0x08A3,0x08A3,0x08A3,0x08A3,0x08A3,0x08A3,0x08A3,
  0x08A3,0x08A3,0x08A3,0x08A3,0x08A3,0x08A3,0x08A3,0x08A3,0x08A3,0x08A3,0x08A3,0x08A3,0x08A3,0x08A3,0x08A3,0x08A3,
  0x08A3,0x08A3,0x08A3,0x08A3,0x08A3,0x08A3,0x08A3,0x08A3,0x08A3,0x08A3,0x08A3,0x08A3,0x08A3,0x08A3,0x08A3,0x08A3,
  0x08A3,0x08A3,0x08A3,0x08A3,0x08A3,0x08A3,0x08A3,0x08A3,0x08A3,0x08A3,0x08A3,0x08A3,0x21A8,0x08A3,0x08A3,0x08A3,
  0x08A3,0x08A3,0x08A3,0x08A3,0x08A3,0x08A3,0x08A3,0x08A3,0x08A3,0x08A3,0x08A3,0x08A3,0x08A3,0x08A3,0x08A3,0x08A3,
  0x08A3,0x08A3,0x08A3,0x08A3,0x08A3,0x08A3,0x08A3,0x08A3,0x08A3,0x08A3,0x08A3,0x08A3,0x08A3,0x08A3,0x08A3,0x08A3,
  0x08A3,0x08A3,0x08A3,0x08A3,0x08A3,0x08A3,0x08A3,0x08A3,0x08A3,0x08A3,0x08A3,0x08A3,0x08A3,0x08A3,0x08A3,0x08A3,
  0x08A3,0x08A3,0x08A3,0x08A3,0x08A3,0x08A3,0x08A3,0x08A3,0x08A3,0x08A3,0x08A3,0x08A3,0x08A3,0x08A3,0x08A3,0x0883,
  0x0883,0x0883,0x0883,0x0883,0x0883,0x0883,0x0883,0x0883,0x0883,0x0883,0x0883,0x0883,0x21A8,0x0883,0x0883,0x0883,
  0x0883,0x0883,0x0883,0x0883,0x0883,0x0883,0x0883,0x0883,0x0883,0x0883,0x0883,0x0883,0x0883,0x0883,0x0883,0x0883,
  0x0883,0x0883,0x0883,0x0883,0x0883,0x0883,0x0883,0x0883,0x0883,0x0883,0x0883,0x0883,0x0883,0x0883,0x0883,0x0883,
  0x0883,0x0883,0x0883,0x0883,0x0883,0x0883,0x0883,0x0883,0x0883,0x0883,0x0883,0x0883,0x0883,0x0883,0x0883,0x0883,
  0x0883,0x0883,0x0883,0x0883,0x0883,0x0883,0x0883,0x0882,0x0882,0x0882,0x0882,0x0882,0x0882,0x0882,0x0882,0x0882,
  0x0882,0x0882,0x0882,0x0882,0x0882,0x0882,0x19A7,0x08C3,0x0041,0x0041,0x0041,0x0041,0x0041,0x0041,0x0041,0x0041,
  0x0041,0x0041,0x0041,0x0041,0x0041,0x0041,0x0041,0x0041,0x0041,0x2209,0x08A3,0x08A3,0x08A3,0x08A3,0x08A3,0x08A3,
  0x08A3,0x08A3,0x08A3,0x08A3,0x08A3,0x08A3,0x08A3,0x08A3,0x08A3,0x08A3,0x08A3,0x08A3,0x08A3,0x0882,0x0882,0x0882,
  0x0882,0x0882,0x0882,0x0882,0x0882,0x0882,0x0882,0x0882,0x0882,0x0882,0x0882,0x0882,0x0882,0x0882,0x0882,0x0882,
  0x0882,0x0882,0x0882,0x0882,0x0882,0x0882,0x0882,0x0882,0x0882,0x08A3,0x08A3,0x08A3,0x08A3,0x08A3,0x08A3,0x08A3,
  0x08A3,0x08A3,0x08A3,0x08A3,0x08A3,0x08A3,0x08A3,0x08A3,0x08A3,0x08A3,0x08A3,0x08A3,0x21A8,0x08A3,0x08A3,0x08A3,
  0x08A3,0x08A3,0x08A3,0x08A3,0x08A3,0x08A3,0x08A3,0x08A3,0x08A3,0x08A3,0x08A3,0x08A3,0x08A3,0x08A3,0x08A3,0x08A3,
  0x08A3,0x08A3,0x08A3,0x08A3,0x08A3,0x08A3,0x08A3,0x08A3,0x08A3,0x08A3,0x08A3,0x08A3,0x08A3,0x08A3,0x08A3,0x08A3,
  0x08A3,0x08A3,0x08A3,0x08A3,0x08A3,0x08A3,0x08A3,0x08A3,0x08A3,0x08A3,0x08A3,0x08A3,0x08A3,0x08A3,0x08A3,0x08A3,
  0x08A3,0x08A3,0x08A3,0x08A3,0x08A3,0x08A3,0x08A3,0x08A3,0x08A3,0x08A3,0x08A3,0x08A3,0x08A3,0x08A3,0x08A3,0x08A3,
  0x08A3,0x08A3,0x08A3,0x08A3,0x08A3,0x08A3,0x08A3,0x08A3,0x08A3,0x08A3,0x08A3,0x08A3,0x21A8,0x08A3,0x08A3,0x08A3,
  0x08A3,0x08A3,0x08A3,0x08A3,0x08A3,0x08A3,0x08A3,0x08A3,0x08A3,0x08A3,0x08A3,0x08A3,0x08A3,0x08A3,0x08A3,0x08A3,
  0x08A3,0x08A3,0x08A3,0x08A3,0x08A3,0x08A3,0x08A3,0x08A3,0x08A3,0x08A3,0x08A3,0x08A3,0x08A3,0x08A3,0x08A3,0x08A3,
  0x08A3,0x08A3,0x08A3,0x08A3,0x08A3,0x08A3,0x08A3,0x08A3,0x08A3,0x08A3,0x08A3,0x08A3,0x08A3,0x08A3,0x08A3,0x08A3,
  0x08A3,0x08A3,0x08A3,0x08A3,0x08A3,0x08A3,0x08A3,0x08A3,0x08A3,0x08A3,0x08A3,0x08A3,0x0883,0x0883,0x0883,0x0883,
  0x0883,0x0883,0x0883,0x0883,0x0883,0x0883,0x0883,0x0883,0x0883,0x0883,0x0883,0x0883,0x21A8,0x0883,0x0883,0x0883,
  0x0883,0x0883,0x0883,0x0883,0x0883,0x0883,0x0883,0x0883,0x0883,0x0883,0x0883,0x0883,0x0883,0x0883,0x0883,0x0883,
  0x0883,0x0883,0x0883,0x0883,0x0883,0x0883,0x0883,0x0883,0x0883,0x0883,0x0883,0x0883,0x0883,0x0883,0x0883,0x0883,
  0x0883,0x0883,0x0883,0x0883,0x0883,0x0883,0x0883,0x0883,0x0883,0x0883,0x0883,0x0883,0x0883,0x0883,0x0883,0x0883,
  0x0883,0x0883,0x0883,0x0883,0x0882,0x0882,0x0882,0x0882,0x0882,0x0882,0x0882,0x0882,0x0882,0x0882,0x0882,0x0882,
  0x0882,0x0882,0x0882,0x0882,0x0882,0x0882,0x19A7,0x08C3,0x0041,0x0041,0x0041,0x0041,0x0041,0x0041,0x0041,0x0041,
  0x0041,0x0041,0x0041,0x0041,0x0041,0x0041,0x0041,0x0041,0x0041,0x2209,0x08A3,0x08A3,0x08A3,0x08A3,0x08A3,0x08A3,
  0x08A3,0x08A3,0x08A3,0x08A3,0x08A3,0x08A3,0x08A3,0x08A3,0x08A3,0x08A3,0x08A3,0x08A3,0x08A3,0x0882,0x0882,0x0882,
  0x0882,0x0882,0x0882,0x0882,0x0882,0x0882,0x0882,0x0882,0x0882,0x0882,0x0882,0x0882,0x0882,0x0882,0x0882,0x0882,
  0x0882,0x0882,0x0882,0x0882,0x0882,0x0882,0x0882,0x0882,0x0882,0x08A3,0x08A3,0x08A3,0x08A3,0x08A3,0x08A3,0x08A3,
  0x08A3,0x08A3,0x08A3,0x08A3,0x08A3,0x08A3,0x08A3,0x08A3,0x08A3,0x08A3,0x08A3,0x08A3,0x21A8,0x08A3,0x08A3,0x08A3,
  0x08A3,0x08A3,0x08A3,0x08A3,0x08A3,0x08A3,0x08A3,0x08A3,0x08A3,0x08A3,0x08A3,0x08A3,0x08A3,0x08A3,0x08A3,0x08A3,
  0x08A3,0x08A3,0x08A3,0x08A3,0x08A3,0x08A3,0x08A3,0x08A3,0x08A3,0x08A3,0x08A3,0x08A3,0x08A3,0x08A3,0x08A3,0x08A3,
  0x08A3,0x08A3,0x08A3,0x08A3,0x08A3,0x08A3,0x08A3,0x08A3,0x08A3,0x08A3,0x08A3,0x08A3,0x08A3,0x08A3,0x08A3,0x08A3,
  0x08A3,0x08A3,0x08A3,0x08A3,0x08A3,0x08A3,0x08A3,0x08A3,0x08A3,0x08A3,0x08A3,0x08A3,0x08A3,0x08A3,0x08A3,0x08A3,
  0x08A3,0x08A3,0x08A3,0x08A3,0x08A3,0x08A3,0x08A3,0x08A3,0x08A3,0x08A3,0x08A3,0x08A3,0x21A8,0x08A3,0x08A3,0x08A3,
  0x08A3,0x08A3,0x08A3,0x08A3,0x08A3,0x08A3,0x08A3,0x08A3,0x08A3,0x08A3,0x08A3,0x08A3,0x08A3,0x08A3,0x08A3,0x08A3,
  0x08A3,0x08A3,0x08A3,0x08A3,0x08A3,0x08A3,0x08A3,0x08A3,0x08A3,0x08A3,0x08A3,0x08A3,0x08A3,0x08A3,0x08A3,0x08A3,
  0x08A3,0x08A3,0x08A3,0x08A3,0x08A3,0x08A3,0x08A3,0x08A3,0x08A3,0x08A3,0x08A3,0x08A3,0x08A3,0x08A3,0x08A3,0x08A3,
  0x08A3,0x08A3,0x08A3,0x08A3,0x08A3,0x08A3,0x08A3,0x08A3,0x08A3,0x0883,0x0883,0x0883,0x0883,0x0883,0x0883,0x0883,
  0x0883,0x0883,0x0883,0x0883,0x0883,0x0883,0x0883,0x0883,0x0883,0x0883,0x0883,0x0883,0x21A8,0x0883,0x0883,0x0883,
  0x0883,0x0883,0x0883,0x0883,0x0883,0x0883,0x0883,0x0883,0x0883,0x0883,0x0883,0x0883,0x0883,0x0883,0x0883,0x0883,
  0x0883,0x0883,0x0883,0x0883,0x0883,0x0883,0x0883,0x0883,0x0883,0x0883,0x0883,0x0883,0x0883,0x0883,0x0883,0x0883,
  0x0883,0x0883,0x0883,0x0883,0x0883,0x0883,0x0883,0x0883,0x0883,0x0883,0x0883,0x0883,0x0883,0x0883,0x0883,0x0883,
  0x0883,0x0882,0x0882,0x0882,0x0882,0x0882,0x0882,0x0882,0x0882,0x0882,0x0882,0x0882,0x0882,0x0882,0x0882,0x0882,
  0x0882,0x0882,0x0882,0x0882,0x0882,0x0882,0x19A7,0x08C3,0x0041,0x0041,0x0041,0x0041,0x0041,0x0041,0x0041,0x0041,
  0x0041,0x0041,0x0041,0x0041,0x0041,0x0041,0x0041,0x0041,0x0041,0x2209,0x08A3,0x08A3,0x08A3,0x08A3,0x08A3,0x08A3,
  0x08A3,0x08A3,0x08A3,0x08A3,0x08A3,0x08A3,0x08A3,0x08A3,0x08A3,0x08A3,0x08A3,0x08A3,0x08A3,0x0882,0x0882,0x0882,
  0x0882,0x0882,0x0882,0x0882,0x0882,0x0882,0x0882,0x0882,0x0882,0x0882,0x0882,0x0882,0x0882,0x0882,0x0882,0x0882,
  0x0882,0x0882,0x0882,0x0882,0x0882,0x0882,0x0882,0x0882,0x0882,0x0883,0x08A3,0x08A3,0x08A3,0x08A3,0x08A3,0x08A3,
  0x08A3,0x08A3,0x08A3,0x08A3,0x08A3,0x08A3,0x08A3,0x08A3,0x08A3,0x08A3,0x08A3,0x08A3,0x21A8,0x08A3,0x08A3,0x08A3,
  0x08A3,0x08A3,0x08A3,0x08A3,0x08A3,0x08A3,0x08A3,0x08A3,0x08A3,0x08A3,0x08A3,0x08A3,0x08A3,0x08A3,0x08A3,0x08A3,
  0x08A3,0x08A3,0x08A3,0x08A3,0x08A3,0x08A3,0x08A3,0x08A3,0x08A3,0x08A3,0x08A3,0x08A3,0x08A3,0x08A3,0x08A3,0x08A3,
  0x08A3,0x08A3,0x08A3,0x08A3,0x08A3,0x08A3,0x08A3,0x08A3,0x08A3,0x08A3,0x08A3,0x08A3,0x08A3,0x08A3,0x08A3,0x08A3,
  0x08A3,0x08A3,0x08A3,0x08A3,0x08A3,0x08A3,0x08A3,0x08A3,0x08A3,0x08A3,0x08A3,0x08A3,0x08A3,0x08A3,0x08A3,0x08A3,
  0x08A3,0x08A3,0x08A3,0x08A3,0x08A3,0x08A3,0x08A3,0x08A3,0x08A3,0x08A3,0x08A3,0x08A3,0x21A8,0x08A3,0x08A3,0x08A3,
  0x08A3,0x08A3,0x08A3,0x08A3,0x08A3,0x08A3,0x08A3,0x08A3,0x08A3,0x08A3,0x08A3,0x08A3,0x08A3,0x08A3,0x08A3,0x08A3,
  0x08A3,0x08A3,0x08A3,0x08A3,0x08A3,0x08A3,0x08A3,0x08A3,0x08A3,0x08A3,0x08A3,0x08A3,0x08A3,0x08A3,0x08A3,0x08A3,
  0x08A3,0x08A3,0x08A3,0x08A3,0x08A3,0x08A3,0x08A3,0x08A3,0x08A3,0x08A3,0x08A3,0x08A3,0x08A3,0x08A3,0x08A3,0x08A3,
  0x08A3,0x08A3,0x08A3,0x08A3,0x08A3,0x08A3,0x0883,0x0883,0x0883,0x0883,0x0883,0x0883,0x0883,0x0883,0x0883,0x0883,
  0x0883,0x0883,0x0883,0x0883,0x0883,0x0883,0x0883,0x0883,0x0883,0x0883,0x0883,0x0883,0x21A8,0x0883,0x0883,0x0883,
  0x0883,0x0883,0x0883,0x0883,0x0883,0x0883,0x0883,0x0883,0x0883,0x0883,0x0883,0x0883,0x0883,0x0883,0x0883,0x0883,
  0x0883,0x0883,0x0883,0x0883,0x0883,0x0883,0x0883,0x0883,0x0883,0x0883,0x0883,0x0883,0x0883,0x0883,0x0883,0x0883,
  0x0883,0x0883,0x0883,0x0883,0x0883,0x0883,0x0883,0x0883,0x0883,0x0883,0x0883,0x0883,0x0883,0x0883,0x0882,0x0882,
  0x0882,0x0882,0x0882,0x0882,0x0882,0x0882,0x0882,0x0882,0x0882,0x0882,0x0882,0x0882,0x0882,0x0882,0x0882,0x0882,
  0x0882,0x0882,0x0882,0x0882,0x0882,0x0882,0x19A7,0x08C3,0x0041,0x0041,0x0041,0x0041,0x0041,0x0041,0x0041,0x0041,
  0x0041,0x0041,0x0041,0x0041,0x0041,0x0041,0x0041,0x0041,0x0041,0x2209,0x08A3,0x08A3,0x08A3,0x08A3,0x08A3,0x08A3,
  0x08A3,0x08A3,0x08A3,0x08A3,0x08A3,0x08A3,0x08A3,0x08A3,0x08A3,0x08A3,0x08A3,0x08A3,0x0883,0x0882,0x0882,0x0882,
  0x0882,0x0882,0x0882,0x0882,0x0882,0x0882,0x0882,0x0882,0x0882,0x0882,0x0882,0x0882,0x0882,0x0882,0x0882,0x0882,
  0x0882,0x0882,0x0882,0x0882,0x0882,0x0882,0x0882,0x0882,0x0882,0x0882,0x08A3,0x08A3,0x08A3,0x08A3,0x08A3,0x08A3,
  0x08A3,0x08A3,0x08A3,0x08A3,0x08A3,0x08A3,0x08A3,0x08A3,0x08A3,0x08A3,0x08A3,0x08A3,0x21A8,0x08A3,0x08A3,0x08A3,
  0x08A3,0x08A3,0x08A3,0x08A3,0x08A3,0x08A3,0x08A3,0x08A3,0x08A3,0x08A3,0x08A3,0x08A3,0x08A3,0x08A3,0x08A3,0x08A3,
  0x08A3,0x08A3,0x08A3,0x08A3,0x08A3,0x08A3,0x08A3,0x08A3,0x08A3,0x08A3,0x08A3,0x08A3,0x08A3,0x08A3,0x08A3,0x08A3,
  0x08A3,0x08A3,0x08A3,0x08A3,0x08A3,0x08A3,0x08A3,0x08A3,0x08A3,0x08A3,0x08A3,0x08A3,0x08A3,0x08A3,0x08A3,0x08A3,
  0x08A3,0x08A3,0x08A3,0x08A3,0x08A3,0x08A3,0x08A3,0x08A3,0x08A3,0x08A3,0x08A3,0x08A3,0x08A3,0x08A3,0x08A3,0x08A3,
  0x08A3,0x08A3,0x08A3,0x08A3,0x08A3,0x08A3,0x08A3,0x08A3,0x08A3,0x08A3,0x08A3,0x08A3,0x21A8,0x08A3,0x08A3,0x08A3,
  0x08A3,0x08A3,0x08A3,0x08A3,0x08A3,0x08A3,0x08A3,0x08A3,0x08A3,0x08A3,0x08A3,0x08A3,0x08A3,0x08A3,0x08A3,0x08A3,
  0x08A3,0x08A3,0x08A3,0x08A3,0x08A3,0x08A3,0x08A3,0x08A3,0x08A3,0x08A3,0x08A3,0x08A3,0x08A3,0x08A3,0x08A3,0x08A3,
  0x08A3,0x08A3,0x08A3,0x08A3,0x08A3,0x08A3,0x08A3,0x08A3,0x08A3,0x08A3,0x08A3,0x08A3,0x08A3,0x08A3,0x08A3,0x08A3,
  0x08A3,0x08A3,0x08A3,0x0883,0x0883,0x0883,0x0883,0x0883,0x0883,0x0883,0x0883,0x0883,0x0883,0x0883,0x0883,0x0883,
  0x0883,0x0883,0x0883,0x0883,0x0883,0x0883,0x0883,0x0883,0x0883,0x0883,0x0883,0x0883,0x21A8,0x0883,0x0883,0x0883,
  0x0883,0x0883,0x0883,0x0883,0x0883,0x0883,0x0883,0x0883,0x0883,0x0883,0x0883,0x0883,0x0883,0x0883,0x0883,0x0883,
  0x0883,0x0883,0x0883,0x0883,0x0883,0x0883,0x0883,0x0883,0x0883,0x0883,0x0883,0x0883,0x0883,0x0883,0x0883,0x0883,
  0x0883,0x0883,0x0883,0x0883,0x0883,0x0883,0x0883,0x0883,0x0883,0x0883,0x0883,0x0882,0x0882,0x0882,0x0882,0x0882,
  0x0882,0x0882,0x0882,0x0882,0x0882,0x0882,0x0882,0x0882,0x0882,0x0882,0x0882,0x0882,0x0882,0x0882,0x0882,0x0882,
  0x0882,0x0882,0x0882,0x0882,0x0882,0x0882,0x19A7,0x08C3,0x0041,0x0041,0x0041,0x0041,0x0041,0x0041,0x0041,0x0041,
  0x0041,0x0041,0x0041,0x0041,0x0041,0x0041,0x0041,0x0041,0x0041,0x2209,0x08A3,0x08A3,0x08A3,0x08A3,0x08A3,0x08A3,
  0x08A3,0x08A3,0x08A3,0x08A3,0x08A3,0x08A3,0x08A3,0x08A3,0x08A3,0x08A3,0x08A3,0x08A3,0x0883,0x0882,0x0882,0x0882,
  0x0882,0x0882,0x0882,0x0882,0x0882,0x0882,0x0882,0x0882,0x0882,0x0882,0x0882,0x0882,0x0882,0x0882,0x0882,0x0882,
  0x0882,0x0882,0x0882,0x0882,0x0882,0x0882,0x0882,0x0882,0x0882,0x0882,0x08A3,0x08A3,0x08A3,0x08A3,0x08A3,0x08A3,
  0x08A3,0x08A3,0x08A3,0x08A3,0x08A3,0x08A3,0x08A3,0x08A3,0x08A3,0x08A3,0x08A3,0x08A3,0x21A8,0x08A3,0x08A3,0x08A3,
  0x08A3,0x08A3,0x08A3,0x08A3,0x08A3,0x08A3,0x08A3,0x08A3,0x08A3,0x08A3,0x08A3,0x08A3,0x08A3,0x08A3,0x08A3,0x08A3,
  0x08A3,0x08A3,0x08A3,0x08A3,0x08A3,0x08A3,0x08A3,0x08A3,0x08A3,0x08A3,0x08A3,0x08A3,0x08A3,0x08A3,0x08A3,0x08A3,
  0x08A3,0x08A3,0x08A3,0x08A3,0x08A3,0x08A3,0x08A3,0x08A3,0x08A3,0x08A3,0x08A3,0x08A3,0x08A3,0x08A3,0x08A3,0x08A3,
  0x08A3,0x08A3,0x08A3,0x08A3,0x08A3,0x08A3,0x08A3,0x08A3,0x08A3,0x08A3,0x08A3,0x08A3,0x08A3,0x08A3,0x08A3,0x08A3,
  0x08A3,0x08A3,0x08A3,0x08A3,0x08A3,0x08A3,0x08A3,0x08A3,0x08A3,0x08A3,0x08A3,0x08A3,0x21A8,0x08A3,0x08A3,0x08A3,
  0x08A3,0x08A3,0x08A3,0x08A3,0x08A3,0x08A3,0x08A3,0x08A3,0x08A3,0x08A3,0x08A3,0x08A3,0x08A3,0x08A3,0x08A3,0x08A3,
  0x08A3,0x08A3,0x08A3,0x08A3,0x08A3,0x08A3,0x08A3,0x08A3,0x08A3,0x08A3,0x08A3,0x08A3,0x08A3,0x08A3,0x08A3,0x08A3,
  0x08A3,0x08A3,0x08A3,0x08A3,0x08A3,0x08A3,0x08A3,0x08A3,0x08A3,0x08A3,0x08A3,0x08A3,0x08A3,0x08A3,0x08A3,0x08A3,
  0x0883,0x0883,0x0883,0x0883,0x0883,0x0883,0x0883,0x0883,0x0883,0x0883,0x0883,0x0883,0x0883,0x0883,0x0883,0x0883,
  0x0883,0x0883,0x0883,0x0883,0x0883,0x0883,0x0883,0x0883,0x0883,0x0883,0x0883,0x0883,0x21A8,0x0883,0x0883,0x0883,
  0x0883,0x0883,0x0883,0x0883,0x0883,0x0883,0x0883,0x0883,0x0883,0x0883,0x0883,0x0883,0x0883,0x0883,0x0883,0x0883,
  0x0883,0x0883,0x0883,0x0883,0x0883,0x0883,0x0883,0x0883,0x0883,0x0883,0x0883,0x0883,0x0883,0x0883,0x0883,0x0883,
  0x0883,0x0883,0x0883,0x0883,0x0883,0x0883,0x0883,0x0883,0x0882,0x0882,0x0882,0x0882,0x0882,0x0882,0x0882,0x0882,
  0x0882,0x0882,0x0882,0x0882,0x0882,0x0882,0x0882,0x0882,0x0882,0x0882,0x0882,0x0882,0x0882,0x0882,0x0882,0x0882,
  0x0882,0x0882,0x0882,0x0882,0x0882,0x0882,0x19A7,0x08C3,0x0041,0x0041,0x0041,0x0041,0x0041,0x0041,0x0041,0x0041,
  0x0041,0x0041,0x0041,0x0041,0x0041,0x0041,0x0041,0x0041,0x0041,0x2209,0x08A3,0x08A3,0x08A3,0x08A3,0x08A3,0x08A3,
  0x08A3,0x08A3,0x08A3,0x08A3,0x08A3,0x08A3,0x08A3,0x08A3,0x08A3,0x08A3,0x08A3,0x08A3,0x0883,0x0882,0x0882,0x0882,
  0x0882,0x0882,0x0882,0x0882,0x0882,0x0882,0x0882,0x0882,0x0882,0x0882,0x0882,0x0882,0x0882,0x0882,0x0882,0x0882,
  0x0882,0x0882,0x0882,0x0882,0x0882,0x0882,0x0882,0x0882,0x0882,0x0882,0x08A3,0x08A3,0x08A3,0x08A3,0x08A3,0x08A3,
  0x08A3,0x08A3,0x08A3,0x08A3,0x08A3,0x08A3,0x08A3,0x08A3,0x08A3,0x08A3,0x08A3,0x08A3,0x21A8,0x08A3,0x08A3,0x08A3,
  0x08A3,0x08A3,0x08A3,0x08A3,0x08A3,0x08A3,0x08A3,0x08A3,0x08A3,0x08A3,0x08A3,0x08A3,0x08A3,0x08A3,0x08A3,0x08A3,
  0x08A3,0x08A3,0x08A3,0x08A3,0x08A3,0x08A3,0x08A3,0x08A3,0x08A3,0x08A3,0x08A3,0x08A3,0x08A3,0x08A3,0x08A3,0x08A3,
  0x08A3,0x08A3,0x08A3,0x08A3,0x08A3,0x08A3,0x08A3,0x08A3,0x08A3,0x08A3,0x08A3,0x08A3,0x08A3,0x08A3,0x08A3,0x08A3,
  0x08A3,0x08A3,0x08A3,0x08A3,0x08A3,0x08A3,0x08A3,0x08A3,0x08A3,0x08A3,0x08A3,0x08A3,0x08A3,0x08A3,0x08A3,0x08A3,
  0x08A3,0x08A3,0x08A3,0x08A3,0x08A3,0x08A3,0x08A3,0x08A3,0x08A3,0x08A3,0x08A3,0x08A3,0x21A8,0x08A3,0x08A3,0x08A3,
  0x08A3,0x08A3,0x08A3,0x08A3,0x08A3,0x08A3,0x08A3,0x08A3,0x08A3,0x08A3,0x08A3,0x08A3,0x08A3,0x08A3,0x08A3,0x08A3,
  0x08A3,0x08A3,0x08A3,0x08A3,0x08A3,0x08A3,0x08A3,0x08A3,0x08A3,0x08A3,0x08A3,0x08A3,0x08A3,0x08A3,0x08A3,0x08A3,
  0x08A3,0x08A3,0x08A3,0x08A3,0x08A3,0x08A3,0x08A3,0x08A3,0x08A3,0x08A3,0x08A3,0x08A3,0x08A3,0x0883,0x0883,0x0883,
  0x0883,0x0883,0x0883,0x0883,0x0883,0x0883,0x0883,0x0883,0x0883,0x0883,0x0883,0x0883,0x0883,0x0883,0x0883,0x0883,
  0x0883,0x0883,0x0883,0x0883,0x0883,0x0883,0x0883,0x0883,0x0883,0x0883,0x0883,0x0883,0x21A8,0x0883,0x0883,0x0883,
  0x0883,0x0883,0x0883,0x0883,0x0883,0x0883,0x0883,0x0883,0x0883,0x0883,0x0883,0x0883,0x0883,0x0883,0x0883,0x0883,
  0x0883,0x0883,0x0883,0x0883,0x0883,0x0883,0x0883,0x0883,0x0883,0x0883,0x0883,0x0883,0x0883,0x0883,0x0883,0x0883,
  0x0883,0x0883,0x0883,0x0883,0x0883,0x0882,0x0882,0x0882,0x0882,0x0882,0x0882,0x0882,0x0882,0x0882,0x0882,0x0882,
  0x0882,0x0882,0x0882,0x0882,0x0882,0x0882,0x0882,0x0882,0x0882,0x0882,0x0882,0x0882,0x0882,0x0882,0x0882,0x0882,
  0x0882,0x0882,0x0882,0x0882,0x0882,0x0882,0x19A7,0x08C3,0x0041,0x0041,0x0041,0x0041,0x0041,0x0041,0x0041,0x0041,
  0x0041,0x0041,0x0041,0x0041,0x0041,0x0041,0x0041,0x0041,0x0041,0x2209,0x08A3,0x08A3,0x08A3,0x08A3,0x08A3,0x08A3,
  0x08A3,0x08A3,0x08A3,0x08A3,0x08A3,0x08A3,0x08A3,0x08A3,0x08A3,0x08A3,0x08A3,0x08A3,0x0883,0x0882,0x0882,0x0882,
  0x0882,0x0882,0x0882,0x0882,0x0882,0x0882,0x0882,0x0882,0x0882,0x0882,0x0882,0x0882,0x0882,0x0882,0x0882,0x0882,
  0x0882,0x0882,0x0882,0x0882,0x0882,0x0882,0x0882,0x0882,0x0882,0x0882,0x08A3,0x08A3,0x08A3,0x08A3,0x08A3,0x08A3,
  0x08A3,0x08A3,0x08A3,0x08A3,0x08A3,0x08A3,0x08A3,0x08A3,0x08A3,0x08A3,0x08A3,0x08A3,0x21A8,0x08A3,0x08A3,0x08A3,
  0x08A3,0x08A3,0x08A3,0x08A3,0x08A3,0x08A3,0x08A3,0x08A3,0x08A3,0x08A3,0x08A3,0x08A3,0x08A3,0x08A3,0x08A3,0x08A3,
  0x08A3,0x08A3,0x08A3,0x08A3,0x08A3,0x08A3,0x08A3,0x08A3,0x08A3,0x08A3,0x08A3,0x08A3,0x08A3,0x08A3,0x08A3,0x08A3,
  0x08A3,0x08A3,0x08A3,0x08A3,0x08A3,0x08A3,0x08A3,0x08A3,0x08A3,0x08A3,0x08A3,0x08A3,0x08A3,0x08A3,0x08A3,0x08A3,
  0x08A3,0x08A3,0x08A3,0x08A3,0x08A3,0x08A3,0x08A3,0x08A3,0x08A3,0x08A3,0x08A3,0x08A3,0x08A3,0x08A3,0x08A3,0x08A3,
  0x08A3,0x08A3,0x08A3,0x08A3,0x08A3,0x08A3,0x08A3,0x08A3,0x08A3,0x08A3,0x08A3,0x08A3,0x21A8,0x08A3,0x08A3,0x08A3,
  0x08A3,0x08A3,0x08A3,0x08A3,0x08A3,0x08A3,0x08A3,0x08A3,0x08A3,0x08A3,0x08A3,0x08A3,0x08A3,0x08A3,0x08A3,0x08A3,
  0x08A3,0x08A3,0x08A3,0x08A3,0x08A3,0x08A3,0x08A3,0x08A3,0x08A3,0x08A3,0x08A3,0x08A3,0x08A3,0x08A3,0x08A3,0x08A3,
  0x08A3,0x08A3,0x08A3,0x08A3,0x08A3,0x08A3,0x08A3,0x08A3,0x08A3,0x08A3,0x0883,0x0883,0x0883,0x0883,0x0883,0x0883,
  0x0883,0x0883,0x0883,0x0883,0x0883,0x0883,0x0883,0x0883,0x0883,0x0883,0x0883,0x0883,0x0883,0x0883,0x0883,0x0883,
  0x0883,0x0883,0x0883,0x0883,0x0883,0x0883,0x0883,0x0883,0x0883,0x0883,0x0883,0x0883,0x21A8,0x0883,0x0883,0x0883,
  0x0883,0x0883,0x0883,0x0883,0x0883,0x0883,0x0883,0x0883,0x0883,0x0883,0x0883,0x0883,0x0883,0x0883,0x0883,0x0883,
  0x0883,0x0883,0x0883,0x0883,0x0883,0x0883,0x0883,0x0883,0x0883,0x0883,0x0883,0x0883,0x0883,0x0883,0x0883,0x0883,
  0x0883,0x0883,0x0882,0x0882,0x0882,0x0882,0x0882,0x0882,0x0882,0x0882,0x0882,0x0882,0x0882,0x0882,0x0882,0x0882,
  0x0882,0x0882,0x0882,0x0882,0x0882,0x0882,0x0882,0x0882,0x0882,0x0882,0x0882,0x0882,0x0882,0x0882,0x0882,0x0882,
  0x0882,0x0882,0x0882,0x0882,0x0882,0x0882,0x19A7,0x08C3,0x0041,0x0041,0x0041,0x0041,0x0041,0x0041,0x0041,0x0041,
  0x0041,0x0041,0x0041,0x0041,0x0041,0x0041,0x0041,0x0041,0x0041,0x2209,0x08A3,0x08A3,0x08A3,0x08A3,0x08A3,0x08A3,
  0x08A3,0x08A3,0x08A3,0x08A3,0x08A3,0x08A3,0x08A3,0x08A3,0x08A3,0x08A3,0x08A3,0x08A3,0x08A3,0x0882,0x0882,0x0882,
  0x0882,0x0882,0x0882,0x0882,0x0882,0x0882,0x0882,0x0882,0x0882,0x0882,0x0882,0x0882,0x0882,0x0882,0x0882,0x0882,
  0x0882,0x0882,0x0882,0x0882,0x0882,0x0882,0x0882,0x0882,0x0882,0x0883,0x08A3,0x08A3,0x08A3,0x08A3,0x08A3,0x08A3,
  0x08A3,0x08A3,0x08A3,0x08A3,0x08A3,0x08A3,0x08A3,0x08A3,0x08A3,0x08A3,0x08A3,0x08A3,0x21A8,0x08A3,0x08A3,0x08A3,
  0x08A3,0x08A3,0x08A3,0x08A3,0x08A3,0x08A3,0x08A3,0x08A3,0x08A3,0x08A3,0x08A3,0x08A3,0x08A3,0x08A3,0x08A3,0x08A3,
  0x08A3,0x08A3,0x08A3,0x08A3,0x08A3,0x08A3,0x08A3,0x08A3,0x08A3,0x08A3,0x08A3,0x08A3,0x08A3,0x08A3,0x08A3,0x08A3,
  0x08A3,0x08A3,0x08A3,0x08A3,0x08A3,0x08A3,0x08A3,0x08A3,0x08A3,0x08A3,0x08A3,0x08A3,0x08A3,0x08A3,0x08A3,0x08A3,
  0x08A3,0x08A3,0x08A3,0x08A3,0x08A3,0x08A3,0x08A3,0x08A3,0x08A3,0x08A3,0x08A3,0x08A3,0x08A3,0x08A3,0x08A3,0x08A3,
  0x08A3,0x08A3,0x08A3,0x08A3,0x08A3,0x08A3,0x08A3,0x08A3,0x08A3,0x08A3,0x08A3,0x08A3,0x21A8,0x08A3,0x08A3,0x08A3,
  0x08A3,0x08A3,0x08A3,0x08A3,0x08A3,0x08A3,0x08A3,0x08A3,0x08A3,0x08A3,0x08A3,0x08A3,0x08A3,0x08A3,0x08A3,0x08A3,
  0x08A3,0x08A3,0x08A3,0x08A3,0x08A3,0x08A3,0x08A3,0x08A3,0x08A3,0x08A3,0x08A3,0x08A3,0x08A3,0x08A3,0x08A3,0x08A3,
  0x08A3,0x08A3,0x08A3,0x08A3,0x08A3,0x08A3,0x08A3,0x0883,0x0883,0x0883,0x0883,0x0883,0x0883,0x0883,0x0883,0x0883,
  0x0883,0x0883,0x0883,0x0883,0x0883,0x0883,0x0883,0x0883,0x0883,0x0883,0x0883,0x0883,0x0883,0x0883,0x0883,0x0883,
  0x0883,0x0883,0x0883,0x0883,0x0883,0x0883,0x0883,0x0883,0x0883,0x0883,0x0883,0x0883,0x21A8,0x0883,0x0883,0x0883,
  0x0883,0x0883,0x0883,0x0883,0x0883,0x0883,0x0883,0x0883,0x0883,0x0883,0x0883,0x0883,0x0883,0x0883,0x0883,0x0883,
  0x0883,0x0883,0x0883,0x0883,0x0883,0x0883,0x0883,0x0883,0x0883,0x0883,0x0883,0x0883,0x0883,0x0883,0x0883,0x0882,
  0x0882,0x0882,0x0882,0x0882,0x0882,0x0882,0x0882,0x0882,0x0882,0x0882,0x0882,0x0882,0x0882,0x0882,0x0882,0x0882,
  0x0882,0x0882,0x0882,0x0882,0x0882,0x0882,0x0882,0x0882,0x0882,0x0882,0x0882,0x0882,0x0882,0x0882,0x0882,0x0882,
  0x0882,0x0882,0x0882,0x0882,0x0882,0x0882,0x19A7,0x08C3,0x0041,0x0041,0x0041,0x0041,0x0041,0x0041,0x0041,0x0041,
  0x0041,0x0041,0x0041,0x0041,0x0041,0x0041,0x0041,0x0041,0x0041,0x2209,0x08A3,0x08A3,0x08A3,0x08A3,0x08A3,0x08A3,
  0x08A3,0x08A3,0x08A3,0x08A3,0x08A3,0x08A3,0x08A3,0x08A3,0x08A3,0x08A3,0x08A3,0x08A3,0x08A3,0x0882,0x0882,0x0882,
  0x0882,0x0882,0x0882,0x0882,0x0882,0x0882,0x0882,0x0882,0x0882,0x0882,0x0882,0x0882,0x0882,0x0882,0x0882,0x0882,
  0x0882,0x0882,0x0882,0x0882,0x0882,0x0882,0x0882,0x0882,0x0882,0x0883,0x08A3,0x08A3,0x08A3,0x08A3,0x08A3,0x08A3,
  0x08A3,0x08A3,0x08A3,0x08A3,0x08A3,0x08A3,0x08A3,0x08A3,0x08A3,0x08A3,0x08A3,0x08A3,0x21A8,0x08A3,0x08A3,0x08A3,
  0x08A3,0x08A3,0x08A3,0x08A3,0x08A3,0x08A3,0x08A3,0x08A3,0x08A3,0x08A3,0x08A3,0x08A3,0x08A3,0x08A3,0x08A3,0x08A3,
  0x08A3,0x08A3,0x08A3,0x08A3,0x08A3,0x08A3,0x08A3,0x08A3,0x08A3,0x08A3,0x08A3,0x08A3,0x08A3,0x08A3,0x08A3,0x08A3,
  0x08A3,0x08A3,0x08A3,0x08A3,0x08A3,0x08A3,0x08A3,0x08A3,0x08A3,0x08A3,0x08A3,0x08A3,0x08A3,0x08A3,0x08A3,0x08A3,
  0x08A3,0x08A3,0x08A3,0x08A3,0x08A3,0x08A3,0x08A3,0x08A3,0x08A3,0x08A3,0x08A3,0x08A3,0x08A3,0x08A3,0x08A3,0x08A3,
  0x08A3,0x08A3,0x08A3,0x08A3,0x08A3,0x08A3,0x08A3,0x08A3,0x08A3,0x08A3,0x08A3,0x08A3,0x21A8,0x08A3,0x08A3,0x08A3,
  0x08A3,0x08A3,0x08A3,0x08A3,0x08A3,0x08A3,0x08A3,0x08A3,0x08A3,0x08A3,0x08A3,0x08A3,0x08A3,0x08A3,0x08A3,0x08A3,
  0x08A3,0x08A3,0x08A3,0x08A3,0x08A3,0x08A3,0x08A3,0x08A3,0x08A3,0x08A3,0x08A3,0x08A3,0x08A3,0x08A3,0x08A3,0x08A3,
  0x08A3,0x08A3,0x08A3,0x08A3,0x0883,0x0883,0x0883,0x0883,0x0883,0x0883,0x0883,0x0883,0x0883,0x0883,0x0883,0x0883,
  0x0883,0x0883,0x0883,0x0883,0x0883,0x0883,0x0883,0x0883,0x0883,0x0883,0x0883,0x0883,0x0883,0x0883,0x0883,0x0883,
  0x0883,0x0883,0x0883,0x0883,0x0883,0x0883,0x0883,0x0883,0x0883,0x0883,0x0883,0x0883,0x21A8,0x0883,0x0883,0x0883,
  0x0883,0x0883,0x0883,0x0883,0x0883,0x0883,0x0883,0x0883,0x0883,0x0883,0x0883,0x0883,0x0883,0x0883,0x0883,0x0883,
  0x0883,0x0883,0x0883,0x0883,0x0883,0x0883,0x0883,0x0883,0x0883,0x0883,0x0883,0x0883,0x0882,0x0882,0x0882,0x0882,
  0x0882,0x0882,0x0882,0x0882,0x0882,0x0882,0x0882,0x0882,0x0882,0x0882,0x0882,0x0882,0x0882,0x0882,0x0882,0x0882,
  0x0882,0x0882,0x0882,0x0882,0x0882,0x0882,0x0882,0x0882,0x0882,0x0882,0x0882,0x0882,0x0882,0x0882,0x0882,0x0882,
  0x0882,0x0882,0x0882,0x0882,0x0882,0x0882,0x19A7,0x08C3,0x0041,0x0041,0x0041,0x0041,0x0041,0x0041,0x0041,0x0041,
  0x0041,0x0041,0x0041,0x0041,0x0041,0x0041,0x0041,0x0041,0x0041,0x2209,0x08A3,0x08A3,0x08A3,0x08A3,0x08A3,0x08A3,
  0x08A3,0x08A3,0x08A3,0x08A3,0x08A3,0x08A3,0x08A3,0x08A3,0x08A3,0x08A3,0x08A3,0x08A3,0x08A3,0x0882,0x0882,0x0882,
  0x0882,0x0882,0x0882,0x0882,0x0882,0x0882,0x0882,0x0882,0x0882,0x0882,0x0882,0x0882,0x0882,0x0882,0x0882,0x0882,
  0x0882,0x0882,0x0882,0x0882,0x0882,0x0882,0x0882,0x0882,0x0882,0x08A3,0x08A3,0x08A3,0x08A3,0x08A3,0x08A3,0x08A3,
  0x08A3,0x08A3,0x08A3,0x08A3,0x08A3,0x08A3,0x08A3,0x08A3,0x08A3,0x08A3,0x08A3,0x08A3,0x21A8,0x08A3,0x08A3,0x08A3,
  0x08A3,0x08A3,0x08A3,0x08A3,0x08A3,0x08A3,0x08A3,0x08A3,0x08A3,0x08A3,0x08A3,0x08A3,0x08A3,0x08A3,0x08A3,0x08A3,
  0x08A3,0x08A3,0x08A3,0x08A3,0x08A3,0x08A3,0x08A3,0x08A3,0x08A3,0x08A3,0x08A3,0x08A3,0x08A3,0x08A3,0x08A3,0x08A3,
  0x08A3,0x08A3,0x08A3,0x08A3,0x08A3,0x08A3,0x08A3,0x08A3,0x08A3,0x08A3,0x08A3,0x08A3,0x08A3,0x08A3,0x08A3,0x08A3,
  0x08A3,0x08A3,0x08A3,0x08A3,0x08A3,0x08A3,0x08A3,0x08A3,0x08A3,0x08A3,0x08A3,0x08A3,0x08A3,0x08A3,0x08A3,0x08A3,
  0x08A3,0x08A3,0x08A3,0x08A3,0x08A3,0x08A3,0x08A3,0x08A3,0x08A3,0x08A3,0x08A3,0x08A3,0x21A8,0x08A3,0x08A3,0x08A3,
  0x08A3,0x08A3,0x08A3,0x08A3,0x08A3,0x08A3,0x08A3,0x08A3,0x08A3,0x08A3,0x08A3,0x08A3,0x08A3,0x08A3,0x08A3,0x08A3,
  0x08A3,0x08A3,0x08A3,0x08A3,0x08A3,0x08A3,0x08A3,0x08A3,0x08A3,0x08A3,0x08A3,0x08A3,0x08A3,0x08A3,0x08A3,0x08A3,
  0x08A3,0x0883,0x0883,0x0883,0x0883,0x0883,0x0883,0x0883,0x0883,0x0883,0x0883,0x0883,0x0883,0x0883,0x0883,0x0883,
  0x0883,0x0883,0x0883,0x0883,0x0883,0x0883,0x0883,0x0883,0x0883,0x0883,0x0883,0x0883,0x0883,0x0883,0x0883,0x0883,
  0x0883,0x0883,0x0883,0x0883,0x0883,0x0883,0x0883,0x0883,0x0883,0x0883,0x0883,0x0883,0x21A8,0x0883,0x0883,0x0883,
  0x0883,0x0883,0x0883,0x0883,0x0883,0x0883,0x0883,0x0883,0x0883,0x0883,0x0883,0x0883,0x0883,0x0883,0x0883,0x0883,
  0x0883,0x0883,0x0883,0x0883,0x0883,0x0883,0x0883,0x0883,0x0883,0x0882,0x0882,0x0882,0x0882,0x0882,0x0882,0x0882,
  0x0882,0x0882,0x0882,0x0882,0x0882,0x0882,0x0882,0x0882,0x0882,0x0882,0x0882,0x0882,0x0882,0x0882,0x0882,0x0882,
  0x0882,0x0882,0x0882,0x0882,0x0882,0x0882,0x0882,0x0882,0x0882,0x0882,0x0882,0x0882,0x0882,0x0882,0x0882,0x0882,
  0x0882,0x0882,0x0882,0x0882,0x0882,0x0882,0x19A7,0x08C3,0x0041,0x0041,0x0041,0x0041,0x0041,0x0041,0x0041,0x0041,
  0x0041,0x0041,0x0041,0x0041,0x0041,0x0041,0x0041,0x0041,0x0041,0x2209,0x08A3,0x08A3,0x08A3,0x08A3,0x08A3,0x08A3,
  0x08A3,0x08A3,0x08A3,0x08A3,0x08A3,0x08A3,0x08A3,0x08A3,0x08A3,0x08A3,0x08A3,0x08A3,0x08A3,0x0883,0x0882,0x0882,
  0x0882,0x0882,0x0882,0x0882,0x0882,0x0882,0x0882,0x0882,0x0882,0x0882,0x0882,0x0882,0x0882,0x0882,0x0882,0x0882,
  0x0882,0x0882,0x0882,0x0882,0x0882,0x0882,0x0882,0x0882,0x0882,0x08A3,0x08A3,0x08A3,0x08A3,0x08A3,0x08A3,0x08A3,
  0x08A3,0x08A3,0x08A3,0x08A3,0x08A3,0x08A3,0x08A3,0x08A3,0x08A3,0x08A3,0x08A3,0x08A3,0x21A8,0x08A3,0x08A3,0x08A3,
  0x08A3,0x08A3,0x08A3,0x08A3,0x08A3,0x08A3,0x08A3,0x08A3,0x08A3,0x08A3,0x08A3,0x08A3,0x08A3,0x08A3,0x08A3,0x08A3,
  0x08A3,0x08A3,0x08A3,0x08A3,0x08A3,0x08A3,0x08A3,0x08A3,0x08A3,0x08A3,0x08A3,0x08A3,0x08A3,0x08A3,0x08A3,0x08A3,
  0x08A3,0x08A3,0x08A3,0x08A3,0x08A3,0x08A3,0x08A3,0x08A3,0x08A3,0x08A3,0x08A3,0x08A3,0x08A3,0x08A3,0x08A3,0x08A3,
  0x08A3,0x08A3,0x08A3,0x08A3,0x08A3,0x08A3,0x08A3,0x08A3,0x08A3,0x08A3,0x08A3,0x08A3,0x08A3,0x08A3,0x08A3,0x08A3,
  0x08A3,0x08A3,0x08A3,0x08A3,0x08A3,0x08A3,0x08A3,0x08A3,0x08A3,0x08A3,0x08A3,0x08A3,0x21A8,0x08A3,0x08A3,0x08A3,
  0x08A3,0x08A3,0x08A3,0x08A3,0x08A3,0x08A3,0x08A3,0x08A3,0x08A3,0x08A3,0x08A3,0x08A3,0x08A3,0x08A3,0x08A3,0x08A3,
  0x08A3,0x08A3,0x08A3,0x08A3,0x08A3,0x08A3,0x08A3,0x08A3,0x08A3,0x08A3,0x08A3,0x08A3,0x08A3,0x08A3,0x0883,0x0883,
  0x0883,0x0883,0x0883,0x0883,0x0883,0x0883,0x0883,0x0883,0x0883,0x0883,0x0883,0x0883,0x0883,0x0883,0x0883,0x0883,
  0x0883,0x0883,0x0883,0x0883,0x0883,0x0883,0x0883,0x0883,0x0883,0x0883,0x0883,0x0883,0x0883,0x0883,0x0883,0x0883,
  0x0883,0x0883,0x0883,0x0883,0x0883,0x0883,0x0883,0x0883,0x0883,0x0883,0x0883,0x0883,0x21A8,0x0883,0x0883,0x0883,
  0x0883,0x0883,0x0883,0x0883,0x0883,0x0883,0x0883,0x0883,0x0883,0x0883,0x0883,0x0883,0x0883,0x0883,0x0883,0x0883,
  0x0883,0x0883,0x0883,0x0883,0x0883,0x0883,0x0882,0x0882,0x0882,0x0882,0x0882,0x0882,0x0882,0x0882,0x0882,0x0882,
  0x0882,0x0882,0x0882,0x0882,0x0882,0x0882,0x0882,0x0882,0x0882,0x0882,0x0882,0x0882,0x0882,0x0882,0x0882,0x0882,
  0x0882,0x0882,0x0882,0x0882,0x0882,0x0882,0x0882,0x0882,0x0882,0x0882,0x0882,0x0882,0x0882,0x0882,0x0882,0x0882,
  0x0882,0x0882,0x0882,0x0882,0x0882,0x0882,0x19A7,0x08C3,0x0041,0x0041,0x0041,0x0041,0x0041,0x0041,0x0041,0x0041,
  0x0041,0x0041,0x0041,0x0041,0x0041,0x0041,0x0041,0x0041,0x0041,0x2209,0x08A3,0x08A3,0x08A3,0x08A3,0x08A3,0x08A3,
  0x08A3,0x08A3,0x08A3,0x08A3,0x08A3,0x08A3,0x08A3,0x08A3,0x08A3,0x08A3,0x08A3,0x08A3,0x08A3,0x08A3,0x0882,0x0882,
  0x0882,0x0882,0x0882,0x0882,0x0882,0x0882,0x0882,0x0882,0x0882,0x0882,0x0882,0x0882,0x0882,0x0882,0x0882,0x0882,
  0x0882,0x0882,0x0882,0x0882,0x0882,0x0882,0x0882,0x0882,0x08A3,0x08A3,0x08A3,0x08A3,0x08A3,0x08A3,0x08A3,0x08A3,
  0x08A3,0x08A3,0x08A3,0x08A3,0x08A3,0x08A3,0x08A3,0x08A3,0x08A3,0x08A3,0x08A3,0x08A3,0x21A8,0x08A3,0x08A3,0x08A3,
  0x08A3,0x08A3,0x08A3,0x08A3,0x08A3,0x08A3,0x08A3,0x08A3,0x08A3,0x08A3,0x08A3,0x08A3,0x08A3,0x08A3,0x08A3,0x08A3,
  0x08A3,0x08A3,0x08A3,0x08A3,0x08A3,0x08A3,0x08A3,0x08A3,0x08A3,0x08A3,0x08A3,0x08A3,0x08A3,0x08A3,0x08A3,0x08A3,
  0x08A3,0x08A3,0x08A3,0x08A3,0x08A3,0x08A3,0x08A3,0x08A3,0x08A3,0x08A3,0x08A3,0x08A3,0x08A3,0x08A3,0x08A3,0x08A3,
  0x08A3,0x08A3,0x08A3,0x08A3,0x08A3,0x08A3,0x08A3,0x08A3,0x08A3,0x08A3,0x08A3,0x08A3,0x08A3,0x08A3,0x08A3,0x08A3,
  0x08A3,0x08A3,0x08A3,0x08A3,0x08A3,0x08A3,0x08A3,0x08A3,0x08A3,0x08A3,0x08A3,0x08A3,0x21A8,0x08A3,0x08A3,0x08A3,
  0x08A3,0x08A3,0x08A3,0x08A3,0x08A3,0x08A3,0x08A3,0x08A3,0x08A3,0x08A3,0x08A3,0x08A3,0x08A3,0x08A3,0x08A3,0x08A3,
  0x08A3,0x08A3,0x08A3,0x08A3,0x08A3,0x08A3,0x08A3,0x08A3,0x08A3,0x08A3,0x08A3,0x0883,0x0883,0x0883,0x0883,0x0883,
  0x0883,0x0883,0x0883,0x0883,0x0883,0x0883,0x0883,0x0883,0x0883,0x0883,0x0883,0x0883,0x0883,0x0883,0x0883,0x0883,
  0x0883,0x0883,0x0883,0x0883,0x0883,0x0883,0x0883,0x0883,0x0883,0x0883,0x0883,0x0883,0x0883,0x0883,0x0883,0x0883,
  0x0883,0x0883,0x0883,0x0883,0x0883,0x0883,0x0883,0x0883,0x0883,0x0883,0x0883,0x0883,0x21A8,0x0883,0x0883,0x0883,
  0x0883,0x0883,0x0883,0x0883,0x0883,0x0883,0x0883,0x0883,0x0883,0x0883,0x0883,0x0883,0x0883,0x0883,0x0883,0x0883,
  0x0883,0x0883,0x0883,0x0882,0x0882,0x0882,0x0882,0x0882,0x0882,0x0882,0x0882,0x0882,0x0882,0x0882,0x0882,0x0882,
  0x0882,0x0882,0x0882,0x0882,0x0882,0x0882,0x0882,0x0882,0x0882,0x0882,0x0882,0x0882,0x0882,0x0882,0x0882,0x0882,
  0x0882,0x0882,0x0882,0x0882,0x0882,0x0882,0x0882,0x0882,0x0882,0x0882,0x0882,0x0882,0x0882,0x0882,0x0882,0x0882,
  0x0882,0x0882,0x0882,0x0882,0x0882,0x0882,0x19A7,0x08C3,0x0041,0x0041,0x0041,0x0041,0x0041,0x0041,0x0041,0x0041,
  0x0041,0x0041,0x0041,0x0041,0x0041,0x0041,0x0041,0x0041,0x0041,0x2209,0x08A3,0x08A3,0x08A3,0x08A3,0x08A3,0x08A3,
  0x08A3,0x08A3,0x08A3,0x08A3,0x08A3,0x08A3,0x08A3,0x08A3,0x08A3,0x08A3,0x08A3,0x08A3,0x08A3,0x08A3,0x0883,0x0882,
  0x0882,0x0882,0x0882,0x0882,0x0882,0x0882,0x0882,0x0882,0x0882,0x0882,0x0882,0x0882,0x0882,0x0882,0x0882,0x0882,
  0x0882,0x0882,0x0882,0x0882,0x0882,0x0882,0x0882,0x0882,0x08A3,0x08A3,0x08A3,0x08A3,0x08A3,0x08A3,0x08A3,0x08A3,
  0x08A3,0x08A3,0x08A3,0x08A3,0x08A3,0x08A3,0x08A3,0x08A3,0x08A3,0x08A3,0x08A3,0x08A3,0x21A8,0x08A3,0x08A3,0x08A3,
  0x08A3,0x08A3,0x08A3,0x08A3,0x08A3,0x08A3,0x08A3,0x08A3,0x08A3,0x08A3,0x08A3,0x08A3,0x08A3,0x08A3,0x08A3,0x08A3,
  0x08A3,0x08A3,0x08A3,0x08A3,0x08A3,0x08A3,0x08A3,0x08A3,0x08A3,0x08A3,0x08A3,0x08A3,0x08A3,0x08A3,0x08A3,0x08A3,
  0x08A3,0x08A3,0x08A3,0x08A3,0x08A3,0x08A3,0x08A3,0x08A3,0x08A3,0x08A3,0x08A3,0x08A3,0x08A3,0x08A3,0x08A3,0x08A3,
  0x08A3,0x08A3,0x08A3,0x08A3,0x08A3,0x08A3,0x08A3,0x08A3,0x08A3,0x08A3,0x08A3,0x08A3,0x08A3,0x08A3,0x08A3,0x08A3,
  0x08A3,0x08A3,0x08A3,0x08A3,0x08A3,0x08A3,0x08A3,0x08A3,0x08A3,0x08A3,0x08A3,0x08A3,0x21A8,0x08A3,0x08A3,0x08A3,
  0x08A3,0x08A3,0x08A3,0x08A3,0x08A3,0x08A3,0x08A3,0x08A3,0x08A3,0x08A3,0x08A3,0x08A3,0x08A3,0x08A3,0x08A3,0x08A3,
  0x08A3,0x08A3,0x08A3,0x08A3,0x08A3,0x08A3,0x08A3,0x08A3,0x0883,0x0883,0x0883,0x0883,0x0883,0x0883,0x0883,0x0883,
  0x0883,0x0883,0x0883,0x0883,0x0883,0x0883,0x0883,0x0883,0x0883,0x0883,0x0883,0x0883,0x0883,0x0883,0x0883,0x0883,
  0x0883,0x0883,0x0883,0x0883,0x0883,0x0883,0x0883,0x0883,0x0883,0x0883,0x0883,0x0883,0x0883,0x0883,0x0883,0x0883,
  0x0883,0x0883,0x0883,0x0883,0x0883,0x0883,0x0883,0x0883,0x0883,0x0883,0x0883,0x0883,0x21A8,0x0883,0x0883,0x0883,
  0x0883,0x0883,0x0883,0x0883,0x0883,0x0883,0x0883,0x0883,0x0883,0x0883,0x0883,0x0883,0x0883,0x0883,0x0883,0x0883,
  0x0882,0x0882,0x0882,0x0882,0x0882,0x0882,0x0882,0x0882,0x0882,0x0882,0x0882,0x0882,0x0882,0x0882,0x0882,0x0882,
  0x0882,0x0882,0x0882,0x0882,0x0882,0x0882,0x0882,0x0882,0x0882,0x0882,0x0882,0x0882,0x0882,0x0882,0x0882,0x0882,
  0x0882,0x0882,0x0882,0x0882,0x0882,0x0882,0x0882,0x0882,0x0882,0x0882,0x0882,0x0882,0x0882,0x0882,0x0882,0x0882,
  0x0882,0x0882,0x0882,0x0882,0x0882,0x0882,0x19A7,0x08C3,0x0041,0x0041,0x0041,0x0041,0x0041,0x0041,0x0041,0x0041,
  0x0041,0x0041,0x0041,0x0041,0x0041,0x0041,0x0041,0x0041,0x0041,0x2209,0x08A3,0x08A3,0x08A3,0x08A3,0x08A3,0x08A3,
  0x08A3,0x08A3,0x08A3,0x08A3,0x08A3,0x08A3,0x08A3,0x08A3,0x08A3,0x08A3,0x08A3,0x08A3,0x08A3,0x08A3,0x08A3,0x0882,
  0x0882,0x0882,0x0882,0x0882,0x0882,0x0882,0x0882,0x0882,0x0882,0x0882,0x0882,0x0882,0x0882,0x0882,0x0882,0x0882,
  0x0882,0x0882,0x0882,0x0882,0x0882,0x0882,0x0882,0x08A3,0x08A3,0x08A3,0x08A3,0x08A3,0x08A3,0x08A3,0x08A3,0x08A3,
  0x08A3,0x08A3,0x08A3,0x08A3,0x08A3,0x08A3,0x08A3,0x08A3,0x08A3,0x08A3,0x08A3,0x08A3,0x21A8,0x08A3,0x08A3,0x08A3,
  0x08A3,0x08A3,0x08A3,0x08A3,0x08A3,0x08A3,0x08A3,0x08A3,0x08A3,0x08A3,0x08A3,0x08A3,0x08A3,0x08A3,0x08A3,0x08A3,
  0x08A3,0x08A3,0x08A3,0x08A3,0x08A3,0x08A3,0x08A3,0x08A3,0x08A3,0x08A3,0x08A3,0x08A3,0x08A3,0x08A3,0x08A3,0x08A3,
  0x08A3,0x08A3,0x08A3,0x08A3,0x08A3,0x08A3,0x08A3,0x08A3,0x08A3,0x08A3,0x08A3,0x08A3,0x08A3,0x08A3,0x08A3,0x08A3,
  0x08A3,0x08A3,0x08A3,0x08A3,0x08A3,0x08A3,0x08A3,0x08A3,0x08A3,0x08A3,0x08A3,0x08A3,0x08A3,0x08A3,0x08A3,0x08A3,
  0x08A3,0x08A3,0x08A3,0x08A3,0x08A3,0x08A3,0x08A3,0x08A3,0x08A3,0x08A3,0x08A3,0x08A3,0x21A8,0x08A3,0x08A3,0x08A3,
  0x08A3,0x08A3,0x08A3,0x08A3,0x08A3,0x08A3,0x08A3,0x08A3,0x08A3,0x08A3,0x08A3,0x08A3,0x08A3,0x08A3,0x08A3,0x08A3,
  0x08A3,0x08A3,0x08A3,0x08A3,0x08A3,0x0883,0x0883,0x0883,0x0883,0x0883,0x0883,0x0883,0x0883,0x0883,0x0883,0x0883,
  0x0883,0x0883,0x0883,0x0883,0x0883,0x0883,0x0883,0x0883,0x0883,0x0883,0x0883,0x0883,0x0883,0x0883,0x0883,0x0883,
  0x0883,0x0883,0x0883,0x0883,0x0883,0x0883,0x0883,0x0883,0x0883,0x0883,0x0883,0x0883,0x0883,0x0883,0x0883,0x0883,
  0x0883,0x0883,0x0883,0x0883,0x0883,0x0883,0x0883,0x0883,0x0883,0x0883,0x0883,0x0883,0x21A8,0x0883,0x0883,0x0883,
  0x0883,0x0883,0x0883,0x0883,0x0883,0x0883,0x0883,0x0883,0x0883,0x0883,0x0883,0x0883,0x0882,0x0882,0x0882,0x0882,
  0x0882,0x0882,0x0882,0x0882,0x0882,0x0882,0x0882,0x0882,0x0882,0x0882,0x0882,0x0882,0x0882,0x0882,0x0882,0x0882,
  0x0882,0x0882,0x0882,0x0882,0x0882,0x0882,0x0882,0x0882,0x0882,0x0882,0x0882,0x0882,0x0882,0x0882,0x0882,0x0882,
  0x0882,0x0882,0x0882,0x0882,0x0882,0x0882,0x0882,0x0882,0x0882,0x0882,0x0882,0x0882,0x0882,0x0882,0x0882,0x0882,
  0x0882,0x0882,0x0882,0x0882,0x0882,0x0882,0x19A7,0x08C3,0x0041,0x0041,0x0041,0x0041,0x0041,0x0041,0x0041,0x0041,
  0x0041,0x0041,0x0041,0x0041,0x0041,0x0041,0x0041,0x0041,0x0041,0x2209,0x08A3,0x08A3,0x08A3,0x08A3,0x08A3,0x08A3,
  0x08A3,0x08A3,0x08A3,0x08A3,0x08A3,0x08A3,0x08A3,0x08A3,0x08A3,0x08A3,0x08A3,0x08A3,0x08A3,0x08A3,0x08A3,0x08A3,
  0x0882,0x0882,0x0882,0x0882,0x0882,0x0882,0x0882,0x0882,0x0882,0x0882,0x0882,0x0882,0x0882,0x0882,0x0882,0x0882,
  0x0882,0x0882,0x0882,0x0882,0x0882,0x0882,0x08A3,0x08A3,0x08A3,0x08A3,0x08A3,0x08A3,0x08A3,0x08A3,0x08A3,0x08A3,
  0x08A3,0x08A3,0x08A3,0x08A3,0x08A3,0x08A3,0x08A3,0x08A3,0x08A3,0x08A3,0x08A3,0x08A3,0x21A8,0x08A3,0x08A3,0x08A3,
  0x08A3,0x08A3,0x08A3,0x08A3,0x08A3,0x08A3,0x08A3,0x08A3,0x08A3,0x08A3,0x08A3,0x08A3,0x08A3,0x08A3,0x08A3,0x08A3,
  0x08A3,0x08A3,0x08A3,0x08A3,0x08A3,0x08A3,0x08A3,0x08A3,0x08A3,0x08A3,0x08A3,0x08A3,0x08A3,0x08A3,0x08A3,0x08A3,
  0x08A3,0x08A3,0x08A3,0x08A3,0x08A3,0x08A3,0x08A3,0x08A3,0x08A3,0x08A3,0x08A3,0x08A3,0x08A3,0x08A3,0x08A3,0x08A3,
  0x08A3,0x08A3,0x08A3,0x08A3,0x08A3,0x08A3,0x08A3,0x08A3,0x08A3,0x08A3,0x08A3,0x08A3,0x08A3,0x08A3,0x08A3,0x08A3,
  0x08A3,0x08A3,0x08A3,0x08A3,0x08A3,0x08A3,0x08A3,0x08A3,0x08A3,0x08A3,0x08A3,0x08A3,0x21A8,0x08A3,0x08A3,0x08A3,
  0x08A3,0x08A3,0x08A3,0x08A3,0x08A3,0x08A3,0x08A3,0x08A3,0x08A3,0x08A3,0x08A3,0x08A3,0x08A3,0x08A3,0x08A3,0x08A3,
  0x08A3,0x0883,0x0883,0x0883,0x0883,0x0883,0x0883,0x0883,0x0883,0x0883,0x0883,0x0883,0x0883,0x0883,0x0883,0x0883,
  0x0883,0x0883,0x0883,0x0883,0x0883,0x0883,0x0883,0x0883,0x0883,0x0883,0x0883,0x0883,0x0883,0x0883,0x0883,0x0883,
  0x0883,0x0883,0x0883,0x0883,0x0883,0x0883,0x0883,0x0883,0x0883,0x0883,0x0883,0x0883,0x0883,0x0883,0x0883,0x0883,
  0x0883,0x0883,0x0883,0x0883,0x0883,0x0883,0x0883,0x0883,0x0883,0x0883,0x0883,0x0883,0x21A8,0x0883,0x0883,0x0883,
  0x0883,0x0883,0x0883,0x0883,0x0883,0x0883,0x0883,0x0883,0x0883,0x0882,0x0882,0x0882,0x0882,0x0882,0x0882,0x0882,
  0x0882,0x0882,0x0882,0x0882,0x0882,0x0882,0x0882,0x0882,0x0882,0x0882,0x0882,0x0882,0x0882,0x0882,0x0882,0x0882,
  0x0882,0x0882,0x0882,0x0882,0x0882,0x0882,0x0882,0x0882,0x0882,0x0882,0x0882,0x0882,0x0882,0x0882,0x0882,0x0882,
  0x0882,0x0882,0x0882,0x0882,0x0882,0x0882,0x0882,0x0882,0x0882,0x0882,0x0882,0x0882,0x0882,0x0882,0x0882,0x0882,
  0x0882,0x0882,0x0882,0x0882,0x0882,0x0882,0x19A7,0x08C3,0x0041,0x0041,0x0041,0x0041,0x0041,0x0041,0x0041,0x0041,
  0x0041,0x0041,0x0041,0x0041,0x0041,0x0041,0x0041,0x0041,0x0041,0x2209,0x08A3,0x08A3,0x08A3,0x08A3,0x08A3,0x08A3,
  0x08A3,0x08A3,0x08A3,0x08A3,0x08A3,0x08A3,0x08A3,0x08A3,0x08A3,0x08A3,0x08A3,0x08A3,0x08A3,0x08A3,0x08A3,0x08A3,
  0x08A3,0x0882,0x0882,0x0882,0x0882,0x0882,0x0882,0x0882,0x0882,0x0882,0x0882,0x0882,0x0882,0x0882,0x0882,0x0882,
  0x0882,0x0882,0x0882,0x0882,0x0882,0x0883,0x08A3,0x08A3,0x08A3,0x08A3,0x08A3,0x08A3,0x08A3,0x08A3,0x08A3,0x08A3,
  0x08A3,0x08A3,0x08A3,0x08A3,0x08A3,0x08A3,0x08A3,0x08A3,0x08A3,0x08A3,0x08A3,0x08A3,0x21A8,0x08A3,0x08A3,0x08A3,
  0x08A3,0x08A3,0x08A3,0x08A3,0x08A3,0x08A3,0x08A3,0x08A3,0x08A3,0x08A3,0x08A3,0x08A3,0x08A3,0x08A3,0x08A3,0x08A3,
  0x08A3,0x08A3,0x08A3,0x08A3,0x08A3,0x08A3,0x08A3,0x08A3,0x08A3,0x08A3,0x08A3,0x08A3,0x08A3,0x08A3,0x08A3,0x08A3,
  0x08A3,0x08A3,0x08A3,0x08A3,0x08A3,0x08A3,0x08A3,0x08A3,0x08A3,0x08A3,0x08A3,0x08A3,0x08A3,0x08A3,0x08A3,0x08A3,
  0x08A3,0x08A3,0x08A3,0x08A3,0x08A3,0x08A3,0x08A3,0x08A3,0x08A3,0x08A3,0x08A3,0x08A3,0x08A3,0x08A3,0x08A3,0x08A3,
  0x08A3,0x08A3,0x08A3,0x08A3,0x08A3,0x08A3,0x08A3,0x08A3,0x08A3,0x08A3,0x08A3,0x08A3,0x21A8,0x08A3,0x08A3,0x08A3,
  0x08A3,0x08A3,0x08A3,0x08A3,0x08A3,0x08A3,0x08A3,0x08A3,0x08A3,0x08A3,0x08A3,0x08A3,0x08A3,0x08A3,0x0883,0x0883,
  0x0883,0x0883,0x0883,0x0883,0x0883,0x0883,0x0883,0x0883,0x0883,0x0883,0x0883,0x0883,0x0883,0x0883,0x0883,0x0883,
  0x0883,0x0883,0x0883,0x0883,0x0883,0x0883,0x0883,0x0883,0x0883,0x0883,0x0883,0x0883,0x0883,0x0883,0x0883,0x0883,
  0x0883,0x0883,0x0883,0x0883,0x0883,0x0883,0x0883,0x0883,0x0883,0x0883,0x0883,0x0883,0x0883,0x0883,0x0883,0x0883,
  0x0883,0x0883,0x0883,0x0883,0x0883,0x0883,0x0883,0x0883,0x0883,0x0883,0x0883,0x0883,0x21A8,0x0883,0x0883,0x0883,
  0x0883,0x0883,0x0883,0x0883,0x0883,0x0883,0x0882,0x0882,0x0882,0x0882,0x0882,0x0882,0x0882,0x0882,0x0882,0x0882,
  0x0882,0x0882,0x0882,0x0882,0x0882,0x0882,0x0882,0x0882,0x0882,0x0882,0x0882,0x0882,0x0882,0x0882,0x0882,0x0882,
  0x0882,0x0882,0x0882,0x0882,0x0882,0x0882,0x0882,0x0882,0x0882,0x0882,0x0882,0x0882,0x0882,0x0882,0x0882,0x0882,
  0x0882,0x0882,0x0882,0x0882,0x0882,0x0882,0x0882,0x0882,0x0882,0x0882,0x0882,0x0882,0x0882,0x0882,0x0882,0x0882,
  0x0882,0x0882,0x0882,0x0882,0x0882,0x0882,0x19A7,0x08C3,0x0041,0x0041,0x0041,0x0041,0x0041,0x0041,0x0041,0x0041,
  0x0041,0x0041,0x0041,0x0041,0x0041,0x0041,0x0041,0x0041,0x0041,0x2209,0x08A3,0x08A3,0x08A3,0x08A3,0x08A3,0x08A3,
  0x08A3,0x08A3,0x08A3,0x08A3,0x08A3,0x08A3,0x08A3,0x08A3,0x08A3,0x08A3,0x08A3,0x08A3,0x08A3,0x08A3,0x08A3,0x08A3,
  0x08A3,0x08A3,0x0882,0x0882,0x0882,0x0882,0x0882,0x0882,0x0882,0x0882,0x0882,0x0882,0x0882,0x0882,0x0882,0x0882,
  0x0882,0x0882,0x0882,0x0882,0x08A3,0x08A3,0x08A3,0x08A3,0x08A3,0x08A3,0x08A3,0x08A3,0x08A3,0x08A3,0x08A3,0x08A3,
  0x08A3,0x08A3,0x08A3,0x08A3,0x08A3,0x08A3,0x08A3,0x08A3,0x08A3,0x08A3,0x08A3,0x08A3,0x21A8,0x08A3,0x08A3,0x08A3,
  0x08A3,0x08A3,0x08A3,0x08A3,0x08A3,0x08A3,0x08A3,0x08A3,0x08A3,0x08A3,0x08A3,0x08A3,0x08A3,0x08A3,0x08A3,0x08A3,
  0x08A3,0x08A3,0x08A3,0x08A3,0x08A3,0x08A3,0x08A3,0x08A3,0x08A3,0x08A3,0x08A3,0x08A3,0x08A3,0x08A3,0x08A3,0x08A3,
  0x08A3,0x08A3,0x08A3,0x08A3,0x08A3,0x08A3,0x08A3,0x08A3,0x08A3,0x08A3,0x08A3,0x08A3,0x08A3,0x08A3,0x08A3,0x08A3,
  0x08A3,0x08A3,0x08A3,0x08A3,0x08A3,0x08A3,0x08A3,0x08A3,0x08A3,0x08A3,0x08A3,0x08A3,0x08A3,0x08A3,0x08A3,0x08A3,
  0x08A3,0x08A3,0x08A3,0x08A3,0x08A3,0x08A3,0x08A3,0x08A3,0x08A3,0x08A3,0x08A3,0x08A3,0x21A8,0x08A3,0x08A3,0x08A3,
  0x08A3,0x08A3,0x08A3,0x08A3,0x08A3,0x08A3,0x08A3,0x08A3,0x08A3,0x08A3,0x08A3,0x0883,0x0883,0x0883,0x0883,0x0883,
  0x0883,0x0883,0x0883,0x0883,0x0883,0x0883,0x0883,0x0883,0x0883,0x0883,0x0883,0x0883,0x0883,0x0883,0x0883,0x0883,
  0x0883,0x0883,0x0883,0x0883,0x0883,0x0883,0x0883,0x0883,0x0883,0x0883,0x0883,0x0883,0x0883,0x0883,0x0883,0x0883,
  0x0883,0x0883,0x0883,0x0883,0x0883,0x0883,0x0883,0x0883,0x0883,0x0883,0x0883,0x0883,0x0883,0x0883,0x0883,0x0883,
  0x0883,0x0883,0x0883,0x0883,0x0883,0x0883,0x0883,0x0883,0x0883,0x0883,0x0883,0x0883,0x21A8,0x0883,0x0883,0x0883,
  0x0883,0x0883,0x0883,0x0882,0x0882,0x0882,0x0882,0x0882,0x0882,0x0882,0x0882,0x0882,0x0882,0x0882,0x0882,0x0882,
  0x0882,0x0882,0x0882,0x0882,0x0882,0x0882,0x0882,0x0882,0x0882,0x0882,0x0882,0x0882,0x0882,0x0882,0x0882,0x0882,
  0x0882,0x0882,0x0882,0x0882,0x0882,0x0882,0x0882,0x0882,0x0882,0x0882,0x0882,0x0882,0x0882,0x0882,0x0882,0x0882,
  0x0882,0x0882,0x0882,0x0882,0x0882,0x0882,0x0882,0x0882,0x0882,0x0882,0x0882,0x0882,0x0882,0x0882,0x0882,0x0882,
  0x0882,0x0882,0x0882,0x0882,0x0882,0x0882,0x19A7,0x08C3,0x0041,0x0041,0x0041,0x0041,0x0041,0x0041,0x0041,0x0041,
  0x0041,0x0041,0x0041,0x0041,0x0041,0x0041,0x0041,0x0041,0x0041,0x2209,0x08A3,0x08A3,0x08A3,0x08A3,0x08A3,0x08A3,
  0x08A3,0x08A3,0x08A3,0x08A3,0x08A3,0x08A3,0x08A3,0x08A3,0x08A3,0x08A3,0x08A3,0x08A3,0x08A3,0x08A3,0x08A3,0x08A3,
  0x08A3,0x08A3,0x08A3,0x0882,0x0882,0x0882,0x0882,0x0882,0x0882,0x0882,0x0882,0x0882,0x0882,0x0882,0x0882,0x0882,
  0x0882,0x0882,0x0882,0x08A3,0x08A3,0x08A3,0x08A3,0x08A3,0x08A3,0x08A3,0x08A3,0x08A3,0x08A3,0x08A3,0x08A3,0x08A3,
  0x08A3,0x08A3,0x08A3,0x08A3,0x08A3,0x08A3,0x08A3,0x08A3,0x08A3,0x08A3,0x08A3,0x08A3,0x21A8,0x08A3,0x08A3,0x08A3,
  0x08A3,0x08A3,0x08A3,0x08A3,0x08A3,0x08A3,0x08A3,0x08A3,0x08A3,0x08A3,0x08A3,0x08A3,0x08A3,0x08A3,0x08A3,0x08A3,
  0x08A3,0x08A3,0x08A3,0x08A3,0x08A3,0x08A3,0x08A3,0x08A3,0x08A3,0x08A3,0x08A3,0x08A3,0x08A3,0x08A3,0x08A3,0x08A3,
  0x08A3,0x08A3,0x08A3,0x08A3,0x08A3,0x08A3,0x08A3,0x08A3,0x08A3,0x08A3,0x08A3,0x08A3,0x08A3,0x08A3,0x08A3,0x08A3,
  0x08A3,0x08A3,0x08A3,0x08A3,0x08A3,0x08A3,0x08A3,0x08A3,0x08A3,0x08A3,0x08A3,0x08A3,0x08A3,0x08A3,0x08A3,0x08A3,
  0x08A3,0x08A3,0x08A3,0x08A3,0x08A3,0x08A3,0x08A3,0x08A3,0x08A3,0x08A3,0x08A3,0x08A3,0x21A8,0x08A3,0x08A3,0x08A3,
  0x08A3,0x08A3,0x08A3,0x08A3,0x08A3,0x08A3,0x08A3,0x08A3,0x0883,0x0883,0x0883,0x0883,0x0883,0x0883,0x0883,0x0883,
  0x0883,0x0883,0x0883,0x0883,0x0883,0x0883,0x0883,0x0883,0x0883,0x0883,0x0883,0x0883,0x0883,0x0883,0x0883,0x0883,
  0x0883,0x0883,0x0883,0x0883,0x0883,0x0883,0x0883,0x0883,0x0883,0x0883,0x0883,0x0883,0x0883,0x0883,0x0883,0x0883,
  0x0883,0x0883,0x0883,0x0883,0x0883,0x0883,0x0883,0x0883,0x0883,0x0883,0x0883,0x0883,0x0883,0x0883,0x0883,0x0883,
  0x0883,0x0883,0x0883,0x0883,0x0883,0x0883,0x0883,0x0883,0x0883,0x0883,0x0883,0x0883,0x21A8,0x0883,0x0883,0x0883,
  0x0882,0x0882,0x0882,0x0882,0x0882,0x0882,0x0882,0x0882,0x0882,0x0882,0x0882,0x0882,0x0882,0x0882,0x0882,0x0882,
  0x0882,0x0882,0x0882,0x0882,0x0882,0x0882,0x0882,0x0882,0x0882,0x0882,0x0882,0x0882,0x0882,0x0882,0x0882,0x0882,
  0x0882,0x0882,0x0882,0x0882,0x0882,0x0882,0x0882,0x0882,0x0882,0x0882,0x0882,0x0882,0x0882,0x0882,0x0882,0x0882,
  0x0882,0x0882,0x0882,0x0882,0x0882,0x0882,0x0882,0x0882,0x0882,0x0882,0x0882,0x0882,0x0882,0x0882,0x0882,0x0882,
  0x0882,0x0882,0x0882,0x0882,0x0882,0x0882,0x19A7,0x08C3,0x0041,0x0041,0x0041,0x0041,0x0041,0x0041,0x0041,0x0041,
  0x0041,0x0041,0x0041,0x0041,0x0041,0x0041,0x0041,0x0041,0x0041,0x2209,0x08A3,0x08A3,0x08A3,0x08A3,0x08A3,0x08A3,
  0x08A3,0x08A3,0x08A3,0x08A3,0x08A3,0x08A3,0x08A3,0x08A3,0x08A3,0x08A3,0x08A3,0x08A3,0x08A3,0x08A3,0x08A3,0x08A3,
  0x08A3,0x08A3,0x08A3,0x08A3,0x08A3,0x0882,0x0882,0x0882,0x0882,0x0882,0x0882,0x0882,0x0882,0x0882,0x0882,0x0882,
  0x0882,0x08A3,0x08A3,0x08A3,0x08A3,0x08A3,0x08A3,0x08A3,0x08A3,0x08A3,0x08A3,0x08A3,0x08A3,0x08A3,0x08A3,0x08A3,
  0x08A3,0x08A3,0x08A3,0x08A3,0x08A3,0x08A3,0x08A3,0x08A3,0x08A3,0x08A3,0x08A3,0x08A3,0x21A8,0x08A3,0x08A3,0x08A3,
  0x08A3,0x08A3,0x08A3,0x08A3,0x08A3,0x08A3,0x08A3,0x08A3,0x08A3,0x08A3,0x08A3,0x08A3,0x08A3,0x08A3,0x08A3,0x08A3,
  0x08A3,0x08A3,0x08A3,0x08A3,0x08A3,0x08A3,0x08A3,0x08A3,0x08A3,0x08A3,0x08A3,0x08A3,0x08A3,0x08A3,0x08A3,0x08A3,
  0x08A3,0x08A3,0x08A3,0x08A3,0x08A3,0x08A3,0x08A3,0x08A3,0x08A3,0x08A3,0x08A3,0x08A3,0x08A3,0x08A3,0x08A3,0x08A3,
  0x08A3,0x08A3,0x08A3,0x08A3,0x08A3,0x08A3,0x08A3,0x08A3,0x08A3,0x08A3,0x08A3,0x08A3,0x08A3,0x08A3,0x08A3,0x08A3,
  0x08A3,0x08A3,0x08A3,0x08A3,0x08A3,0x08A3,0x08A3,0x08A3,0x08A3,0x08A3,0x08A3,0x08A3,0x21A8,0x08A3,0x08A3,0x08A3,
  0x08A3,0x08A3,0x08A3,0x08A3,0x08A3,0x0883,0x0883,0x0883,0x0883,0x0883,0x0883,0x0883,0x0883,0x0883,0x0883,0x0883,
  0x0883,0x0883,0x0883,0x0883,0x0883,0x0883,0x0883,0x0883,0x0883,0x0883,0x0883,0x0883,0x0883,0x0883,0x0883,0x0883,
  0x0883,0x0883,0x0883,0x0883,0x0883,0x0883,0x0883,0x0883,0x0883,0x0883,0x0883,0x0883,0x0883,0x0883,0x0883,0x0883,
  0x0883,0x0883,0x0883,0x0883,0x0883,0x0883,0x0883,0x0883,0x0883,0x0883,0x0883,0x0883,0x0883,0x0883,0x0883,0x0883,
  0x0883,0x0883,0x0883,0x0883,0x0883,0x0883,0x0883,0x0883,0x0883,0x0883,0x0883,0x0883,0x21A8,0x0882,0x0882,0x0882,
  0x0882,0x0882,0x0882,0x0882,0x0882,0x0882,0x0882,0x0882,0x0882,0x0882,0x0882,0x0882,0x0882,0x0882,0x0882,0x0882,
  0x0882,0x0882,0x0882,0x0882,0x0882,0x0882,0x0882,0x0882,0x0882,0x0882,0x0882,0x0882,0x0882,0x0882,0x0882,0x0882,
  0x0882,0x0882,0x0882,0x0882,0x0882,0x0882,0x0882,0x0882,0x0882,0x0882,0x0882,0x0882,0x0882,0x0882,0x0882,0x0882,
  0x0882,0x0882,0x0882,0x0882,0x0882,0x0882,0x0882,0x0882,0x0882,0x0882,0x0882,0x0882,0x0882,0x0882,0x0882,0x0882,
  0x0882,0x0882,0x0882,0x0882,0x0882,0x0882,0x19A7,0x08C3,0x0041,0x0041,0x0041,0x0041,0x0041,0x0041,0x0041,0x0041,
  0x0041,0x0041,0x0041,0x0041,0x0041,0x0041,0x0041,0x0041,0x0041,0x2209,0x08A3,0x08A3,0x08A3,0x08A3,0x08A3,0x08A3,
  0x08A3,0x08A3,0x08A3,0x08A3,0x08A3,0x08A3,0x08A3,0x08A3,0x08A3,0x08A3,0x08A3,0x08A3,0x08A3,0x08A3,0x08A3,0x08A3,
  0x08A3,0x08A3,0x08A3,0x08A3,0x08A3,0x08A3,0x08A3,0x08A3,0x0883,0x0882,0x0882,0x0882,0x0882,0x0883,0x0883,0x08A3,
  0x08A3,0x08A3,0x08A3,0x08A3,0x08A3,0x08A3,0x08A3,0x08A3,0x08A3,0x08A3,0x08A3,0x08A3,0x08A3,0x08A3,0x08A3,0x08A3,
  0x08A3,0x08A3,0x08A3,0x08A3,0x08A3,0x08A3,0x08A3,0x08A3,0x08A3,0x08A3,0x08A3,0x08A3,0x21A8,0x08A3,0x08A3,0x08A3,
  0x08A3,0x08A3,0x08A3,0x08A3,0x08A3,0x08A3,0x08A3,0x08A3,0x08A3,0x08A3,0x08A3,0x08A3,0x08A3,0x08A3,0x08A3,0x08A3,
  0x08A3,0x08A3,0x08A3,0x08A3,0x08A3,0x08A3,0x08A3,0x08A3,0x08A3,0x08A3,0x08A3,0x08A3,0x08A3,0x08A3,0x08A3,0x08A3,
  0x08A3,0x08A3,0x08A3,0x08A3,0x08A3,0x08A3,0x08A3,0x08A3,0x08A3,0x08A3,0x08A3,0x08A3,0x08A3,0x08A3,0x08A3,0x08A3,
  0x08A3,0x08A3,0x08A3,0x08A3,0x08A3,0x08A3,0x08A3,0x08A3,0x08A3,0x08A3,0x08A3,0x08A3,0x08A3,0x08A3,0x08A3,0x08A3,
  0x08A3,0x08A3,0x08A3,0x08A3,0x08A3,0x08A3,0x08A3,0x08A3,0x08A3,0x08A3,0x08A3,0x08A3,0x21A8,0x08A3,0x08A3,0x08A3,
  0x08A3,0x08A3,0x0883,0x0883,0x0883,0x0883,0x0883,0x0883,0x0883,0x0883,0x0883,0x0883,0x0883,0x0883,0x0883,0x0883,
  0x0883,0x0883,0x0883,0x0883,0x0883,0x0883,0x0883,0x0883,0x0883,0x0883,0x0883,0x0883,0x0883,0x0883,0x0883,0x0883,
  0x0883,0x0883,0x0883,0x0883,0x0883,0x0883,0x0883,0x0883,0x0883,0x0883,0x0883,0x0883,0x0883,0x0883,0x0883,0x0883,
  0x0883,0x0883,0x0883,0x0883,0x0883,0x0883,0x0883,0x0883,0x0883,0x0883,0x0883,0x0883,0x0883,0x0883,0x0883,0x0883,
  0x0883,0x0883,0x0883,0x0883,0x0883,0x0883,0x0883,0x0883,0x0883,0x0883,0x0882,0x0882,0x21A8,0x0882,0x0882,0x0882,
  0x0882,0x0882,0x0882,0x0882,0x0882,0x0882,0x0882,0x0882,0x0882,0x0882,0x0882,0x0882,0x0882,0x0882,0x0882,0x0882,
  0x0882,0x0882,0x0882,0x0882,0x0882,0x0882,0x0882,0x0882,0x0882,0x0882,0x0882,0x0882,0x0882,0x0882,0x0882,0x0882,
  0x0882,0x0882,0x0882,0x0882,0x0882,0x0882,0x0882,0x0882,0x0882,0x0882,0x0882,0x0882,0x0882,0x0882,0x0882,0x0882,
  0x0882,0x0882,0x0882,0x0882,0x0882,0x0882,0x0882,0x0882,0x0882,0x0882,0x0882,0x0882,0x0882,0x0882,0x0882,0x0882,
  0x0882,0x0882,0x0882,0x0882,0x0882,0x0882,0x19A7,0x08C3,0x0041,0x0041,0x0041,0x0041,0x0041,0x0041,0x0041,0x0041,
  0x0041,0x0041,0x0041,0x0041,0x0041,0x0041,0x0041,0x0041,0x0041,0x2209,0x08A3,0x08A3,0x08A3,0x08A3,0x08A3,0x08A3,
  0x08A3,0x08A3,0x08A3,0x08A3,0x08A3,0x08A3,0x08A3,0x08A3,0x08A3,0x08A3,0x08A3,0x08A3,0x08A3,0x08A3,0x08A3,0x08A3,
  0x08A3,0x08A3,0x08A3,0x08A3,0x08A3,0x08A3,0x08A3,0x08A3,0x08A3,0x08A3,0x08A3,0x08A3,0x08A3,0x08A3,0x08A3,0x08A3,
  0x08A3,0x08A3,0x08A3,0x08A3,0x08A3,0x08A3,0x08A3,0x08A3,0x08A3,0x08A3,0x08A3,0x08A3,0x08A3,0x08A3,0x08A3,0x08A3,
  0x08A3,0x08A3,0x08A3,0x08A3,0x08A3,0x08A3,0x08A3,0x08A3,0x08A3,0x08A3,0x08A3,0x08A3,0x21A8,0x08A3,0x08A3,0x08A3,
  0x08A3,0x08A3,0x08A3,0x08A3,0x08A3,0x08A3,0x08A3,0x08A3,0x08A3,0x08A3,0x08A3,0x08A3,0x08A3,0x08A3,0x08A3,0x08A3,
  0x08A3,0x08A3,0x08A3,0x08A3,0x08A3,0x08A3,0x08A3,0x08A3,0x08A3,0x08A3,0x08A3,0x08A3,0x08A3,0x08A3,0x08A3,0x08A3,
  0x08A3,0x08A3,0x08A3,0x08A3,0x08A3,0x08A3,0x08A3,0x08A3,0x08A3,0x08A3,0x08A3,0x08A3,0x08A3,0x08A3,0x08A3,0x08A3,
  0x08A3,0x08A3,0x08A3,0x08A3,0x08A3,0x08A3,0x08A3,0x08A3,0x08A3,0x08A3,0x08A3,0x08A3,0x08A3,0x08A3,0x08A3,0x08A3,
  0x08A3,0x08A3,0x08A3,0x08A3,0x08A3,0x08A3,0x08A3,0x08A3,0x08A3,0x08A3,0x08A3,0x08A3,0x21A8,0x08A3,0x08A3,0x0883,
  0x0883,0x0883,0x0883,0x0883,0x0883,0x0883,0x0883,0x0883,0x0883,0x0883,0x0883,0x0883,0x0883,0x0883,0x0883,0x0883,
  0x0883,0x0883,0x0883,0x0883,0x0883,0x0883,0x0883,0x0883,0x0883,0x0883,0x0883,0x0883,0x0883,0x0883,0x0883,0x0883,
  0x0883,0x0883,0x0883,0x0883,0x0883,0x0883,0x0883,0x0883,0x0883,0x0883,0x0883,0x0883,0x0883,0x0883,0x0883,0x0883,
  0x0883,0x0883,0x0883,0x0883,0x0883,0x0883,0x0883,0x0883,0x0883,0x0883,0x0883,0x0883,0x0883,0x0883,0x0883,0x0883,
  0x0883,0x0883,0x0883,0x0883,0x0883,0x0883,0x0883,0x0882,0x0882,0x0882,0x0882,0x0882,0x21A8,0x0882,0x0882,0x0882,
  0x0882,0x0882,0x0882,0x0882,0x0882,0x0882,0x0882,0x0882,0x0882,0x0882,0x0882,0x0882,0x0882,0x0882,0x0882,0x0882,
  0x0882,0x0882,0x0882,0x0882,0x0882,0x0882,0x0882,0x0882,0x0882,0x0882,0x0882,0x0882,0x0882,0x0882,0x0882,0x0882,
  0x0882,0x0882,0x0882,0x0882,0x0882,0x0882,0x0882,0x0882,0x0882,0x0882,0x0882,0x0882,0x0882,0x0882,0x0882,0x0882,
  0x0882,0x0882,0x0882,0x0882,0x0882,0x0882,0x0882,0x0882,0x0882,0x0882,0x0882,0x0882,0x0882,0x0882,0x0882,0x0882,
  0x0882,0x0882,0x0882,0x0882,0x0882,0x1D57,0x2598,0x08C3,0x0041,0x0041,0x0041,0x0041,0x0041,0x0041,0x0041,0x0041,
  0x0041,0x0041,0x0041,0x0041,0x0041,0x0041,0x0041,0x0041,0x0041,0x2209,0x08A3,0x08A3,0x08A3,0x08A3,0x08A3,0x08A3,
  0x08A3,0x08A3,0x08A3,0x08A3,0x08A3,0x08A3,0x08A3,0x08A3,0x08A3,0x08A3,0x08A3,0x08A3,0x08A3,0x08A3,0x08A3,0x08A3,
  0x08A3,0x08A3,0x08A3,0x08A3,0x08A3,0x08A3,0x08A3,0x08A3,0x08A3,0x08A3,0x08A3,0x08A3,0x08A3,0x08A3,0x08A3,0x08A3,
  0x08A3,0x08A3,0x08A3,0x08A3,0x08A3,0x08A3,0x08A3,0x08A3,0x08A3,0x08A3,0x08A3,0x08A3,0x08A3,0x08A3,0x08A3,0x08A3,
  0x08A3,0x08A3,0x08A3,0x08A3,0x08A3,0x08A3,0x08A3,0x08A3,0x08A3,0x08A3,0x08A3,0x08A3,0x21A8,0x08A3,0x08A3,0x08A3,
  0x08A3,0x08A3,0x08A3,0x08A3,0x08A3,0x08A3,0x08A3,0x08A3,0x08A3,0x08A3,0x08A3,0x08A3,0x08A3,0x08A3,0x08A3,0x08A3,
  0x08A3,0x08A3,0x08A3,0x08A3,0x08A3,0x08A3,0x08A3,0x08A3,0x08A3,0x08A3,0x08A3,0x08A3,0x08A3,0x08A3,0x08A3,0x08A3,
  0x08A3,0x08A3,0x08A3,0x08A3,0x08A3,0x08A3,0x08A3,0x08A3,0x08A3,0x08A3,0x08A3,0x08A3,0x08A3,0x08A3,0x08A3,0x08A3,
  0x08A3,0x08A3,0x08A3,0x08A3,0x08A3,0x08A3,0x08A3,0x08A3,0x08A3,0x08A3,0x08A3,0x08A3,0x08A3,0x08A3,0x08A3,0x08A3,
  0x08A3,0x08A3,0x08A3,0x08A3,0x08A3,0x08A3,0x08A3,0x08A3,0x08A3,0x08A3,0x08A3,0x08A3,0x21A8,0x0883,0x0883,0x0883,
  0x0883,0x0883,0x0883,0x0883,0x0883,0x0883,0x0883,0x0883,0x0883,0x0883,0x0883,0x0883,0x0883,0x0883,0x0883,0x0883,
  0x0883,0x0883,0x0883,0x0883,0x0883,0x0883,0x0883,0x0883,0x0883,0x0883,0x0883,0x0883,0x0883,0x0883,0x0883,0x0883,
  0x0883,0x0883,0x0883,0x0883,0x0883,0x0883,0x0883,0x0883,0x0883,0x0883,0x0883,0x0883,0x0883,0x0883,0x0883,0x0883,
  0x0883,0x0883,0x0883,0x0883,0x0883,0x0883,0x0883,0x0883,0x0883,0x0883,0x0883,0x0883,0x0883,0x0883,0x0883,0x0883,
  0x0883,0x0883,0x0883,0x0883,0x0882,0x0882,0x0882,0x0882,0x0882,0x0882,0x0882,0x0882,0x21A8,0x0882,0x0882,0x0882,
  0x0882,0x0882,0x0882,0x0882,0x0882,0x0882,0x0882,0x0882,0x0882,0x0882,0x0882,0x0882,0x0882,0x0882,0x0882,0x0882,
  0x0882,0x0882,0x0882,0x0882,0x0882,0x0882,0x0882,0x0882,0x0882,0x0882,0x0882,0x0882,0x0882,0x0882,0x0882,0x0882,
  0x0882,0x0882,0x0882,0x0882,0x0882,0x0882,0x0882,0x0882,0x0882,0x0882,0x0882,0x0882,0x0882,0x0882,0x0882,0x0882,
  0x0882,0x0882,0x0882,0x0882,0x0882,0x0882,0x0882,0x0882,0x0882,0x0882,0x0882,0x0882,0x0882,0x0882,0x0882,0x0882,
  0x0882,0x0882,0x0882,0x0882,0x0882,0x1D57,0x2598,0x08C3,0x0041,0x0041,0x0041,0x0041,0x0041,0x0041,0x0041,0x0041,
  0x0041,0x0041,0x0041,0x0041,0x0041,0x0041,0x0041,0x0041,0x0041,0x2209,0x08A3,0x08A3,0x08A3,0x08A3,0x08A3,0x08A3,
  0x08A3,0x08A3,0x08A3,0x08A3,0x08A3,0x08A3,0x08A3,0x08A3,0x08A3,0x08A3,0x08A3,0x08A3,0x08A3,0x08A3,0x08A3,0x08A3,
  0x08A3,0x08A3,0x08A3,0x08A3,0x08A3,0x08A3,0x08A3,0x08A3,0x08A3,0x08A3,0x08A3,0x08A3,0x08A3,0x08A3,0x08A3,0x08A3,
  0x08A3,0x08A3,0x08A3,0x08A3,0x08A3,0x08A3,0x08A3,0x08A3,0x08A3,0x08A3,0x08A3,0x08A3,0x08A3,0x08A3,0x08A3,0x08A3,
  0x08A3,0x08A3,0x08A3,0x08A3,0x08A3,0x08A3,0x08A3,0x08A3,0x08A3,0x08A3,0x08A3,0x08A3,0x08A3,0x08A3,0x08A3,0x08A3,
  0x08A3,0x08A3,0x08A3,0x08A3,0x08A3,0x08A3,0x08A3,0x08A3,0x08A3,0x08A3,0x08A3,0x08A3,0x08A3,0x08A3,0x08A3,0x08A3,
  0x08A3,0x08A3,0x08A3,0x08A3,0x08A3,0x08A3,0x08A3,0x08A3,0x08A3,0x08A3,0x08A3,0x08A3,0x08A3,0x08A3,0x08A3,0x08A3,
  0x08A3,0x08A3,0x08A3,0x08A3,0x08A3,0x08A3,0x08A3,0x08A3,0x08A3,0x08A3,0x08A3,0x08A3,0x08A3,0x08A3,0x08A3,0x08A3,
  0x08A3,0x08A3,0x08A3,0x08A3,0x08A3,0x08A3,0x08A3,0x08A3,0x08A3,0x08A3,0x08A3,0x08A3,0x08A3,0x08A3,0x08A3,0x08A3,
  0x08A3,0x08A3,0x08A3,0x08A3,0x08A3,0x08A3,0x08A3,0x08A3,0x08A3,0x0883,0x0883,0x0883,0x0883,0x0883,0x0883,0x0883,
  0x0883,0x0883,0x0883,0x0883,0x0883,0x0883,0x0883,0x0883,0x0883,0x0883,0x0883,0x0883,0x0883,0x0883,0x0883,0x0883,
  0x0883,0x0883,0x0883,0x0883,0x0883,0x0883,0x0883,0x0883,0x0883,0x0883,0x0883,0x0883,0x0883,0x0883,0x0883,0x0883,
  0x0883,0x0883,0x0883,0x0883,0x0883,0x0883,0x0883,0x0883,0x0883,0x0883,0x0883,0x0883,0x0883,0x0883,0x0883,0x0883,
  0x0883,0x0883,0x0883,0x0883,0x0883,0x0883,0x0883,0x0883,0x0883,0x0883,0x0883,0x0883,0x0883,0x0883,0x0883,0x0883,
  0x0883,0x0882,0x0882,0x0882,0x0882,0x0882,0x0882,0x0882,0x0882,0x0882,0x0882,0x0882,0x0882,0x0882,0x0882,0x0882,
  0x0882,0x0882,0x0882,0x0882,0x0882,0x0882,0x0882,0x0882,0x0882,0x0882,0x0882,0x0882,0x0882,0x0882,0x0882,0x0882,
  0x0882,0x0882,0x0882,0x0882,0x0882,0x0882,0x0882,0x0882,0x0882,0x0882,0x0882,0x0882,0x0882,0x0882,0x0882,0x0882,
  0x0882,0x0882,0x0882,0x0882,0x0882,0x0882,0x0882,0x0882,0x0882,0x0882,0x0882,0x0882,0x0882,0x0882,0x0882,0x0882,
  0x0882,0x0882,0x0882,0x0882,0x0882,0x0882,0x0882,0x0882,0x0882,0x0882,0x0882,0x0882,0x0882,0x0882,0x0882,0x0882,
  0x0882,0x0882,0x0882,0x0882,0x0882,0x1D57,0x2598,0x08C3,0x0041,0x0041,0x0041,0x0041,0x0041,0x0041,0x0041,0x0041,
  0x0041,0x0041,0x0041,0x0041,0x0041,0x0041,0x0041,0x0041,0x0041,0x2209,0x08A3,0x08A3,0x08A3,0x08A3,0x08A3,0x08A3,
  0x08A3,0x08A3,0x08A3,0x08A3,0x08A3,0x08A3,0x08A3,0x08A3,0x08A3,0x08A3,0x08A3,0x08A3,0x08A3,0x08A3,0x08A3,0x08A3,
  0x08A3,0x08A3,0x08A3,0x08A3,0x08A3,0x08A3,0x08A3,0x08A3,0x08A3,0x08A3,0x08A3,0x08A3,0x08A3,0x08A3,0x08A3,0x08A3,
  0x08A3,0x08A3,0x08A3,0x08A3,0x08A3,0x08A3,0x08A3,0x08A3,0x08A3,0x08A3,0x08A3,0x08A3,0x08A3,0x08A3,0x08A3,0x08A3,
  0x08A3,0x08A3,0x08A3,0x08A3,0x08A3,0x08A3,0x08A3,0x08A3,0x08A3,0x08A3,0x08A3,0x08A3,0x08A3,0x08A3,0x08A3,0x08A3,
  0x08A3,0x08A3,0x08A3,0x08A3,0x08A3,0x08A3,0x08A3,0x08A3,0x08A3,0x08A3,0x08A3,0x08A3,0x08A3,0x08A3,0x08A3,0x08A3,
  0x08A3,0x08A3,0x08A3,0x08A3,0x08A3,0x08A3,0x08A3,0x08A3,0x08A3,0x08A3,0x08A3,0x08A3,0x08A3,0x08A3,0x08A3,0x08A3,
  0x08A3,0x08A3,0x08A3,0x08A3,0x08A3,0x08A3,0x08A3,0x08A3,0x08A3,0x08A3,0x08A3,0x08A3,0x08A3,0x08A3,0x08A3,0x08A3,
  0x08A3,0x08A3,0x08A3,0x08A3,0x08A3,0x08A3,0x08A3,0x08A3,0x08A3,0x08A3,0x08A3,0x08A3,0x08A3,0x08A3,0x08A3,0x08A3,
  0x08A3,0x08A3,0x08A3,0x08A3,0x08A3,0x08A3,0x0883,0x0883,0x0883,0x0883,0x0883,0x0883,0x0883,0x0883,0x0883,0x0883,
  0x0883,0x0883,0x0883,0x0883,0x0883,0x0883,0x0883,0x0883,0x0883,0x0883,0x0883,0x0883,0x0883,0x0883,0x0883,0x0883,
  0x0883,0x0883,0x0883,0x0883,0x0883,0x0883,0x0883,0x0883,0x0883,0x0883,0x0883,0x0883,0x0883,0x0883,0x0883,0x0883,
  0x0883,0x0883,0x0883,0x0883,0x0883,0x0883,0x0883,0x0883,0x0883,0x0883,0x0883,0x0883,0x0883,0x0883,0x0883,0x0883,
  0x0883,0x0883,0x0883,0x0883,0x0883,0x0883,0x0883,0x0883,0x0883,0x0883,0x0883,0x0883,0x0883,0x0883,0x0882,0x0882,
  0x0882,0x0882,0x0882,0x0882,0x0882,0x0882,0x0882,0x0882,0x0882,0x0882,0x0882,0x0882,0x0882,0x0882,0x0882,0x0882,
  0x0882,0x0882,0x0882,0x0882,0x0882,0x0882,0x0882,0x0882,0x0882,0x0882,0x0882,0x0882,0x0882,0x0882,0x0882,0x0882,
  0x0882,0x0882,0x0882,0x0882,0x0882,0x0882,0x0882,0x0882,0x0882,0x0882,0x0882,0x0882,0x0882,0x0882,0x0882,0x0882,
  0x0882,0x0882,0x0882,0x0882,0x0882,0x0882,0x0882,0x0882,0x0882,0x0882,0x0882,0x0882,0x0882,0x0882,0x0882,0x0882,
  0x0882,0x0882,0x0882,0x0882,0x0882,0x0882,0x0882,0x0882,0x0882,0x0882,0x0882,0x0882,0x0882,0x0882,0x0882,0x0882,
  0x0882,0x0882,0x0882,0x0882,0x0882,0x1D57,0x2598,0x08C3,0x0041,0x0041,0x0041,0x0041,0x0041,0x0041,0x0041,0x0041,
  0x0041,0x0041,0x0041,0x0041,0x0041,0x0041,0x0041,0x0041,0x0041,0x2209,0x08A3,0x08A3,0x08A3,0x08A3,0x08A3,0x08A3,
  0x08A3,0x08A3,0x08A3,0x08A3,0x08A3,0x08A3,0x08A3,0x08A3,0x08A3,0x08A3,0x08A3,0x08A3,0x08A3,0x08A3,0x08A3,0x08A3,
  0x08A3,0x08A3,0x08A3,0x08A3,0x08A3,0x08A3,0x08A3,0x08A3,0x08A3,0x08A3,0x08A3,0x08A3,0x08A3,0x08A3,0x08A3,0x08A3,
  0x08A3,0x08A3,0x08A3,0x08A3,0x08A3,0x08A3,0x08A3,0x08A3,0x08A3,0x08A3,0x08A3,0x08A3,0x08A3,0x08A3,0x08A3,0x08A3,
  0x08A3,0x08A3,0x08A3,0x08A3,0x08A3,0x08A3,0x08A3,0x08A3,0x08A3,0x08A3,0x08A3,0x08A3,0x08A3,0x08A3,0x08A3,0x08A3,
  0x08A3,0x08A3,0x08A3,0x08A3,0x08A3,0x08A3,0x08A3,0x08A3,0x08A3,0x08A3,0x08A3,0x08A3,0x08A3,0x08A3,0x08A3,0x08A3,
  0x08A3,0x08A3,0x08A3,0x08A3,0x08A3,0x08A3,0x08A3,0x08A3,0x08A3,0x08A3,0x08A3,0x08A3,0x08A3,0x08A3,0x08A3,0x08A3,
  0x08A3,0x08A3,0x08A3,0x08A3,0x08A3,0x08A3,0x08A3,0x08A3,0x08A3,0x08A3,0x08A3,0x08A3,0x08A3,0x08A3,0x08A3,0x08A3,
  0x08A3,0x08A3,0x08A3,0x08A3,0x08A3,0x08A3,0x08A3,0x08A3,0x08A3,0x08A3,0x08A3,0x08A3,0x08A3,0x08A3,0x08A3,0x08A3,
  0x08A3,0x08A3,0x08A3,0x0883,0x0883,0x0883,0x0883,0x0883,0x0883,0x0883,0x0883,0x0883,0x0883,0x0883,0x0883,0x0883,
  0x0883,0x0883,0x0883,0x0883,0x0883,0x0883,0x0883,0x0883,0x0883,0x0883,0x0883,0x0883,0x0883,0x0883,0x0883,0x0883,
  0x0883,0x0883,0x0883,0x0883,0x0883,0x0883,0x0883,0x0883,0x0883,0x0883,0x0883,0x0883,0x0883,0x0883,0x0883,0x0883,
  0x0883,0x0883,0x0883,0x0883,0x0883,0x0883,0x0883,0x0883,0x0883,0x0883,0x0883,0x0883,0x0883,0x0883,0x0883,0x0883,
  0x0883,0x0883,0x0883,0x0883,0x0883,0x0883,0x0883,0x0883,0x0883,0x0883,0x0883,0x0882,0x0882,0x0882,0x0882,0x0882,
  0x0882,0x0882,0x0882,0x0882,0x0882,0x0882,0x0882,0x0882,0x0882,0x0882,0x0882,0x0882,0x0882,0x0882,0x0882,0x0882,
  0x0882,0x0882,0x0882,0x0882,0x0882,0x0882,0x0882,0x0882,0x0882,0x0882,0x0882,0x0882,0x0882,0x0882,0x0882,0x0882,
  0x0882,0x0882,0x0882,0x0882,0x0882,0x0882,0x0882,0x0882,0x0882,0x0882,0x0882,0x0882,0x0882,0x0882,0x0882,0x0882,
  0x0882,0x0882,0x0882,0x0882,0x0882,0x0882,0x0882,0x0882,0x0882,0x0882,0x0882,0x0882,0x0882,0x0882,0x0882,0x0882,
  0x0882,0x0882,0x0882,0x0882,0x0882,0x0882,0x0882,0x0882,0x0882,0x0882,0x0882,0x0882,0x0882,0x0882,0x0882,0x0882,
  0x0882,0x0882,0x0882,0x0882,0x0882,0x1D57,0x2598,0x08C3,0x0041,0x0041,0x0041,0x0041,0x0041,0x0041,0x0041,0x0041,
  0x0041,0x0041,0x0041,0x0041,0x0041,0x0041,0x0041,0x0041,0x0041,0x2209,0x08A3,0x08A3,0x08A3,0x08A3,0x08A3,0x08A3,
  0x08A3,0x08A3,0x08A3,0x08A3,0x08A3,0x08A3,0x08A3,0x08A3,0x08A3,0x08A3,0x08A3,0x08A3,0x08A3,0x08A3,0x08A3,0x08A3,
  0x08A3,0x08A3,0x08A3,0x08A3,0x08A3,0x08A3,0x08A3,0x08A3,0x08A3,0x08A3,0x08A3,0x08A3,0x08A3,0x08A3,0x08A3,0x08A3,
  0x08A3,0x08A3,0x08A3,0x08A3,0x08A3,0x08A3,0x08A3,0x08A3,0x08A3,0x08A3,0x08A3,0x08A3,0x08A3,0x08A3,0x08A3,0x08A3,
  0x08A3,0x08A3,0x08A3,0x08A3,0x08A3,0x08A3,0x08A3,0x08A3,0x08A3,0x08A3,0x08A3,0x08A3,0x08A3,0x08A3,0x08A3,0x08A3,
  0x08A3,0x08A3,0x08A3,0x08A3,0x08A3,0x08A3,0x08A3,0x08A3,0x08A3,0x08A3,0x08A3,0x08A3,0x08A3,0x08A3,0x08A3,0x08A3,
  0x08A3,0x08A3,0x08A3,0x08A3,0x08A3,0x08A3,0x08A3,0x08A3,0x08A3,0x08A3,0x08A3,0x08A3,0x08A3,0x08A3,0x08A3,0x08A3,
  0x08A3,0x08A3,0x08A3,0x08A3,0x08A3,0x08A3,0x08A3,0x08A3,0x08A3,0x08A3,0x08A3,0x08A3,0x08A3,0x08A3,0x08A3,0x08A3,
  0x08A3,0x08A3,0x08A3,0x08A3,0x08A3,0x08A3,0x08A3,0x08A3,0x08A3,0x08A3,0x08A3,0x08A3,0x08A3,0x08A3,0x08A3,0x08A3,
  0x0883,0x0883,0x0883,0x0883,0x0883,0x0883,0x0883,0x0883,0x0883,0x0883,0x0883,0x0883,0x0883,0x0883,0x0883,0x0883,
  0x0883,0x0883,0x0883,0x0883,0x0883,0x0883,0x0883,0x0883,0x0883,0x0883,0x0883,0x0883,0x0883,0x0883,0x0883,0x0883,
  0x0883,0x0883,0x0883,0x0883,0x0883,0x0883,0x0883,0x0883,0x0883,0x0883,0x0883,0x0883,0x0883,0x0883,0x0883,0x0883,
  0x0883,0x0883,0x0883,0x0883,0x0883,0x0883,0x0883,0x0883,0x0883,0x0883,0x0883,0x0883,0x0883,0x0883,0x0883,0x0883,
  0x0883,0x0883,0x0883,0x0883,0x0883,0x0883,0x0883,0x0883,0x0882,0x0882,0x0882,0x0882,0x0882,0x0882,0x0882,0x0882,
  0x0882,0x0882,0x0882,0x0882,0x0882,0x0882,0x0882,0x0882,0x0882,0x0882,0x0882,0x0882,0x0882,0x0882,0x0882,0x0882,
  0x0882,0x0882,0x0882,0x0882,0x0882,0x0882,0x0882,0x0882,0x0882,0x0882,0x0882,0x0882,0x0882,0x0882,0x0882,0x0882,
  0x0882,0x0882,0x0882,0x0882,0x0882,0x0882,0x0882,0x0882,0x0882,0x0882,0x0882,0x0882,0x0882,0x0882,0x0882,0x0882,
  0x0882,0x0882,0x0882,0x0882,0x0882,0x0882,0x0882,0x0882,0x0882,0x0882,0x0882,0x0882,0x0882,0x0882,0x0882,0x0882,
  0x0882,0x0882,0x0882,0x0882,0x0882,0x0882,0x0882,0x0882,0x0882,0x0882,0x0882,0x0882,0x0882,0x0882,0x0882,0x0882,
  0x0882,0x0882,0x0882,0x0882,0x0882,0x1D57,0x2598,0x08C3,0x0041,0x0041,0x0041,0x0041,0x0041,0x0041,0x0041,0x0041,
  0x0041,0x0041,0x0041,0x0041,0x0041,0x0041,0x0041,0x0041,0x0041,0x2209,0x08A3,0x08A3,0x08A3,0x08A3,0x08A3,0x08A3,
  0x08A3,0x08A3,0x08A3,0x08A3,0x08A3,0x08A3,0x08A3,0x08A3,0x08A3,0x08A3,0x08A3,0x08A3,0x08A3,0x08A3,0x08A3,0x08A3,
  0x08A3,0x08A3,0x08A3,0x08A3,0x08A3,0x08A3,0x08A3,0x08A3,0x08A3,0x08A3,0x08A3,0x08A3,0x08A3,0x08A3,0x08A3,0x08A3,
  0x08A3,0x08A3,0x08A3,0x08A3,0x08A3,0x08A3,0x08A3,0x08A3,0x08A3,0x08A3,0x08A3,0x08A3,0x08A3,0x08A3,0x08A3,0x08A3,
  0x08A3,0x08A3,0x08A3,0x08A3,0x08A3,0x08A3,0x08A3,0x08A3,0x08A3,0x08A3,0x08A3,0x08A3,0x08A3,0x08A3,0x08A3,0x08A3,
  0x08A3,0x08A3,0x08A3,0x08A3,0x08A3,0x08A3,0x08A3,0x08A3,0x08A3,0x08A3,0x08A3,0x08A3,0x08A3,0x08A3,0x08A3,0x08A3,
  0x08A3,0x08A3,0x08A3,0x08A3,0x08A3,0x08A3,0x08A3,0x08A3,0x08A3,0x08A3,0x08A3,0x08A3,0x08A3,0x08A3,0x08A3,0x08A3,
  0x08A3,0x08A3,0x08A3,0x08A3,0x08A3,0x08A3,0x08A3,0x08A3,0x08A3,0x08A3,0x08A3,0x08A3,0x08A3,0x08A3,0x08A3,0x08A3,
  0x08A3,0x08A3,0x08A3,0x08A3,0x08A3,0x08A3,0x08A3,0x08A3,0x08A3,0x08A3,0x08A3,0x08A3,0x08A3,0x0883,0x0883,0x0883,
  0x0883,0x0883,0x0883,0x0883,0x0883,0x0883,0x0883,0x0883,0x0883,0x0883,0x0883,0x0883,0x0883,0x0883,0x0883,0x0883,
  0x0883,0x0883,0x0883,0x0883,0x0883,0x0883,0x0883,0x0883,0x0883,0x0883,0x0883,0x0883,0x0883,0x0883,0x0883,0x0883,
  0x0883,0x0883,0x0883,0x0883,0x0883,0x0883,0x0883,0x0883,0x0883,0x0883,0x0883,0x0883,0x0883,0x0883,0x0883,0x0883,
  0x0883,0x0883,0x0883,0x0883,0x0883,0x0883,0x0883,0x0883,0x0883,0x0883,0x0883,0x0883,0x0883,0x0883,0x0883,0x0883,
  0x0883,0x0883,0x0883,0x0883,0x0883,0x0882,0x0882,0x0882,0x0882,0x0882,0x0882,0x0882,0x0882,0x0882,0x0882,0x0882,
  0x0882,0x0882,0x0882,0x0882,0x0882,0x0882,0x0882,0x0882,0x0882,0x0882,0x0882,0x0882,0x0882,0x0882,0x0882,0x0882,
  0x0882,0x0882,0x0882,0x0882,0x0882,0x0882,0x0882,0x0882,0x0882,0x0882,0x0882,0x0882,0x0882,0x0882,0x0882,0x0882,
  0x0882,0x0882,0x0882,0x0882,0x0882,0x0882,0x0882,0x0882,0x0882,0x0882,0x0882,0x0882,0x0882,0x0882,0x0882,0x0882,
  0x0882,0x0882,0x0882,0x0882,0x0882,0x0882,0x0882,0x0882,0x0882,0x0882,0x0882,0x0882,0x0882,0x0882,0x0882,0x0882,
  0x0882,0x0882,0x0882,0x0882,0x0882,0x0882,0x0882,0x0882,0x0882,0x0882,0x0882,0x0882,0x0882,0x0882,0x0882,0x0882,
  0x0882,0x0882,0x0882,0x0882,0x0882,0x1D57,0x2598,0x08C3,0x0041,0x0041,0x0041,0x0041,0x0041,0x0041,0x0041,0x0041,
  0x0041,0x0041,0x0041,0x0041,0x0041,0x0041,0x0041,0x0041,0x0041,0x2209,0x08A3,0x08A3,0x08A3,0x08A3,0x08A3,0x08A3,
  0x08A3,0x08A3,0x08A3,0x08A3,0x08A3,0x08A3,0x08A3,0x08A3,0x08A3,0x08A3,0x08A3,0x08A3,0x08A3,0x08A3,0x08A3,0x08A3,
  0x08A3,0x08A3,0x08A3,0x08A3,0x08A3,0x08A3,0x08A3,0x08A3,0x08A3,0x08A3,0x08A3,0x08A3,0x08A3,0x08A3,0x08A3,0x08A3,
  0x08A3,0x08A3,0x08A3,0x08A3,0x08A3,0x08A3,0x08A3,0x08A3,0x08A3,0x08A3,0x08A3,0x08A3,0x08A3,0x08A3,0x08A3,0x08A3,
  0x08A3,0x08A3,0x08A3,0x08A3,0x08A3,0x08A3,0x08A3,0x08A3,0x08A3,0x08A3,0x08A3,0x08A3,0x08A3,0x08A3,0x08A3,0x08A3,
  0x08A3,0x08A3,0x08A3,0x08A3,0x08A3,0x08A3,0x08A3,0x08A3,0x08A3,0x08A3,0x08A3,0x08A3,0x08A3,0x08A3,0x08A3,0x08A3,
  0x08A3,0x08A3,0x08A3,0x08A3,0x08A3,0x08A3,0x08A3,0x08A3,0x08A3,0x08A3,0x08A3,0x08A3,0x08A3,0x08A3,0x08A3,0x08A3,
  0x08A3,0x08A3,0x08A3,0x08A3,0x08A3,0x08A3,0x08A3,0x08A3,0x08A3,0x08A3,0x08A3,0x08A3,0x08A3,0x08A3,0x08A3,0x08A3,
  0x08A3,0x08A3,0x08A3,0x08A3,0x08A3,0x08A3,0x08A3,0x08A3,0x08A3,0x08A3,0x0883,0x0883,0x0883,0x0883,0x0883,0x0883,
  0x0883,0x0883,0x0883,0x0883,0x0883,0x0883,0x0883,0x0883,0x0883,0x0883,0x0883,0x0883,0x0883,0x0883,0x0883,0x0883,
  0x0883,0x0883,0x0883,0x0883,0x0883,0x0883,0x0883,0x0883,0x0883,0x0883,0x0883,0x0883,0x0883,0x0883,0x0883,0x0883,
  0x0883,0x0883,0x0883,0x0883,0x0883,0x0883,0x0883,0x0883,0x0883,0x0883,0x0883,0x0883,0x0883,0x0883,0x0883,0x0883,
  0x0883,0x0883,0x0883,0x0883,0x0883,0x0883,0x0883,0x0883,0x0883,0x0883,0x0883,0x0883,0x0883,0x0883,0x0883,0x0883,
  0x0883,0x0883,0x0882,0x0882,0x0882,0x0882,0x0882,0x0882,0x0882,0x0882,0x0882,0x0882,0x0882,0x0882,0x0882,0x0882,
  0x0882,0x0882,0x0882,0x0882,0x0882,0x0882,0x0882,0x0882,0x0882,0x0882,0x0882,0x0882,0x0882,0x0882,0x0882,0x0882,
  0x0882,0x0882,0x0882,0x0882,0x0882,0x0882,0x0882,0x0882,0x0882,0x0882,0x0882,0x0882,0x0882,0x0882,0x0882,0x0882,
  0x0882,0x0882,0x0882,0x0882,0x0882,0x0882,0x0882,0x0882,0x0882,0x0882,0x0882,0x0882,0x0882,0x0882,0x0882,0x0882,
  0x0882,0x0882,0x0882,0x0882,0x0882,0x0882,0x0882,0x0882,0x0882,0x0882,0x0882,0x0882,0x0882,0x0882,0x0882,0x0882,
  0x0882,0x0882,0x0882,0x0882,0x0882,0x0882,0x0882,0x0882,0x0882,0x0882,0x0882,0x0882,0x0882,0x0882,0x1D57,0x1D57,
  0x1D57,0x1D57,0x1D57,0x1D57,0x1D57,0x1D57,0x2598,0x08C3,0x0041,0x0041,0x0041,0x0041,0x0041,0x0041,0x0041,0x0041,
  0x0041,0x0041,0x0041,0x0041,0x0041,0x0041,0x0041,0x0041,0x0041,0x21E8,0x2209,0x2209,0x2209,0x2209,0x2209,0x2209,
  0x2209,0x2209,0x2209,0x2209,0x2209,0x2209,0x2209,0x2209,0x2209,0x2209,0x2209,0x2209,0x2209,0x2209,0x2209,0x2209,
  0x2209,0x2209,0x2209,0x2209,0x2209,0x2209,0x2209,0x2209,0x2209,0x2209,0x2209,0x2209,0x2209,0x2209,0x2209,0x2209,
  0x2209,0x2209,0x2209,0x2209,0x2209,0x2209,0x2209,0x2209,0x2209,0x2209,0x2209,0x2209,0x2209,0x2209,0x2209,0x2209,
  0x2209,0x2209,0x2209,0x2209,0x2209,0x2209,0x2209,0x2209,0x2209,0x2209,0x2209,0x2209,0x2209,0x2209,0x2209,0x2209,
  0x2209,0x2209,0x2209,0x2209,0x2209,0x2209,0x2209,0x2209,0x2209,0x2209,0x2209,0x2209,0x2209,0x2209,0x2209,0x2209,
  0x2209,0x2209,0x2209,0x2209,0x2209,0x2209,0x2209,0x2209,0x2209,0x2209,0x2209,0x2209,0x2209,0x2209,0x2209,0x2209,
  0x2209,0x2209,0x2209,0x2209,0x2209,0x2209,0x2209,0x2209,0x2209,0x2209,0x2209,0x2209,0x2209,0x2209,0x2209,0x2209,
  0x2209,0x2209,0x2209,0x2209,0x2209,0x2209,0x2209,0x2209,0x2209,0x2209,0x2209,0x2209,0x2209,0x2209,0x2209,0x2209,
  0x2209,0x2209,0x2209,0x2209,0x2209,0x2209,0x2209,0x2209,0x2209,0x2209,0x2209,0x2209,0x2209,0x2209,0x2209,0x2209,
  0x2209,0x2209,0x2209,0x2209,0x2209,0x2209,0x2209,0x2209,0x2209,0x2209,0x2209,0x2209,0x2209,0x2209,0x2209,0x2209,
  0x2209,0x2209,0x2209,0x2209,0x2209,0x2209,0x2209,0x2209,0x2209,0x2209,0x2209,0x2209,0x2209,0x2209,0x2209,0x2209,
  0x2209,0x2209,0x2209,0x2209,0x2209,0x2209,0x2209,0x2209,0x2209,0x2209,0x2209,0x2209,0x2209,0x2209,0x2209,0x2209,
  0x2209,0x2209,0x2209,0x2209,0x2209,0x2209,0x2209,0x2209,0x2209,0x2209,0x2209,0x2209,0x2209,0x2209,0x2209,0x2209,
  0x2209,0x2209,0x2209,0x2209,0x2209,0x2209,0x2209,0x2209,0x2209,0x2209,0x2209,0x2209,0x2209,0x2209,0x2209,0x2209,
  0x2209,0x2209,0x2209,0x2209,0x2209,0x2209,0x2209,0x2209,0x2209,0x2209,0x2209,0x2209,0x2209,0x2209,0x2209,0x2209,
  0x2209,0x2209,0x2209,0x2209,0x2209,0x2209,0x2209,0x2209,0x2209,0x2209,0x2209,0x2209,0x2209,0x2209,0x2209,0x2209,
  0x2209,0x2209,0x2209,0x2209,0x2209,0x2209,0x2209,0x2209,0x2209,0x2209,0x2209,0x2209,0x2209,0x2209,0x2209,0x2209,
  0x2209,0x2209,0x2209,0x2209,0x2209,0x2209,0x2209,0x2209,0x2209,0x2209,0x2209,0x2209,0x2209,0x2209,0x25B9,0x25B9,
  0x25B9,0x25B9,0x25B9,0x25B9,0x25B9,0x25B9,0x25B9,0x08A3,0x0041,0x0041,0x0041,0x0041,0x0041,0x0041,0x0041,0x0041,
  0x0041,0x0041,0x0041,0x0041,0x0041,0x0041,0x0041,0x0041,0x0041,0x0062,0x0062,0x0062,0x0062,0x0062,0x0062,0x0062,
  0x0062,0x0062,0x0062,0x0062,0x0062,0x0062,0x0062,0x0062,0x0062,0x0062,0x0062,0x0062,0x0062,0x0062,0x0062,0x0062,
  0x0062,0x0062,0x0062,0x0062,0x0062,0x0062,0x0062,0x0062,0x0062,0x0062,0x0062,0x0062,0x0062,0x0062,0x0062,0x0062,
  0x0062,0x0062,0x0062,0x0062,0x0062,0x0062,0x0062,0x0062,0x0062,0x0062,0x0062,0x0062,0x0062,0x0062,0x0062,0x0062,
  0x0062,0x0062,0x0062,0x0062,0x0062,0x0062,0x0062,0x0062,0x0062,0x0062,0x0062,0x0062,0x0062,0x0062,0x0062,0x0062,
  0x0062,0x0062,0x0062,0x0062,0x0062,0x0062,0x0062,0x0062,0x0062,0x0062,0x0062,0x0062,0x0062,0x0062,0x0062,0x0062,
  0x0062,0x0062,0x0062,0x0062,0x0062,0x0062,0x0062,0x0062,0x0062,0x0062,0x0062,0x0062,0x0062,0x0062,0x0062,0x0062,
  0x0062,0x0062,0x0062,0x0062,0x0062,0x0062,0x0062,0x0062,0x0062,0x0062,0x0062,0x0062,0x0062,0x0062,0x0062,0x0062,
  0x0062,0x0062,0x0062,0x0062,0x0062,0x0062,0x0062,0x0062,0x0062,0x0062,0x0062,0x0062,0x0062,0x0062,0x0062,0x0062,
  0x0062,0x0062,0x0062,0x0062,0x0062,0x0062,0x0062,0x0062,0x0062,0x0062,0x0062,0x0062,0x0062,0x0062,0x0062,0x0062,
  0x0062,0x0062,0x0062,0x0062,0x0062,0x0062,0x0062,0x0062,0x0062,0x0062,0x0062,0x0062,0x0062,0x0062,0x0062,0x0062,
  0x0062,0x0062,0x0062,0x0062,0x0062,0x0062,0x0062,0x0062,0x0062,0x0062,0x0062,0x0062,0x0062,0x0062,0x0062,0x0062,
  0x0062,0x0062,0x0062,0x0062,0x0062,0x0062,0x0062,0x0062,0x0062,0x0062,0x0062,0x0062,0x0062,0x0062,0x0062,0x0062,
  0x0062,0x0062,0x0062,0x0062,0x0062,0x0062,0x0062,0x0062,0x0062,0x0062,0x0062,0x0062,0x0062,0x0062,0x0062,0x0062,
  0x0062,0x0062,0x0062,0x0062,0x0062,0x0062,0x0062,0x0062,0x0062,0x0062,0x0062,0x0062,0x0062,0x0062,0x0062,0x0062,
  0x0062,0x0062,0x0061,0x0061,0x0061,0x0061,0x0061,0x0061,0x0061,0x0061,0x0061,0x0061,0x0061,0x0061,0x0061,0x0061,
  0x0061,0x0061,0x0061,0x0061,0x0061,0x0061,0x0061,0x0061,0x0061,0x0061,0x0061,0x0061,0x0061,0x0061,0x0061,0x0061,
  0x0061,0x0061,0x0061,0x0061,0x0061,0x0061,0x0061,0x0061,0x0061,0x0061,0x0061,0x0061,0x0061,0x0061,0x0061,0x0061,
  0x0061,0x0061,0x0061,0x0061,0x0061,0x0061,0x0061,0x0061,0x0061,0x0061,0x0061,0x0061,0x0061,0x0061,0x0061,0x0061,
  0x0061,0x0061,0x0061,0x0061,0x0061,0x0061,0x0061,0x0041,0x0041,0x0041,0x0041,0x0041,0x0041,0x0041,0x0041,0x0041,
  0x0041,0x0041,0x0041,0x0041,0x0041,0x0041,0x0041,0x0041,0x0041,0x0041,0x0041,0x0041,0x0041,0x0041,0x0041,0x0041,
  0x0041,0x0041,0x0041,0x0041,0x0041,0x0041,0x0041,0x0041,0x0041,0x0041,0x0041,0x0041,0x0041,0x0041,0x0041,0x0041,
  0x0041,0x0041,0x0041,0x0041,0x0041,0x0041,0x0041,0x0041,0x0041,0x0041,0x0041,0x0041,0x0041,0x0041,0x0041,0x0041,
  0x0041,0x0041,0x0041,0x0041,0x0041,0x0041,0x0041,0x0041,0x0041,0x0041,0x0041,0x0041,0x0041,0x0041,0x0041,0x0041,
  0x0041,0x0041,0x0041,0x0041,0x0041,0x0041,0x0041,0x0041,0x0041,0x0041,0x0041,0x0041,0x0041,0x0041,0x0041,0x0041,
  0x0041,0x0041,0x0041,0x0041,0x0041,0x0041,0x0041,0x0041,0x0041,0x0041,0x0041,0x0041,0x0041,0x0041,0x0041,0x0041,
  0x0041,0x0041,0x0041,0x0041,0x0041,0x0041,0x0041,0x0041,0x0041,0x0041,0x0041,0x0041,0x0041,0x0041,0x0041,0x0041,
  0x0041,0x0041,0x0041,0x0041,0x0041,0x0041,0x0041,0x0041,0x0041,0x0041,0x0041,0x0041,0x0041,0x0041,0x0041,0x0041,
  0x0041,0x0041,0x0041,0x0041,0x0041,0x0041,0x0041,0x0041,0x0041,0x0041,0x0041,0x0041,0x0041,0x0041,0x0041,0x0041,
  0x0041,0x0041,0x0041,0x0041,0x0041,0x0041,0x0041,0x0041,0x0041,0x0041,0x0041,0x0041,0x0041,0x0041,0x0041,0x0041,
  0x0041,0x0041,0x0041,0x0041,0x0041,0x0041,0x0041,0x0041,0x0041,0x0041,0x0041,0x0041,0x0041,0x0041,0x0041,0x0041,
  0x0041,0x0041,0x0041,0x0041,0x0041,0x0041,0x0041,0x0041,0x0041,0x0041,0x0041,0x0041,0x0041,0x0041,0x0041,0x0041,
  0x0041,0x0041,0x0041,0x0041,0x0041,0x0041,0x0041,0x0041,0x0041,0x0041,0x0041,0x0041,0x0041,0x0041,0x0041,0x0041,
  0x0041,0x0041,0x0041,0x0041,0x0041,0x0041,0x0041,0x0041,0x0041,0x0041,0x0041,0x0041,0x0041,0x0041,0x0041,0x0041,
  0x0041,0x0041,0x0041,0x0041,0x0041,0x0041,0x0041,0x0041,0x0041,0x0041,0x0041,0x0041,0x0041,0x0041,0x0041,0x0041,
  0x0041,0x0041,0x0041,0x0041,0x0041,0x0041,0x0041,0x0041,0x0041,0x0041,0x0041,0x0041,0x0041,0x0041,0x0041,0x0041,
  0x0041,0x0041,0x0041,0x0041,0x0041,0x0041,0x0041,0x0041,0x0041,0x0041,0x0041,0x0041,0x0041,0x0041,0x0041,0x0041,
  0x0041,0x0041,0x0041,0x0041,0x0041,0x0041,0x0041,0x0041,0x0041,0x0041,0x0041,0x0041,0x0041,0x0041,0x0041,0x0041,
  0x0041,0x0041,0x0041,0x0041,0x0041,0x0041,0x0041,0x0041,0x0041,0x0041,0x0041,0x0041,0x0041,0x0041,0x0041,0x0041,
  0x0041,0x0041,0x0041,0x0041,0x0041,0x0041,0x0041,0x0041,0x0041,0x0041,0x0041,0x0041,0x0041,0x0041,0x0041,0x0041,
  0x0041,0x0041,0x0041,0x0041,0x0041,0x0041,0x0041,0x0041,0x0041,0x0041,0x0041,0x0041,0x0041,0x0041,0x0041,0x0041,
  0x0041,0x0041,0x0041,0x0041,0x0041,0x0041,0x0041,0x0041,0x0041,0x0041,0x0041,0x0041,0x0041,0x0041,0x0041,0x0041,
  0x0041,0x0041,0x0041,0x0041,0x0041,0x0041,0x0041,0x0041,0x0041,0x0041,0x0041,0x0041,0x0041,0x0041,0x0041,0x0041,
  0x0041,0x0041,0x0041,0x0041,0x0041,0x0041,0x0041,0x0041,0x0041,0x0041,0x0041,0x0041,0x0041,0x0041,0x0041,0x0041,
  0x0041,0x0041,0x0041,0x0041,0x0041,0x0041,0x0041,0x0041,0x0041,0x0041,0x0041,0x0041,0x0041,0x0041,0x0041,0x0041,
  0x0041,0x0041,0x0041,0x0041,0x0041,0x0041,0x0041,0x0041,0x0041,0x0041,0x0041,0x0041,0x0041,0x0041,0x0041,0x0041,
  0x0041,0x0041,0x0041,0x0041,0x0041,0x0041,0x0041,0x0041,0x0041,0x0041,0x0041,0x0041,0x0041,0x0041,0x0041,0x0041,
  0x0041,0x0041,0x0041,0x0041,0x0041,0x0041,0x0041,0x0041,0x0041,0x0041,0x0041,0x0041,0x0041,0x0041,0x0041,0x0041,
  0x0041,0x0041,0x0041,0x0041,0x0041,0x0041,0x0041,0x0041,0x0041,0x0041,0x0041,0x0041,0x0041,0x0041,0x0041,0x0041,
  0x0041,0x0041,0x0041,0x0041,0x0041,0x0041,0x0041,0x0041,0x0041,0x0041,0x0041,0x0041,0x0041,0x0041,0x0041,0x0041,
  0x0041,0x0041,0x0041,0x0041,0x0041,0x0041,0x0041,0x0041,0x0041,0x0041,0x0041,0x0041,0x0041,0x0041,0x0041,0x0041,
  0x0041,0x0041,0x0041,0x0041,0x0041,0x0041,0x0041,0x0041,0x0041,0x0041,0x0041,0x0041,0x0041,0x0041,0x0041,0x0041,
  0x0041,0x0041,0x0041,0x0041,0x0041,0x0041,0x0041,0x0041,0x0041,0x0041,0x0041,0x0041,0x0041,0x0041,0x0041,0x0041,
  0x0041,0x0041,0x0041,0x0041,0x0041,0x0041,0x0041,0x0041,0x0041,0x0041,0x0041,0x0041,0x0041,0x0041,0x0041,0x0041,
  0x0041,0x0041,0x0041,0x0041,0x0041,0x0041,0x0041,0x0041,0x0041,0x0041,0x0041,0x0041,0x0041,0x0041,0x0041,0x0041,
  0x0041,0x0041,0x0041,0x0041,0x0041,0x0041,0x0041,0x0041,0x0041,0x0041,0x0041,0x0041,0x0041,0x0041,0x0041,0x0041,
  0x0041,0x0041,0x0041,0x0041,0x0041,0x0041,0x0041,0x0041,0x0041,0x0041,0x0041,0x0041,0x0882,0x1987,0x19A7,0x19A7,
  0x19A7,0x19A7,0x19A7,0x19A7,0x19A7,0x19A7,0x19A7,0x19A7,0x19A7,0x19A7,0x19A7,0x19A7,0x19A7,0x19A7,0x19A7,0x19A7,
  0x19A7,0x19A7,0x19A7,0x19A7,0x19A7,0x19A7,0x19A7,0x19A7,0x19A7,0x19A7,0x19A7,0x19A7,0x19A7,0x19A7,0x19A7,0x19A7,
  0x19A7,0x19A7,0x19A7,0x19A7,0x19A7,0x1987,0x0882,0x0041,0x0041,0x0041,0x0041,0x0041,0x0041,0x0041,0x0041,0x0041,
  0x0041,0x0041,0x0041,0x0041,0x0041,0x0041,0x0041,0x0041,0x0041,0x0041,0x0041,0x0041,0x0041,0x0041,0x0041,0x0041,
  0x0041,0x0041,0x0041,0x0041,0x0041,0x0041,0x0041,0x0041,0x0041,0x0041,0x0041,0x0041,0x0041,0x0041,0x0041,0x0041,
  0x0041,0x0041,0x0041,0x0041,0x0041,0x0041,0x0041,0x0041,0x0041,0x0041,0x0041,0x0041,0x0041,0x0041,0x0041,0x0041,
  0x0041,0x0041,0x0041,0x0041,0x0041,0x0041,0x0041,0x0041,0x0041,0x0041,0x0041,0x0041,0x0041,0x0041,0x0041,0x0041,
  0x0041,0x0041,0x0041,0x0041,0x0041,0x0041,0x0041,0x0041,0x0041,0x0041,0x0041,0x0041,0x0041,0x0041,0x0041,0x0041,
  0x0041,0x0041,0x0041,0x0041,0x0041,0x0041,0x0041,0x0041,0x0041,0x0041,0x0041,0x0041,0x0041,0x0041,0x0041,0x0041,
  0x0041,0x0041,0x0041,0x0041,0x0041,0x0041,0x0041,0x0041,0x0041,0x0041,0x0041,0x0041,0x0041,0x0041,0x0041,0x0041,
  0x0041,0x0041,0x0041,0x0041,0x0041,0x0041,0x0041,0x0041,0x0041,0x0041,0x0041,0x0041,0x0041,0x0041,0x0041,0x0041,
  0x0041,0x0041,0x0041,0x0041,0x0041,0x0041,0x0041,0x0041,0x0041,0x0041,0x0041,0x0041,0x0041,0x0041,0x0041,0x0041,
  0x0041,0x0041,0x0041,0x0041,0x0041,0x0041,0x0041,0x0041,0x0041,0x0041,0x0041,0x0041,0x0041,0x0041,0x0041,0x0041,
  0x0041,0x0041,0x0041,0x0041,0x0041,0x0041,0x0041,0x0041,0x0041,0x0041,0x0041,0x0041,0x0041,0x0041,0x0041,0x0041,
  0x0041,0x0041,0x0041,0x0041,0x0041,0x0041,0x0041,0x0041,0x0041,0x0041,0x0041,0x0041,0x0041,0x0041,0x0041,0x0041,
  0x0041,0x0041,0x0041,0x0041,0x0041,0x0041,0x0041,0x0041,0x0041,0x0041,0x0041,0x0041,0x0041,0x0041,0x0041,0x0041,
  0x0041,0x0041,0x0041,0x0041,0x0041,0x0041,0x0041,0x0041,0x0041,0x0041,0x0041,0x0041,0x0041,0x0041,0x0041,0x0041,
  0x0041,0x0041,0x0041,0x0041,0x0041,0x0041,0x0041,0x0041,0x0041,0x0041,0x0041,0x0041,0x0041,0x0041,0x0041,0x0041,
  0x0041,0x0041,0x0041,0x0041,0x0041,0x0041,0x0041,0x0041,0x0041,0x0041,0x0041,0x0041,0x0041,0x0041,0x0041,0x0041,
  0x0041,0x0041,0x0041,0x0041,0x0041,0x0041,0x0041,0x0041,0x0041,0x0041,0x0041,0x0041,0x1987,0x0882,0x0041,0x0041,
  0x0041,0x0041,0x0041,0x0041,0x2229,0x2229,0x0041,0x0041,0x0041,0x0041,0x0041,0x0041,0x0041,0x0041,0x0041,0x0041,
  0x0041,0x0041,0x0041,0x0041,0x0041,0x0041,0x0041,0x0041,0x0041,0x0041,0x0041,0x0041,0x0041,0x0041,0x0041,0x0041,
  0x0041,0x0041,0x0041,0x0041,0x0041,0x0882,0x1987,0x0041,0x0041,0x0041,0x0041,0x0041,0x0041,0x0041,0x0041,0x0041,
  0x0041,0x0041,0x0041,0x0041,0x0041,0x0041,0x0041,0x0041,0x0041,0x0041,0x0041,0x0041,0x0041,0x0041,0x0041,0x0041,
  0x0041,0x0041,0x0041,0x0041,0x0041,0x0041,0x0041,0x0041,0x0041,0x0041,0x0041,0x0041,0x0041,0x0041,0x0041,0x0041,
  0x0041,0x0041,0x0041,0x0041,0x0041,0x0041,0x0041,0x0041,0x0041,0x0041,0x0041,0x0041,0x0041,0x0041,0x0041,0x0041,
  0x0041,0x0041,0x0041,0x0041,0x0041,0x0041,0x0041,0x0041,0x0041,0x0041,0x0041,0x0041,0x0041,0x0041,0x0041,0x0041,
  0x0041,0x0041,0x0041,0x0041,0x0041,0x0041,0x0041,0x0041,0x0041,0x0041,0x0041,0x0041,0x0041,0x0041,0x0041,0x0041,
  0x0041,0x0041,0x0041,0x0041,0x0041,0x0041,0x0041,0x0041,0x0041,0x0041,0x0041,0x0041,0x0041,0x0041,0x0041,0x0041,
  0x0041,0x0041,0x0041,0x0041,0x0041,0x0041,0x0041,0x0041,0x0041,0x0041,0x0041,0x0041,0x0041,0x0041,0x0041,0x0041,
  0x0041,0x0041,0x0041,0x0041,0x0041,0x0041,0x0041,0x0041,0x0041,0x0041,0x0041,0x0041,0x0041,0x0041,0x0041,0x0041,
  0x0041,0x0041,0x0041,0x0041,0x0041,0x0041,0x0041,0x0041,0x0041,0x0041,0x0041,0x0041,0x0041,0x0041,0x0041,0x0041,
  0x0041,0x0041,0x0041,0x0041,0x0041,0x0041,0x0041,0x0041,0x0041,0x0041,0x0041,0x0041,0x0041,0x0041,0x0041,0x0041,
  0x0041,0x0041,0x0041,0x0041,0x0041,0x0041,0x0041,0x0041,0x0041,0x0041,0x0041,0x0041,0x0041,0x0041,0x0041,0x0041,
  0x0041,0x0041,0x0041,0x0041,0x0041,0x0041,0x0041,0x0041,0x0041,0x0041,0x0041,0x0041,0x0041,0x0041,0x0041,0x0041,
  0x0041,0x0041,0x0041,0x0041,0x0041,0x0041,0x0041,0x0041,0x0041,0x0041,0x0041,0x0041,0x0041,0x0041,0x0041,0x0041,
  0x0041,0x0041,0x0041,0x0041,0x0041,0x0041,0x0041,0x0041,0x0041,0x0041,0x0041,0x0041,0x0041,0x0041,0x0041,0x0041,
  0x0041,0x0041,0x0041,0x0041,0x0041,0x0041,0x0041,0x0041,0x0041,0x0041,0x0041,0x0041,0x0041,0x0041,0x0041,0x0041,
  0x0041,0x0041,0x0041,0x0041,0x0041,0x0041,0x0041,0x0041,0x0041,0x0041,0x0041,0x0041,0x0041,0x0041,0x0041,0x0041,
  0x0041,0x0041,0x0041,0x0041,0x0041,0x0041,0x0041,0x0041,0x0041,0x0041,0x0041,0x0041,0x19A7,0x0041,0x0041,0x0041,
  0x0041,0x08C3,0x08C3,0x0041,0x5E5A,0x5E5A,0x0041,0x08C3,0x08C3,0x0041,0x0041,0x0041,0x0041,0x0041,0x0041,0x0041,
  0x0041,0x0041,0x0041,0x0041,0x0041,0x0041,0x0041,0x0041,0x0041,0x0041,0x0041,0x0041,0x0041,0x0041,0x0041,0x0041,
  0x0041,0x0041,0x0041,0x0041,0x0041,0x0041,0x19A7,0x0041,0x0041,0x0041,0x0041,0x0041,0x0041,0x0041,0x0041,0x0041,
  0x0041,0x0041,0x0041,0x0041,0x0041,0x0041,0x0041,0x0041,0x0041,0x0041,0x0041,0x0041,0x0041,0x0041,0x0041,0x0041,
  0x0041,0x0041,0x0041,0x0041,0x0041,0x0041,0x0041,0x0041,0x0041,0x0041,0x0041,0x0041,0x0041,0x0041,0x0041,0x0041,
  0x0041,0x0041,0x0041,0x0041,0x0041,0x0041,0x0041,0x0041,0x0041,0x0041,0x0041,0x0041,0x0041,0x0041,0x0041,0x0041,
  0x0041,0x0041,0x0041,0x0041,0x0041,0x0041,0x0041,0x0041,0x0041,0x0041,0x0041,0x0041,0x0041,0x0041,0x0041,0x0041,
  0x0041,0x0041,0x0041,0x0041,0x0041,0x0041,0x0041,0x0041,0x0041,0x0041,0x0041,0x0041,0x0041,0x0041,0x0041,0x0041,
  0x0041,0x0041,0x0041,0x0041,0x0041,0x0041,0x0041,0x0041,0x0041,0x0041,0x0041,0x0041,0x0041,0x0041,0x0041,0x0041,
  0x0041,0x0041,0x0041,0x0041,0x0041,0x0041,0x0041,0x0041,0x0041,0x0041,0x0041,0x0041,0x0041,0x0041,0x0041,0x0041,
  0x0041,0x0041,0x0041,0x0041,0x0041,0x0041,0x0041,0x0041,0x0041,0x0041,0x0041,0x0041,0x0041,0x0041,0x0041,0x0041,
  0x0041,0x0041,0x0041,0x0041,0x0041,0x0041,0x0041,0x0041,0x0041,0x0041,0x0041,0x0041,0x0041,0x0041,0x0041,0x0041,
  0x0041,0x0041,0x0041,0x0041,0x0041,0x0041,0x0041,0x0041,0x0041,0x0041,0x0041,0x0041,0x0041,0x0041,0x0041,0x0041,
  0x0041,0x0041,0x0041,0x0041,0x0041,0x0041,0x0041,0x0041,0x0041,0x0041,0x0041,0x0041,0x0041,0x0041,0x0041,0x0041,
  0x0041,0x0041,0x0041,0x0041,0x0041,0x0041,0x0041,0x0041,0x0041,0x0041,0x0041,0x0041,0x0041,0x0041,0x0041,0x0041,
  0x0041,0x0041,0x0041,0x0041,0x0041,0x0041,0x0041,0x0041,0x0041,0x0041,0x0041,0x0041,0x0041,0x0041,0x0041,0x0041,
  0x0041,0x0041,0x0041,0x0041,0x0041,0x0041,0x0041,0x0041,0x0041,0x0041,0x0041,0x0041,0x0041,0x0041,0x0041,0x0041,
  0x0041,0x0041,0x0041,0x0041,0x0041,0x0041,0x0041,0x0041,0x0041,0x0041,0x0041,0x0041,0x0041,0x0041,0x0041,0x0041,
  0x0041,0x0041,0x0041,0x0041,0x0041,0x0041,0x0041,0x0041,0x0041,0x0041,0x0041,0x0041,0x0041,0x0041,0x0041,0x0041,
  0x0041,0x0041,0x0041,0x0041,0x0041,0x0041,0x0041,0x0041,0x0041,0x0041,0x0041,0x0041,0x19A7,0x0041,0x0041,0x0041,
  0x08C3,0x5E5A,0x4CF4,0x3C10,0x6F3E,0x6F3E,0x3C10,0x4CF4,0x5E5A,0x08C3,0x0041,0x0041,0x0041,0x0041,0x0041,0x0041,
  0x0041,0x0041,0x0041,0x0041,0x0041,0x0041,0x0041,0x0041,0x0041,0x0041,0x0041,0x0041,0x0041,0x0041,0x0041,0x0041,
  0x0041,0x0041,0x0041,0x0041,0x0041,0x0041,0x19A7,0x0041,0x0041,0x0041,0x0041,0x0041,0x0041,0x0041,0x0041,0x0041,
  0x0041,0x0041,0x0041,0x0041,0x0041,0x0041,0x0041,0x0041,0x0041,0x0041,0x0041,0x0041,0x0041,0x0041,0x0041,0x0041,
  0x0041,0x0041,0x0041,0x0041,0x0041,0x0041,0x0041,0x0041,0x0041,0x0041,0x0041,0x0041,0x0041,0x0041,0x0041,0x0041,
  0x0041,0x0041,0x0041,0x0041,0x0041,0x0041,0x0041,0x0041,0x0041,0x0041,0x0041,0x0041,0x0041,0x0041,0x0041,0x0041,
  0x0041,0x0041,0x0041,0x0041,0x0041,0x0041,0x0041,0x0041,0x0041,0x0041,0x0041,0x0041,0x0041,0x0041,0x0041,0x0041,
  0x0041,0x0041,0x0041,0x0041,0x0041,0x0041,0x0041,0x0041,0x0041,0x0041,0x0041,0x0041,0x0041,0x0041,0x0041,0x0041,
  0x0041,0x0041,0x0041,0x0041,0x0041,0x0041,0x0041,0x0041,0x0041,0x0041,0x0041,0x0041,0x0041,0x0041,0x0041,0x0041,
  0x0041,0x0041,0x0041,0x0041,0x0041,0x0041,0x0041,0x0041,0x0041,0x0041,0x0041,0x0041,0x0041,0x0041,0x0041,0x0041,
  0x0041,0x0041,0x0041,0x0041,0x0041,0x0041,0x0041,0x0041,0x0041,0x0041,0x0041,0x0041,0x0041,0x0041,0x0041,0x0041,
  0x0041,0x0041,0x0041,0x0041,0x0041,0x0041,0x0041,0x0041,0x0041,0x0041,0x0041,0x0041,0x0041,0x0041,0x0041,0x0041,
  0x0041,0x0041,0x0041,0x0041,0x0041,0x0041,0x0041,0x0041,0x0041,0x0041,0x0041,0x0041,0x0041,0x0041,0x0041,0x0041,
  0x0041,0x0041,0x0041,0x0041,0x0041,0x0041,0x0041,0x0041,0x0041,0x0041,0x0041,0x0041,0x0041,0x0041,0x0041,0x0041,
  0x0041,0x0041,0x0041,0x0041,0x0041,0x0041,0x0041,0x0041,0x0041,0x0041,0x0041,0x0041,0x0041,0x0041,0x0041,0x0041,
  0x0041,0x0041,0x0041,0x0041,0x0041,0x0041,0x0041,0x0041,0x0041,0x0041,0x0041,0x0041,0x0041,0x0041,0x0041,0x0041,
  0x0041,0x0041,0x0041,0x0041,0x0041,0x0041,0x0041,0x0041,0x0041,0x0041,0x0041,0x0041,0x0041,0x0041,0x0041,0x0041,
  0x0041,0x0041,0x0041,0x0041,0x0041,0x0041,0x0041,0x0041,0x0041,0x0041,0x0041,0x0041,0x0041,0x0041,0x0041,0x0041,
  0x0041,0x0041,0x0041,0x0041,0x0041,0x0041,0x0041,0x0041,0x0041,0x0041,0x0041,0x0041,0x0041,0x0041,0x0041,0x0041,
  0x0041,0x0041,0x0041,0x0041,0x0041,0x0041,0x0041,0x0041,0x0041,0x0041,0x0041,0x0041,0x19A7,0x0041,0x0041,0x0041,
  0x08C3,0x4CF4,0x77BF,0x77BF,0x77BF,0x77BF,0x77BF,0x77BF,0x4CF4,0x08C3,0x0041,0x0041,0x0041,0x0041,0x0041,0x0041,
  0x0041,0x0041,0x0041,0x0041,0x0041,0x0041,0x0041,0x0041,0x0041,0x0041,0x0041,0x0041,0x0041,0x0041,0x0041,0x0041,
  0x0041,0x0041,0x0041,0x0041,0x0041,0x0041,0x19A7,0x0041,0x0041,0x0041,0x0041,0x0041,0x0041,0x0041,0x0041,0x0041,
  0x0041,0x0041,0x0041,0x0041,0x0041,0x0041,0x0041,0x0041,0x0041,0x0041,0x0041,0x31E8,0x42AB,0x63AF,0x42AB,0x31E8,
  0x0041,0x0862,0x63AF,0x42AB,0x428B,0x2987,0x0041,0x0862,0x63AF,0x0862,0x0041,0x0041,0x0862,0x63AF,0x42AB,0x428B,
  0x2987,0x0041,0x0862,0x63AF,0x3A29,0x0041,0x3A29,0x63AF,0x0862,0x0862,0x63AF,0x42AB,0x428B,0x2987,0x31E8,0x42AB,
  0x63AF,0x42AB,0x31E8,0x0041,0x0862,0x63AF,0x42AB,0x4AEC,0x42AB,0x0041,0x31E8,0x3A49,0x0041,0x3A29,0x31E8,0x0041,
  0x0041,0x0041,0x0041,0x3A6A,0x10E4,0x0041,0x3A6A,0x10E4,0x0041,0x0041,0x0041,0x0041,0x0041,0x0041,0x0041,0x0041,
  0x0041,0x0041,0x0041,0x0041,0x0041,0x0041,0x0041,0x0041,0x0041,0x0041,0x0041,0x0041,0x0041,0x0041,0x0041,0x0041,
  0x0041,0x0041,0x0041,0x0041,0x0041,0x0041,0x0041,0x0041,0x0041,0x0041,0x0041,0x0041,0x0041,0x0041,0x0041,0x0041,
  0x0041,0x0041,0x0041,0x0041,0x0041,0x0041,0x0041,0x0041,0x0041,0x0041,0x0041,0x0041,0x0041,0x0041,0x0041,0x0041,
  0x0041,0x0041,0x0041,0x0041,0x0041,0x0041,0x0041,0x0041,0x0041,0x0041,0x0041,0x0041,0x0041,0x0041,0x0041,0x0041,
  0x0041,0x0041,0x0041,0x0041,0x0041,0x0041,0x0041,0x0041,0x0041,0x0041,0x0041,0x0041,0x0041,0x0041,0x0041,0x0041,
  0x0041,0x0041,0x0041,0x0041,0x0041,0x0041,0x0041,0x0041,0x0041,0x0041,0x0041,0x0041,0x0041,0x0041,0x0041,0x0041,
  0x0041,0x0041,0x0041,0x0041,0x0041,0x0041,0x0041,0x0041,0x0041,0x0041,0x0041,0x0041,0x0041,0x0041,0x0041,0x0041,
  0x0041,0x0041,0x0041,0x0041,0x0041,0x0041,0x0041,0x0041,0x0041,0x0041,0x0041,0x0041,0x0041,0x0041,0x0041,0x0041,
  0x0041,0x0041,0x0041,0x0041,0x0041,0x0041,0x0041,0x0041,0x0041,0x0041,0x0041,0x0041,0x0041,0x0041,0x0041,0x0041,
  0x0041,0x0041,0x0041,0x0041,0x0041,0x0041,0x0041,0x0041,0x0041,0x0041,0x0041,0x0041,0x0041,0x0041,0x0041,0x0041,
  0x0041,0x0041,0x0041,0x0041,0x0041,0x0041,0x0041,0x0041,0x0041,0x0041,0x0041,0x0041,0x0041,0x0041,0x0041,0x0041,
  0x0041,0x0041,0x0041,0x0041,0x0041,0x0041,0x0041,0x0041,0x0041,0x0041,0x0041,0x0041,0x19A7,0x0041,0x0041,0x0041,
  0x0041,0x3C10,0x77BF,0x5E5A,0x2A8B,0x2A8B,0x5E5A,0x77BF,0x3C10,0x0041,0x0041,0x0041,0x0041,0x7C72,0x9D76,0xA5F8,
  0x638E,0x0041,0x0882,0xCF1C,0x8CF4,0x8CD3,0x4ACB,0x0041,0x638E,0x8CF4,0xCF1C,0x8CF4,0x638E,0x0041,0x0882,0xCF1C,
  0x0882,0x0882,0xCF1C,0x0882,0xCF1C,0x8D14,0xA5F8,0x84B3,0x0041,0x0041,0x0041,0x0041,0x0041,0x0041,0x0041,0x0041,
  0x0041,0x0041,0x0041,0x0041,0x0041,0x0041,0x0041,0x0041,0x0041,0x0041,0x0041,0x0041,0x0862,0x63AF,0x0862,0x0041,
  0x0041,0x0862,0x63AF,0x0862,0x0041,0x0041,0x0041,0x0862,0x63AF,0x0862,0x0041,0x0041,0x0862,0x63AF,0x0862,0x0041,
  0x0041,0x0041,0x0862,0x63AF,0x532D,0x0041,0x530D,0x63AF,0x0862,0x0862,0x63AF,0x0862,0x0041,0x0041,0x0041,0x0862,
  0x63AF,0x0862,0x0041,0x0041,0x0862,0x63AF,0x0862,0x10A3,0x5B8F,0x0041,0x0862,0x534E,0x2166,0x534D,0x0862,0x0041,
  0x0041,0x0041,0x0041,0x4AEC,0x0041,0x0041,0x4AEC,0x0041,0x0041,0x0041,0x0041,0x0041,0x0041,0x0041,0x0041,0x0041,
  0x0041,0x0041,0x0041,0x0041,0x0041,0x0041,0x0041,0x0041,0x0041,0x0041,0x0041,0x0041,0x0041,0x0041,0x0041,0x0041,
  0x0041,0x0041,0x0041,0x0041,0x0041,0x0041,0x0041,0x0041,0x0041,0x0041,0x0041,0x0041,0x0041,0x0041,0x0041,0x0041,
  0x0041,0x0041,0x0041,0x0041,0x0041,0x0041,0x0041,0x0041,0x0041,0x0041,0x0041,0x0041,0x0041,0x0041,0x0041,0x0041,
  0x0041,0x0041,0x0041,0x0041,0x0041,0x0041,0x0041,0x0041,0x0041,0x0041,0x0041,0x0041,0x0041,0x0041,0x0041,0x0041,
  0x0041,0x0041,0x0041,0x0041,0x0041,0x0041,0x0041,0x0041,0x0041,0x0041,0x0041,0x0041,0x0041,0x0041,0x0041,0x0041,
  0x0041,0x0041,0x0041,0x0041,0x0041,0x0041,0x0041,0x0041,0x0041,0x0041,0x0041,0x0041,0x0041,0x0041,0x0041,0x0041,
  0x0041,0x0041,0x0041,0x0041,0x0041,0x0041,0x0041,0x0041,0x0041,0x0041,0x0041,0x0041,0x0041,0x0041,0x0041,0x0041,
  0x0041,0x0041,0x0041,0x0041,0x0041,0x0041,0x0041,0x0041,0x0041,0x0041,0x0041,0x0041,0x0041,0x0041,0x0041,0x0041,
  0x0041,0x0041,0x0041,0x0041,0x0041,0x0041,0x0041,0x0041,0x0041,0x0041,0x0041,0x0041,0x0041,0x0041,0x0041,0x0041,
  0x0041,0x0041,0x0041,0x0041,0x0041,0x0041,0x0041,0x0041,0x0041,0x0041,0x0041,0x0041,0x0041,0x0041,0x0041,0x0041,
  0x0041,0x0041,0x0041,0x0041,0x0041,0x0041,0x0041,0x0041,0x0041,0x0041,0x0041,0x0041,0x0041,0x0041,0x0041,0x0041,
  0x0041,0x0041,0x0041,0x0041,0x0041,0x0041,0x0041,0x0041,0x0041,0x0041,0x0041,0x0041,0x19A7,0x0041,0x0041,0x2229,
  0x5E5A,0x6F3E,0x77BF,0x2A8B,0x0041,0x0041,0x2A8B,0x77BF,0x6F3E,0x5E5A,0x2229,0x0041,0x0041,0xC6DB,0x31E8,0x10E3,
  0x6BF0,0x0041,0x0882,0xCF1C,0x0882,0x0041,0x0041,0x0041,0x0041,0x0882,0xCF1C,0x0882,0x0041,0x0041,0x0882,0xCF1C,
  0x0882,0x0882,0xCF1C,0x0882,0xCF1C,0x0882,0x324A,0xC6DB,0x0041,0x0041,0x0041,0x0041,0x0041,0x0041,0x0041,0x0041,
  0x0041,0x0041,0x0041,0x0041,0x0041,0x0041,0x0041,0x0041,0x0041,0x0041,0x0041,0x0041,0x0862,0x63AF,0x0862,0x0041,
  0x0041,0x0862,0x63AF,0x530D,0x530D,0x2145,0x0041,0x0862,0x63AF,0x0862,0x0041,0x0041,0x0862,0x63AF,0x530D,0x530D,
  0x2145,0x0041,0x0862,0x63AF,0x4AEC,0x1904,0x4AEC,0x63AF,0x0862,0x0862,0x63AF,0x530D,0x530D,0x2145,0x0041,0x0862,
  0x63AF,0x0862,0x0041,0x0041,0x0862,0x63AF,0x532D,0x5B8F,0x3209,0x0041,0x0041,0x2186,0x63AF,0x2186,0x0041,0x0041,
  0x0041,0x0041,0x1925,0x3209,0x0041,0x1925,0x3209,0x0041,0x0041,0x0041,0x0041,0x0041,0x0041,0x0041,0x0041,0x0041,
  0x0041,0x0041,0x0041,0x0041,0x0041,0x0041,0x0041,0x0041,0x0041,0x0041,0x0041,0x0041,0x0041,0x0041,0x0041,0x0041,
  0x0041,0x0041,0x0041,0x0041,0x0041,0x0041,0x0041,0x0041,0x0041,0x0041,0x0041,0x0041,0x0041,0x0041,0x0041,0x0041,
  0x0041,0x0041,0x0041,0x0041,0x0041,0x0041,0x0041,0x0041,0x0041,0x0041,0x0041,0x0041,0x0041,0x0041,0x0041,0x0041,
  0x0041,0x0041,0x0041,0x0041,0x0041,0x0041,0x0041,0x0041,0x0041,0x0041,0x0041,0x0041,0x0041,0x0041,0x0041,0x0041,
  0x0041,0x0041,0x0041,0x0041,0x0041,0x0041,0x0041,0x0041,0x0041,0x0041,0x0041,0x0041,0x0041,0x0041,0x0041,0x0041,
  0x0041,0x0041,0x0041,0x0041,0x0041,0x0041,0x0041,0x0041,0x0041,0x0041,0x0041,0x0041,0x0041,0x0041,0x0041,0x0041,
  0x0041,0x0041,0x0041,0x0041,0x0041,0x0041,0x0041,0x0041,0x0041,0x0041,0x0041,0x0041,0x0041,0x0041,0x0041,0x0041,
  0x0041,0x0041,0x0041,0x0041,0x0041,0x0041,0x0041,0x0041,0x0041,0x0041,0x0041,0x0041,0x0041,0x0041,0x0041,0x0041,
  0x0041,0x0041,0x0041,0x0041,0x0041,0x0041,0x0041,0x0041,0x0041,0x0041,0x0041,0x0041,0x0041,0x0041,0x0041,0x0041,
  0x0041,0x0041,0x0041,0x0041,0x0041,0x0041,0x0041,0x0041,0x0041,0x0041,0x0041,0x0041,0x0041,0x0041,0x0041,0x0041,
  0x0041,0x0041,0x0041,0x0041,0x0041,0x0041,0x0041,0x0041,0x0041,0x0041,0x0041,0x0041,0x0041,0x0041,0x0041,0x0041,
  0x0041,0x0041,0x0041,0x0041,0x0041,0x0041,0x0041,0x0041,0x0041,0x0041,0x0041,0x0041,0x19A7,0x0041,0x0041,0x2229,
  0x5E5A,0x6F3E,0x77BF,0x2A8B,0x0041,0x0041,0x2A8B,0x77BF,0x6F3E,0x5E5A,0x2229,0x0041,0x0041,0x4269,0x9555,0xB639,
  0x52EC,0x0041,0x0882,0xCF1C,0xA5D7,0xA5D7,0x3A29,0x0041,0x0041,0x0882,0xCF1C,0x0882,0x0041,0x0041,0x0882,0xCF1C,
  0x0882,0x0882,0xCF1C,0x0882,0xCF1C,0xA5D7,0xAE39,0x5B2D,0x0041,0x0041,0x0041,0x0041,0x0041,0x0041,0x0041,0x0041,
  0x0041,0x0041,0x0041,0x0041,0x0041,0x0041,0x0041,0x0041,0x0041,0x0041,0x0041,0x0041,0x0862,0x63AF,0x0862,0x0041,
  0x0041,0x0862,0x63AF,0x0862,0x0041,0x0041,0x0041,0x0862,0x63AF,0x0862,0x0041,0x0041,0x0862,0x63AF,0x0862,0x0041,
  0x0041,0x0041,0x0862,0x63AF,0x31E8,0x4AEC,0x31E8,0x63AF,0x0862,0x0862,0x63AF,0x0862,0x0041,0x0041,0x0041,0x0862,
  0x63AF,0x0862,0x0041,0x0041,0x0862,0x63AF,0x0862,0x2145,0x4ACB,0x0041,0x0041,0x0862,0x63AF,0x0862,0x0041,0x0041,
  0x0041,0x0041,0x3A29,0x1904,0x0041,0x3A29,0x1904,0x0041,0x0041,0x0041,0x0041,0x0041,0x0041,0x0041,0x0041,0x0041,
  0x0041,0x0041,0x0041,0x0041,0x0041,0x0041,0x0041,0x0041,0x0041,0x0041,0x0041,0x0041,0x0041,0x0041,0x0041,0x0041,
  0x0041,0x0041,0x0041,0x0041,0x0041,0x0041,0x0041,0x0041,0x0041,0x0041,0x0041,0x0041,0x0041,0x0041,0x0041,0x0041,
  0x0041,0x0041,0x0041,0x0041,0x0041,0x0041,0x0041,0x0041,0x0041,0x0041,0x0041,0x0041,0x0041,0x0041,0x0041,0x0041,
  0x0041,0x0041,0x0041,0x0041,0x0041,0x0041,0x0041,0x0041,0x0041,0x0041,0x0041,0x0041,0x0041,0x0041,0x0041,0x0041,
  0x0041,0x0041,0x0041,0x0041,0x0041,0x0041,0x0041,0x0041,0x0041,0x0041,0x0041,0x0041,0x0041,0x0041,0x0041,0x0041,
  0x0041,0x0041,0x0041,0x0041,0x0041,0x0041,0x0041,0x0041,0x0041,0x0041,0x0041,0x0041,0x0041,0x0041,0x0041,0x0041,
  0x0041,0x0041,0x0041,0x0041,0x0041,0x0041,0x0041,0x0041,0x0041,0x0041,0x0041,0x0041,0x0041,0x0041,0x0041,0x0041,
  0x0041,0x0041,0x0041,0x0041,0x0041,0x0041,0x0041,0x0041,0x0041,0x0041,0x0041,0x0041,0x0041,0x0041,0x0041,0x0041,
  0x0041,0x0041,0x0041,0x0041,0x0041,0x0041,0x0041,0x0041,0x0041,0x0041,0x0041,0x0041,0x0041,0x0041,0x0041,0x0041,
  0x0041,0x0041,0x0041,0x0041,0x0041,0x0041,0x0041,0x0041,0x0041,0x0041,0x0041,0x0041,0x0041,0x0041,0x0041,0x0041,
  0x0041,0x0041,0x0041,0x0041,0x0041,0x0041,0x0041,0x0041,0x0041,0x0041,0x0041,0x0041,0x0041,0x0041,0x0041,0x0041,
  0x0041,0x0041,0x0041,0x0041,0x0041,0x0041,0x0041,0x0041,0x0041,0x0041,0x0041,0x0041,0x19A7,0x0041,0x0041,0x0041,
  0x0041,0x3C10,0x77BF,0x5E5A,0x2A8B,0x2A8B,0x5E5A,0x77BF,0x3C10,0x0041,0x0041,0x0041,0x1925,0x6BF0,0x0041,0x2165,
  0xC6DB,0x0041,0x0882,0xCF1C,0x0882,0x0041,0x0041,0x0041,0x0041,0x0882,0xCF1C,0x0882,0x0041,0x0041,0x0862,0xC6FC,
  0x10C3,0x10E4,0xC6FC,0x0882,0xCF1C,0x0882,0x19A7,0x0041,0x0041,0x0041,0x0041,0x0041,0x0041,0x0041,0x0041,0x0041,
  0x0041,0x0041,0x0041,0x0041,0x0041,0x0041,0x0041,0x0041,0x0041,0x0041,0x0041,0x0041,0x0862,0x63AF,0x0862,0x0041,
  0x0041,0x0862,0x63AF,0x42AB,0x428B,0x29A7,0x0041,0x0862,0x63AF,0x42AB,0x428B,0x29A7,0x0862,0x63AF,0x42AB,0x428B,
  0x29A7,0x0041,0x0862,0x63AF,0x18E4,0x63AF,0x18E4,0x63AF,0x0862,0x0862,0x63AF,0x42AB,0x428B,0x29A7,0x0041,0x0862,
  0x63AF,0x0862,0x0041,0x0041,0x0862,0x63AF,0x0862,0x08A2,0x5B6E,0x0061,0x0041,0x0862,0x63AF,0x0862,0x0041,0x0041,
  0x0041,0x0041,0x4AEC,0x0041,0x0041,0x4AEC,0x0041,0x0041,0x0041,0x0041,0x0041,0x0041,0x0041,0x0041,0x0041,0x0041,
  0x0041,0x0041,0x0041,0x0041,0x0041,0x0041,0x0041,0x0041,0x0041,0x0041,0x0041,0x0041,0x0041,0x0041,0x0041,0x0041,
  0x0041,0x0041,0x0041,0x0041,0x0041,0x0041,0x0041,0x0041,0x0041,0x0041,0x0041,0x0041,0x0041,0x0041,0x0041,0x0041,
  0x0041,0x0041,0x0041,0x0041,0x0041,0x0041,0x0041,0x0041,0x0041,0x0041,0x0041,0x0041,0x0041,0x0041,0x0041,0x0041,
  0x0041,0x0041,0x0041,0x0041,0x0041,0x0041,0x0041,0x0041,0x0041,0x0041,0x0041,0x0041,0x0041,0x0041,0x0041,0x0041,
  0x0041,0x0041,0x0041,0x0041,0x0041,0x0041,0x0041,0x0041,0x0041,0x0041,0x0041,0x0041,0x0041,0x0041,0x0041,0x0041,
  0x0041,0x0041,0x0041,0x0041,0x0041,0x0041,0x0041,0x0041,0x0041,0x0041,0x0041,0x0041,0x0041,0x0041,0x0041,0x0041,
  0x0041,0x0041,0x0041,0x0041,0x0041,0x0041,0x0041,0x0041,0x0041,0x0041,0x0041,0x0041,0x0041,0x0041,0x0041,0x0041,
  0x0041,0x0041,0x0041,0x0041,0x0041,0x0041,0x0041,0x0041,0x0041,0x0041,0x0041,0x0041,0x0041,0x0041,0x0041,0x0041,
  0x0041,0x0041,0x0041,0x0041,0x0041,0x0041,0x0041,0x0041,0x0041,0x0041,0x0041,0x0041,0x0041,0x0041,0x0041,0x0041,
  0x0041,0x0041,0x0041,0x0041,0x0041,0x0041,0x0041,0x0041,0x0041,0x0041,0x0041,0x0041,0x0041,0x0041,0x0041,0x0041,
  0x0041,0x0041,0x0041,0x0041,0x0041,0x0041,0x0041,0x0041,0x0041,0x0041,0x0041,0x0041,0x0041,0x0041,0x0041,0x0041,
  0x0041,0x0041,0x0041,0x0041,0x0041,0x0041,0x0041,0x0041,0x0041,0x0041,0x0041,0x0041,0x19A7,0x0041,0x0041,0x0041,
  0x08C3,0x4CF4,0x77BF,0x77BF,0x77BF,0x77BF,0x77BF,0x77BF,0x4CF4,0x08C3,0x0041,0x0041,0x0862,0x9514,0x9D96,0x9D96,
  0x7C71,0x0041,0x0882,0xCF1C,0x8CF4,0x8CD3,0x532D,0x0041,0x0041,0x0882,0xCF1C,0x0882,0x0041,0x0041,0x0041,0x7410,
  0xA5D7,0xA5D7,0x7410,0x0882,0xCF1C,0x0882,0x19A7,0x0041,0x0041,0x0041,0x0041,0x0041,0x0041,0x0041,0x0041,0x0041,
  0x0041,0x0041,0x0041,0x0041,0x0041,0x0041,0x0041,0x0041,0x0041,0x0041,0x0041,0x0041,0x0041,0x10C3,0x0041,0x0041,
  0x0041,0x0041,0x10C3,0x10C3,0x10C3,0x0882,0x0041,0x0041,0x10C3,0x10C3,0x10C3,0x0882,0x0041,0x10C3,0x10C3,0x10C3,
  0x0882,0x0041,0x0041,0x10C3,0x0041,0x10C3,0x0041,0x10C3,0x0041,0x0041,0x10C3,0x10C3,0x10C3,0x0882,0x0041,0x0041,
  0x10C3,0x0041,0x0041,0x0041,0x0041,0x10C3,0x0041,0x0041,0x10C3,0x0041,0x0041,0x0041,0x10C3,0x0041,0x0041,0x0041,
  0x0041,0x0882,0x29A7,0x0041,0x0882,0x29A7,0x0041,0x0041,0x0041,0x0041,0x0041,0x0041,0x0041,0x0041,0x0041,0x0041,
  0x0041,0x0041,0x0041,0x0041,0x0041,0x0041,0x0041,0x0041,0x0041,0x0041,0x0041,0x0041,0x0041,0x0041,0x0041,0x0041,
  0x0041,0x0041,0x0041,0x0041,0x0041,0x0041,0x0041,0x0041,0x0041,0x0041,0x0041,0x0041,0x0041,0x0041,0x0041,0x0041,
  0x0041,0x0041,0x0041,0x0041,0x0041,0x0041,0x0041,0x0041,0x0041,0x0041,0x0041,0x0041,0x0041,0x0041,0x0041,0x0041,
  0x0041,0x0041,0x0041,0x0041,0x0041,0x0041,0x0041,0x0041,0x0041,0x0041,0x0041,0x0041,0x0041,0x0041,0x0041,0x0041,
  0x0041,0x0041,0x0041,0x0041,0x0041,0x0041,0x0041,0x0041,0x0041,0x0041,0x0041,0x0041,0x0041,0x0041,0x0041,0x0041,
  0x0041,0x0041,0x0041,0x0041,0x0041,0x0041,0x0041,0x0041,0x0041,0x0041,0x0041,0x0041,0x0041,0x0041,0x0041,0x0041,
  0x0041,0x0041,0x0041,0x0041,0x0041,0x0041,0x0041,0x0041,0x0041,0x0041,0x0041,0x0041,0x0041,0x0041,0x0041,0x0041,
  0x0041,0x0041,0x0041,0x0041,0x0041,0x0041,0x0041,0x0041,0x0041,0x0041,0x0041,0x0041,0x0041,0x0041,0x0041,0x0041,
  0x0041,0x0041,0x0041,0x0041,0x0041,0x0041,0x0041,0x0041,0x0041,0x0041,0x0041,0x0041,0x0041,0x0041,0x0041,0x0041,
  0x0041,0x0041,0x0041,0x0041,0x0041,0x0041,0x0041,0x0041,0x0041,0x0041,0x0041,0x0041,0x0041,0x0041,0x0041,0x0041,
  0x0041,0x0041,0x0041,0x0041,0x0041,0x0041,0x0041,0x0041,0x0041,0x0041,0x0041,0x0041,0x0041,0x0041,0x0041,0x0041,
  0x0041,0x0041,0x0041,0x0041,0x0041,0x0041,0x0041,0x0041,0x0041,0x0041,0x0041,0x0041,0x19A7,0x0041,0x0041,0x0041,
  0x08C3,0x5E5A,0x4CF4,0x3C10,0x6F3E,0x6F3E,0x3C10,0x4CF4,0x5E5A,0x08C3,0x0041,0x0041,0x0041,0x0041,0x18E4,0x10E4,
  0x0041,0x0041,0x0041,0x2145,0x2165,0x2165,0x10E4,0x0041,0x0041,0x0041,0x2145,0x0041,0x0041,0x0041,0x0041,0x0041,
  0x18E4,0x10E4,0x0041,0x0041,0x2145,0x0041,0x19A7,0x0041,0x0041,0x0041,0x0041,0x0041,0x0041,0x0041,0x0041,0x0041,
  0x0041,0x0041,0x0041,0x0041,0x0041,0x0041,0x0041,0x0041,0x0041,0x0041,0x0041,0x0041,0x0041,0x0041,0x0041,0x0041,
  0x0041,0x0041,0x0041,0x0041,0x0041,0x0041,0x0041,0x0041,0x0041,0x0041,0x0041,0x0041,0x0041,0x0041,0x0041,0x0041,
  0x0041,0x0041,0x0041,0x0041,0x0041,0x0041,0x0041,0x0041,0x0041,0x0041,0x0041,0x0041,0x0041,0x0041,0x0041,0x0041,
  0x0041,0x0041,0x0041,0x0041,0x0041,0x0041,0x0041,0x0041,0x0041,0x0041,0x0041,0x0041,0x0041,0x0041,0x0041,0x0041,
  0x0041,0x0041,0x0041,0x0041,0x0041,0x0041,0x0041,0x0041,0x0041,0x0041,0x0041,0x0041,0x0041,0x0041,0x0041,0x0041,
  0x0041,0x0041,0x0041,0x0041,0x0041,0x0041,0x0041,0x0041,0x0041,0x0041,0x0041,0x0041,0x0041,0x0041,0x0041,0x0041,
  0x0041,0x0041,0x0041,0x0041,0x0041,0x0041,0x0041,0x0041,0x0041,0x0041,0x0041,0x0041,0x0041,0x0041,0x0041,0x0041,
  0x0041,0x0041,0x0041,0x0041,0x0041,0x0041,0x0041,0x0041,0x0041,0x0041,0x0041,0x0041,0x0041,0x0041,0x0041,0x0041,
  0x0041,0x0041,0x0041,0x0041,0x0041,0x0041,0x0041,0x0041,0x0041,0x0041,0x0041,0x0041,0x0041,0x0041,0x0041,0x0041,
  0x0041,0x0041,0x0041,0x0041,0x0041,0x0041,0x0041,0x0041,0x0041,0x0041,0x0041,0x0041,0x0041,0x0041,0x0041,0x0041,
  0x0041,0x0041,0x0041,0x0041,0x0041,0x0041,0x0041,0x0041,0x0041,0x0041,0x0041,0x0041,0x0041,0x0041,0x0041,0x0041,
  0x0041,0x0041,0x0041,0x0041,0x0041,0x0041,0x0041,0x0041,0x0041,0x0041,0x0041,0x0041,0x0041,0x0041,0x0041,0x0041,
  0x0041,0x0041,0x0041,0x0041,0x0041,0x0041,0x0041,0x0041,0x0041,0x0041,0x0041,0x0041,0x0041,0x0041,0x0041,0x0041,
  0x0041,0x0041,0x0041,0x0041,0x0041,0x0041,0x0041,0x0041,0x0041,0x0041,0x0041,0x0041,0x0041,0x0041,0x0041,0x0041,
  0x0041,0x0041,0x0041,0x0041,0x0041,0x0041,0x0041,0x0041,0x0041,0x0041,0x0041,0x0041,0x0041,0x0041,0x0041,0x0041,
  0x0041,0x0041,0x0041,0x0041,0x0041,0x0041,0x0041,0x0041,0x0041,0x0041,0x0041,0x0041,0x0041,0x0041,0x0041,0x0041,
  0x0041,0x0041,0x0041,0x0041,0x0041,0x0041,0x0041,0x0041,0x0041,0x0041,0x0041,0x0041,0x19A7,0x0041,0x0041,0x0041,
  0x0041,0x08C3,0x08C3,0x0041,0x5E5A,0x5E5A,0x0041,0x08C3,0x08C3,0x0041,0x0041,0x0041,0x0041,0x0041,0x0041,0x0041,
  0x0041,0x0041,0x0041,0x0041,0x0041,0x0041,0x0041,0x0041,0x0041,0x0041,0x0041,0x0041,0x0041,0x0041,0x0041,0x0041,
  0x0041,0x0041,0x0041,0x0041,0x0041,0x0041,0x19A7,0x0041,0x0041,0x0041,0x0041,0x0041,0x0041,0x0041,0x0041,0x0041,
  0x0041,0x0041,0x0041,0x0041,0x0041,0x0041,0x0041,0x0041,0x0041,0x0041,0x0041,0x0041,0x0041,0x0041,0x0041,0x0041,
  0x0041,0x0041,0x0041,0x0041,0x0041,0x0041,0x0041,0x0041,0x0041,0x0041,0x0041,0x0041,0x0041,0x0041,0x0041,0x0041,
  0x0041,0x0041,0x0041,0x0041,0x0041,0x0041,0x0041,0x0041,0x0041,0x0041,0x0041,0x0041,0x0041,0x0041,0x0041,0x0041,
  0x0041,0x0041,0x0041,0x0041,0x0041,0x0041,0x0041,0x0041,0x0041,0x0041,0x0041,0x0041,0x0041,0x0041,0x0041,0x0041,
  0x0041,0x0041,0x0041,0x0041,0x0041,0x0041,0x0041,0x0041,0x0041,0x0041,0x0041,0x0041,0x0041,0x0041,0x0041,0x0041,
  0x0041,0x0041,0x0041,0x0041,0x0041,0x0041,0x0041,0x0041,0x0041,0x0041,0x0041,0x0041,0x0041,0x0041,0x0041,0x0041,
  0x0041,0x0041,0x0041,0x0041,0x0041,0x0041,0x0041,0x0041,0x0041,0x0041,0x0041,0x0041,0x0041,0x0041,0x0041,0x0041,
  0x0041,0x0041,0x0041,0x0041,0x0041,0x0041,0x0041,0x0041,0x0041,0x0041,0x0041,0x0041,0x0041,0x0041,0x0041,0x0041,
  0x0041,0x0041,0x0041,0x0041,0x0041,0x0041,0x0041,0x0041,0x0041,0x0041,0x0041,0x0041,0x0041,0x0041,0x0041,0x0041,
  0x0041,0x0041,0x0041,0x0041,0x0041,0x0041,0x0041,0x0041,0x0041,0x0041,0x0041,0x0041,0x0041,0x0041,0x0041,0x0041,
  0x0041,0x0041,0x0041,0x0041,0x0041,0x0041,0x0041,0x0041,0x0041,0x0041,0x0041,0x0041,0x0041,0x0041,0x0041,0x0041,
  0x0041,0x0041,0x0041,0x0041,0x0041,0x0041,0x0041,0x0041,0x0041,0x0041,0x0041,0x0041,0x0041,0x0041,0x0041,0x0041,
  0x0041,0x0041,0x0041,0x0041,0x0041,0x0041,0x0041,0x0041,0x0041,0x0041,0x0041,0x0041,0x0041,0x0041,0x0041,0x0041,
  0x0041,0x0041,0x0041,0x0041,0x0041,0x0041,0x0041,0x0041,0x0041,0x0041,0x0041,0x0041,0x0041,0x0041,0x0041,0x0041,
  0x0041,0x0041,0x0041,0x0041,0x0041,0x0041,0x0041,0x0041,0x0041,0x0041,0x0041,0x0041,0x0041,0x0041,0x0041,0x0041,
  0x0041,0x0041,0x0041,0x0041,0x0041,0x0041,0x0041,0x0041,0x0041,0x0041,0x0041,0x0041,0x0041,0x0041,0x0041,0x0041,
  0x0041,0x0041,0x0041,0x0041,0x0041,0x0041,0x0041,0x0041,0x0041,0x0041,0x0041,0x0041,0x1987,0x0882,0x0041,0x0041,
  0x0041,0x0041,0x0041,0x0041,0x2229,0x2229,0x0041,0x0041,0x0041,0x0041,0x0041,0x0041,0x0041,0x0041,0x0041,0x0041,
  0x0041,0x0041,0x0041,0x0041,0x0041,0x0041,0x0041,0x0041,0x0041,0x0041,0x0041,0x0041,0x0041,0x0041,0x0041,0x0041,
  0x0041,0x0041,0x0041,0x0041,0x0041,0x0882,0x1987,0x0041,0x0041,0x0041,0x0041,0x0041,0x0041,0x0041,0x0041,0x0041,
  0x0041,0x0041,0x0041,0x0041,0x0041,0x0041,0x0041,0x0041,0x0041,0x0041,0x0041,0x0041,0x0041,0x0041,0x0041,0x0041,
  0x0041,0x0041,0x0041,0x0041,0x0041,0x0041,0x0041,0x0041,0x0041,0x0041,0x0041,0x0041,0x0041,0x0041,0x0041,0x0041,
  0x0041,0x0041,0x0041,0x0041,0x0041,0x0041,0x0041,0x0041,0x0041,0x0041,0x0041,0x0041,0x0041,0x0041,0x0041,0x0041,
  0x0041,0x0041,0x0041,0x0041,0x0041,0x0041,0x0041,0x0041,0x0041,0x0041,0x0041,0x0041,0x0041,0x0041,0x0041,0x0041,
  0x0041,0x0041,0x0041,0x0041,0x0041,0x0041,0x0041,0x0041,0x0041,0x0041,0x0041,0x0041,0x0041,0x0041,0x0041,0x0041,
  0x0041,0x0041,0x0041,0x0041,0x0041,0x0041,0x0041,0x0041,0x0041,0x0041,0x0041,0x0041,0x0041,0x0041,0x0041,0x0041,
  0x0041,0x0041,0x0041,0x0041,0x0041,0x0041,0x0041,0x0041,0x0041,0x0041,0x0041,0x0041,0x0041,0x0041,0x0041,0x0041,
  0x0041,0x0041,0x0041,0x0041,0x0041,0x0041,0x0041,0x0041,0x0041,0x0041,0x0041,0x0041,0x0041,0x0041,0x0041,0x0041,
  0x0041,0x0041,0x0041,0x0041,0x0041,0x0041,0x0041,0x0041,0x0041,0x0041,0x0041,0x0041,0x0041,0x0041,0x0041,0x0041,
  0x0041,0x0041,0x0041,0x0041,0x0041,0x0041,0x0041,0x0041,0x0041,0x0041,0x0041,0x0041,0x0041,0x0041,0x0041,0x0041,
  0x0041,0x0041,0x0041,0x0041,0x0041,0x0041,0x0041,0x0041,0x0041,0x0041,0x0041,0x0041,0x0041,0x0041,0x0041,0x0041,
  0x0041,0x0041,0x0041,0x0041,0x0041,0x0041,0x0041,0x0041,0x0041,0x0041,0x0041,0x0041,0x0041,0x0041,0x0041,0x0041,
  0x0041,0x0041,0x0041,0x0041,0x0041,0x0041,0x0041,0x0041,0x0041,0x0041,0x0041,0x0041,0x0041,0x0041,0x0041,0x0041,
  0x0041,0x0041,0x0041,0x0041,0x0041,0x0041,0x0041,0x0041,0x0041,0x0041,0x0041,0x0041,0x0041,0x0041,0x0041,0x0041,
  0x0041,0x0041,0x0041,0x0041,0x0041,0x0041,0x0041,0x0041,0x0041,0x0041,0x0041,0x0041,0x0041,0x0041,0x0041,0x0041,
  0x0041,0x0041,0x0041,0x0041,0x0041,0x0041,0x0041,0x0041,0x0041,0x0041,0x0041,0x0041,0x0041,0x0041,0x0041,0x0041,
  0x0041,0x0041,0x0041,0x0041,0x0041,0x0041,0x0041,0x0041,0x0041,0x0041,0x0041,0x0041,0x0882,0x1987,0x19A7,0x19A7,
  0x19A7,0x19A7,0x19A7,0x19A7,0x19A7,0x19A7,0x19A7,0x19A7,0x19A7,0x19A7,0x19A7,0x19A7,0x19A7,0x19A7,0x19A7,0x19A7,
  0x19A7,0x19A7,0x19A7,0x19A7,0x19A7,0x19A7,0x19A7,0x19A7,0x19A7,0x19A7,0x19A7,0x19A7,0x19A7,0x19A7,0x19A7,0x19A7,
  0x19A7,0x19A7,0x19A7,0x19A7,0x19A7,0x1987,0x0882,0x0041,0x0041,0x0041,0x0041,0x0041,0x0041,0x0041,0x0041,0x0041,
  0x0041,0x0041,0x0041,0x0041,0x0041,0x0041,0x0041,0x0041,0x0041,0x0041,0x0041,0x0041,0x0041,0x0041,0x0041,0x0041,
  0x0041,0x0041,0x0041,0x0041,0x0041,0x0041,0x0041,0x0041,0x0041,0x0041,0x0041,0x0041,0x0041,0x0041,0x0041,0x0041,
  0x0041,0x0041,0x0041,0x0041,0x0041,0x0041,0x0041,0x0041,0x0041,0x0041,0x0041,0x0041,0x0041,0x0041,0x0041,0x0041,
  0x0041,0x0041,0x0041,0x0041,0x0041,0x0041,0x0041,0x0041,0x0041,0x0041,0x0041,0x0041,0x0041,0x0041,0x0041,0x0041,
  0x0041,0x0041,0x0041,0x0041,0x0041,0x0041,0x0041,0x0041,0x0041,0x0041,0x0041,0x0041,0x0041,0x0041,0x0041,0x0041,
  0x0041,0x0041,0x0041,0x0041,0x0041,0x0041,0x0041,0x0041,0x0041,0x0041,0x0041,0x0041,0x0041,0x0041,0x0041,0x0041,
  0x0041,0x0041,0x0041,0x0041,0x0041,0x0041,0x0041,0x0041,0x0041,0x0041,0x0041,0x0041,0x0041,0x0041,0x0041,0x0041,
  0x0041,0x0041,0x0041,0x0041,0x0041,0x0041,0x0041,0x0041,0x0041,0x0041,0x0041,0x0041,0x0041,0x0041,0x0041,0x0041,
  0x0041,0x0041,0x0041,0x0041,0x0041,0x0041,0x0041,0x0041,0x0041,0x0041,0x0041,0x0041,0x0041,0x0041,0x0041,0x0041,
  0x0041,0x0041,0x0041,0x0041,0x0041,0x0041,0x0041,0x0041,0x0041,0x0041,0x0041,0x0041,0x0041,0x0041,0x0041,0x0041,
  0x0041,0x0041,0x0041,0x0041,0x0041,0x0041,0x0041,0x0041,0x0041,0x0041,0x0041,0x0041,0x0041,0x0041,0x0041,0x0041,
  0x0041,0x0041,0x0041,0x0041,0x0041,0x0041,0x0041,0x0041,0x0041,0x0041,0x0041,0x0041,0x0041,0x0041,0x0041,0x0041,
  0x0041,0x0041,0x0041,0x0041,0x0041,0x0041,0x0041,0x0041,0x0041,0x0041,0x0041,0x0041,0x0041,0x0041,0x0041,0x0041,
  0x0041,0x0041,0x0041,0x0041,0x0041,0x0041,0x0041,0x0041,0x0041,0x0041,0x0041,0x0041,0x0041,0x0041,0x0041,0x0041,
  0x0041,0x0041,0x0041,0x0041,0x0041,0x0041,0x0041,0x0041,0x0041,0x0041,0x0041,0x0041,0x0041,0x0041,0x0041,0x0041,
  0x0041,0x0041,0x0041,0x0041,0x0041,0x0041,0x0041,0x0041,0x0041,0x0041,0x0041,0x0041,0x0041,0x0041,0x0041,0x0041,
  0x0041,0x0041,0x0041,0x0041,0x0041,0x0041,0x0041,0x0041,0x0041,0x0041,0x0041,0x0041,0x0041,0x0041,0x0041,0x0041,
  0x0041,0x0041,0x0041,0x0041,0x0041,0x0041,0x0041,0x0041,0x0041,0x0041,0x0041,0x0041,0x0041,0x0041,0x0041,0x0041,
  0x0041,0x0041,0x0041,0x0041,0x0041,0x0041,0x0041,0x0041,0x0041,0x0041,0x0041,0x0041,0x0041,0x0041,0x0041,0x0041,
  0x0041,0x0041,0x0041,0x0041,0x0041,0x0041,0x0041,0x0041,0x0041,0x0041,0x0041,0x0041,0x0041,0x0041,0x0041,0x0041,
  0x0041,0x0041,0x0041,0x0041,0x0041,0x0041,0x0041,0x0041,0x0041,0x0041,0x0041,0x0041,0x0041,0x0041,0x0041,0x0041,
  0x0041,0x0041,0x0041,0x0041,0x0041,0x0041,0x0041,0x0041,0x0041,0x0041,0x0041,0x0041,0x0041,0x0041,0x0041,0x0041,
  0x0041,0x0041,0x0041,0x0041,0x0041,0x0041,0x0041,0x0041,0x0041,0x0041,0x0041,0x0041,0x0041,0x0041,0x0041,0x0041,
  0x0041,0x0041,0x0041,0x0041,0x0041,0x0041,0x0041,0x0041,0x0041,0x0041,0x0041,0x0041,0x0041,0x0041,0x0041,0x0041,
  0x0041,0x0041,0x0041,0x0041,0x0041,0x0041,0x0041,0x0041,0x0041,0x0041,0x0041,0x0041,0x0041,0x0041,0x0041,0x0041,
  0x0041,0x0041,0x0041,0x0041,0x0041,0x0041,0x0041,0x0041,0x0041,0x0041,0x0041,0x0041,0x0041,0x0041,0x0041,0x0041,
  0x0041,0x0041,0x0041,0x0041,0x0041,0x0041,0x0041,0x0041,0x0041,0x0041,0x0041,0x0041,0x0041,0x0041,0x0041,0x0041,
  0x0041,0x0041,0x0041,0x0041,0x0041,0x0041,0x0041,0x0041,0x0041,0x0041,0x0041,0x0041,0x0041,0x0041,0x0041,0x0041,
  0x0041,0x0041,0x0041,0x0041,0x0041,0x0041,0x0041,0x0041,0x0041,0x0041,0x0041,0x0041,0x0041,0x0041,0x0041,0x0041,
  0x0041,0x0041,0x0041,0x0041,0x0041,0x0041,0x0041,0x0041,0x0041,0x0041,0x0041,0x0041,0x0041,0x0041,0x0041,0x0041,
  0x0041,0x0041,0x0041,0x0041,0x0041,0x0041,0x0041,0x0041,0x0041,0x0041,0x0041,0x0041,0x0041,0x0041,0x0041,0x0041,
  0x0041,0x0041,0x0041,0x0041,0x0041,0x0041,0x0041,0x0041,0x0041,0x0041,0x0041,0x0041,0x0041,0x0041,0x0041,0x0041,
  0x0041,0x0041,0x0041,0x0041,0x0041,0x0041,0x0041,0x0041,0x0041,0x0041,0x0041,0x0041,0x0041,0x0041,0x0041,0x0041,
  0x0041,0x0041,0x0041,0x0041,0x0041,0x0041,0x0041,0x0041,0x0041,0x0041,0x0041,0x0041,0x0041,0x0041,0x0041,0x0041,
  0x0041,0x0041,0x0041,0x0041,0x0041,0x0041,0x0041,0x0041,0x0041,0x0041,0x0041,0x0041,0x0041,0x0041,0x0041,0x0041,
  0x0041,0x0041,0x0041,0x0041,0x0041,0x0041,0x0041,0x0041,0x0041,0x0041,0x0041,0x0041,0x0041,0x0041,0x0041,0x0041,
  0x0041,0x0041,0x0041,0x0041,0x0041,0x0041,0x0041,0x0041,0x0041,0x0041,0x0041,0x0041,0x0041,0x0041,0x0041,0x0041,
  0x0041,0x0041,0x0041,0x0041,0x0041,0x0041,0x0041,0x0041,0x0041,0x0041,0x0041,0x0041,0x0041,0x0041,0x0041,0x0041,
  0x0041,0x0041,0x0041,0x0041,0x0041,0x0041,0x0041,0x0041,0x0041,0x0041,0x0041,0x0041,0x0041,0x0041,0x0041,0x0041,
  0x0041,0x0041,0x0041,0x0041,0x0041,0x0041,0x0041,0x0041,0x0041,0x0041,0x0041,0x0041,0x0041,0x0041,0x0041,0x0041,
  0x0041,0x0041,0x0041,0x0041,0x0041,0x0041,0x0041,0x0041,0x0041,0x0041,0x0041,0x0041,0x0041,0x0041,0x0041,0x0041,
  0x0041,0x0041,0x0041,0x0041,0x0041,0x0041,0x0041,0x0041,0x0041,0x0041,0x0041,0x0041,0x0041,0x0041,0x0041,0x0041,
  0x0041,0x0041,0x0041,0x0041,0x0041,0x0041,0x0041,0x0041,0x0041,0x0041,0x0041,0x0041,0x0041,0x0041,0x0041,0x0041,
  0x0041,0x0041,0x0041,0x0041,0x0041,0x0041,0x0041,0x0041,0x0041,0x0041,0x0041,0x0041,0x0041,0x0041,0x0041,0x0041,
  0x0041,0x0041,0x0041,0x0041,0x0041,0x0041,0x0041,0x0041,0x0041,0x0041,0x0041,0x0041,0x0041,0x0041,0x0041,0x0041,
  0x0041,0x0041,0x0041,0x0041,0x0041,0x0041,0x0041,0x0041,0x0041,0x0041,0x0041,0x0041,0x0041,0x0041,0x0041,0x0041,
  0x0041,0x0041,0x0041,0x0041,0x0041,0x0041,0x0041,0x0041,0x0041,0x0041,0x0041,0x0041,0x0041,0x0041,0x0041,0x0041,
  0x0041,0x0041,0x0041,0x0041,0x0041,0x0041,0x0041,0x0041,0x0041,0x0041,0x0041,0x0041,0x0041,0x0041,0x0041,0x0041,
  0x0041,0x0041,0x0041,0x0041,0x0041,0x0041,0x0041,0x0041,0x0041,0x0041,0x0041,0x0041,0x0041,0x0041,0x0041,0x0041,
  0x0041,0x0041,0x0041,0x0041,0x0041,0x0041,0x0041,0x0041,0x0041,0x0041,0x0041,0x0041,0x0041,0x0041,0x0041,0x0041,
  0x0041,0x0041,0x0041,0x0041,0x0041,0x0041,0x0041,0x0041,0x0041,0x0041,0x0041,0x0041,0x0041,0x0041,0x0041,0x0041,
  0x0041,0x0041,0x0041,0x0041,0x0041,0x0041,0x0041,0x0041,0x0041,0x0041,0x0041,0x0041,0x0041,0x0041,0x0041,0x0041,
  0x0041,0x0041,0x0041,0x0041,0x0041,0x0041,0x0041,0x0041,0x0041,0x0041,0x0041,0x0041,0x0041,0x0041,0x0041,0x0041,
  0x0041,0x0041,0x0041,0x0041,0x0041,0x0041,0x0041,0x0041,0x0041,0x0041,0x0041,0x0041,0x0041,0x0041,0x0041,0x0041,
  0x0041,0x0041,0x0041,0x0041,0x0041,0x0041,0x0041,0x0041,0x0041,0x0041,0x0041,0x0041,0x0041,0x0041,0x0041,0x0041,
  0x0041,0x0041,0x0041,0x0041,0x0041,0x0041,0x0041,0x0041,0x0041,0x0041,0x0041,0x0041,0x0041,0x0041,0x0041,0x0041,
  0x0041,0x0041,0x0041,0x0041,0x0041,0x0041,0x0041,0x0041,0x0041,0x0041,0x0041,0x0041,0x0041,0x0041,0x0041,0x0041,
  0x0041,0x0041,0x0041,0x0041,0x0041,0x0041,0x0041,0x0041,0x0041,0x0041,0x0041,0x0041,0x0041,0x0041,0x0041,0x0041,
  0x0041,0x0041,0x0041,0x0041,0x0041,0x0041,0x0041,0x0041,0x0041,0x0041,0x0041,0x0041,0x0041,0x0041,0x0041,0x0041,
  0x0041,0x0041,0x0041,0x0041,0x0041,0x0041,0x0041,0x0041,0x0041,0x0041,0x0041,0x0041,0x0041,0x0041,0x0041,0x0041,
};
